Workbook
Name اسم: 'مجموع الفترتين'!$A$11:$C$542
Name الاسماء: 'الفترة الاولى'!$A$11:$C$510
Name امتحانات: 'مجموع الفترتين'!$A$11:$A$430
Name بيان: 'مجموع الفترتين'!$C$11:$AR$1706
Name تسلسل: 'الفترة الاولى'!$A$11:$A$723
Name درجات: 'الفترة الاولى'!$C$11:$EO$510

Sheet مجموع الفترتين
A1: دولة ليبيا
A2: وزارة التربية والتعليم
A3: إدارة الإمتحانات
A4: ='الفترة الاولى'!A5 -> كشف رصد النتائج النهائية للصف التاسع من مرحلة التعليم الاساسي 1446 - 1447 هجرية الموافق 2025 - 2026 ميلادية
A5: ='الفترة الاولى'!A6:F6 -> المدرسة / | C5: ='الفترة الاولى'!$C$6 -> سهول العلم للتعليم الخاص
A6: رقم مسلسل | B6: رقم القيد | C6: اسم التلميذ بالكامل | D6: المــــــــــــــــــــــــــــواد الدراسيــــــــــــــــــــــــــــــــــــــــــــــــــــــــة
D7: ='الفترة الاولى'!E8 -> التربية الإسلامية | F7: ='الفترة الاولى'!G8 -> 2 | G7: ='الفترة الاولى'!H8 -> النحو والقراءة والنصوص | I7: ='الفترة الاولى'!J8 -> 4 | J7: ='الفترة الاولى'!K8 -> الكتابة (الخط والاملاء والخط ) | L7: ='الفترة الاولى'!M8 -> 2 | M7: ='الفترة الاولى'!N8 -> الإنجليزي | O7: ='الفترة الاولى'!P8 -> 4 | P7: ='الفترة الاولى'!Q8 -> الحاسوب | R7: ='الفترة الاولى'!S8 -> 2 | S7: ='الفترة الاولى'!T8 -> الرياضيات | U7: ='الفترة الاولى'!V8 -> 5 | V7: ='الفترة الاولى'!W8 -> العلوم | X7: ='الفترة الاولى'!Y8 -> 5 | Y7: ='الفترة الاولى'!Z8 -> التاريخ | AA7: ='الفترة الاولى'!AB8 -> 2 | AB7: ='الفترة الاولى'!AC8 -> الجغرافيا | AD7: ='الفترة الاولى'!AE8 -> 2 | AE7: ='الفترة الاولى'!AF8 -> 0 | AG7: ='الفترة الاولى'!AH8 -> 0
D8: الفترة الاولى | E8: الفترة الثانية | F8: المجموع | G8: الفترة الاولى | H8: الفترة الثانية | I8: المجموع | J8: الفترة الاولى | K8: الفترة الثانية | L8: المجموع | M8: الفترة الاولى | N8: الفترة الثانية | O8: المجموع | P8: الفترة الاولى | Q8: الفترة الثانية | R8: المجموع | S8: الفترة الاولى | T8: الفترة الثانية | U8: المجموع | V8: الفترة الاولى | W8: الفترة الثانية | X8: المجموع | Y8: الفترة الاولى | Z8: الفترة الثانية | AA8: المجموع | AB8: الفترة الاولى | AC8: الفترة الثانية | AD8: المجموع | AE8: الفترة الاولى | AF8: الفترة الثانية | AG8: المجموع
D9: =F7*0.15*40 -> 12 | E9: =F7*0.15*40 -> 12 | F9: =SUM(D9:E9) -> 24 | G9: =I7*0.15*40 -> 24 | H9: =I7*0.15*40 -> 24 | I9: =SUM(G9:H9) -> 48 | J9: =L7*0.15*40 -> 12 | K9: =L7*0.15*40 -> 12 | L9: =SUM(J9:K9) -> 24 | M9: =O7*0.15*40 -> 24 | N9: =O7*0.15*40 -> 24 | O9: =SUM(M9:N9) -> 48 | P9: =R7*0.15*40 -> 12 | Q9: =R7*0.15*40 -> 12 | R9: =SUM(P9:Q9) -> 24 | S9: =U7*0.15*40 -> 30 | T9: =U7*0.15*40 -> 30 | U9: =SUM(S9:T9) -> 60 | V9: =X7*0.15*40 -> 30 | W9: =X7*0.15*40 -> 30 | X9: =SUM(V9:W9) -> 60 | Y9: =AA7*0.15*40 -> 12 | Z9: =AA7*0.15*40 -> 12 | AA9: =SUM(Y9:Z9) -> 24 | AB9: =AD7*0.15*40 -> 12 | AC9: =AD7*0.15*40 -> 12 | AD9: =SUM(AB9:AC9) -> 24 | AE9: =AG7*0.15*40 -> 0 | AF9: =AG7*0.15*40 -> 0 | AG9: =SUM(AE9:AF9) -> 0
A11: 1 | B11: =IFERROR(VLOOKUP(A11,الاسماء,2,0),"") -> 0 | C11: =IFERROR(VLOOKUP(A11,الاسماء,3,0),"") -> احمد توفيق احمد وحيده | D11: =IFERROR(VLOOKUP($C11,درجات,5,0),0) -> 10 | E11: =IFERROR(VLOOKUP($C11,درجات,43,0),0) -> 10 | F11: =SUM(D11:E11) -> 20 | G11: =IFERROR(VLOOKUP($C11,درجات,8,0),0) -> 17 | H11: =IFERROR(VLOOKUP($C11,درجات,46,0),0) -> 18 | I11: =SUM(G11:H11) -> 35 | J11: =IFERROR(VLOOKUP($C11,درجات,11,0),0) -> 8 | K11: =IFERROR(VLOOKUP($C11,درجات,49,0),0) -> 9 | L11: =SUM(J11:K11) -> 17 | M11: =IFERROR(VLOOKUP($C11,درجات,14,0),0) -> 19 | N11: =IFERROR(VLOOKUP($C11,درجات,52,0),0) -> 20 | O11: =SUM(M11:N11) -> 39 | P11: =IFERROR(VLOOKUP($C11,درجات,17,0),0) -> 11 | Q11: =IFERROR(VLOOKUP($C11,درجات,55,0),0) -> 11 | R11: =SUM(P11:Q11) -> 22 | S11: =IFERROR(VLOOKUP($C11,درجات,20,0),0) -> 12 | T11: =IFERROR(VLOOKUP($C11,درجات,58,0),0) -> 12 | U11: =SUM(S11:T11) -> 24 | V11: =IFERROR(VLOOKUP($C11,درجات,23,0),0) -> 17 | W11: =IFERROR(VLOOKUP($C11,درجات,61,0),0) -> 18 | X11: =SUM(V11:W11) -> 35 | Y11: =IFERROR(VLOOKUP($C11,درجات,26,0),0) -> 9 | Z11: =IFERROR(VLOOKUP($C11,درجات,64,0),0) -> 9 | AA11: =SUM(Y11:Z11) -> 18 | AB11: =IFERROR(VLOOKUP($C11,درجات,29,0),0) -> 9 | AC11: =IFERROR(VLOOKUP($C11,درجات,67,0),0) -> 7 | AD11: =SUM(AB11:AC11) -> 16 | AE11: =IFERROR(VLOOKUP($C11,درجات,32,0),0) -> 0 | AF11: =IFERROR(VLOOKUP($C11,درجات,70,0),0) -> 0 | AG11: =SUM(AE11:AF11) -> 0
A12: 2 | B12: =IFERROR(VLOOKUP(A12,الاسماء,2,0),0) -> 0 | C12: =IFERROR(VLOOKUP(A12,الاسماء,3,0),"") -> اسلام محمد عوض الحداد | D12: =IFERROR(VLOOKUP($C12,درجات,5,0),0) -> 12 | E12: =IFERROR(VLOOKUP($C12,درجات,43,0),0) -> 12 | F12: =SUM(D12:E12) -> 24 | G12: =IFERROR(VLOOKUP($C12,درجات,8,0),0) -> 20 | H12: =IFERROR(VLOOKUP($C12,درجات,46,0),0) -> 22 | I12: =SUM(G12:H12) -> 42 | J12: =IFERROR(VLOOKUP($C12,درجات,11,0),0) -> 11 | K12: =IFERROR(VLOOKUP($C12,درجات,49,0),0) -> 11 | L12: =SUM(J12:K12) -> 22 | M12: =IFERROR(VLOOKUP($C12,درجات,14,0),0) -> 22 | N12: =IFERROR(VLOOKUP($C12,درجات,52,0),0) -> 23 | O12: =SUM(M12:N12) -> 45 | P12: =IFERROR(VLOOKUP($C12,درجات,17,0),0) -> 12 | Q12: =IFERROR(VLOOKUP($C12,درجات,55,0),0) -> 12 | R12: =SUM(P12:Q12) -> 24 | S12: =IFERROR(VLOOKUP($C12,درجات,20,0),0) -> 21 | T12: =IFERROR(VLOOKUP($C12,درجات,58,0),0) -> 25 | U12: =SUM(S12:T12) -> 46 | V12: =IFERROR(VLOOKUP($C12,درجات,23,0),0) -> 25 | W12: =IFERROR(VLOOKUP($C12,درجات,61,0),0) -> 28 | X12: =SUM(V12:W12) -> 53 | Y12: =IFERROR(VLOOKUP($C12,درجات,26,0),0) -> 12 | Z12: =IFERROR(VLOOKUP($C12,درجات,64,0),0) -> 12 | AA12: =SUM(Y12:Z12) -> 24 | AB12: =IFERROR(VLOOKUP($C12,درجات,29,0),0) -> 11 | AC12: =IFERROR(VLOOKUP($C12,درجات,67,0),0) -> 11 | AD12: =SUM(AB12:AC12) -> 22 | AE12: =IFERROR(VLOOKUP($C12,درجات,32,0),0) -> 0 | AF12: =IFERROR(VLOOKUP($C12,درجات,70,0),0) -> 0 | AG12: =SUM(AE12:AF12) -> 0
A13: 3 | B13: =IFERROR(VLOOKUP(A13,الاسماء,2,0),"") -> 0 | C13: =IFERROR(VLOOKUP(A13,الاسماء,3,0),"") -> اسيل فاروق فيصل ابو الطويرات | D13: =IFERROR(VLOOKUP($C13,درجات,5,0),0) -> 9 | E13: =IFERROR(VLOOKUP($C13,درجات,43,0),0) -> 10 | F13: =SUM(D13:E13) -> 19 | G13: =IFERROR(VLOOKUP($C13,درجات,8,0),0) -> 15 | H13: =IFERROR(VLOOKUP($C13,درجات,46,0),0) -> 20 | I13: =SUM(G13:H13) -> 35 | J13: =IFERROR(VLOOKUP($C13,درجات,11,0),0) -> 9 | K13: =IFERROR(VLOOKUP($C13,درجات,49,0),0) -> 8 | L13: =SUM(J13:K13) -> 17 | M13: =IFERROR(VLOOKUP($C13,درجات,14,0),0) -> 20 | N13: =IFERROR(VLOOKUP($C13,درجات,52,0),0) -> 21 | O13: =SUM(M13:N13) -> 41 | P13: =IFERROR(VLOOKUP($C13,درجات,17,0),0) -> 11 | Q13: =IFERROR(VLOOKUP($C13,درجات,55,0),0) -> 11 | R13: =SUM(P13:Q13) -> 22 | S13: =IFERROR(VLOOKUP($C13,درجات,20,0),0) -> 12 | T13: =IFERROR(VLOOKUP($C13,درجات,58,0),0) -> 13 | U13: =SUM(S13:T13) -> 25 | V13: =IFERROR(VLOOKUP($C13,درجات,23,0),0) -> 18 | W13: =IFERROR(VLOOKUP($C13,درجات,61,0),0) -> 21 | X13: =SUM(V13:W13) -> 39 | Y13: =IFERROR(VLOOKUP($C13,درجات,26,0),0) -> 8 | Z13: =IFERROR(VLOOKUP($C13,درجات,64,0),0) -> 8 | AA13: =SUM(Y13:Z13) -> 16 | AB13: =IFERROR(VLOOKUP($C13,درجات,29,0),0) -> 10 | AC13: =IFERROR(VLOOKUP($C13,درجات,67,0),0) -> 9 | AD13: =SUM(AB13:AC13) -> 19 | AE13: =IFERROR(VLOOKUP($C13,درجات,32,0),0) -> 0 | AF13: =IFERROR(VLOOKUP($C13,درجات,70,0),0) -> 0 | AG13: =SUM(AE13:AF13) -> 0
A14: 4 | B14: =IFERROR(VLOOKUP(A14,الاسماء,2,0),"") -> 0 | C14: =IFERROR(VLOOKUP(A14,الاسماء,3,0),"") -> انس محمد عبدالكريم ابوحميده | D14: =IFERROR(VLOOKUP($C14,درجات,5,0),0) -> 12 | E14: =IFERROR(VLOOKUP($C14,درجات,43,0),0) -> 12 | F14: =SUM(D14:E14) -> 24 | G14: =IFERROR(VLOOKUP($C14,درجات,8,0),0) -> 21 | H14: =IFERROR(VLOOKUP($C14,درجات,46,0),0) -> 23 | I14: =SUM(G14:H14) -> 44 | J14: =IFERROR(VLOOKUP($C14,درجات,11,0),0) -> 10 | K14: =IFERROR(VLOOKUP($C14,درجات,49,0),0) -> 11 | L14: =SUM(J14:K14) -> 21 | M14: =IFERROR(VLOOKUP($C14,درجات,14,0),0) -> 24 | N14: =IFERROR(VLOOKUP($C14,درجات,52,0),0) -> 22 | O14: =SUM(M14:N14) -> 46 | P14: =IFERROR(VLOOKUP($C14,درجات,17,0),0) -> 12 | Q14: =IFERROR(VLOOKUP($C14,درجات,55,0),0) -> 12 | R14: =SUM(P14:Q14) -> 24 | S14: =IFERROR(VLOOKUP($C14,درجات,20,0),0) -> 22 | T14: =IFERROR(VLOOKUP($C14,درجات,58,0),0) -> 25 | U14: =SUM(S14:T14) -> 47 | V14: =IFERROR(VLOOKUP($C14,درجات,23,0),0) -> 26 | W14: =IFERROR(VLOOKUP($C14,درجات,61,0),0) -> 29 | X14: =SUM(V14:W14) -> 55 | Y14: =IFERROR(VLOOKUP($C14,درجات,26,0),0) -> 12 | Z14: =IFERROR(VLOOKUP($C14,درجات,64,0),0) -> 12 | AA14: =SUM(Y14:Z14) -> 24 | AB14: =IFERROR(VLOOKUP($C14,درجات,29,0),0) -> 11 | AC14: =IFERROR(VLOOKUP($C14,درجات,67,0),0) -> 12 | AD14: =SUM(AB14:AC14) -> 23 | AE14: =IFERROR(VLOOKUP($C14,درجات,32,0),0) -> 0 | AF14: =IFERROR(VLOOKUP($C14,درجات,70,0),0) -> 0 | AG14: =SUM(AE14:AF14) -> 0
A15: 5 | B15: =IFERROR(VLOOKUP(A15,الاسماء,2,0),"") -> 0 | C15: =IFERROR(VLOOKUP(A15,الاسماء,3,0),"") -> إيناس فاروق فيصل ابو الطويرات | D15: =IFERROR(VLOOKUP($C15,درجات,5,0),0) -> 10 | E15: =IFERROR(VLOOKUP($C15,درجات,43,0),0) -> 10 | F15: =SUM(D15:E15) -> 20 | G15: =IFERROR(VLOOKUP($C15,درجات,8,0),0) -> 15 | H15: =IFERROR(VLOOKUP($C15,درجات,46,0),0) -> 17 | I15: =SUM(G15:H15) -> 32 | J15: =IFERROR(VLOOKUP($C15,درجات,11,0),0) -> 9 | K15: =IFERROR(VLOOKUP($C15,درجات,49,0),0) -> 8 | L15: =SUM(J15:K15) -> 17 | M15: =IFERROR(VLOOKUP($C15,درجات,14,0),0) -> 24 | N15: =IFERROR(VLOOKUP($C15,درجات,52,0),0) -> 20 | O15: =SUM(M15:N15) -> 44 | P15: =IFERROR(VLOOKUP($C15,درجات,17,0),0) -> 11 | Q15: =IFERROR(VLOOKUP($C15,درجات,55,0),0) -> 12 | R15: =SUM(P15:Q15) -> 23 | S15: =IFERROR(VLOOKUP($C15,درجات,20,0),0) -> 12 | T15: =IFERROR(VLOOKUP($C15,درجات,58,0),0) -> 12 | U15: =SUM(S15:T15) -> 24 | V15: =IFERROR(VLOOKUP($C15,درجات,23,0),0) -> 19 | W15: =IFERROR(VLOOKUP($C15,درجات,61,0),0) -> 23 | X15: =SUM(V15:W15) -> 42 | Y15: =IFERROR(VLOOKUP($C15,درجات,26,0),0) -> 8 | Z15: =IFERROR(VLOOKUP($C15,درجات,64,0),0) -> 8 | AA15: =SUM(Y15:Z15) -> 16 | AB15: =IFERROR(VLOOKUP($C15,درجات,29,0),0) -> 9 | AC15: =IFERROR(VLOOKUP($C15,درجات,67,0),0) -> 9 | AD15: =SUM(AB15:AC15) -> 18 | AE15: =IFERROR(VLOOKUP($C15,درجات,32,0),0) -> 0 | AF15: =IFERROR(VLOOKUP($C15,درجات,70,0),0) -> 0 | AG15: =SUM(AE15:AF15) -> 0
A16: 6 | B16: =IFERROR(VLOOKUP(A16,الاسماء,2,0),"") -> 0 | C16: =IFERROR(VLOOKUP(A16,الاسماء,3,0),"") -> جمعة خيرى عبدالله الدرهوبي | D16: =IFERROR(VLOOKUP($C16,درجات,5,0),0) -> 10 | E16: =IFERROR(VLOOKUP($C16,درجات,43,0),0) -> 11 | F16: =SUM(D16:E16) -> 21 | G16: =IFERROR(VLOOKUP($C16,درجات,8,0),0) -> 18 | H16: =IFERROR(VLOOKUP($C16,درجات,46,0),0) -> 17 | I16: =SUM(G16:H16) -> 35 | J16: =IFERROR(VLOOKUP($C16,درجات,11,0),0) -> 8 | K16: =IFERROR(VLOOKUP($C16,درجات,49,0),0) -> 8 | L16: =SUM(J16:K16) -> 16 | M16: =IFERROR(VLOOKUP($C16,درجات,14,0),0) -> 20 | N16: =IFERROR(VLOOKUP($C16,درجات,52,0),0) -> 22 | O16: =SUM(M16:N16) -> 42 | P16: =IFERROR(VLOOKUP($C16,درجات,17,0),0) -> 12 | Q16: =IFERROR(VLOOKUP($C16,درجات,55,0),0) -> 11 | R16: =SUM(P16:Q16) -> 23 | S16: =IFERROR(VLOOKUP($C16,درجات,20,0),0) -> 13 | T16: =IFERROR(VLOOKUP($C16,درجات,58,0),0) -> 17 | U16: =SUM(S16:T16) -> 30 | V16: =IFERROR(VLOOKUP($C16,درجات,23,0),0) -> 19 | W16: =IFERROR(VLOOKUP($C16,درجات,61,0),0) -> 18 | X16: =SUM(V16:W16) -> 37 | Y16: =IFERROR(VLOOKUP($C16,درجات,26,0),0) -> 9 | Z16: =IFERROR(VLOOKUP($C16,درجات,64,0),0) -> 11 | AA16: =SUM(Y16:Z16) -> 20 | AB16: =IFERROR(VLOOKUP($C16,درجات,29,0),0) -> 10 | AC16: =IFERROR(VLOOKUP($C16,درجات,67,0),0) -> 11 | AD16: =SUM(AB16:AC16) -> 21 | AE16: =IFERROR(VLOOKUP($C16,درجات,32,0),0) -> 0 | AF16: =IFERROR(VLOOKUP($C16,درجات,70,0),0) -> 0 | AG16: =SUM(AE16:AF16) -> 0
A17: 7 | B17: =IFERROR(VLOOKUP(A17,الاسماء,2,0),"") -> 0 | C17: =IFERROR(VLOOKUP(A17,الاسماء,3,0),"") -> دنيه علي حمد القبائلى | D17: =IFERROR(VLOOKUP($C17,درجات,5,0),0) -> 12 | E17: =IFERROR(VLOOKUP($C17,درجات,43,0),0) -> 12 | F17: =SUM(D17:E17) -> 24 | G17: =IFERROR(VLOOKUP($C17,درجات,8,0),0) -> 23 | H17: =IFERROR(VLOOKUP($C17,درجات,46,0),0) -> 23 | I17: =SUM(G17:H17) -> 46 | J17: =IFERROR(VLOOKUP($C17,درجات,11,0),0) -> 11 | K17: =IFERROR(VLOOKUP($C17,درجات,49,0),0) -> 11 | L17: =SUM(J17:K17) -> 22 | M17: =IFERROR(VLOOKUP($C17,درجات,14,0),0) -> 23 | N17: =IFERROR(VLOOKUP($C17,درجات,52,0),0) -> 24 | O17: =SUM(M17:N17) -> 47 | P17: =IFERROR(VLOOKUP($C17,درجات,17,0),0) -> 12 | Q17: =IFERROR(VLOOKUP($C17,درجات,55,0),0) -> 12 | R17: =SUM(P17:Q17) -> 24 | S17: =IFERROR(VLOOKUP($C17,درجات,20,0),0) -> 23 | T17: =IFERROR(VLOOKUP($C17,درجات,58,0),0) -> 24 | U17: =SUM(S17:T17) -> 47 | V17: =IFERROR(VLOOKUP($C17,درجات,23,0),0) -> 24 | W17: =IFERROR(VLOOKUP($C17,درجات,61,0),0) -> 29 | X17: =SUM(V17:W17) -> 53 | Y17: =IFERROR(VLOOKUP($C17,درجات,26,0),0) -> 12 | Z17: =IFERROR(VLOOKUP($C17,درجات,64,0),0) -> 11 | AA17: =SUM(Y17:Z17) -> 23 | AB17: =IFERROR(VLOOKUP($C17,درجات,29,0),0) -> 11 | AC17: =IFERROR(VLOOKUP($C17,درجات,67,0),0) -> 12 | AD17: =SUM(AB17:AC17) -> 23 | AE17: =IFERROR(VLOOKUP($C17,درجات,32,0),0) -> 0 | AF17: =IFERROR(VLOOKUP($C17,درجات,70,0),0) -> 0 | AG17: =SUM(AE17:AF17) -> 0
A18: 8 | B18: =IFERROR(VLOOKUP(A18,الاسماء,2,0),"") -> 0 | C18: =IFERROR(VLOOKUP(A18,الاسماء,3,0),"") -> رزان خليل محمد المغربي | D18: =IFERROR(VLOOKUP($C18,درجات,5,0),0) -> 12 | E18: =IFERROR(VLOOKUP($C18,درجات,43,0),0) -> 11 | F18: =SUM(D18:E18) -> 23 | G18: =IFERROR(VLOOKUP($C18,درجات,8,0),0) -> 22 | H18: =IFERROR(VLOOKUP($C18,درجات,46,0),0) -> 23 | I18: =SUM(G18:H18) -> 45 | J18: =IFERROR(VLOOKUP($C18,درجات,11,0),0) -> 10 | K18: =IFERROR(VLOOKUP($C18,درجات,49,0),0) -> 11 | L18: =SUM(J18:K18) -> 21 | M18: =IFERROR(VLOOKUP($C18,درجات,14,0),0) -> 24 | N18: =IFERROR(VLOOKUP($C18,درجات,52,0),0) -> 24 | O18: =SUM(M18:N18) -> 48 | P18: =IFERROR(VLOOKUP($C18,درجات,17,0),0) -> 12 | Q18: =IFERROR(VLOOKUP($C18,درجات,55,0),0) -> 12 | R18: =SUM(P18:Q18) -> 24 | S18: =IFERROR(VLOOKUP($C18,درجات,20,0),0) -> 22 | T18: =IFERROR(VLOOKUP($C18,درجات,58,0),0) -> 22 | U18: =SUM(S18:T18) -> 44 | V18: =IFERROR(VLOOKUP($C18,درجات,23,0),0) -> 26 | W18: =IFERROR(VLOOKUP($C18,درجات,61,0),0) -> 28 | X18: =SUM(V18:W18) -> 54 | Y18: =IFERROR(VLOOKUP($C18,درجات,26,0),0) -> 12 | Z18: =IFERROR(VLOOKUP($C18,درجات,64,0),0) -> 11 | AA18: =SUM(Y18:Z18) -> 23 | AB18: =IFERROR(VLOOKUP($C18,درجات,29,0),0) -> 11 | AC18: =IFERROR(VLOOKUP($C18,درجات,67,0),0) -> 12 | AD18: =SUM(AB18:AC18) -> 23 | AE18: =IFERROR(VLOOKUP($C18,درجات,32,0),0) -> 0 | AF18: =IFERROR(VLOOKUP($C18,درجات,70,0),0) -> 0 | AG18: =SUM(AE18:AF18) -> 0
A19: 9 | B19: =IFERROR(VLOOKUP(A19,الاسماء,2,0),"") -> 0 | C19: =IFERROR(VLOOKUP(A19,الاسماء,3,0),"") -> رفال عبدالحميد سالم القاضي | D19: =IFERROR(VLOOKUP($C19,درجات,5,0),0) -> 11 | E19: =IFERROR(VLOOKUP($C19,درجات,43,0),0) -> 12 | F19: =SUM(D19:E19) -> 23 | G19: =IFERROR(VLOOKUP($C19,درجات,8,0),0) -> 21 | H19: =IFERROR(VLOOKUP($C19,درجات,46,0),0) -> 24 | I19: =SUM(G19:H19) -> 45 | J19: =IFERROR(VLOOKUP($C19,درجات,11,0),0) -> 12 | K19: =IFERROR(VLOOKUP($C19,درجات,49,0),0) -> 12 | L19: =SUM(J19:K19) -> 24 | M19: =IFERROR(VLOOKUP($C19,درجات,14,0),0) -> 24 | N19: =IFERROR(VLOOKUP($C19,درجات,52,0),0) -> 24 | O19: =SUM(M19:N19) -> 48 | P19: =IFERROR(VLOOKUP($C19,درجات,17,0),0) -> 12 | Q19: =IFERROR(VLOOKUP($C19,درجات,55,0),0) -> 12 | R19: =SUM(P19:Q19) -> 24 | S19: =IFERROR(VLOOKUP($C19,درجات,20,0),0) -> 24 | T19: =IFERROR(VLOOKUP($C19,درجات,58,0),0) -> 28 | U19: =SUM(S19:T19) -> 52 | V19: =IFERROR(VLOOKUP($C19,درجات,23,0),0) -> 29 | W19: =IFERROR(VLOOKUP($C19,درجات,61,0),0) -> 28 | X19: =SUM(V19:W19) -> 57 | Y19: =IFERROR(VLOOKUP($C19,درجات,26,0),0) -> 12 | Z19: =IFERROR(VLOOKUP($C19,درجات,64,0),0) -> 12 | AA19: =SUM(Y19:Z19) -> 24 | AB19: =IFERROR(VLOOKUP($C19,درجات,29,0),0) -> 12 | AC19: =IFERROR(VLOOKUP($C19,درجات,67,0),0) -> 12 | AD19: =SUM(AB19:AC19) -> 24 | AE19: =IFERROR(VLOOKUP($C19,درجات,32,0),0) -> 0 | AF19: =IFERROR(VLOOKUP($C19,درجات,70,0),0) -> 0 | AG19: =SUM(AE19:AF19) -> 0
A20: 10 | B20: =IFERROR(VLOOKUP(A20,الاسماء,2,0),"") -> 0 | C20: =IFERROR(VLOOKUP(A20,الاسماء,3,0),"") -> رنا عبدالحميد سيد ابوبكر | D20: =IFERROR(VLOOKUP($C20,درجات,5,0),0) -> 12 | E20: =IFERROR(VLOOKUP($C20,درجات,43,0),0) -> 11 | F20: =SUM(D20:E20) -> 23 | G20: =IFERROR(VLOOKUP($C20,درجات,8,0),0) -> 21 | H20: =IFERROR(VLOOKUP($C20,درجات,46,0),0) -> 22 | I20: =SUM(G20:H20) -> 43 | J20: =IFERROR(VLOOKUP($C20,درجات,11,0),0) -> 9 | K20: =IFERROR(VLOOKUP($C20,درجات,49,0),0) -> 10 | L20: =SUM(J20:K20) -> 19 | M20: =IFERROR(VLOOKUP($C20,درجات,14,0),0) -> 24 | N20: =IFERROR(VLOOKUP($C20,درجات,52,0),0) -> 24 | O20: =SUM(M20:N20) -> 48 | P20: =IFERROR(VLOOKUP($C20,درجات,17,0),0) -> 12 | Q20: =IFERROR(VLOOKUP($C20,درجات,55,0),0) -> 12 | R20: =SUM(P20:Q20) -> 24 | S20: =IFERROR(VLOOKUP($C20,درجات,20,0),0) -> 23 | T20: =IFERROR(VLOOKUP($C20,درجات,58,0),0) -> 24 | U20: =SUM(S20:T20) -> 47 | V20: =IFERROR(VLOOKUP($C20,درجات,23,0),0) -> 29 | W20: =IFERROR(VLOOKUP($C20,درجات,61,0),0) -> 29 | X20: =SUM(V20:W20) -> 58 | Y20: =IFERROR(VLOOKUP($C20,درجات,26,0),0) -> 12 | Z20: =IFERROR(VLOOKUP($C20,درجات,64,0),0) -> 11 | AA20: =SUM(Y20:Z20) -> 23 | AB20: =IFERROR(VLOOKUP($C20,درجات,29,0),0) -> 10 | AC20: =IFERROR(VLOOKUP($C20,درجات,67,0),0) -> 12 | AD20: =SUM(AB20:AC20) -> 22 | AE20: =IFERROR(VLOOKUP($C20,درجات,32,0),0) -> 0 | AF20: =IFERROR(VLOOKUP($C20,درجات,70,0),0) -> 0 | AG20: =SUM(AE20:AF20) -> 0
A21: 11 | B21: =IFERROR(VLOOKUP(A21,الاسماء,2,0),"") -> 0 | C21: =IFERROR(VLOOKUP(A21,الاسماء,3,0),"") -> ريناد محمد ابراهيم السلامي | D21: =IFERROR(VLOOKUP($C21,درجات,5,0),0) -> 10 | E21: =IFERROR(VLOOKUP($C21,درجات,43,0),0) -> 11 | F21: =SUM(D21:E21) -> 21 | G21: =IFERROR(VLOOKUP($C21,درجات,8,0),0) -> 18 | H21: =IFERROR(VLOOKUP($C21,درجات,46,0),0) -> 22 | I21: =SUM(G21:H21) -> 40 | J21: =IFERROR(VLOOKUP($C21,درجات,11,0),0) -> 7 | K21: =IFERROR(VLOOKUP($C21,درجات,49,0),0) -> 11 | L21: =SUM(J21:K21) -> 18 | M21: =IFERROR(VLOOKUP($C21,درجات,14,0),0) -> 22 | N21: =IFERROR(VLOOKUP($C21,درجات,52,0),0) -> 24 | O21: =SUM(M21:N21) -> 46 | P21: =IFERROR(VLOOKUP($C21,درجات,17,0),0) -> 11 | Q21: =IFERROR(VLOOKUP($C21,درجات,55,0),0) -> 12 | R21: =SUM(P21:Q21) -> 23 | S21: =IFERROR(VLOOKUP($C21,درجات,20,0),0) -> 18 | T21: =IFERROR(VLOOKUP($C21,درجات,58,0),0) -> 18 | U21: =SUM(S21:T21) -> 36 | V21: =IFERROR(VLOOKUP($C21,درجات,23,0),0) -> 26 | W21: =IFERROR(VLOOKUP($C21,درجات,61,0),0) -> 25 | X21: =SUM(V21:W21) -> 51 | Y21: =IFERROR(VLOOKUP($C21,درجات,26,0),0) -> 11 | Z21: =IFERROR(VLOOKUP($C21,درجات,64,0),0) -> 10 | AA21: =SUM(Y21:Z21) -> 21 | AB21: =IFERROR(VLOOKUP($C21,درجات,29,0),0) -> 11 | AC21: =IFERROR(VLOOKUP($C21,درجات,67,0),0) -> 11 | AD21: =SUM(AB21:AC21) -> 22 | AE21: =IFERROR(VLOOKUP($C21,درجات,32,0),0) -> 0 | AF21: =IFERROR(VLOOKUP($C21,درجات,70,0),0) -> 0 | AG21: =SUM(AE21:AF21) -> 0
A22: 12 | B22: =IFERROR(VLOOKUP(A22,الاسماء,2,0),"") -> 0 | C22: =IFERROR(VLOOKUP(A22,الاسماء,3,0),"") -> عبدالرحيم عبدالمولي الجمل | D22: =IFERROR(VLOOKUP($C22,درجات,5,0),0) -> 7 | E22: =IFERROR(VLOOKUP($C22,درجات,43,0),0) -> 8 | F22: =SUM(D22:E22) -> 15 | G22: =IFERROR(VLOOKUP($C22,درجات,8,0),0) -> 12 | H22: =IFERROR(VLOOKUP($C22,درجات,46,0),0) -> 14 | I22: =SUM(G22:H22) -> 26 | J22: =IFERROR(VLOOKUP($C22,درجات,11,0),0) -> 5 | K22: =IFERROR(VLOOKUP($C22,درجات,49,0),0) -> 7 | L22: =SUM(J22:K22) -> 12 | M22: =IFERROR(VLOOKUP($C22,درجات,14,0),0) -> 19 | N22: =IFERROR(VLOOKUP($C22,درجات,52,0),0) -> 20 | O22: =SUM(M22:N22) -> 39 | P22: =IFERROR(VLOOKUP($C22,درجات,17,0),0) -> 11 | Q22: =IFERROR(VLOOKUP($C22,درجات,55,0),0) -> 11 | R22: =SUM(P22:Q22) -> 22 | S22: =IFERROR(VLOOKUP($C22,درجات,20,0),0) -> 14 | T22: =IFERROR(VLOOKUP($C22,درجات,58,0),0) -> 13 | U22: =SUM(S22:T22) -> 27 | V22: =IFERROR(VLOOKUP($C22,درجات,23,0),0) -> 16 | W22: =IFERROR(VLOOKUP($C22,درجات,61,0),0) -> 16 | X22: =SUM(V22:W22) -> 32 | Y22: =IFERROR(VLOOKUP($C22,درجات,26,0),0) -> 9 | Z22: =IFERROR(VLOOKUP($C22,درجات,64,0),0) -> 7 | AA22: =SUM(Y22:Z22) -> 16 | AB22: =IFERROR(VLOOKUP($C22,درجات,29,0),0) -> 10 | AC22: =IFERROR(VLOOKUP($C22,درجات,67,0),0) -> 9 | AD22: =SUM(AB22:AC22) -> 19 | AE22: =IFERROR(VLOOKUP($C22,درجات,32,0),0) -> 0 | AF22: =IFERROR(VLOOKUP($C22,درجات,70,0),0) -> 0 | AG22: =SUM(AE22:AF22) -> 0
A23: 13 | B23: =IFERROR(VLOOKUP(A23,الاسماء,2,0),"") -> 0 | C23: =IFERROR(VLOOKUP(A23,الاسماء,3,0),"") -> عبدالله احمد سالم العزيبي | D23: =IFERROR(VLOOKUP($C23,درجات,5,0),0) -> 12 | E23: =IFERROR(VLOOKUP($C23,درجات,43,0),0) -> 10 | F23: =SUM(D23:E23) -> 22 | G23: =IFERROR(VLOOKUP($C23,درجات,8,0),0) -> 16 | H23: =IFERROR(VLOOKUP($C23,درجات,46,0),0) -> 12 | I23: =SUM(G23:H23) -> 28 | J23: =IFERROR(VLOOKUP($C23,درجات,11,0),0) -> 7 | K23: =IFERROR(VLOOKUP($C23,درجات,49,0),0) -> 8 | L23: =SUM(J23:K23) -> 15 | M23: =IFERROR(VLOOKUP($C23,درجات,14,0),0) -> 22 | N23: =IFERROR(VLOOKUP($C23,درجات,52,0),0) -> 22 | O23: =SUM(M23:N23) -> 44 | P23: =IFERROR(VLOOKUP($C23,درجات,17,0),0) -> 12 | Q23: =IFERROR(VLOOKUP($C23,درجات,55,0),0) -> 11 | R23: =SUM(P23:Q23) -> 23 | S23: =IFERROR(VLOOKUP($C23,درجات,20,0),0) -> 12 | T23: =IFERROR(VLOOKUP($C23,درجات,58,0),0) -> 20 | U23: =SUM(S23:T23) -> 32 | V23: =IFERROR(VLOOKUP($C23,درجات,23,0),0) -> 20 | W23: =IFERROR(VLOOKUP($C23,درجات,61,0),0) -> 20 | X23: =SUM(V23:W23) -> 40 | Y23: =IFERROR(VLOOKUP($C23,درجات,26,0),0) -> 12 | Z23: =IFERROR(VLOOKUP($C23,درجات,64,0),0) -> 10 | AA23: =SUM(Y23:Z23) -> 22 | AB23: =IFERROR(VLOOKUP($C23,درجات,29,0),0) -> 10 | AC23: =IFERROR(VLOOKUP($C23,درجات,67,0),0) -> 11 | AD23: =SUM(AB23:AC23) -> 21 | AE23: =IFERROR(VLOOKUP($C23,درجات,32,0),0) -> 0 | AF23: =IFERROR(VLOOKUP($C23,درجات,70,0),0) -> 0 | AG23: =SUM(AE23:AF23) -> 0
A24: 14 | B24: =IFERROR(VLOOKUP(A24,الاسماء,2,0),"") -> 0 | C24: =IFERROR(VLOOKUP(A24,الاسماء,3,0),"") -> علاء الدين لطفي الهادى امعمر | D24: =IFERROR(VLOOKUP($C24,درجات,5,0),0) -> 8 | E24: =IFERROR(VLOOKUP($C24,درجات,43,0),0) -> 9 | F24: =SUM(D24:E24) -> 17 | G24: =IFERROR(VLOOKUP($C24,درجات,8,0),0) -> 16 | H24: =IFERROR(VLOOKUP($C24,درجات,46,0),0) -> 13 | I24: =SUM(G24:H24) -> 29 | J24: =IFERROR(VLOOKUP($C24,درجات,11,0),0) -> 7 | K24: =IFERROR(VLOOKUP($C24,درجات,49,0),0) -> 6 | L24: =SUM(J24:K24) -> 13 | M24: =IFERROR(VLOOKUP($C24,درجات,14,0),0) -> 18 | N24: =IFERROR(VLOOKUP($C24,درجات,52,0),0) -> 19 | O24: =SUM(M24:N24) -> 37 | P24: =IFERROR(VLOOKUP($C24,درجات,17,0),0) -> 11 | Q24: =IFERROR(VLOOKUP($C24,درجات,55,0),0) -> 11 | R24: =SUM(P24:Q24) -> 22 | S24: =IFERROR(VLOOKUP($C24,درجات,20,0),0) -> 12 | T24: =IFERROR(VLOOKUP($C24,درجات,58,0),0) -> 10 | U24: =SUM(S24:T24) -> 22 | V24: =IFERROR(VLOOKUP($C24,درجات,23,0),0) -> 18 | W24: =IFERROR(VLOOKUP($C24,درجات,61,0),0) -> 18 | X24: =SUM(V24:W24) -> 36 | Y24: =IFERROR(VLOOKUP($C24,درجات,26,0),0) -> 7 | Z24: =IFERROR(VLOOKUP($C24,درجات,64,0),0) -> 9 | AA24: =SUM(Y24:Z24) -> 16 | AB24: =IFERROR(VLOOKUP($C24,درجات,29,0),0) -> 8 | AC24: =IFERROR(VLOOKUP($C24,درجات,67,0),0) -> 8 | AD24: =SUM(AB24:AC24) -> 16 | AE24: =IFERROR(VLOOKUP($C24,درجات,32,0),0) -> 0 | AF24: =IFERROR(VLOOKUP($C24,درجات,70,0),0) -> 0 | AG24: =SUM(AE24:AF24) -> 0
... A30: 20 | B30: =IFERROR(VLOOKUP(A30,الاسماء,2,0),"") -> 0 | C30: =IFERROR(VLOOKUP(A30,الاسماء,3,0),"") -> نورالدين الشعاب سليمان رجب | D30: =IFERROR(VLOOKUP($C30,درجات,5,0),0) -> 9 | E30: =IFERROR(VLOOKUP($C30,درجات,43,0),0) -> 11 | F30: =SUM(D30:E30) -> 20 | G30: =IFERROR(VLOOKUP($C30,درجات,8,0),0) -> 12 | H30: =IFERROR(VLOOKUP($C30,درجات,46,0),0) -> 12 | I30: =SUM(G30:H30) -> 24 | J30: =IFERROR(VLOOKUP($C30,درجات,11,0),0) -> 8 | K30: =IFERROR(VLOOKUP($C30,درجات,49,0),0) -> 6 | L30: =SUM(J30:K30) -> 14 | M30: =IFERROR(VLOOKUP($C30,درجات,14,0),0) -> 19 | N30: =IFERROR(VLOOKUP($C30,درجات,52,0),0) -> 21 | O30: =SUM(M30:N30) -> 40 | P30: =IFERROR(VLOOKUP($C30,درجات,17,0),0) -> 12 | Q30: =IFERROR(VLOOKUP($C30,درجات,55,0),0) -> 10 | R30: =SUM(P30:Q30) -> 22 | S30: =IFERROR(VLOOKUP($C30,درجات,20,0),0) -> 13 | T30: =IFERROR(VLOOKUP($C30,درجات,58,0),0) -> 6 | U30: =SUM(S30:T30) -> 19 | V30: =IFERROR(VLOOKUP($C30,درجات,23,0),0) -> 18 | W30: =IFERROR(VLOOKUP($C30,درجات,61,0),0) -> 20 | X30: =SUM(V30:W30) -> 38 | Y30: =IFERROR(VLOOKUP($C30,درجات,26,0),0) -> 9 | Z30: =IFERROR(VLOOKUP($C30,درجات,64,0),0) -> 9 | AA30: =SUM(Y30:Z30) -> 18 | AB30: =IFERROR(VLOOKUP($C30,درجات,29,0),0) -> 8 | AC30: =IFERROR(VLOOKUP($C30,درجات,67,0),0) -> 8 | AD30: =SUM(AB30:AC30) -> 16 | AE30: =IFERROR(VLOOKUP($C30,درجات,32,0),0) -> 0 | AF30: =IFERROR(VLOOKUP($C30,درجات,70,0),0) -> 0 | AG30: =SUM(AE30:AF30) -> 0
C32: الاسم | F32: التوقيع | K32: إقرار مدير المدرسة | AE32: ختم مدير المدرسة
A33: كتبه | C33: ='الفترة الاولى'!$CA$10 -> 0 | K33: أقر أنا | N33: ='الفترة الاولى'!$CA$16 -> أ. فهيم عبدالمجيد بوازويتة | U33: مدير مدرسة | X33: ='الفترة الاولى'!$C$6 -> سهول العلم للتعليم الخاص
A34: أملاه | C34: ='الفترة الاولى'!$CA$11 -> 0 | K34: بأن جميع ماوردة في هدا الكشف مطابقا للبينات المثبتة بالسجلات
A35: رجع الكتابة | C35: ='الفترة الاولى'!$CA$12 -> 0 | K35: التاريخ | M35: =TODAY() -> 46181 | T35: التوقيع
A36: رجع الملاء | C36: ='الفترة الاولى'!$CA$13 -> 0
A38: 21 | B38: =IFERROR(VLOOKUP(A38,الاسماء,2,0),"") -> 0 | C38: =IFERROR(VLOOKUP(A38,الاسماء,3,0),"") -> 0 | D38: =IFERROR(VLOOKUP($C38,درجات,5,0),0) -> 0 | E38: =IFERROR(VLOOKUP($C38,درجات,43,0),0) -> 0 | F38: =SUM(D38:E38) -> 0 | G38: =IFERROR(VLOOKUP($C38,درجات,8,0),0) -> 0 | H38: =IFERROR(VLOOKUP($C38,درجات,46,0),0) -> 0 | I38: =SUM(G38:H38) -> 0 | J38: =IFERROR(VLOOKUP($C38,درجات,11,0),0) -> 0 | K38: =IFERROR(VLOOKUP($C38,درجات,49,0),0) -> 0 | L38: =SUM(J38:K38) -> 0 | M38: =IFERROR(VLOOKUP($C38,درجات,14,0),0) -> 0 | N38: =IFERROR(VLOOKUP($C38,درجات,52,0),0) -> 0 | O38: =SUM(M38:N38) -> 0 | P38: =IFERROR(VLOOKUP($C38,درجات,17,0),0) -> 0 | Q38: =IFERROR(VLOOKUP($C38,درجات,55,0),0) -> 0 | R38: =SUM(P38:Q38) -> 0 | S38: =IFERROR(VLOOKUP($C38,درجات,20,0),0) -> 0 | T38: =IFERROR(VLOOKUP($C38,درجات,58,0),0) -> 0 | U38: =SUM(S38:T38) -> 0 | V38: =IFERROR(VLOOKUP($C38,درجات,23,0),0) -> 0 | W38: =IFERROR(VLOOKUP($C38,درجات,61,0),0) -> 0 | X38: =SUM(V38:W38) -> 0 | Y38: =IFERROR(VLOOKUP($C38,درجات,26,0),0) -> 0 | Z38: =IFERROR(VLOOKUP($C38,درجات,64,0),0) -> 0 | AA38: =SUM(Y38:Z38) -> 0 | AB38: =IFERROR(VLOOKUP($C38,درجات,29,0),0) -> 0 | AC38: =IFERROR(VLOOKUP($C38,درجات,67,0),0) -> 0 | AD38: =SUM(AB38:AC38) -> 0 | AE38: =IFERROR(VLOOKUP($C38,درجات,32,0),0) -> 0 | AF38: =IFERROR(VLOOKUP($C38,درجات,70,0),0) -> 0 | AG38: =SUM(AE38:AF38) -> 0
A39: 22 | B39: =IFERROR(VLOOKUP(A39,الاسماء,2,0),0) -> 0 | C39: =IFERROR(VLOOKUP(A39,الاسماء,3,0),"") -> 0 | D39: =IFERROR(VLOOKUP($C39,درجات,5,0),0) -> 0 | E39: =IFERROR(VLOOKUP($C39,درجات,43,0),0) -> 0 | F39: =SUM(D39:E39) -> 0 | G39: =IFERROR(VLOOKUP($C39,درجات,8,0),0) -> 0 | H39: =IFERROR(VLOOKUP($C39,درجات,46,0),0) -> 0 | I39: =SUM(G39:H39) -> 0 | J39: =IFERROR(VLOOKUP($C39,درجات,11,0),0) -> 0 | K39: =IFERROR(VLOOKUP($C39,درجات,49,0),0) -> 0 | L39: =SUM(J39:K39) -> 0 | M39: =IFERROR(VLOOKUP($C39,درجات,14,0),0) -> 0 | N39: =IFERROR(VLOOKUP($C39,درجات,52,0),0) -> 0 | O39: =SUM(M39:N39) -> 0 | P39: =IFERROR(VLOOKUP($C39,درجات,17,0),0) -> 0 | Q39: =IFERROR(VLOOKUP($C39,درجات,55,0),0) -> 0 | R39: =SUM(P39:Q39) -> 0 | S39: =IFERROR(VLOOKUP($C39,درجات,20,0),0) -> 0 | T39: =IFERROR(VLOOKUP($C39,درجات,58,0),0) -> 0 | U39: =SUM(S39:T39) -> 0 | V39: =IFERROR(VLOOKUP($C39,درجات,23,0),0) -> 0 | W39: =IFERROR(VLOOKUP($C39,درجات,61,0),0) -> 0 | X39: =SUM(V39:W39) -> 0 | Y39: =IFERROR(VLOOKUP($C39,درجات,26,0),0) -> 0 | Z39: =IFERROR(VLOOKUP($C39,درجات,64,0),0) -> 0 | AA39: =SUM(Y39:Z39) -> 0 | AB39: =IFERROR(VLOOKUP($C39,درجات,29,0),0) -> 0 | AC39: =IFERROR(VLOOKUP($C39,درجات,67,0),0) -> 0 | AD39: =SUM(AB39:AC39) -> 0 | AE39: =IFERROR(VLOOKUP($C39,درجات,32,0),0) -> 0 | AF39: =IFERROR(VLOOKUP($C39,درجات,70,0),0) -> 0 | AG39: =SUM(AE39:AF39) -> 0
A40: 23 | B40: =IFERROR(VLOOKUP(A40,الاسماء,2,0),"") -> 0 | C40: =IFERROR(VLOOKUP(A40,الاسماء,3,0),"") -> 0 | D40: =IFERROR(VLOOKUP($C40,درجات,5,0),0) -> 0 | E40: =IFERROR(VLOOKUP($C40,درجات,43,0),0) -> 0 | F40: =SUM(D40:E40) -> 0 | G40: =IFERROR(VLOOKUP($C40,درجات,8,0),0) -> 0 | H40: =IFERROR(VLOOKUP($C40,درجات,46,0),0) -> 0 | I40: =SUM(G40:H40) -> 0 | J40: =IFERROR(VLOOKUP($C40,درجات,11,0),0) -> 0 | K40: =IFERROR(VLOOKUP($C40,درجات,49,0),0) -> 0 | L40: =SUM(J40:K40) -> 0 | M40: =IFERROR(VLOOKUP($C40,درجات,14,0),0) -> 0 | N40: =IFERROR(VLOOKUP($C40,درجات,52,0),0) -> 0 | O40: =SUM(M40:N40) -> 0 | P40: =IFERROR(VLOOKUP($C40,درجات,17,0),0) -> 0 | Q40: =IFERROR(VLOOKUP($C40,درجات,55,0),0) -> 0 | R40: =SUM(P40:Q40) -> 0 | S40: =IFERROR(VLOOKUP($C40,درجات,20,0),0) -> 0 | T40: =IFERROR(VLOOKUP($C40,درجات,58,0),0) -> 0 | U40: =SUM(S40:T40) -> 0 | V40: =IFERROR(VLOOKUP($C40,درجات,23,0),0) -> 0 | W40: =IFERROR(VLOOKUP($C40,درجات,61,0),0) -> 0 | X40: =SUM(V40:W40) -> 0 | Y40: =IFERROR(VLOOKUP($C40,درجات,26,0),0) -> 0 | Z40: =IFERROR(VLOOKUP($C40,درجات,64,0),0) -> 0 | AA40: =SUM(Y40:Z40) -> 0 | AB40: =IFERROR(VLOOKUP($C40,درجات,29,0),0) -> 0 | AC40: =IFERROR(VLOOKUP($C40,درجات,67,0),0) -> 0 | AD40: =SUM(AB40:AC40) -> 0 | AE40: =IFERROR(VLOOKUP($C40,درجات,32,0),0) -> 0 | AF40: =IFERROR(VLOOKUP($C40,درجات,70,0),0) -> 0 | AG40: =SUM(AE40:AF40) -> 0
A41: 24 | B41: =IFERROR(VLOOKUP(A41,الاسماء,2,0),"") -> 0 | C41: =IFERROR(VLOOKUP(A41,الاسماء,3,0),"") -> 0 | D41: =IFERROR(VLOOKUP($C41,درجات,5,0),0) -> 0 | E41: =IFERROR(VLOOKUP($C41,درجات,43,0),0) -> 0 | F41: =SUM(D41:E41) -> 0 | G41: =IFERROR(VLOOKUP($C41,درجات,8,0),0) -> 0 | H41: =IFERROR(VLOOKUP($C41,درجات,46,0),0) -> 0 | I41: =SUM(G41:H41) -> 0 | J41: =IFERROR(VLOOKUP($C41,درجات,11,0),0) -> 0 | K41: =IFERROR(VLOOKUP($C41,درجات,49,0),0) -> 0 | L41: =SUM(J41:K41) -> 0 | M41: =IFERROR(VLOOKUP($C41,درجات,14,0),0) -> 0 | N41: =IFERROR(VLOOKUP($C41,درجات,52,0),0) -> 0 | O41: =SUM(M41:N41) -> 0 | P41: =IFERROR(VLOOKUP($C41,درجات,17,0),0) -> 0 | Q41: =IFERROR(VLOOKUP($C41,درجات,55,0),0) -> 0 | R41: =SUM(P41:Q41) -> 0 | S41: =IFERROR(VLOOKUP($C41,درجات,20,0),0) -> 0 | T41: =IFERROR(VLOOKUP($C41,درجات,58,0),0) -> 0 | U41: =SUM(S41:T41) -> 0 | V41: =IFERROR(VLOOKUP($C41,درجات,23,0),0) -> 0 | W41: =IFERROR(VLOOKUP($C41,درجات,61,0),0) -> 0 | X41: =SUM(V41:W41) -> 0 | Y41: =IFERROR(VLOOKUP($C41,درجات,26,0),0) -> 0 | Z41: =IFERROR(VLOOKUP($C41,درجات,64,0),0) -> 0 | AA41: =SUM(Y41:Z41) -> 0 | AB41: =IFERROR(VLOOKUP($C41,درجات,29,0),0) -> 0 | AC41: =IFERROR(VLOOKUP($C41,درجات,67,0),0) -> 0 | AD41: =SUM(AB41:AC41) -> 0 | AE41: =IFERROR(VLOOKUP($C41,درجات,32,0),0) -> 0 | AF41: =IFERROR(VLOOKUP($C41,درجات,70,0),0) -> 0 | AG41: =SUM(AE41:AF41) -> 0
A42: 25 | B42: =IFERROR(VLOOKUP(A42,الاسماء,2,0),"") -> 0 | C42: =IFERROR(VLOOKUP(A42,الاسماء,3,0),"") -> 0 | D42: =IFERROR(VLOOKUP($C42,درجات,5,0),0) -> 0 | E42: =IFERROR(VLOOKUP($C42,درجات,43,0),0) -> 0 | F42: =SUM(D42:E42) -> 0 | G42: =IFERROR(VLOOKUP($C42,درجات,8,0),0) -> 0 | H42: =IFERROR(VLOOKUP($C42,درجات,46,0),0) -> 0 | I42: =SUM(G42:H42) -> 0 | J42: =IFERROR(VLOOKUP($C42,درجات,11,0),0) -> 0 | K42: =IFERROR(VLOOKUP($C42,درجات,49,0),0) -> 0 | L42: =SUM(J42:K42) -> 0 | M42: =IFERROR(VLOOKUP($C42,درجات,14,0),0) -> 0 | N42: =IFERROR(VLOOKUP($C42,درجات,52,0),0) -> 0 | O42: =SUM(M42:N42) -> 0 | P42: =IFERROR(VLOOKUP($C42,درجات,17,0),0) -> 0 | Q42: =IFERROR(VLOOKUP($C42,درجات,55,0),0) -> 0 | R42: =SUM(P42:Q42) -> 0 | S42: =IFERROR(VLOOKUP($C42,درجات,20,0),0) -> 0 | T42: =IFERROR(VLOOKUP($C42,درجات,58,0),0) -> 0 | U42: =SUM(S42:T42) -> 0 | V42: =IFERROR(VLOOKUP($C42,درجات,23,0),0) -> 0 | W42: =IFERROR(VLOOKUP($C42,درجات,61,0),0) -> 0 | X42: =SUM(V42:W42) -> 0 | Y42: =IFERROR(VLOOKUP($C42,درجات,26,0),0) -> 0 | Z42: =IFERROR(VLOOKUP($C42,درجات,64,0),0) -> 0 | AA42: =SUM(Y42:Z42) -> 0 | AB42: =IFERROR(VLOOKUP($C42,درجات,29,0),0) -> 0 | AC42: =IFERROR(VLOOKUP($C42,درجات,67,0),0) -> 0 | AD42: =SUM(AB42:AC42) -> 0 | AE42: =IFERROR(VLOOKUP($C42,درجات,32,0),0) -> 0 | AF42: =IFERROR(VLOOKUP($C42,درجات,70,0),0) -> 0 | AG42: =SUM(AE42:AF42) -> 0
A43: 26 | B43: =IFERROR(VLOOKUP(A43,الاسماء,2,0),"") -> 0 | C43: =IFERROR(VLOOKUP(A43,الاسماء,3,0),"") -> 0 | D43: =IFERROR(VLOOKUP($C43,درجات,5,0),0) -> 0 | E43: =IFERROR(VLOOKUP($C43,درجات,43,0),0) -> 0 | F43: =SUM(D43:E43) -> 0 | G43: =IFERROR(VLOOKUP($C43,درجات,8,0),0) -> 0 | H43: =IFERROR(VLOOKUP($C43,درجات,46,0),0) -> 0 | I43: =SUM(G43:H43) -> 0 | J43: =IFERROR(VLOOKUP($C43,درجات,11,0),0) -> 0 | K43: =IFERROR(VLOOKUP($C43,درجات,49,0),0) -> 0 | L43: =SUM(J43:K43) -> 0 | M43: =IFERROR(VLOOKUP($C43,درجات,14,0),0) -> 0 | N43: =IFERROR(VLOOKUP($C43,درجات,52,0),0) -> 0 | O43: =SUM(M43:N43) -> 0 | P43: =IFERROR(VLOOKUP($C43,درجات,17,0),0) -> 0 | Q43: =IFERROR(VLOOKUP($C43,درجات,55,0),0) -> 0 | R43: =SUM(P43:Q43) -> 0 | S43: =IFERROR(VLOOKUP($C43,درجات,20,0),0) -> 0 | T43: =IFERROR(VLOOKUP($C43,درجات,58,0),0) -> 0 | U43: =SUM(S43:T43) -> 0 | V43: =IFERROR(VLOOKUP($C43,درجات,23,0),0) -> 0 | W43: =IFERROR(VLOOKUP($C43,درجات,61,0),0) -> 0 | X43: =SUM(V43:W43) -> 0 | Y43: =IFERROR(VLOOKUP($C43,درجات,26,0),0) -> 0 | Z43: =IFERROR(VLOOKUP($C43,درجات,64,0),0) -> 0 | AA43: =SUM(Y43:Z43) -> 0 | AB43: =IFERROR(VLOOKUP($C43,درجات,29,0),0) -> 0 | AC43: =IFERROR(VLOOKUP($C43,درجات,67,0),0) -> 0 | AD43: =SUM(AB43:AC43) -> 0 | AE43: =IFERROR(VLOOKUP($C43,درجات,32,0),0) -> 0 | AF43: =IFERROR(VLOOKUP($C43,درجات,70,0),0) -> 0 | AG43: =SUM(AE43:AF43) -> 0
A44: 27 | B44: =IFERROR(VLOOKUP(A44,الاسماء,2,0),"") -> 0 | C44: =IFERROR(VLOOKUP(A44,الاسماء,3,0),"") -> 0 | D44: =IFERROR(VLOOKUP($C44,درجات,5,0),0) -> 0 | E44: =IFERROR(VLOOKUP($C44,درجات,43,0),0) -> 0 | F44: =SUM(D44:E44) -> 0 | G44: =IFERROR(VLOOKUP($C44,درجات,8,0),0) -> 0 | H44: =IFERROR(VLOOKUP($C44,درجات,46,0),0) -> 0 | I44: =SUM(G44:H44) -> 0 | J44: =IFERROR(VLOOKUP($C44,درجات,11,0),0) -> 0 | K44: =IFERROR(VLOOKUP($C44,درجات,49,0),0) -> 0 | L44: =SUM(J44:K44) -> 0 | M44: =IFERROR(VLOOKUP($C44,درجات,14,0),0) -> 0 | N44: =IFERROR(VLOOKUP($C44,درجات,52,0),0) -> 0 | O44: =SUM(M44:N44) -> 0 | P44: =IFERROR(VLOOKUP($C44,درجات,17,0),0) -> 0 | Q44: =IFERROR(VLOOKUP($C44,درجات,55,0),0) -> 0 | R44: =SUM(P44:Q44) -> 0 | S44: =IFERROR(VLOOKUP($C44,درجات,20,0),0) -> 0 | T44: =IFERROR(VLOOKUP($C44,درجات,58,0),0) -> 0 | U44: =SUM(S44:T44) -> 0 | V44: =IFERROR(VLOOKUP($C44,درجات,23,0),0) -> 0 | W44: =IFERROR(VLOOKUP($C44,درجات,61,0),0) -> 0 | X44: =SUM(V44:W44) -> 0 | Y44: =IFERROR(VLOOKUP($C44,درجات,26,0),0) -> 0 | Z44: =IFERROR(VLOOKUP($C44,درجات,64,0),0) -> 0 | AA44: =SUM(Y44:Z44) -> 0 | AB44: =IFERROR(VLOOKUP($C44,درجات,29,0),0) -> 0 | AC44: =IFERROR(VLOOKUP($C44,درجات,67,0),0) -> 0 | AD44: =SUM(AB44:AC44) -> 0 | AE44: =IFERROR(VLOOKUP($C44,درجات,32,0),0) -> 0 | AF44: =IFERROR(VLOOKUP($C44,درجات,70,0),0) -> 0 | AG44: =SUM(AE44:AF44) -> 0
A45: 28 | B45: =IFERROR(VLOOKUP(A45,الاسماء,2,0),"") -> 0 | C45: =IFERROR(VLOOKUP(A45,الاسماء,3,0),"") -> 0 | D45: =IFERROR(VLOOKUP($C45,درجات,5,0),0) -> 0 | E45: =IFERROR(VLOOKUP($C45,درجات,43,0),0) -> 0 | F45: =SUM(D45:E45) -> 0 | G45: =IFERROR(VLOOKUP($C45,درجات,8,0),0) -> 0 | H45: =IFERROR(VLOOKUP($C45,درجات,46,0),0) -> 0 | I45: =SUM(G45:H45) -> 0 | J45: =IFERROR(VLOOKUP($C45,درجات,11,0),0) -> 0 | K45: =IFERROR(VLOOKUP($C45,درجات,49,0),0) -> 0 | L45: =SUM(J45:K45) -> 0 | M45: =IFERROR(VLOOKUP($C45,درجات,14,0),0) -> 0 | N45: =IFERROR(VLOOKUP($C45,درجات,52,0),0) -> 0 | O45: =SUM(M45:N45) -> 0 | P45: =IFERROR(VLOOKUP($C45,درجات,17,0),0) -> 0 | Q45: =IFERROR(VLOOKUP($C45,درجات,55,0),0) -> 0 | R45: =SUM(P45:Q45) -> 0 | S45: =IFERROR(VLOOKUP($C45,درجات,20,0),0) -> 0 | T45: =IFERROR(VLOOKUP($C45,درجات,58,0),0) -> 0 | U45: =SUM(S45:T45) -> 0 | V45: =IFERROR(VLOOKUP($C45,درجات,23,0),0) -> 0 | W45: =IFERROR(VLOOKUP($C45,درجات,61,0),0) -> 0 | X45: =SUM(V45:W45) -> 0 | Y45: =IFERROR(VLOOKUP($C45,درجات,26,0),0) -> 0 | Z45: =IFERROR(VLOOKUP($C45,درجات,64,0),0) -> 0 | AA45: =SUM(Y45:Z45) -> 0 | AB45: =IFERROR(VLOOKUP($C45,درجات,29,0),0) -> 0 | AC45: =IFERROR(VLOOKUP($C45,درجات,67,0),0) -> 0 | AD45: =SUM(AB45:AC45) -> 0 | AE45: =IFERROR(VLOOKUP($C45,درجات,32,0),0) -> 0 | AF45: =IFERROR(VLOOKUP($C45,درجات,70,0),0) -> 0 | AG45: =SUM(AE45:AF45) -> 0
A46: 29 | B46: =IFERROR(VLOOKUP(A46,الاسماء,2,0),"") -> 0 | C46: =IFERROR(VLOOKUP(A46,الاسماء,3,0),"") -> 0 | D46: =IFERROR(VLOOKUP($C46,درجات,5,0),0) -> 0 | E46: =IFERROR(VLOOKUP($C46,درجات,43,0),0) -> 0 | F46: =SUM(D46:E46) -> 0 | G46: =IFERROR(VLOOKUP($C46,درجات,8,0),0) -> 0 | H46: =IFERROR(VLOOKUP($C46,درجات,46,0),0) -> 0 | I46: =SUM(G46:H46) -> 0 | J46: =IFERROR(VLOOKUP($C46,درجات,11,0),0) -> 0 | K46: =IFERROR(VLOOKUP($C46,درجات,49,0),0) -> 0 | L46: =SUM(J46:K46) -> 0 | M46: =IFERROR(VLOOKUP($C46,درجات,14,0),0) -> 0 | N46: =IFERROR(VLOOKUP($C46,درجات,52,0),0) -> 0 | O46: =SUM(M46:N46) -> 0 | P46: =IFERROR(VLOOKUP($C46,درجات,17,0),0) -> 0 | Q46: =IFERROR(VLOOKUP($C46,درجات,55,0),0) -> 0 | R46: =SUM(P46:Q46) -> 0 | S46: =IFERROR(VLOOKUP($C46,درجات,20,0),0) -> 0 | T46: =IFERROR(VLOOKUP($C46,درجات,58,0),0) -> 0 | U46: =SUM(S46:T46) -> 0 | V46: =IFERROR(VLOOKUP($C46,درجات,23,0),0) -> 0 | W46: =IFERROR(VLOOKUP($C46,درجات,61,0),0) -> 0 | X46: =SUM(V46:W46) -> 0 | Y46: =IFERROR(VLOOKUP($C46,درجات,26,0),0) -> 0 | Z46: =IFERROR(VLOOKUP($C46,درجات,64,0),0) -> 0 | AA46: =SUM(Y46:Z46) -> 0 | AB46: =IFERROR(VLOOKUP($C46,درجات,29,0),0) -> 0 | AC46: =IFERROR(VLOOKUP($C46,درجات,67,0),0) -> 0 | AD46: =SUM(AB46:AC46) -> 0 | AE46: =IFERROR(VLOOKUP($C46,درجات,32,0),0) -> 0 | AF46: =IFERROR(VLOOKUP($C46,درجات,70,0),0) -> 0 | AG46: =SUM(AE46:AF46) -> 0
A47: 30 | B47: =IFERROR(VLOOKUP(A47,الاسماء,2,0),"") -> 0 | C47: =IFERROR(VLOOKUP(A47,الاسماء,3,0),"") -> 0 | D47: =IFERROR(VLOOKUP($C47,درجات,5,0),0) -> 0 | E47: =IFERROR(VLOOKUP($C47,درجات,43,0),0) -> 0 | F47: =SUM(D47:E47) -> 0 | G47: =IFERROR(VLOOKUP($C47,درجات,8,0),0) -> 0 | H47: =IFERROR(VLOOKUP($C47,درجات,46,0),0) -> 0 | I47: =SUM(G47:H47) -> 0 | J47: =IFERROR(VLOOKUP($C47,درجات,11,0),0) -> 0 | K47: =IFERROR(VLOOKUP($C47,درجات,49,0),0) -> 0 | L47: =SUM(J47:K47) -> 0 | M47: =IFERROR(VLOOKUP($C47,درجات,14,0),0) -> 0 | N47: =IFERROR(VLOOKUP($C47,درجات,52,0),0) -> 0 | O47: =SUM(M47:N47) -> 0 | P47: =IFERROR(VLOOKUP($C47,درجات,17,0),0) -> 0 | Q47: =IFERROR(VLOOKUP($C47,درجات,55,0),0) -> 0 | R47: =SUM(P47:Q47) -> 0 | S47: =IFERROR(VLOOKUP($C47,درجات,20,0),0) -> 0 | T47: =IFERROR(VLOOKUP($C47,درجات,58,0),0) -> 0 | U47: =SUM(S47:T47) -> 0 | V47: =IFERROR(VLOOKUP($C47,درجات,23,0),0) -> 0 | W47: =IFERROR(VLOOKUP($C47,درجات,61,0),0) -> 0 | X47: =SUM(V47:W47) -> 0 | Y47: =IFERROR(VLOOKUP($C47,درجات,26,0),0) -> 0 | Z47: =IFERROR(VLOOKUP($C47,درجات,64,0),0) -> 0 | AA47: =SUM(Y47:Z47) -> 0 | AB47: =IFERROR(VLOOKUP($C47,درجات,29,0),0) -> 0 | AC47: =IFERROR(VLOOKUP($C47,درجات,67,0),0) -> 0 | AD47: =SUM(AB47:AC47) -> 0 | AE47: =IFERROR(VLOOKUP($C47,درجات,32,0),0) -> 0 | AF47: =IFERROR(VLOOKUP($C47,درجات,70,0),0) -> 0 | AG47: =SUM(AE47:AF47) -> 0
A48: 31 | B48: =IFERROR(VLOOKUP(A48,الاسماء,2,0),"") -> 0 | C48: =IFERROR(VLOOKUP(A48,الاسماء,3,0),"") -> 0 | D48: =IFERROR(VLOOKUP($C48,درجات,5,0),0) -> 0 | E48: =IFERROR(VLOOKUP($C48,درجات,43,0),0) -> 0 | F48: =SUM(D48:E48) -> 0 | G48: =IFERROR(VLOOKUP($C48,درجات,8,0),0) -> 0 | H48: =IFERROR(VLOOKUP($C48,درجات,46,0),0) -> 0 | I48: =SUM(G48:H48) -> 0 | J48: =IFERROR(VLOOKUP($C48,درجات,11,0),0) -> 0 | K48: =IFERROR(VLOOKUP($C48,درجات,49,0),0) -> 0 | L48: =SUM(J48:K48) -> 0 | M48: =IFERROR(VLOOKUP($C48,درجات,14,0),0) -> 0 | N48: =IFERROR(VLOOKUP($C48,درجات,52,0),0) -> 0 | O48: =SUM(M48:N48) -> 0 | P48: =IFERROR(VLOOKUP($C48,درجات,17,0),0) -> 0 | Q48: =IFERROR(VLOOKUP($C48,درجات,55,0),0) -> 0 | R48: =SUM(P48:Q48) -> 0 | S48: =IFERROR(VLOOKUP($C48,درجات,20,0),0) -> 0 | T48: =IFERROR(VLOOKUP($C48,درجات,58,0),0) -> 0 | U48: =SUM(S48:T48) -> 0 | V48: =IFERROR(VLOOKUP($C48,درجات,23,0),0) -> 0 | W48: =IFERROR(VLOOKUP($C48,درجات,61,0),0) -> 0 | X48: =SUM(V48:W48) -> 0 | Y48: =IFERROR(VLOOKUP($C48,درجات,26,0),0) -> 0 | Z48: =IFERROR(VLOOKUP($C48,درجات,64,0),0) -> 0 | AA48: =SUM(Y48:Z48) -> 0 | AB48: =IFERROR(VLOOKUP($C48,درجات,29,0),0) -> 0 | AC48: =IFERROR(VLOOKUP($C48,درجات,67,0),0) -> 0 | AD48: =SUM(AB48:AC48) -> 0 | AE48: =IFERROR(VLOOKUP($C48,درجات,32,0),0) -> 0 | AF48: =IFERROR(VLOOKUP($C48,درجات,70,0),0) -> 0 | AG48: =SUM(AE48:AF48) -> 0
A49: 32 | B49: =IFERROR(VLOOKUP(A49,الاسماء,2,0),"") -> 0 | C49: =IFERROR(VLOOKUP(A49,الاسماء,3,0),"") -> 0 | D49: =IFERROR(VLOOKUP($C49,درجات,5,0),0) -> 0 | E49: =IFERROR(VLOOKUP($C49,درجات,43,0),0) -> 0 | F49: =SUM(D49:E49) -> 0 | G49: =IFERROR(VLOOKUP($C49,درجات,8,0),0) -> 0 | H49: =IFERROR(VLOOKUP($C49,درجات,46,0),0) -> 0 | I49: =SUM(G49:H49) -> 0 | J49: =IFERROR(VLOOKUP($C49,درجات,11,0),0) -> 0 | K49: =IFERROR(VLOOKUP($C49,درجات,49,0),0) -> 0 | L49: =SUM(J49:K49) -> 0 | M49: =IFERROR(VLOOKUP($C49,درجات,14,0),0) -> 0 | N49: =IFERROR(VLOOKUP($C49,درجات,52,0),0) -> 0 | O49: =SUM(M49:N49) -> 0 | P49: =IFERROR(VLOOKUP($C49,درجات,17,0),0) -> 0 | Q49: =IFERROR(VLOOKUP($C49,درجات,55,0),0) -> 0 | R49: =SUM(P49:Q49) -> 0 | S49: =IFERROR(VLOOKUP($C49,درجات,20,0),0) -> 0 | T49: =IFERROR(VLOOKUP($C49,درجات,58,0),0) -> 0 | U49: =SUM(S49:T49) -> 0 | V49: =IFERROR(VLOOKUP($C49,درجات,23,0),0) -> 0 | W49: =IFERROR(VLOOKUP($C49,درجات,61,0),0) -> 0 | X49: =SUM(V49:W49) -> 0 | Y49: =IFERROR(VLOOKUP($C49,درجات,26,0),0) -> 0 | Z49: =IFERROR(VLOOKUP($C49,درجات,64,0),0) -> 0 | AA49: =SUM(Y49:Z49) -> 0 | AB49: =IFERROR(VLOOKUP($C49,درجات,29,0),0) -> 0 | AC49: =IFERROR(VLOOKUP($C49,درجات,67,0),0) -> 0 | AD49: =SUM(AB49:AC49) -> 0 | AE49: =IFERROR(VLOOKUP($C49,درجات,32,0),0) -> 0 | AF49: =IFERROR(VLOOKUP($C49,درجات,70,0),0) -> 0 | AG49: =SUM(AE49:AF49) -> 0
A50: 33 | B50: =IFERROR(VLOOKUP(A50,الاسماء,2,0),"") -> 0 | C50: =IFERROR(VLOOKUP(A50,الاسماء,3,0),"") -> 0 | D50: =IFERROR(VLOOKUP($C50,درجات,5,0),0) -> 0 | E50: =IFERROR(VLOOKUP($C50,درجات,43,0),0) -> 0 | F50: =SUM(D50:E50) -> 0 | G50: =IFERROR(VLOOKUP($C50,درجات,8,0),0) -> 0 | H50: =IFERROR(VLOOKUP($C50,درجات,46,0),0) -> 0 | I50: =SUM(G50:H50) -> 0 | J50: =IFERROR(VLOOKUP($C50,درجات,11,0),0) -> 0 | K50: =IFERROR(VLOOKUP($C50,درجات,49,0),0) -> 0 | L50: =SUM(J50:K50) -> 0 | M50: =IFERROR(VLOOKUP($C50,درجات,14,0),0) -> 0 | N50: =IFERROR(VLOOKUP($C50,درجات,52,0),0) -> 0 | O50: =SUM(M50:N50) -> 0 | P50: =IFERROR(VLOOKUP($C50,درجات,17,0),0) -> 0 | Q50: =IFERROR(VLOOKUP($C50,درجات,55,0),0) -> 0 | R50: =SUM(P50:Q50) -> 0 | S50: =IFERROR(VLOOKUP($C50,درجات,20,0),0) -> 0 | T50: =IFERROR(VLOOKUP($C50,درجات,58,0),0) -> 0 | U50: =SUM(S50:T50) -> 0 | V50: =IFERROR(VLOOKUP($C50,درجات,23,0),0) -> 0 | W50: =IFERROR(VLOOKUP($C50,درجات,61,0),0) -> 0 | X50: =SUM(V50:W50) -> 0 | Y50: =IFERROR(VLOOKUP($C50,درجات,26,0),0) -> 0 | Z50: =IFERROR(VLOOKUP($C50,درجات,64,0),0) -> 0 | AA50: =SUM(Y50:Z50) -> 0 | AB50: =IFERROR(VLOOKUP($C50,درجات,29,0),0) -> 0 | AC50: =IFERROR(VLOOKUP($C50,درجات,67,0),0) -> 0 | AD50: =SUM(AB50:AC50) -> 0 | AE50: =IFERROR(VLOOKUP($C50,درجات,32,0),0) -> 0 | AF50: =IFERROR(VLOOKUP($C50,درجات,70,0),0) -> 0 | AG50: =SUM(AE50:AF50) -> 0
A51: 34 | B51: =IFERROR(VLOOKUP(A51,الاسماء,2,0),"") -> 0 | C51: =IFERROR(VLOOKUP(A51,الاسماء,3,0),"") -> 0 | D51: =IFERROR(VLOOKUP($C51,درجات,5,0),0) -> 0 | E51: =IFERROR(VLOOKUP($C51,درجات,43,0),0) -> 0 | F51: =SUM(D51:E51) -> 0 | G51: =IFERROR(VLOOKUP($C51,درجات,8,0),0) -> 0 | H51: =IFERROR(VLOOKUP($C51,درجات,46,0),0) -> 0 | I51: =SUM(G51:H51) -> 0 | J51: =IFERROR(VLOOKUP($C51,درجات,11,0),0) -> 0 | K51: =IFERROR(VLOOKUP($C51,درجات,49,0),0) -> 0 | L51: =SUM(J51:K51) -> 0 | M51: =IFERROR(VLOOKUP($C51,درجات,14,0),0) -> 0 | N51: =IFERROR(VLOOKUP($C51,درجات,52,0),0) -> 0 | O51: =SUM(M51:N51) -> 0 | P51: =IFERROR(VLOOKUP($C51,درجات,17,0),0) -> 0 | Q51: =IFERROR(VLOOKUP($C51,درجات,55,0),0) -> 0 | R51: =SUM(P51:Q51) -> 0 | S51: =IFERROR(VLOOKUP($C51,درجات,20,0),0) -> 0 | T51: =IFERROR(VLOOKUP($C51,درجات,58,0),0) -> 0 | U51: =SUM(S51:T51) -> 0 | V51: =IFERROR(VLOOKUP($C51,درجات,23,0),0) -> 0 | W51: =IFERROR(VLOOKUP($C51,درجات,61,0),0) -> 0 | X51: =SUM(V51:W51) -> 0 | Y51: =IFERROR(VLOOKUP($C51,درجات,26,0),0) -> 0 | Z51: =IFERROR(VLOOKUP($C51,درجات,64,0),0) -> 0 | AA51: =SUM(Y51:Z51) -> 0 | AB51: =IFERROR(VLOOKUP($C51,درجات,29,0),0) -> 0 | AC51: =IFERROR(VLOOKUP($C51,درجات,67,0),0) -> 0 | AD51: =SUM(AB51:AC51) -> 0 | AE51: =IFERROR(VLOOKUP($C51,درجات,32,0),0) -> 0 | AF51: =IFERROR(VLOOKUP($C51,درجات,70,0),0) -> 0 | AG51: =SUM(AE51:AF51) -> 0
... A57: 40 | B57: =IFERROR(VLOOKUP(A57,الاسماء,2,0),"") -> 0 | C57: =IFERROR(VLOOKUP(A57,الاسماء,3,0),"") -> 0 | D57: =IFERROR(VLOOKUP($C57,درجات,5,0),0) -> 0 | E57: =IFERROR(VLOOKUP($C57,درجات,43,0),0) -> 0 | F57: =SUM(D57:E57) -> 0 | G57: =IFERROR(VLOOKUP($C57,درجات,8,0),0) -> 0 | H57: =IFERROR(VLOOKUP($C57,درجات,46,0),0) -> 0 | I57: =SUM(G57:H57) -> 0 | J57: =IFERROR(VLOOKUP($C57,درجات,11,0),0) -> 0 | K57: =IFERROR(VLOOKUP($C57,درجات,49,0),0) -> 0 | L57: =SUM(J57:K57) -> 0 | M57: =IFERROR(VLOOKUP($C57,درجات,14,0),0) -> 0 | N57: =IFERROR(VLOOKUP($C57,درجات,52,0),0) -> 0 | O57: =SUM(M57:N57) -> 0 | P57: =IFERROR(VLOOKUP($C57,درجات,17,0),0) -> 0 | Q57: =IFERROR(VLOOKUP($C57,درجات,55,0),0) -> 0 | R57: =SUM(P57:Q57) -> 0 | S57: =IFERROR(VLOOKUP($C57,درجات,20,0),0) -> 0 | T57: =IFERROR(VLOOKUP($C57,درجات,58,0),0) -> 0 | U57: =SUM(S57:T57) -> 0 | V57: =IFERROR(VLOOKUP($C57,درجات,23,0),0) -> 0 | W57: =IFERROR(VLOOKUP($C57,درجات,61,0),0) -> 0 | X57: =SUM(V57:W57) -> 0 | Y57: =IFERROR(VLOOKUP($C57,درجات,26,0),0) -> 0 | Z57: =IFERROR(VLOOKUP($C57,درجات,64,0),0) -> 0 | AA57: =SUM(Y57:Z57) -> 0 | AB57: =IFERROR(VLOOKUP($C57,درجات,29,0),0) -> 0 | AC57: =IFERROR(VLOOKUP($C57,درجات,67,0),0) -> 0 | AD57: =SUM(AB57:AC57) -> 0 | AE57: =IFERROR(VLOOKUP($C57,درجات,32,0),0) -> 0 | AF57: =IFERROR(VLOOKUP($C57,درجات,70,0),0) -> 0 | AG57: =SUM(AE57:AF57) -> 0
C59: الاسم | F59: التوقيع | K59: إقرار مدير المدرسة | AE59: ختم مدير المدرسة
A60: كتبه | C60: ='الفترة الاولى'!$CA$10 -> 0 | K60: أقر أنا | N60: ='الفترة الاولى'!$CA$16 -> أ. فهيم عبدالمجيد بوازويتة | U60: مدير مدرسة | X60: ='الفترة الاولى'!$C$6 -> سهول العلم للتعليم الخاص
A61: أملاه | C61: ='الفترة الاولى'!$CA$11 -> 0 | K61: بأن جميع ماوردة في هدا الكشف مطابقا للبينات المثبتة بالسجلات
A62: رجع الكتابة | C62: ='الفترة الاولى'!$CA$12 -> 0 | K62: التاريخ | M62: =TODAY() -> 46181 | T62: التوقيع
A63: رجع الملاء | C63: ='الفترة الاولى'!$CA$13 -> 0
A65: 41 | B65: =IFERROR(VLOOKUP(A65,الاسماء,2,0),"") -> 0 | C65: =IFERROR(VLOOKUP(A65,الاسماء,3,0),"") -> 0 | D65: =IFERROR(VLOOKUP($C65,درجات,5,0),0) -> 0 | E65: =IFERROR(VLOOKUP($C65,درجات,43,0),0) -> 0 | F65: =SUM(D65:E65) -> 0 | G65: =IFERROR(VLOOKUP($C65,درجات,8,0),0) -> 0 | H65: =IFERROR(VLOOKUP($C65,درجات,46,0),0) -> 0 | I65: =SUM(G65:H65) -> 0 | J65: =IFERROR(VLOOKUP($C65,درجات,11,0),0) -> 0 | K65: =IFERROR(VLOOKUP($C65,درجات,49,0),0) -> 0 | L65: =SUM(J65:K65) -> 0 | M65: =IFERROR(VLOOKUP($C65,درجات,14,0),0) -> 0 | N65: =IFERROR(VLOOKUP($C65,درجات,52,0),0) -> 0 | O65: =SUM(M65:N65) -> 0 | P65: =IFERROR(VLOOKUP($C65,درجات,17,0),0) -> 0 | Q65: =IFERROR(VLOOKUP($C65,درجات,55,0),0) -> 0 | R65: =SUM(P65:Q65) -> 0 | S65: =IFERROR(VLOOKUP($C65,درجات,20,0),0) -> 0 | T65: =IFERROR(VLOOKUP($C65,درجات,58,0),0) -> 0 | U65: =SUM(S65:T65) -> 0 | V65: =IFERROR(VLOOKUP($C65,درجات,23,0),0) -> 0 | W65: =IFERROR(VLOOKUP($C65,درجات,61,0),0) -> 0 | X65: =SUM(V65:W65) -> 0 | Y65: =IFERROR(VLOOKUP($C65,درجات,26,0),0) -> 0 | Z65: =IFERROR(VLOOKUP($C65,درجات,64,0),0) -> 0 | AA65: =SUM(Y65:Z65) -> 0 | AB65: =IFERROR(VLOOKUP($C65,درجات,29,0),0) -> 0 | AC65: =IFERROR(VLOOKUP($C65,درجات,67,0),0) -> 0 | AD65: =SUM(AB65:AC65) -> 0 | AE65: =IFERROR(VLOOKUP($C65,درجات,32,0),0) -> 0 | AF65: =IFERROR(VLOOKUP($C65,درجات,70,0),0) -> 0 | AG65: =SUM(AE65:AF65) -> 0
A66: 42 | B66: =IFERROR(VLOOKUP(A66,الاسماء,2,0),0) -> 0 | C66: =IFERROR(VLOOKUP(A66,الاسماء,3,0),"") -> 0 | D66: =IFERROR(VLOOKUP($C66,درجات,5,0),0) -> 0 | E66: =IFERROR(VLOOKUP($C66,درجات,43,0),0) -> 0 | F66: =SUM(D66:E66) -> 0 | G66: =IFERROR(VLOOKUP($C66,درجات,8,0),0) -> 0 | H66: =IFERROR(VLOOKUP($C66,درجات,46,0),0) -> 0 | I66: =SUM(G66:H66) -> 0 | J66: =IFERROR(VLOOKUP($C66,درجات,11,0),0) -> 0 | K66: =IFERROR(VLOOKUP($C66,درجات,49,0),0) -> 0 | L66: =SUM(J66:K66) -> 0 | M66: =IFERROR(VLOOKUP($C66,درجات,14,0),0) -> 0 | N66: =IFERROR(VLOOKUP($C66,درجات,52,0),0) -> 0 | O66: =SUM(M66:N66) -> 0 | P66: =IFERROR(VLOOKUP($C66,درجات,17,0),0) -> 0 | Q66: =IFERROR(VLOOKUP($C66,درجات,55,0),0) -> 0 | R66: =SUM(P66:Q66) -> 0 | S66: =IFERROR(VLOOKUP($C66,درجات,20,0),0) -> 0 | T66: =IFERROR(VLOOKUP($C66,درجات,58,0),0) -> 0 | U66: =SUM(S66:T66) -> 0 | V66: =IFERROR(VLOOKUP($C66,درجات,23,0),0) -> 0 | W66: =IFERROR(VLOOKUP($C66,درجات,61,0),0) -> 0 | X66: =SUM(V66:W66) -> 0 | Y66: =IFERROR(VLOOKUP($C66,درجات,26,0),0) -> 0 | Z66: =IFERROR(VLOOKUP($C66,درجات,64,0),0) -> 0 | AA66: =SUM(Y66:Z66) -> 0 | AB66: =IFERROR(VLOOKUP($C66,درجات,29,0),0) -> 0 | AC66: =IFERROR(VLOOKUP($C66,درجات,67,0),0) -> 0 | AD66: =SUM(AB66:AC66) -> 0 | AE66: =IFERROR(VLOOKUP($C66,درجات,32,0),0) -> 0 | AF66: =IFERROR(VLOOKUP($C66,درجات,70,0),0) -> 0 | AG66: =SUM(AE66:AF66) -> 0
A67: 43 | B67: =IFERROR(VLOOKUP(A67,الاسماء,2,0),"") -> 0 | C67: =IFERROR(VLOOKUP(A67,الاسماء,3,0),"") -> 0 | D67: =IFERROR(VLOOKUP($C67,درجات,5,0),0) -> 0 | E67: =IFERROR(VLOOKUP($C67,درجات,43,0),0) -> 0 | F67: =SUM(D67:E67) -> 0 | G67: =IFERROR(VLOOKUP($C67,درجات,8,0),0) -> 0 | H67: =IFERROR(VLOOKUP($C67,درجات,46,0),0) -> 0 | I67: =SUM(G67:H67) -> 0 | J67: =IFERROR(VLOOKUP($C67,درجات,11,0),0) -> 0 | K67: =IFERROR(VLOOKUP($C67,درجات,49,0),0) -> 0 | L67: =SUM(J67:K67) -> 0 | M67: =IFERROR(VLOOKUP($C67,درجات,14,0),0) -> 0 | N67: =IFERROR(VLOOKUP($C67,درجات,52,0),0) -> 0 | O67: =SUM(M67:N67) -> 0 | P67: =IFERROR(VLOOKUP($C67,درجات,17,0),0) -> 0 | Q67: =IFERROR(VLOOKUP($C67,درجات,55,0),0) -> 0 | R67: =SUM(P67:Q67) -> 0 | S67: =IFERROR(VLOOKUP($C67,درجات,20,0),0) -> 0 | T67: =IFERROR(VLOOKUP($C67,درجات,58,0),0) -> 0 | U67: =SUM(S67:T67) -> 0 | V67: =IFERROR(VLOOKUP($C67,درجات,23,0),0) -> 0 | W67: =IFERROR(VLOOKUP($C67,درجات,61,0),0) -> 0 | X67: =SUM(V67:W67) -> 0 | Y67: =IFERROR(VLOOKUP($C67,درجات,26,0),0) -> 0 | Z67: =IFERROR(VLOOKUP($C67,درجات,64,0),0) -> 0 | AA67: =SUM(Y67:Z67) -> 0 | AB67: =IFERROR(VLOOKUP($C67,درجات,29,0),0) -> 0 | AC67: =IFERROR(VLOOKUP($C67,درجات,67,0),0) -> 0 | AD67: =SUM(AB67:AC67) -> 0 | AE67: =IFERROR(VLOOKUP($C67,درجات,32,0),0) -> 0 | AF67: =IFERROR(VLOOKUP($C67,درجات,70,0),0) -> 0 | AG67: =SUM(AE67:AF67) -> 0
A68: 44 | B68: =IFERROR(VLOOKUP(A68,الاسماء,2,0),"") -> 0 | C68: =IFERROR(VLOOKUP(A68,الاسماء,3,0),"") -> 0 | D68: =IFERROR(VLOOKUP($C68,درجات,5,0),0) -> 0 | E68: =IFERROR(VLOOKUP($C68,درجات,43,0),0) -> 0 | F68: =SUM(D68:E68) -> 0 | G68: =IFERROR(VLOOKUP($C68,درجات,8,0),0) -> 0 | H68: =IFERROR(VLOOKUP($C68,درجات,46,0),0) -> 0 | I68: =SUM(G68:H68) -> 0 | J68: =IFERROR(VLOOKUP($C68,درجات,11,0),0) -> 0 | K68: =IFERROR(VLOOKUP($C68,درجات,49,0),0) -> 0 | L68: =SUM(J68:K68) -> 0 | M68: =IFERROR(VLOOKUP($C68,درجات,14,0),0) -> 0 | N68: =IFERROR(VLOOKUP($C68,درجات,52,0),0) -> 0 | O68: =SUM(M68:N68) -> 0 | P68: =IFERROR(VLOOKUP($C68,درجات,17,0),0) -> 0 | Q68: =IFERROR(VLOOKUP($C68,درجات,55,0),0) -> 0 | R68: =SUM(P68:Q68) -> 0 | S68: =IFERROR(VLOOKUP($C68,درجات,20,0),0) -> 0 | T68: =IFERROR(VLOOKUP($C68,درجات,58,0),0) -> 0 | U68: =SUM(S68:T68) -> 0 | V68: =IFERROR(VLOOKUP($C68,درجات,23,0),0) -> 0 | W68: =IFERROR(VLOOKUP($C68,درجات,61,0),0) -> 0 | X68: =SUM(V68:W68) -> 0 | Y68: =IFERROR(VLOOKUP($C68,درجات,26,0),0) -> 0 | Z68: =IFERROR(VLOOKUP($C68,درجات,64,0),0) -> 0 | AA68: =SUM(Y68:Z68) -> 0 | AB68: =IFERROR(VLOOKUP($C68,درجات,29,0),0) -> 0 | AC68: =IFERROR(VLOOKUP($C68,درجات,67,0),0) -> 0 | AD68: =SUM(AB68:AC68) -> 0 | AE68: =IFERROR(VLOOKUP($C68,درجات,32,0),0) -> 0 | AF68: =IFERROR(VLOOKUP($C68,درجات,70,0),0) -> 0 | AG68: =SUM(AE68:AF68) -> 0
A69: 45 | B69: =IFERROR(VLOOKUP(A69,الاسماء,2,0),"") -> 0 | C69: =IFERROR(VLOOKUP(A69,الاسماء,3,0),"") -> 0 | D69: =IFERROR(VLOOKUP($C69,درجات,5,0),0) -> 0 | E69: =IFERROR(VLOOKUP($C69,درجات,43,0),0) -> 0 | F69: =SUM(D69:E69) -> 0 | G69: =IFERROR(VLOOKUP($C69,درجات,8,0),0) -> 0 | H69: =IFERROR(VLOOKUP($C69,درجات,46,0),0) -> 0 | I69: =SUM(G69:H69) -> 0 | J69: =IFERROR(VLOOKUP($C69,درجات,11,0),0) -> 0 | K69: =IFERROR(VLOOKUP($C69,درجات,49,0),0) -> 0 | L69: =SUM(J69:K69) -> 0 | M69: =IFERROR(VLOOKUP($C69,درجات,14,0),0) -> 0 | N69: =IFERROR(VLOOKUP($C69,درجات,52,0),0) -> 0 | O69: =SUM(M69:N69) -> 0 | P69: =IFERROR(VLOOKUP($C69,درجات,17,0),0) -> 0 | Q69: =IFERROR(VLOOKUP($C69,درجات,55,0),0) -> 0 | R69: =SUM(P69:Q69) -> 0 | S69: =IFERROR(VLOOKUP($C69,درجات,20,0),0) -> 0 | T69: =IFERROR(VLOOKUP($C69,درجات,58,0),0) -> 0 | U69: =SUM(S69:T69) -> 0 | V69: =IFERROR(VLOOKUP($C69,درجات,23,0),0) -> 0 | W69: =IFERROR(VLOOKUP($C69,درجات,61,0),0) -> 0 | X69: =SUM(V69:W69) -> 0 | Y69: =IFERROR(VLOOKUP($C69,درجات,26,0),0) -> 0 | Z69: =IFERROR(VLOOKUP($C69,درجات,64,0),0) -> 0 | AA69: =SUM(Y69:Z69) -> 0 | AB69: =IFERROR(VLOOKUP($C69,درجات,29,0),0) -> 0 | AC69: =IFERROR(VLOOKUP($C69,درجات,67,0),0) -> 0 | AD69: =SUM(AB69:AC69) -> 0 | AE69: =IFERROR(VLOOKUP($C69,درجات,32,0),0) -> 0 | AF69: =IFERROR(VLOOKUP($C69,درجات,70,0),0) -> 0 | AG69: =SUM(AE69:AF69) -> 0
A70: 46 | B70: =IFERROR(VLOOKUP(A70,الاسماء,2,0),"") -> 0 | C70: =IFERROR(VLOOKUP(A70,الاسماء,3,0),"") -> 0 | D70: =IFERROR(VLOOKUP($C70,درجات,5,0),0) -> 0 | E70: =IFERROR(VLOOKUP($C70,درجات,43,0),0) -> 0 | F70: =SUM(D70:E70) -> 0 | G70: =IFERROR(VLOOKUP($C70,درجات,8,0),0) -> 0 | H70: =IFERROR(VLOOKUP($C70,درجات,46,0),0) -> 0 | I70: =SUM(G70:H70) -> 0 | J70: =IFERROR(VLOOKUP($C70,درجات,11,0),0) -> 0 | K70: =IFERROR(VLOOKUP($C70,درجات,49,0),0) -> 0 | L70: =SUM(J70:K70) -> 0 | M70: =IFERROR(VLOOKUP($C70,درجات,14,0),0) -> 0 | N70: =IFERROR(VLOOKUP($C70,درجات,52,0),0) -> 0 | O70: =SUM(M70:N70) -> 0 | P70: =IFERROR(VLOOKUP($C70,درجات,17,0),0) -> 0 | Q70: =IFERROR(VLOOKUP($C70,درجات,55,0),0) -> 0 | R70: =SUM(P70:Q70) -> 0 | S70: =IFERROR(VLOOKUP($C70,درجات,20,0),0) -> 0 | T70: =IFERROR(VLOOKUP($C70,درجات,58,0),0) -> 0 | U70: =SUM(S70:T70) -> 0 | V70: =IFERROR(VLOOKUP($C70,درجات,23,0),0) -> 0 | W70: =IFERROR(VLOOKUP($C70,درجات,61,0),0) -> 0 | X70: =SUM(V70:W70) -> 0 | Y70: =IFERROR(VLOOKUP($C70,درجات,26,0),0) -> 0 | Z70: =IFERROR(VLOOKUP($C70,درجات,64,0),0) -> 0 | AA70: =SUM(Y70:Z70) -> 0 | AB70: =IFERROR(VLOOKUP($C70,درجات,29,0),0) -> 0 | AC70: =IFERROR(VLOOKUP($C70,درجات,67,0),0) -> 0 | AD70: =SUM(AB70:AC70) -> 0 | AE70: =IFERROR(VLOOKUP($C70,درجات,32,0),0) -> 0 | AF70: =IFERROR(VLOOKUP($C70,درجات,70,0),0) -> 0 | AG70: =SUM(AE70:AF70) -> 0
A71: 47 | B71: =IFERROR(VLOOKUP(A71,الاسماء,2,0),"") -> 0 | C71: =IFERROR(VLOOKUP(A71,الاسماء,3,0),"") -> 0 | D71: =IFERROR(VLOOKUP($C71,درجات,5,0),0) -> 0 | E71: =IFERROR(VLOOKUP($C71,درجات,43,0),0) -> 0 | F71: =SUM(D71:E71) -> 0 | G71: =IFERROR(VLOOKUP($C71,درجات,8,0),0) -> 0 | H71: =IFERROR(VLOOKUP($C71,درجات,46,0),0) -> 0 | I71: =SUM(G71:H71) -> 0 | J71: =IFERROR(VLOOKUP($C71,درجات,11,0),0) -> 0 | K71: =IFERROR(VLOOKUP($C71,درجات,49,0),0) -> 0 | L71: =SUM(J71:K71) -> 0 | M71: =IFERROR(VLOOKUP($C71,درجات,14,0),0) -> 0 | N71: =IFERROR(VLOOKUP($C71,درجات,52,0),0) -> 0 | O71: =SUM(M71:N71) -> 0 | P71: =IFERROR(VLOOKUP($C71,درجات,17,0),0) -> 0 | Q71: =IFERROR(VLOOKUP($C71,درجات,55,0),0) -> 0 | R71: =SUM(P71:Q71) -> 0 | S71: =IFERROR(VLOOKUP($C71,درجات,20,0),0) -> 0 | T71: =IFERROR(VLOOKUP($C71,درجات,58,0),0) -> 0 | U71: =SUM(S71:T71) -> 0 | V71: =IFERROR(VLOOKUP($C71,درجات,23,0),0) -> 0 | W71: =IFERROR(VLOOKUP($C71,درجات,61,0),0) -> 0 | X71: =SUM(V71:W71) -> 0 | Y71: =IFERROR(VLOOKUP($C71,درجات,26,0),0) -> 0 | Z71: =IFERROR(VLOOKUP($C71,درجات,64,0),0) -> 0 | AA71: =SUM(Y71:Z71) -> 0 | AB71: =IFERROR(VLOOKUP($C71,درجات,29,0),0) -> 0 | AC71: =IFERROR(VLOOKUP($C71,درجات,67,0),0) -> 0 | AD71: =SUM(AB71:AC71) -> 0 | AE71: =IFERROR(VLOOKUP($C71,درجات,32,0),0) -> 0 | AF71: =IFERROR(VLOOKUP($C71,درجات,70,0),0) -> 0 | AG71: =SUM(AE71:AF71) -> 0
A72: 48 | B72: =IFERROR(VLOOKUP(A72,الاسماء,2,0),"") -> 0 | C72: =IFERROR(VLOOKUP(A72,الاسماء,3,0),"") -> 0 | D72: =IFERROR(VLOOKUP($C72,درجات,5,0),0) -> 0 | E72: =IFERROR(VLOOKUP($C72,درجات,43,0),0) -> 0 | F72: =SUM(D72:E72) -> 0 | G72: =IFERROR(VLOOKUP($C72,درجات,8,0),0) -> 0 | H72: =IFERROR(VLOOKUP($C72,درجات,46,0),0) -> 0 | I72: =SUM(G72:H72) -> 0 | J72: =IFERROR(VLOOKUP($C72,درجات,11,0),0) -> 0 | K72: =IFERROR(VLOOKUP($C72,درجات,49,0),0) -> 0 | L72: =SUM(J72:K72) -> 0 | M72: =IFERROR(VLOOKUP($C72,درجات,14,0),0) -> 0 | N72: =IFERROR(VLOOKUP($C72,درجات,52,0),0) -> 0 | O72: =SUM(M72:N72) -> 0 | P72: =IFERROR(VLOOKUP($C72,درجات,17,0),0) -> 0 | Q72: =IFERROR(VLOOKUP($C72,درجات,55,0),0) -> 0 | R72: =SUM(P72:Q72) -> 0 | S72: =IFERROR(VLOOKUP($C72,درجات,20,0),0) -> 0 | T72: =IFERROR(VLOOKUP($C72,درجات,58,0),0) -> 0 | U72: =SUM(S72:T72) -> 0 | V72: =IFERROR(VLOOKUP($C72,درجات,23,0),0) -> 0 | W72: =IFERROR(VLOOKUP($C72,درجات,61,0),0) -> 0 | X72: =SUM(V72:W72) -> 0 | Y72: =IFERROR(VLOOKUP($C72,درجات,26,0),0) -> 0 | Z72: =IFERROR(VLOOKUP($C72,درجات,64,0),0) -> 0 | AA72: =SUM(Y72:Z72) -> 0 | AB72: =IFERROR(VLOOKUP($C72,درجات,29,0),0) -> 0 | AC72: =IFERROR(VLOOKUP($C72,درجات,67,0),0) -> 0 | AD72: =SUM(AB72:AC72) -> 0 | AE72: =IFERROR(VLOOKUP($C72,درجات,32,0),0) -> 0 | AF72: =IFERROR(VLOOKUP($C72,درجات,70,0),0) -> 0 | AG72: =SUM(AE72:AF72) -> 0
A73: 49 | B73: =IFERROR(VLOOKUP(A73,الاسماء,2,0),"") -> 0 | C73: =IFERROR(VLOOKUP(A73,الاسماء,3,0),"") -> 0 | D73: =IFERROR(VLOOKUP($C73,درجات,5,0),0) -> 0 | E73: =IFERROR(VLOOKUP($C73,درجات,43,0),0) -> 0 | F73: =SUM(D73:E73) -> 0 | G73: =IFERROR(VLOOKUP($C73,درجات,8,0),0) -> 0 | H73: =IFERROR(VLOOKUP($C73,درجات,46,0),0) -> 0 | I73: =SUM(G73:H73) -> 0 | J73: =IFERROR(VLOOKUP($C73,درجات,11,0),0) -> 0 | K73: =IFERROR(VLOOKUP($C73,درجات,49,0),0) -> 0 | L73: =SUM(J73:K73) -> 0 | M73: =IFERROR(VLOOKUP($C73,درجات,14,0),0) -> 0 | N73: =IFERROR(VLOOKUP($C73,درجات,52,0),0) -> 0 | O73: =SUM(M73:N73) -> 0 | P73: =IFERROR(VLOOKUP($C73,درجات,17,0),0) -> 0 | Q73: =IFERROR(VLOOKUP($C73,درجات,55,0),0) -> 0 | R73: =SUM(P73:Q73) -> 0 | S73: =IFERROR(VLOOKUP($C73,درجات,20,0),0) -> 0 | T73: =IFERROR(VLOOKUP($C73,درجات,58,0),0) -> 0 | U73: =SUM(S73:T73) -> 0 | V73: =IFERROR(VLOOKUP($C73,درجات,23,0),0) -> 0 | W73: =IFERROR(VLOOKUP($C73,درجات,61,0),0) -> 0 | X73: =SUM(V73:W73) -> 0 | Y73: =IFERROR(VLOOKUP($C73,درجات,26,0),0) -> 0 | Z73: =IFERROR(VLOOKUP($C73,درجات,64,0),0) -> 0 | AA73: =SUM(Y73:Z73) -> 0 | AB73: =IFERROR(VLOOKUP($C73,درجات,29,0),0) -> 0 | AC73: =IFERROR(VLOOKUP($C73,درجات,67,0),0) -> 0 | AD73: =SUM(AB73:AC73) -> 0 | AE73: =IFERROR(VLOOKUP($C73,درجات,32,0),0) -> 0 | AF73: =IFERROR(VLOOKUP($C73,درجات,70,0),0) -> 0 | AG73: =SUM(AE73:AF73) -> 0
A74: 50 | B74: =IFERROR(VLOOKUP(A74,الاسماء,2,0),"") -> 0 | C74: =IFERROR(VLOOKUP(A74,الاسماء,3,0),"") -> 0 | D74: =IFERROR(VLOOKUP($C74,درجات,5,0),0) -> 0 | E74: =IFERROR(VLOOKUP($C74,درجات,43,0),0) -> 0 | F74: =SUM(D74:E74) -> 0 | G74: =IFERROR(VLOOKUP($C74,درجات,8,0),0) -> 0 | H74: =IFERROR(VLOOKUP($C74,درجات,46,0),0) -> 0 | I74: =SUM(G74:H74) -> 0 | J74: =IFERROR(VLOOKUP($C74,درجات,11,0),0) -> 0 | K74: =IFERROR(VLOOKUP($C74,درجات,49,0),0) -> 0 | L74: =SUM(J74:K74) -> 0 | M74: =IFERROR(VLOOKUP($C74,درجات,14,0),0) -> 0 | N74: =IFERROR(VLOOKUP($C74,درجات,52,0),0) -> 0 | O74: =SUM(M74:N74) -> 0 | P74: =IFERROR(VLOOKUP($C74,درجات,17,0),0) -> 0 | Q74: =IFERROR(VLOOKUP($C74,درجات,55,0),0) -> 0 | R74: =SUM(P74:Q74) -> 0 | S74: =IFERROR(VLOOKUP($C74,درجات,20,0),0) -> 0 | T74: =IFERROR(VLOOKUP($C74,درجات,58,0),0) -> 0 | U74: =SUM(S74:T74) -> 0 | V74: =IFERROR(VLOOKUP($C74,درجات,23,0),0) -> 0 | W74: =IFERROR(VLOOKUP($C74,درجات,61,0),0) -> 0 | X74: =SUM(V74:W74) -> 0 | Y74: =IFERROR(VLOOKUP($C74,درجات,26,0),0) -> 0 | Z74: =IFERROR(VLOOKUP($C74,درجات,64,0),0) -> 0 | AA74: =SUM(Y74:Z74) -> 0 | AB74: =IFERROR(VLOOKUP($C74,درجات,29,0),0) -> 0 | AC74: =IFERROR(VLOOKUP($C74,درجات,67,0),0) -> 0 | AD74: =SUM(AB74:AC74) -> 0 | AE74: =IFERROR(VLOOKUP($C74,درجات,32,0),0) -> 0 | AF74: =IFERROR(VLOOKUP($C74,درجات,70,0),0) -> 0 | AG74: =SUM(AE74:AF74) -> 0
A75: 51 | B75: =IFERROR(VLOOKUP(A75,الاسماء,2,0),"") -> 0 | C75: =IFERROR(VLOOKUP(A75,الاسماء,3,0),"") -> 0 | D75: =IFERROR(VLOOKUP($C75,درجات,5,0),0) -> 0 | E75: =IFERROR(VLOOKUP($C75,درجات,43,0),0) -> 0 | F75: =SUM(D75:E75) -> 0 | G75: =IFERROR(VLOOKUP($C75,درجات,8,0),0) -> 0 | H75: =IFERROR(VLOOKUP($C75,درجات,46,0),0) -> 0 | I75: =SUM(G75:H75) -> 0 | J75: =IFERROR(VLOOKUP($C75,درجات,11,0),0) -> 0 | K75: =IFERROR(VLOOKUP($C75,درجات,49,0),0) -> 0 | L75: =SUM(J75:K75) -> 0 | M75: =IFERROR(VLOOKUP($C75,درجات,14,0),0) -> 0 | N75: =IFERROR(VLOOKUP($C75,درجات,52,0),0) -> 0 | O75: =SUM(M75:N75) -> 0 | P75: =IFERROR(VLOOKUP($C75,درجات,17,0),0) -> 0 | Q75: =IFERROR(VLOOKUP($C75,درجات,55,0),0) -> 0 | R75: =SUM(P75:Q75) -> 0 | S75: =IFERROR(VLOOKUP($C75,درجات,20,0),0) -> 0 | T75: =IFERROR(VLOOKUP($C75,درجات,58,0),0) -> 0 | U75: =SUM(S75:T75) -> 0 | V75: =IFERROR(VLOOKUP($C75,درجات,23,0),0) -> 0 | W75: =IFERROR(VLOOKUP($C75,درجات,61,0),0) -> 0 | X75: =SUM(V75:W75) -> 0 | Y75: =IFERROR(VLOOKUP($C75,درجات,26,0),0) -> 0 | Z75: =IFERROR(VLOOKUP($C75,درجات,64,0),0) -> 0 | AA75: =SUM(Y75:Z75) -> 0 | AB75: =IFERROR(VLOOKUP($C75,درجات,29,0),0) -> 0 | AC75: =IFERROR(VLOOKUP($C75,درجات,67,0),0) -> 0 | AD75: =SUM(AB75:AC75) -> 0 | AE75: =IFERROR(VLOOKUP($C75,درجات,32,0),0) -> 0 | AF75: =IFERROR(VLOOKUP($C75,درجات,70,0),0) -> 0 | AG75: =SUM(AE75:AF75) -> 0
A76: 52 | B76: =IFERROR(VLOOKUP(A76,الاسماء,2,0),"") -> 0 | C76: =IFERROR(VLOOKUP(A76,الاسماء,3,0),"") -> 0 | D76: =IFERROR(VLOOKUP($C76,درجات,5,0),0) -> 0 | E76: =IFERROR(VLOOKUP($C76,درجات,43,0),0) -> 0 | F76: =SUM(D76:E76) -> 0 | G76: =IFERROR(VLOOKUP($C76,درجات,8,0),0) -> 0 | H76: =IFERROR(VLOOKUP($C76,درجات,46,0),0) -> 0 | I76: =SUM(G76:H76) -> 0 | J76: =IFERROR(VLOOKUP($C76,درجات,11,0),0) -> 0 | K76: =IFERROR(VLOOKUP($C76,درجات,49,0),0) -> 0 | L76: =SUM(J76:K76) -> 0 | M76: =IFERROR(VLOOKUP($C76,درجات,14,0),0) -> 0 | N76: =IFERROR(VLOOKUP($C76,درجات,52,0),0) -> 0 | O76: =SUM(M76:N76) -> 0 | P76: =IFERROR(VLOOKUP($C76,درجات,17,0),0) -> 0 | Q76: =IFERROR(VLOOKUP($C76,درجات,55,0),0) -> 0 | R76: =SUM(P76:Q76) -> 0 | S76: =IFERROR(VLOOKUP($C76,درجات,20,0),0) -> 0 | T76: =IFERROR(VLOOKUP($C76,درجات,58,0),0) -> 0 | U76: =SUM(S76:T76) -> 0 | V76: =IFERROR(VLOOKUP($C76,درجات,23,0),0) -> 0 | W76: =IFERROR(VLOOKUP($C76,درجات,61,0),0) -> 0 | X76: =SUM(V76:W76) -> 0 | Y76: =IFERROR(VLOOKUP($C76,درجات,26,0),0) -> 0 | Z76: =IFERROR(VLOOKUP($C76,درجات,64,0),0) -> 0 | AA76: =SUM(Y76:Z76) -> 0 | AB76: =IFERROR(VLOOKUP($C76,درجات,29,0),0) -> 0 | AC76: =IFERROR(VLOOKUP($C76,درجات,67,0),0) -> 0 | AD76: =SUM(AB76:AC76) -> 0 | AE76: =IFERROR(VLOOKUP($C76,درجات,32,0),0) -> 0 | AF76: =IFERROR(VLOOKUP($C76,درجات,70,0),0) -> 0 | AG76: =SUM(AE76:AF76) -> 0
A77: 53 | B77: =IFERROR(VLOOKUP(A77,الاسماء,2,0),"") -> 0 | C77: =IFERROR(VLOOKUP(A77,الاسماء,3,0),"") -> 0 | D77: =IFERROR(VLOOKUP($C77,درجات,5,0),0) -> 0 | E77: =IFERROR(VLOOKUP($C77,درجات,43,0),0) -> 0 | F77: =SUM(D77:E77) -> 0 | G77: =IFERROR(VLOOKUP($C77,درجات,8,0),0) -> 0 | H77: =IFERROR(VLOOKUP($C77,درجات,46,0),0) -> 0 | I77: =SUM(G77:H77) -> 0 | J77: =IFERROR(VLOOKUP($C77,درجات,11,0),0) -> 0 | K77: =IFERROR(VLOOKUP($C77,درجات,49,0),0) -> 0 | L77: =SUM(J77:K77) -> 0 | M77: =IFERROR(VLOOKUP($C77,درجات,14,0),0) -> 0 | N77: =IFERROR(VLOOKUP($C77,درجات,52,0),0) -> 0 | O77: =SUM(M77:N77) -> 0 | P77: =IFERROR(VLOOKUP($C77,درجات,17,0),0) -> 0 | Q77: =IFERROR(VLOOKUP($C77,درجات,55,0),0) -> 0 | R77: =SUM(P77:Q77) -> 0 | S77: =IFERROR(VLOOKUP($C77,درجات,20,0),0) -> 0 | T77: =IFERROR(VLOOKUP($C77,درجات,58,0),0) -> 0 | U77: =SUM(S77:T77) -> 0 | V77: =IFERROR(VLOOKUP($C77,درجات,23,0),0) -> 0 | W77: =IFERROR(VLOOKUP($C77,درجات,61,0),0) -> 0 | X77: =SUM(V77:W77) -> 0 | Y77: =IFERROR(VLOOKUP($C77,درجات,26,0),0) -> 0 | Z77: =IFERROR(VLOOKUP($C77,درجات,64,0),0) -> 0 | AA77: =SUM(Y77:Z77) -> 0 | AB77: =IFERROR(VLOOKUP($C77,درجات,29,0),0) -> 0 | AC77: =IFERROR(VLOOKUP($C77,درجات,67,0),0) -> 0 | AD77: =SUM(AB77:AC77) -> 0 | AE77: =IFERROR(VLOOKUP($C77,درجات,32,0),0) -> 0 | AF77: =IFERROR(VLOOKUP($C77,درجات,70,0),0) -> 0 | AG77: =SUM(AE77:AF77) -> 0
A78: 54 | B78: =IFERROR(VLOOKUP(A78,الاسماء,2,0),"") -> 0 | C78: =IFERROR(VLOOKUP(A78,الاسماء,3,0),"") -> 0 | D78: =IFERROR(VLOOKUP($C78,درجات,5,0),0) -> 0 | E78: =IFERROR(VLOOKUP($C78,درجات,43,0),0) -> 0 | F78: =SUM(D78:E78) -> 0 | G78: =IFERROR(VLOOKUP($C78,درجات,8,0),0) -> 0 | H78: =IFERROR(VLOOKUP($C78,درجات,46,0),0) -> 0 | I78: =SUM(G78:H78) -> 0 | J78: =IFERROR(VLOOKUP($C78,درجات,11,0),0) -> 0 | K78: =IFERROR(VLOOKUP($C78,درجات,49,0),0) -> 0 | L78: =SUM(J78:K78) -> 0 | M78: =IFERROR(VLOOKUP($C78,درجات,14,0),0) -> 0 | N78: =IFERROR(VLOOKUP($C78,درجات,52,0),0) -> 0 | O78: =SUM(M78:N78) -> 0 | P78: =IFERROR(VLOOKUP($C78,درجات,17,0),0) -> 0 | Q78: =IFERROR(VLOOKUP($C78,درجات,55,0),0) -> 0 | R78: =SUM(P78:Q78) -> 0 | S78: =IFERROR(VLOOKUP($C78,درجات,20,0),0) -> 0 | T78: =IFERROR(VLOOKUP($C78,درجات,58,0),0) -> 0 | U78: =SUM(S78:T78) -> 0 | V78: =IFERROR(VLOOKUP($C78,درجات,23,0),0) -> 0 | W78: =IFERROR(VLOOKUP($C78,درجات,61,0),0) -> 0 | X78: =SUM(V78:W78) -> 0 | Y78: =IFERROR(VLOOKUP($C78,درجات,26,0),0) -> 0 | Z78: =IFERROR(VLOOKUP($C78,درجات,64,0),0) -> 0 | AA78: =SUM(Y78:Z78) -> 0 | AB78: =IFERROR(VLOOKUP($C78,درجات,29,0),0) -> 0 | AC78: =IFERROR(VLOOKUP($C78,درجات,67,0),0) -> 0 | AD78: =SUM(AB78:AC78) -> 0 | AE78: =IFERROR(VLOOKUP($C78,درجات,32,0),0) -> 0 | AF78: =IFERROR(VLOOKUP($C78,درجات,70,0),0) -> 0 | AG78: =SUM(AE78:AF78) -> 0
... A84: 60 | B84: =IFERROR(VLOOKUP(A84,الاسماء,2,0),"") -> 0 | C84: =IFERROR(VLOOKUP(A84,الاسماء,3,0),"") -> 0 | D84: =IFERROR(VLOOKUP($C84,درجات,5,0),0) -> 0 | E84: =IFERROR(VLOOKUP($C84,درجات,43,0),0) -> 0 | F84: =SUM(D84:E84) -> 0 | G84: =IFERROR(VLOOKUP($C84,درجات,8,0),0) -> 0 | H84: =IFERROR(VLOOKUP($C84,درجات,46,0),0) -> 0 | I84: =SUM(G84:H84) -> 0 | J84: =IFERROR(VLOOKUP($C84,درجات,11,0),0) -> 0 | K84: =IFERROR(VLOOKUP($C84,درجات,49,0),0) -> 0 | L84: =SUM(J84:K84) -> 0 | M84: =IFERROR(VLOOKUP($C84,درجات,14,0),0) -> 0 | N84: =IFERROR(VLOOKUP($C84,درجات,52,0),0) -> 0 | O84: =SUM(M84:N84) -> 0 | P84: =IFERROR(VLOOKUP($C84,درجات,17,0),0) -> 0 | Q84: =IFERROR(VLOOKUP($C84,درجات,55,0),0) -> 0 | R84: =SUM(P84:Q84) -> 0 | S84: =IFERROR(VLOOKUP($C84,درجات,20,0),0) -> 0 | T84: =IFERROR(VLOOKUP($C84,درجات,58,0),0) -> 0 | U84: =SUM(S84:T84) -> 0 | V84: =IFERROR(VLOOKUP($C84,درجات,23,0),0) -> 0 | W84: =IFERROR(VLOOKUP($C84,درجات,61,0),0) -> 0 | X84: =SUM(V84:W84) -> 0 | Y84: =IFERROR(VLOOKUP($C84,درجات,26,0),0) -> 0 | Z84: =IFERROR(VLOOKUP($C84,درجات,64,0),0) -> 0 | AA84: =SUM(Y84:Z84) -> 0 | AB84: =IFERROR(VLOOKUP($C84,درجات,29,0),0) -> 0 | AC84: =IFERROR(VLOOKUP($C84,درجات,67,0),0) -> 0 | AD84: =SUM(AB84:AC84) -> 0 | AE84: =IFERROR(VLOOKUP($C84,درجات,32,0),0) -> 0 | AF84: =IFERROR(VLOOKUP($C84,درجات,70,0),0) -> 0 | AG84: =SUM(AE84:AF84) -> 0
C86: الاسم | F86: التوقيع | K86: إقرار مدير المدرسة | AE86: ختم مدير المدرسة
A87: كتبه | C87: ='الفترة الاولى'!$CA$10 -> 0 | K87: أقر أنا | N87: ='الفترة الاولى'!$CA$16 -> أ. فهيم عبدالمجيد بوازويتة | U87: مدير مدرسة | X87: ='الفترة الاولى'!$C$6 -> سهول العلم للتعليم الخاص
A88: أملاه | C88: ='الفترة الاولى'!$CA$11 -> 0 | K88: بأن جميع ماوردة في هدا الكشف مطابقا للبينات المثبتة بالسجلات
A89: رجع الكتابة | C89: ='الفترة الاولى'!$CA$12 -> 0 | K89: التاريخ | M89: =TODAY() -> 46181 | T89: التوقيع
A90: رجع الملاء | C90: ='الفترة الاولى'!$CA$13 -> 0
A92: 61 | B92: =IFERROR(VLOOKUP(A92,الاسماء,2,0),"") -> 0 | C92: =IFERROR(VLOOKUP(A92,الاسماء,3,0),"") -> 0 | D92: =IFERROR(VLOOKUP($C92,درجات,5,0),0) -> 0 | E92: =IFERROR(VLOOKUP($C92,درجات,43,0),0) -> 0 | F92: =SUM(D92:E92) -> 0 | G92: =IFERROR(VLOOKUP($C92,درجات,8,0),0) -> 0 | H92: =IFERROR(VLOOKUP($C92,درجات,46,0),0) -> 0 | I92: =SUM(G92:H92) -> 0 | J92: =IFERROR(VLOOKUP($C92,درجات,11,0),0) -> 0 | K92: =IFERROR(VLOOKUP($C92,درجات,49,0),0) -> 0 | L92: =SUM(J92:K92) -> 0 | M92: =IFERROR(VLOOKUP($C92,درجات,14,0),0) -> 0 | N92: =IFERROR(VLOOKUP($C92,درجات,52,0),0) -> 0 | O92: =SUM(M92:N92) -> 0 | P92: =IFERROR(VLOOKUP($C92,درجات,17,0),0) -> 0 | Q92: =IFERROR(VLOOKUP($C92,درجات,55,0),0) -> 0 | R92: =SUM(P92:Q92) -> 0 | S92: =IFERROR(VLOOKUP($C92,درجات,20,0),0) -> 0 | T92: =IFERROR(VLOOKUP($C92,درجات,58,0),0) -> 0 | U92: =SUM(S92:T92) -> 0 | V92: =IFERROR(VLOOKUP($C92,درجات,23,0),0) -> 0 | W92: =IFERROR(VLOOKUP($C92,درجات,61,0),0) -> 0 | X92: =SUM(V92:W92) -> 0 | Y92: =IFERROR(VLOOKUP($C92,درجات,26,0),0) -> 0 | Z92: =IFERROR(VLOOKUP($C92,درجات,64,0),0) -> 0 | AA92: =SUM(Y92:Z92) -> 0 | AB92: =IFERROR(VLOOKUP($C92,درجات,29,0),0) -> 0 | AC92: =IFERROR(VLOOKUP($C92,درجات,67,0),0) -> 0 | AD92: =SUM(AB92:AC92) -> 0 | AE92: =IFERROR(VLOOKUP($C92,درجات,32,0),0) -> 0 | AF92: =IFERROR(VLOOKUP($C92,درجات,70,0),0) -> 0 | AG92: =SUM(AE92:AF92) -> 0
A93: 62 | B93: =IFERROR(VLOOKUP(A93,الاسماء,2,0),0) -> 0 | C93: =IFERROR(VLOOKUP(A93,الاسماء,3,0),"") -> 0 | D93: =IFERROR(VLOOKUP($C93,درجات,5,0),0) -> 0 | E93: =IFERROR(VLOOKUP($C93,درجات,43,0),0) -> 0 | F93: =SUM(D93:E93) -> 0 | G93: =IFERROR(VLOOKUP($C93,درجات,8,0),0) -> 0 | H93: =IFERROR(VLOOKUP($C93,درجات,46,0),0) -> 0 | I93: =SUM(G93:H93) -> 0 | J93: =IFERROR(VLOOKUP($C93,درجات,11,0),0) -> 0 | K93: =IFERROR(VLOOKUP($C93,درجات,49,0),0) -> 0 | L93: =SUM(J93:K93) -> 0 | M93: =IFERROR(VLOOKUP($C93,درجات,14,0),0) -> 0 | N93: =IFERROR(VLOOKUP($C93,درجات,52,0),0) -> 0 | O93: =SUM(M93:N93) -> 0 | P93: =IFERROR(VLOOKUP($C93,درجات,17,0),0) -> 0 | Q93: =IFERROR(VLOOKUP($C93,درجات,55,0),0) -> 0 | R93: =SUM(P93:Q93) -> 0 | S93: =IFERROR(VLOOKUP($C93,درجات,20,0),0) -> 0 | T93: =IFERROR(VLOOKUP($C93,درجات,58,0),0) -> 0 | U93: =SUM(S93:T93) -> 0 | V93: =IFERROR(VLOOKUP($C93,درجات,23,0),0) -> 0 | W93: =IFERROR(VLOOKUP($C93,درجات,61,0),0) -> 0 | X93: =SUM(V93:W93) -> 0 | Y93: =IFERROR(VLOOKUP($C93,درجات,26,0),0) -> 0 | Z93: =IFERROR(VLOOKUP($C93,درجات,64,0),0) -> 0 | AA93: =SUM(Y93:Z93) -> 0 | AB93: =IFERROR(VLOOKUP($C93,درجات,29,0),0) -> 0 | AC93: =IFERROR(VLOOKUP($C93,درجات,67,0),0) -> 0 | AD93: =SUM(AB93:AC93) -> 0 | AE93: =IFERROR(VLOOKUP($C93,درجات,32,0),0) -> 0 | AF93: =IFERROR(VLOOKUP($C93,درجات,70,0),0) -> 0 | AG93: =SUM(AE93:AF93) -> 0
A94: 63 | B94: =IFERROR(VLOOKUP(A94,الاسماء,2,0),"") -> 0 | C94: =IFERROR(VLOOKUP(A94,الاسماء,3,0),"") -> 0 | D94: =IFERROR(VLOOKUP($C94,درجات,5,0),0) -> 0 | E94: =IFERROR(VLOOKUP($C94,درجات,43,0),0) -> 0 | F94: =SUM(D94:E94) -> 0 | G94: =IFERROR(VLOOKUP($C94,درجات,8,0),0) -> 0 | H94: =IFERROR(VLOOKUP($C94,درجات,46,0),0) -> 0 | I94: =SUM(G94:H94) -> 0 | J94: =IFERROR(VLOOKUP($C94,درجات,11,0),0) -> 0 | K94: =IFERROR(VLOOKUP($C94,درجات,49,0),0) -> 0 | L94: =SUM(J94:K94) -> 0 | M94: =IFERROR(VLOOKUP($C94,درجات,14,0),0) -> 0 | N94: =IFERROR(VLOOKUP($C94,درجات,52,0),0) -> 0 | O94: =SUM(M94:N94) -> 0 | P94: =IFERROR(VLOOKUP($C94,درجات,17,0),0) -> 0 | Q94: =IFERROR(VLOOKUP($C94,درجات,55,0),0) -> 0 | R94: =SUM(P94:Q94) -> 0 | S94: =IFERROR(VLOOKUP($C94,درجات,20,0),0) -> 0 | T94: =IFERROR(VLOOKUP($C94,درجات,58,0),0) -> 0 | U94: =SUM(S94:T94) -> 0 | V94: =IFERROR(VLOOKUP($C94,درجات,23,0),0) -> 0 | W94: =IFERROR(VLOOKUP($C94,درجات,61,0),0) -> 0 | X94: =SUM(V94:W94) -> 0 | Y94: =IFERROR(VLOOKUP($C94,درجات,26,0),0) -> 0 | Z94: =IFERROR(VLOOKUP($C94,درجات,64,0),0) -> 0 | AA94: =SUM(Y94:Z94) -> 0 | AB94: =IFERROR(VLOOKUP($C94,درجات,29,0),0) -> 0 | AC94: =IFERROR(VLOOKUP($C94,درجات,67,0),0) -> 0 | AD94: =SUM(AB94:AC94) -> 0 | AE94: =IFERROR(VLOOKUP($C94,درجات,32,0),0) -> 0 | AF94: =IFERROR(VLOOKUP($C94,درجات,70,0),0) -> 0 | AG94: =SUM(AE94:AF94) -> 0
A95: 64 | B95: =IFERROR(VLOOKUP(A95,الاسماء,2,0),"") -> 0 | C95: =IFERROR(VLOOKUP(A95,الاسماء,3,0),"") -> 0 | D95: =IFERROR(VLOOKUP($C95,درجات,5,0),0) -> 0 | E95: =IFERROR(VLOOKUP($C95,درجات,43,0),0) -> 0 | F95: =SUM(D95:E95) -> 0 | G95: =IFERROR(VLOOKUP($C95,درجات,8,0),0) -> 0 | H95: =IFERROR(VLOOKUP($C95,درجات,46,0),0) -> 0 | I95: =SUM(G95:H95) -> 0 | J95: =IFERROR(VLOOKUP($C95,درجات,11,0),0) -> 0 | K95: =IFERROR(VLOOKUP($C95,درجات,49,0),0) -> 0 | L95: =SUM(J95:K95) -> 0 | M95: =IFERROR(VLOOKUP($C95,درجات,14,0),0) -> 0 | N95: =IFERROR(VLOOKUP($C95,درجات,52,0),0) -> 0 | O95: =SUM(M95:N95) -> 0 | P95: =IFERROR(VLOOKUP($C95,درجات,17,0),0) -> 0 | Q95: =IFERROR(VLOOKUP($C95,درجات,55,0),0) -> 0 | R95: =SUM(P95:Q95) -> 0 | S95: =IFERROR(VLOOKUP($C95,درجات,20,0),0) -> 0 | T95: =IFERROR(VLOOKUP($C95,درجات,58,0),0) -> 0 | U95: =SUM(S95:T95) -> 0 | V95: =IFERROR(VLOOKUP($C95,درجات,23,0),0) -> 0 | W95: =IFERROR(VLOOKUP($C95,درجات,61,0),0) -> 0 | X95: =SUM(V95:W95) -> 0 | Y95: =IFERROR(VLOOKUP($C95,درجات,26,0),0) -> 0 | Z95: =IFERROR(VLOOKUP($C95,درجات,64,0),0) -> 0 | AA95: =SUM(Y95:Z95) -> 0 | AB95: =IFERROR(VLOOKUP($C95,درجات,29,0),0) -> 0 | AC95: =IFERROR(VLOOKUP($C95,درجات,67,0),0) -> 0 | AD95: =SUM(AB95:AC95) -> 0 | AE95: =IFERROR(VLOOKUP($C95,درجات,32,0),0) -> 0 | AF95: =IFERROR(VLOOKUP($C95,درجات,70,0),0) -> 0 | AG95: =SUM(AE95:AF95) -> 0
A96: 65 | B96: =IFERROR(VLOOKUP(A96,الاسماء,2,0),"") -> 0 | C96: =IFERROR(VLOOKUP(A96,الاسماء,3,0),"") -> 0 | D96: =IFERROR(VLOOKUP($C96,درجات,5,0),0) -> 0 | E96: =IFERROR(VLOOKUP($C96,درجات,43,0),0) -> 0 | F96: =SUM(D96:E96) -> 0 | G96: =IFERROR(VLOOKUP($C96,درجات,8,0),0) -> 0 | H96: =IFERROR(VLOOKUP($C96,درجات,46,0),0) -> 0 | I96: =SUM(G96:H96) -> 0 | J96: =IFERROR(VLOOKUP($C96,درجات,11,0),0) -> 0 | K96: =IFERROR(VLOOKUP($C96,درجات,49,0),0) -> 0 | L96: =SUM(J96:K96) -> 0 | M96: =IFERROR(VLOOKUP($C96,درجات,14,0),0) -> 0 | N96: =IFERROR(VLOOKUP($C96,درجات,52,0),0) -> 0 | O96: =SUM(M96:N96) -> 0 | P96: =IFERROR(VLOOKUP($C96,درجات,17,0),0) -> 0 | Q96: =IFERROR(VLOOKUP($C96,درجات,55,0),0) -> 0 | R96: =SUM(P96:Q96) -> 0 | S96: =IFERROR(VLOOKUP($C96,درجات,20,0),0) -> 0 | T96: =IFERROR(VLOOKUP($C96,درجات,58,0),0) -> 0 | U96: =SUM(S96:T96) -> 0 | V96: =IFERROR(VLOOKUP($C96,درجات,23,0),0) -> 0 | W96: =IFERROR(VLOOKUP($C96,درجات,61,0),0) -> 0 | X96: =SUM(V96:W96) -> 0 | Y96: =IFERROR(VLOOKUP($C96,درجات,26,0),0) -> 0 | Z96: =IFERROR(VLOOKUP($C96,درجات,64,0),0) -> 0 | AA96: =SUM(Y96:Z96) -> 0 | AB96: =IFERROR(VLOOKUP($C96,درجات,29,0),0) -> 0 | AC96: =IFERROR(VLOOKUP($C96,درجات,67,0),0) -> 0 | AD96: =SUM(AB96:AC96) -> 0 | AE96: =IFERROR(VLOOKUP($C96,درجات,32,0),0) -> 0 | AF96: =IFERROR(VLOOKUP($C96,درجات,70,0),0) -> 0 | AG96: =SUM(AE96:AF96) -> 0
A97: 66 | B97: =IFERROR(VLOOKUP(A97,الاسماء,2,0),"") -> 0 | C97: =IFERROR(VLOOKUP(A97,الاسماء,3,0),"") -> 0 | D97: =IFERROR(VLOOKUP($C97,درجات,5,0),0) -> 0 | E97: =IFERROR(VLOOKUP($C97,درجات,43,0),0) -> 0 | F97: =SUM(D97:E97) -> 0 | G97: =IFERROR(VLOOKUP($C97,درجات,8,0),0) -> 0 | H97: =IFERROR(VLOOKUP($C97,درجات,46,0),0) -> 0 | I97: =SUM(G97:H97) -> 0 | J97: =IFERROR(VLOOKUP($C97,درجات,11,0),0) -> 0 | K97: =IFERROR(VLOOKUP($C97,درجات,49,0),0) -> 0 | L97: =SUM(J97:K97) -> 0 | M97: =IFERROR(VLOOKUP($C97,درجات,14,0),0) -> 0 | N97: =IFERROR(VLOOKUP($C97,درجات,52,0),0) -> 0 | O97: =SUM(M97:N97) -> 0 | P97: =IFERROR(VLOOKUP($C97,درجات,17,0),0) -> 0 | Q97: =IFERROR(VLOOKUP($C97,درجات,55,0),0) -> 0 | R97: =SUM(P97:Q97) -> 0 | S97: =IFERROR(VLOOKUP($C97,درجات,20,0),0) -> 0 | T97: =IFERROR(VLOOKUP($C97,درجات,58,0),0) -> 0 | U97: =SUM(S97:T97) -> 0 | V97: =IFERROR(VLOOKUP($C97,درجات,23,0),0) -> 0 | W97: =IFERROR(VLOOKUP($C97,درجات,61,0),0) -> 0 | X97: =SUM(V97:W97) -> 0 | Y97: =IFERROR(VLOOKUP($C97,درجات,26,0),0) -> 0 | Z97: =IFERROR(VLOOKUP($C97,درجات,64,0),0) -> 0 | AA97: =SUM(Y97:Z97) -> 0 | AB97: =IFERROR(VLOOKUP($C97,درجات,29,0),0) -> 0 | AC97: =IFERROR(VLOOKUP($C97,درجات,67,0),0) -> 0 | AD97: =SUM(AB97:AC97) -> 0 | AE97: =IFERROR(VLOOKUP($C97,درجات,32,0),0) -> 0 | AF97: =IFERROR(VLOOKUP($C97,درجات,70,0),0) -> 0 | AG97: =SUM(AE97:AF97) -> 0
A98: 67 | B98: =IFERROR(VLOOKUP(A98,الاسماء,2,0),"") -> 0 | C98: =IFERROR(VLOOKUP(A98,الاسماء,3,0),"") -> 0 | D98: =IFERROR(VLOOKUP($C98,درجات,5,0),0) -> 0 | E98: =IFERROR(VLOOKUP($C98,درجات,43,0),0) -> 0 | F98: =SUM(D98:E98) -> 0 | G98: =IFERROR(VLOOKUP($C98,درجات,8,0),0) -> 0 | H98: =IFERROR(VLOOKUP($C98,درجات,46,0),0) -> 0 | I98: =SUM(G98:H98) -> 0 | J98: =IFERROR(VLOOKUP($C98,درجات,11,0),0) -> 0 | K98: =IFERROR(VLOOKUP($C98,درجات,49,0),0) -> 0 | L98: =SUM(J98:K98) -> 0 | M98: =IFERROR(VLOOKUP($C98,درجات,14,0),0) -> 0 | N98: =IFERROR(VLOOKUP($C98,درجات,52,0),0) -> 0 | O98: =SUM(M98:N98) -> 0 | P98: =IFERROR(VLOOKUP($C98,درجات,17,0),0) -> 0 | Q98: =IFERROR(VLOOKUP($C98,درجات,55,0),0) -> 0 | R98: =SUM(P98:Q98) -> 0 | S98: =IFERROR(VLOOKUP($C98,درجات,20,0),0) -> 0 | T98: =IFERROR(VLOOKUP($C98,درجات,58,0),0) -> 0 | U98: =SUM(S98:T98) -> 0 | V98: =IFERROR(VLOOKUP($C98,درجات,23,0),0) -> 0 | W98: =IFERROR(VLOOKUP($C98,درجات,61,0),0) -> 0 | X98: =SUM(V98:W98) -> 0 | Y98: =IFERROR(VLOOKUP($C98,درجات,26,0),0) -> 0 | Z98: =IFERROR(VLOOKUP($C98,درجات,64,0),0) -> 0 | AA98: =SUM(Y98:Z98) -> 0 | AB98: =IFERROR(VLOOKUP($C98,درجات,29,0),0) -> 0 | AC98: =IFERROR(VLOOKUP($C98,درجات,67,0),0) -> 0 | AD98: =SUM(AB98:AC98) -> 0 | AE98: =IFERROR(VLOOKUP($C98,درجات,32,0),0) -> 0 | AF98: =IFERROR(VLOOKUP($C98,درجات,70,0),0) -> 0 | AG98: =SUM(AE98:AF98) -> 0
A99: 68 | B99: =IFERROR(VLOOKUP(A99,الاسماء,2,0),"") -> 0 | C99: =IFERROR(VLOOKUP(A99,الاسماء,3,0),"") -> 0 | D99: =IFERROR(VLOOKUP($C99,درجات,5,0),0) -> 0 | E99: =IFERROR(VLOOKUP($C99,درجات,43,0),0) -> 0 | F99: =SUM(D99:E99) -> 0 | G99: =IFERROR(VLOOKUP($C99,درجات,8,0),0) -> 0 | H99: =IFERROR(VLOOKUP($C99,درجات,46,0),0) -> 0 | I99: =SUM(G99:H99) -> 0 | J99: =IFERROR(VLOOKUP($C99,درجات,11,0),0) -> 0 | K99: =IFERROR(VLOOKUP($C99,درجات,49,0),0) -> 0 | L99: =SUM(J99:K99) -> 0 | M99: =IFERROR(VLOOKUP($C99,درجات,14,0),0) -> 0 | N99: =IFERROR(VLOOKUP($C99,درجات,52,0),0) -> 0 | O99: =SUM(M99:N99) -> 0 | P99: =IFERROR(VLOOKUP($C99,درجات,17,0),0) -> 0 | Q99: =IFERROR(VLOOKUP($C99,درجات,55,0),0) -> 0 | R99: =SUM(P99:Q99) -> 0 | S99: =IFERROR(VLOOKUP($C99,درجات,20,0),0) -> 0 | T99: =IFERROR(VLOOKUP($C99,درجات,58,0),0) -> 0 | U99: =SUM(S99:T99) -> 0 | V99: =IFERROR(VLOOKUP($C99,درجات,23,0),0) -> 0 | W99: =IFERROR(VLOOKUP($C99,درجات,61,0),0) -> 0 | X99: =SUM(V99:W99) -> 0 | Y99: =IFERROR(VLOOKUP($C99,درجات,26,0),0) -> 0 | Z99: =IFERROR(VLOOKUP($C99,درجات,64,0),0) -> 0 | AA99: =SUM(Y99:Z99) -> 0 | AB99: =IFERROR(VLOOKUP($C99,درجات,29,0),0) -> 0 | AC99: =IFERROR(VLOOKUP($C99,درجات,67,0),0) -> 0 | AD99: =SUM(AB99:AC99) -> 0 | AE99: =IFERROR(VLOOKUP($C99,درجات,32,0),0) -> 0 | AF99: =IFERROR(VLOOKUP($C99,درجات,70,0),0) -> 0 | AG99: =SUM(AE99:AF99) -> 0
A100: 69 | B100: =IFERROR(VLOOKUP(A100,الاسماء,2,0),"") -> 0 | C100: =IFERROR(VLOOKUP(A100,الاسماء,3,0),"") -> 0 | D100: =IFERROR(VLOOKUP($C100,درجات,5,0),0) -> 0 | E100: =IFERROR(VLOOKUP($C100,درجات,43,0),0) -> 0 | F100: =SUM(D100:E100) -> 0 | G100: =IFERROR(VLOOKUP($C100,درجات,8,0),0) -> 0 | H100: =IFERROR(VLOOKUP($C100,درجات,46,0),0) -> 0 | I100: =SUM(G100:H100) -> 0 | J100: =IFERROR(VLOOKUP($C100,درجات,11,0),0) -> 0 | K100: =IFERROR(VLOOKUP($C100,درجات,49,0),0) -> 0 | L100: =SUM(J100:K100) -> 0 | M100: =IFERROR(VLOOKUP($C100,درجات,14,0),0) -> 0 | N100: =IFERROR(VLOOKUP($C100,درجات,52,0),0) -> 0 | O100: =SUM(M100:N100) -> 0 | P100: =IFERROR(VLOOKUP($C100,درجات,17,0),0) -> 0 | Q100: =IFERROR(VLOOKUP($C100,درجات,55,0),0) -> 0 | R100: =SUM(P100:Q100) -> 0 | S100: =IFERROR(VLOOKUP($C100,درجات,20,0),0) -> 0 | T100: =IFERROR(VLOOKUP($C100,درجات,58,0),0) -> 0 | U100: =SUM(S100:T100) -> 0 | V100: =IFERROR(VLOOKUP($C100,درجات,23,0),0) -> 0 | W100: =IFERROR(VLOOKUP($C100,درجات,61,0),0) -> 0 | X100: =SUM(V100:W100) -> 0 | Y100: =IFERROR(VLOOKUP($C100,درجات,26,0),0) -> 0 | Z100: =IFERROR(VLOOKUP($C100,درجات,64,0),0) -> 0 | AA100: =SUM(Y100:Z100) -> 0 | AB100: =IFERROR(VLOOKUP($C100,درجات,29,0),0) -> 0 | AC100: =IFERROR(VLOOKUP($C100,درجات,67,0),0) -> 0 | AD100: =SUM(AB100:AC100) -> 0 | AE100: =IFERROR(VLOOKUP($C100,درجات,32,0),0) -> 0 | AF100: =IFERROR(VLOOKUP($C100,درجات,70,0),0) -> 0 | AG100: =SUM(AE100:AF100) -> 0
A101: 70 | B101: =IFERROR(VLOOKUP(A101,الاسماء,2,0),"") -> 0 | C101: =IFERROR(VLOOKUP(A101,الاسماء,3,0),"") -> 0 | D101: =IFERROR(VLOOKUP($C101,درجات,5,0),0) -> 0 | E101: =IFERROR(VLOOKUP($C101,درجات,43,0),0) -> 0 | F101: =SUM(D101:E101) -> 0 | G101: =IFERROR(VLOOKUP($C101,درجات,8,0),0) -> 0 | H101: =IFERROR(VLOOKUP($C101,درجات,46,0),0) -> 0 | I101: =SUM(G101:H101) -> 0 | J101: =IFERROR(VLOOKUP($C101,درجات,11,0),0) -> 0 | K101: =IFERROR(VLOOKUP($C101,درجات,49,0),0) -> 0 | L101: =SUM(J101:K101) -> 0 | M101: =IFERROR(VLOOKUP($C101,درجات,14,0),0) -> 0 | N101: =IFERROR(VLOOKUP($C101,درجات,52,0),0) -> 0 | O101: =SUM(M101:N101) -> 0 | P101: =IFERROR(VLOOKUP($C101,درجات,17,0),0) -> 0 | Q101: =IFERROR(VLOOKUP($C101,درجات,55,0),0) -> 0 | R101: =SUM(P101:Q101) -> 0 | S101: =IFERROR(VLOOKUP($C101,درجات,20,0),0) -> 0 | T101: =IFERROR(VLOOKUP($C101,درجات,58,0),0) -> 0 | U101: =SUM(S101:T101) -> 0 | V101: =IFERROR(VLOOKUP($C101,درجات,23,0),0) -> 0 | W101: =IFERROR(VLOOKUP($C101,درجات,61,0),0) -> 0 | X101: =SUM(V101:W101) -> 0 | Y101: =IFERROR(VLOOKUP($C101,درجات,26,0),0) -> 0 | Z101: =IFERROR(VLOOKUP($C101,درجات,64,0),0) -> 0 | AA101: =SUM(Y101:Z101) -> 0 | AB101: =IFERROR(VLOOKUP($C101,درجات,29,0),0) -> 0 | AC101: =IFERROR(VLOOKUP($C101,درجات,67,0),0) -> 0 | AD101: =SUM(AB101:AC101) -> 0 | AE101: =IFERROR(VLOOKUP($C101,درجات,32,0),0) -> 0 | AF101: =IFERROR(VLOOKUP($C101,درجات,70,0),0) -> 0 | AG101: =SUM(AE101:AF101) -> 0
A102: 71 | B102: =IFERROR(VLOOKUP(A102,الاسماء,2,0),"") -> 0 | C102: =IFERROR(VLOOKUP(A102,الاسماء,3,0),"") -> 0 | D102: =IFERROR(VLOOKUP($C102,درجات,5,0),0) -> 0 | E102: =IFERROR(VLOOKUP($C102,درجات,43,0),0) -> 0 | F102: =SUM(D102:E102) -> 0 | G102: =IFERROR(VLOOKUP($C102,درجات,8,0),0) -> 0 | H102: =IFERROR(VLOOKUP($C102,درجات,46,0),0) -> 0 | I102: =SUM(G102:H102) -> 0 | J102: =IFERROR(VLOOKUP($C102,درجات,11,0),0) -> 0 | K102: =IFERROR(VLOOKUP($C102,درجات,49,0),0) -> 0 | L102: =SUM(J102:K102) -> 0 | M102: =IFERROR(VLOOKUP($C102,درجات,14,0),0) -> 0 | N102: =IFERROR(VLOOKUP($C102,درجات,52,0),0) -> 0 | O102: =SUM(M102:N102) -> 0 | P102: =IFERROR(VLOOKUP($C102,درجات,17,0),0) -> 0 | Q102: =IFERROR(VLOOKUP($C102,درجات,55,0),0) -> 0 | R102: =SUM(P102:Q102) -> 0 | S102: =IFERROR(VLOOKUP($C102,درجات,20,0),0) -> 0 | T102: =IFERROR(VLOOKUP($C102,درجات,58,0),0) -> 0 | U102: =SUM(S102:T102) -> 0 | V102: =IFERROR(VLOOKUP($C102,درجات,23,0),0) -> 0 | W102: =IFERROR(VLOOKUP($C102,درجات,61,0),0) -> 0 | X102: =SUM(V102:W102) -> 0 | Y102: =IFERROR(VLOOKUP($C102,درجات,26,0),0) -> 0 | Z102: =IFERROR(VLOOKUP($C102,درجات,64,0),0) -> 0 | AA102: =SUM(Y102:Z102) -> 0 | AB102: =IFERROR(VLOOKUP($C102,درجات,29,0),0) -> 0 | AC102: =IFERROR(VLOOKUP($C102,درجات,67,0),0) -> 0 | AD102: =SUM(AB102:AC102) -> 0 | AE102: =IFERROR(VLOOKUP($C102,درجات,32,0),0) -> 0 | AF102: =IFERROR(VLOOKUP($C102,درجات,70,0),0) -> 0 | AG102: =SUM(AE102:AF102) -> 0
A103: 72 | B103: =IFERROR(VLOOKUP(A103,الاسماء,2,0),"") -> 0 | C103: =IFERROR(VLOOKUP(A103,الاسماء,3,0),"") -> 0 | D103: =IFERROR(VLOOKUP($C103,درجات,5,0),0) -> 0 | E103: =IFERROR(VLOOKUP($C103,درجات,43,0),0) -> 0 | F103: =SUM(D103:E103) -> 0 | G103: =IFERROR(VLOOKUP($C103,درجات,8,0),0) -> 0 | H103: =IFERROR(VLOOKUP($C103,درجات,46,0),0) -> 0 | I103: =SUM(G103:H103) -> 0 | J103: =IFERROR(VLOOKUP($C103,درجات,11,0),0) -> 0 | K103: =IFERROR(VLOOKUP($C103,درجات,49,0),0) -> 0 | L103: =SUM(J103:K103) -> 0 | M103: =IFERROR(VLOOKUP($C103,درجات,14,0),0) -> 0 | N103: =IFERROR(VLOOKUP($C103,درجات,52,0),0) -> 0 | O103: =SUM(M103:N103) -> 0 | P103: =IFERROR(VLOOKUP($C103,درجات,17,0),0) -> 0 | Q103: =IFERROR(VLOOKUP($C103,درجات,55,0),0) -> 0 | R103: =SUM(P103:Q103) -> 0 | S103: =IFERROR(VLOOKUP($C103,درجات,20,0),0) -> 0 | T103: =IFERROR(VLOOKUP($C103,درجات,58,0),0) -> 0 | U103: =SUM(S103:T103) -> 0 | V103: =IFERROR(VLOOKUP($C103,درجات,23,0),0) -> 0 | W103: =IFERROR(VLOOKUP($C103,درجات,61,0),0) -> 0 | X103: =SUM(V103:W103) -> 0 | Y103: =IFERROR(VLOOKUP($C103,درجات,26,0),0) -> 0 | Z103: =IFERROR(VLOOKUP($C103,درجات,64,0),0) -> 0 | AA103: =SUM(Y103:Z103) -> 0 | AB103: =IFERROR(VLOOKUP($C103,درجات,29,0),0) -> 0 | AC103: =IFERROR(VLOOKUP($C103,درجات,67,0),0) -> 0 | AD103: =SUM(AB103:AC103) -> 0 | AE103: =IFERROR(VLOOKUP($C103,درجات,32,0),0) -> 0 | AF103: =IFERROR(VLOOKUP($C103,درجات,70,0),0) -> 0 | AG103: =SUM(AE103:AF103) -> 0
A104: 73 | B104: =IFERROR(VLOOKUP(A104,الاسماء,2,0),"") -> 0 | C104: =IFERROR(VLOOKUP(A104,الاسماء,3,0),"") -> 0 | D104: =IFERROR(VLOOKUP($C104,درجات,5,0),0) -> 0 | E104: =IFERROR(VLOOKUP($C104,درجات,43,0),0) -> 0 | F104: =SUM(D104:E104) -> 0 | G104: =IFERROR(VLOOKUP($C104,درجات,8,0),0) -> 0 | H104: =IFERROR(VLOOKUP($C104,درجات,46,0),0) -> 0 | I104: =SUM(G104:H104) -> 0 | J104: =IFERROR(VLOOKUP($C104,درجات,11,0),0) -> 0 | K104: =IFERROR(VLOOKUP($C104,درجات,49,0),0) -> 0 | L104: =SUM(J104:K104) -> 0 | M104: =IFERROR(VLOOKUP($C104,درجات,14,0),0) -> 0 | N104: =IFERROR(VLOOKUP($C104,درجات,52,0),0) -> 0 | O104: =SUM(M104:N104) -> 0 | P104: =IFERROR(VLOOKUP($C104,درجات,17,0),0) -> 0 | Q104: =IFERROR(VLOOKUP($C104,درجات,55,0),0) -> 0 | R104: =SUM(P104:Q104) -> 0 | S104: =IFERROR(VLOOKUP($C104,درجات,20,0),0) -> 0 | T104: =IFERROR(VLOOKUP($C104,درجات,58,0),0) -> 0 | U104: =SUM(S104:T104) -> 0 | V104: =IFERROR(VLOOKUP($C104,درجات,23,0),0) -> 0 | W104: =IFERROR(VLOOKUP($C104,درجات,61,0),0) -> 0 | X104: =SUM(V104:W104) -> 0 | Y104: =IFERROR(VLOOKUP($C104,درجات,26,0),0) -> 0 | Z104: =IFERROR(VLOOKUP($C104,درجات,64,0),0) -> 0 | AA104: =SUM(Y104:Z104) -> 0 | AB104: =IFERROR(VLOOKUP($C104,درجات,29,0),0) -> 0 | AC104: =IFERROR(VLOOKUP($C104,درجات,67,0),0) -> 0 | AD104: =SUM(AB104:AC104) -> 0 | AE104: =IFERROR(VLOOKUP($C104,درجات,32,0),0) -> 0 | AF104: =IFERROR(VLOOKUP($C104,درجات,70,0),0) -> 0 | AG104: =SUM(AE104:AF104) -> 0
A105: 74 | B105: =IFERROR(VLOOKUP(A105,الاسماء,2,0),"") -> 0 | C105: =IFERROR(VLOOKUP(A105,الاسماء,3,0),"") -> 0 | D105: =IFERROR(VLOOKUP($C105,درجات,5,0),0) -> 0 | E105: =IFERROR(VLOOKUP($C105,درجات,43,0),0) -> 0 | F105: =SUM(D105:E105) -> 0 | G105: =IFERROR(VLOOKUP($C105,درجات,8,0),0) -> 0 | H105: =IFERROR(VLOOKUP($C105,درجات,46,0),0) -> 0 | I105: =SUM(G105:H105) -> 0 | J105: =IFERROR(VLOOKUP($C105,درجات,11,0),0) -> 0 | K105: =IFERROR(VLOOKUP($C105,درجات,49,0),0) -> 0 | L105: =SUM(J105:K105) -> 0 | M105: =IFERROR(VLOOKUP($C105,درجات,14,0),0) -> 0 | N105: =IFERROR(VLOOKUP($C105,درجات,52,0),0) -> 0 | O105: =SUM(M105:N105) -> 0 | P105: =IFERROR(VLOOKUP($C105,درجات,17,0),0) -> 0 | Q105: =IFERROR(VLOOKUP($C105,درجات,55,0),0) -> 0 | R105: =SUM(P105:Q105) -> 0 | S105: =IFERROR(VLOOKUP($C105,درجات,20,0),0) -> 0 | T105: =IFERROR(VLOOKUP($C105,درجات,58,0),0) -> 0 | U105: =SUM(S105:T105) -> 0 | V105: =IFERROR(VLOOKUP($C105,درجات,23,0),0) -> 0 | W105: =IFERROR(VLOOKUP($C105,درجات,61,0),0) -> 0 | X105: =SUM(V105:W105) -> 0 | Y105: =IFERROR(VLOOKUP($C105,درجات,26,0),0) -> 0 | Z105: =IFERROR(VLOOKUP($C105,درجات,64,0),0) -> 0 | AA105: =SUM(Y105:Z105) -> 0 | AB105: =IFERROR(VLOOKUP($C105,درجات,29,0),0) -> 0 | AC105: =IFERROR(VLOOKUP($C105,درجات,67,0),0) -> 0 | AD105: =SUM(AB105:AC105) -> 0 | AE105: =IFERROR(VLOOKUP($C105,درجات,32,0),0) -> 0 | AF105: =IFERROR(VLOOKUP($C105,درجات,70,0),0) -> 0 | AG105: =SUM(AE105:AF105) -> 0
... A111: 80 | B111: =IFERROR(VLOOKUP(A111,الاسماء,2,0),"") -> 0 | C111: =IFERROR(VLOOKUP(A111,الاسماء,3,0),"") -> 0 | D111: =IFERROR(VLOOKUP($C111,درجات,5,0),0) -> 0 | E111: =IFERROR(VLOOKUP($C111,درجات,43,0),0) -> 0 | F111: =SUM(D111:E111) -> 0 | G111: =IFERROR(VLOOKUP($C111,درجات,8,0),0) -> 0 | H111: =IFERROR(VLOOKUP($C111,درجات,46,0),0) -> 0 | I111: =SUM(G111:H111) -> 0 | J111: =IFERROR(VLOOKUP($C111,درجات,11,0),0) -> 0 | K111: =IFERROR(VLOOKUP($C111,درجات,49,0),0) -> 0 | L111: =SUM(J111:K111) -> 0 | M111: =IFERROR(VLOOKUP($C111,درجات,14,0),0) -> 0 | N111: =IFERROR(VLOOKUP($C111,درجات,52,0),0) -> 0 | O111: =SUM(M111:N111) -> 0 | P111: =IFERROR(VLOOKUP($C111,درجات,17,0),0) -> 0 | Q111: =IFERROR(VLOOKUP($C111,درجات,55,0),0) -> 0 | R111: =SUM(P111:Q111) -> 0 | S111: =IFERROR(VLOOKUP($C111,درجات,20,0),0) -> 0 | T111: =IFERROR(VLOOKUP($C111,درجات,58,0),0) -> 0 | U111: =SUM(S111:T111) -> 0 | V111: =IFERROR(VLOOKUP($C111,درجات,23,0),0) -> 0 | W111: =IFERROR(VLOOKUP($C111,درجات,61,0),0) -> 0 | X111: =SUM(V111:W111) -> 0 | Y111: =IFERROR(VLOOKUP($C111,درجات,26,0),0) -> 0 | Z111: =IFERROR(VLOOKUP($C111,درجات,64,0),0) -> 0 | AA111: =SUM(Y111:Z111) -> 0 | AB111: =IFERROR(VLOOKUP($C111,درجات,29,0),0) -> 0 | AC111: =IFERROR(VLOOKUP($C111,درجات,67,0),0) -> 0 | AD111: =SUM(AB111:AC111) -> 0 | AE111: =IFERROR(VLOOKUP($C111,درجات,32,0),0) -> 0 | AF111: =IFERROR(VLOOKUP($C111,درجات,70,0),0) -> 0 | AG111: =SUM(AE111:AF111) -> 0
C113: الاسم | F113: التوقيع | K113: إقرار مدير المدرسة | AE113: ختم مدير المدرسة
A114: كتبه | C114: ='الفترة الاولى'!$CA$10 -> 0 | K114: أقر أنا | N114: ='الفترة الاولى'!$CA$16 -> أ. فهيم عبدالمجيد بوازويتة | U114: مدير مدرسة | X114: ='الفترة الاولى'!$C$6 -> سهول العلم للتعليم الخاص
A115: أملاه | C115: ='الفترة الاولى'!$CA$11 -> 0 | K115: بأن جميع ماوردة في هدا الكشف مطابقا للبينات المثبتة بالسجلات
A116: رجع الكتابة | C116: ='الفترة الاولى'!$CA$12 -> 0 | K116: التاريخ | M116: =TODAY() -> 46181 | T116: التوقيع
A117: رجع الملاء | C117: ='الفترة الاولى'!$CA$13 -> 0
A119: 81 | B119: =IFERROR(VLOOKUP(A119,الاسماء,2,0),"") -> 0 | C119: =IFERROR(VLOOKUP(A119,الاسماء,3,0),"") -> 0 | D119: =IFERROR(VLOOKUP($C119,درجات,5,0),0) -> 0 | E119: =IFERROR(VLOOKUP($C119,درجات,43,0),0) -> 0 | F119: =SUM(D119:E119) -> 0 | G119: =IFERROR(VLOOKUP($C119,درجات,8,0),0) -> 0 | H119: =IFERROR(VLOOKUP($C119,درجات,46,0),0) -> 0 | I119: =SUM(G119:H119) -> 0 | J119: =IFERROR(VLOOKUP($C119,درجات,11,0),0) -> 0 | K119: =IFERROR(VLOOKUP($C119,درجات,49,0),0) -> 0 | L119: =SUM(J119:K119) -> 0 | M119: =IFERROR(VLOOKUP($C119,درجات,14,0),0) -> 0 | N119: =IFERROR(VLOOKUP($C119,درجات,52,0),0) -> 0 | O119: =SUM(M119:N119) -> 0 | P119: =IFERROR(VLOOKUP($C119,درجات,17,0),0) -> 0 | Q119: =IFERROR(VLOOKUP($C119,درجات,55,0),0) -> 0 | R119: =SUM(P119:Q119) -> 0 | S119: =IFERROR(VLOOKUP($C119,درجات,20,0),0) -> 0 | T119: =IFERROR(VLOOKUP($C119,درجات,58,0),0) -> 0 | U119: =SUM(S119:T119) -> 0 | V119: =IFERROR(VLOOKUP($C119,درجات,23,0),0) -> 0 | W119: =IFERROR(VLOOKUP($C119,درجات,61,0),0) -> 0 | X119: =SUM(V119:W119) -> 0 | Y119: =IFERROR(VLOOKUP($C119,درجات,26,0),0) -> 0 | Z119: =IFERROR(VLOOKUP($C119,درجات,64,0),0) -> 0 | AA119: =SUM(Y119:Z119) -> 0 | AB119: =IFERROR(VLOOKUP($C119,درجات,29,0),0) -> 0 | AC119: =IFERROR(VLOOKUP($C119,درجات,67,0),0) -> 0 | AD119: =SUM(AB119:AC119) -> 0 | AE119: =IFERROR(VLOOKUP($C119,درجات,32,0),0) -> 0 | AF119: =IFERROR(VLOOKUP($C119,درجات,70,0),0) -> 0 | AG119: =SUM(AE119:AF119) -> 0
A120: 82 | B120: =IFERROR(VLOOKUP(A120,الاسماء,2,0),0) -> 0 | C120: =IFERROR(VLOOKUP(A120,الاسماء,3,0),"") -> 0 | D120: =IFERROR(VLOOKUP($C120,درجات,5,0),0) -> 0 | E120: =IFERROR(VLOOKUP($C120,درجات,43,0),0) -> 0 | F120: =SUM(D120:E120) -> 0 | G120: =IFERROR(VLOOKUP($C120,درجات,8,0),0) -> 0 | H120: =IFERROR(VLOOKUP($C120,درجات,46,0),0) -> 0 | I120: =SUM(G120:H120) -> 0 | J120: =IFERROR(VLOOKUP($C120,درجات,11,0),0) -> 0 | K120: =IFERROR(VLOOKUP($C120,درجات,49,0),0) -> 0 | L120: =SUM(J120:K120) -> 0 | M120: =IFERROR(VLOOKUP($C120,درجات,14,0),0) -> 0 | N120: =IFERROR(VLOOKUP($C120,درجات,52,0),0) -> 0 | O120: =SUM(M120:N120) -> 0 | P120: =IFERROR(VLOOKUP($C120,درجات,17,0),0) -> 0 | Q120: =IFERROR(VLOOKUP($C120,درجات,55,0),0) -> 0 | R120: =SUM(P120:Q120) -> 0 | S120: =IFERROR(VLOOKUP($C120,درجات,20,0),0) -> 0 | T120: =IFERROR(VLOOKUP($C120,درجات,58,0),0) -> 0 | U120: =SUM(S120:T120) -> 0 | V120: =IFERROR(VLOOKUP($C120,درجات,23,0),0) -> 0 | W120: =IFERROR(VLOOKUP($C120,درجات,61,0),0) -> 0 | X120: =SUM(V120:W120) -> 0 | Y120: =IFERROR(VLOOKUP($C120,درجات,26,0),0) -> 0 | Z120: =IFERROR(VLOOKUP($C120,درجات,64,0),0) -> 0 | AA120: =SUM(Y120:Z120) -> 0 | AB120: =IFERROR(VLOOKUP($C120,درجات,29,0),0) -> 0 | AC120: =IFERROR(VLOOKUP($C120,درجات,67,0),0) -> 0 | AD120: =SUM(AB120:AC120) -> 0 | AE120: =IFERROR(VLOOKUP($C120,درجات,32,0),0) -> 0 | AF120: =IFERROR(VLOOKUP($C120,درجات,70,0),0) -> 0 | AG120: =SUM(AE120:AF120) -> 0
A121: 83 | B121: =IFERROR(VLOOKUP(A121,الاسماء,2,0),"") -> 0 | C121: =IFERROR(VLOOKUP(A121,الاسماء,3,0),"") -> 0 | D121: =IFERROR(VLOOKUP($C121,درجات,5,0),0) -> 0 | E121: =IFERROR(VLOOKUP($C121,درجات,43,0),0) -> 0 | F121: =SUM(D121:E121) -> 0 | G121: =IFERROR(VLOOKUP($C121,درجات,8,0),0) -> 0 | H121: =IFERROR(VLOOKUP($C121,درجات,46,0),0) -> 0 | I121: =SUM(G121:H121) -> 0 | J121: =IFERROR(VLOOKUP($C121,درجات,11,0),0) -> 0 | K121: =IFERROR(VLOOKUP($C121,درجات,49,0),0) -> 0 | L121: =SUM(J121:K121) -> 0 | M121: =IFERROR(VLOOKUP($C121,درجات,14,0),0) -> 0 | N121: =IFERROR(VLOOKUP($C121,درجات,52,0),0) -> 0 | O121: =SUM(M121:N121) -> 0 | P121: =IFERROR(VLOOKUP($C121,درجات,17,0),0) -> 0 | Q121: =IFERROR(VLOOKUP($C121,درجات,55,0),0) -> 0 | R121: =SUM(P121:Q121) -> 0 | S121: =IFERROR(VLOOKUP($C121,درجات,20,0),0) -> 0 | T121: =IFERROR(VLOOKUP($C121,درجات,58,0),0) -> 0 | U121: =SUM(S121:T121) -> 0 | V121: =IFERROR(VLOOKUP($C121,درجات,23,0),0) -> 0 | W121: =IFERROR(VLOOKUP($C121,درجات,61,0),0) -> 0 | X121: =SUM(V121:W121) -> 0 | Y121: =IFERROR(VLOOKUP($C121,درجات,26,0),0) -> 0 | Z121: =IFERROR(VLOOKUP($C121,درجات,64,0),0) -> 0 | AA121: =SUM(Y121:Z121) -> 0 | AB121: =IFERROR(VLOOKUP($C121,درجات,29,0),0) -> 0 | AC121: =IFERROR(VLOOKUP($C121,درجات,67,0),0) -> 0 | AD121: =SUM(AB121:AC121) -> 0 | AE121: =IFERROR(VLOOKUP($C121,درجات,32,0),0) -> 0 | AF121: =IFERROR(VLOOKUP($C121,درجات,70,0),0) -> 0 | AG121: =SUM(AE121:AF121) -> 0
A122: 84 | B122: =IFERROR(VLOOKUP(A122,الاسماء,2,0),"") -> 0 | C122: =IFERROR(VLOOKUP(A122,الاسماء,3,0),"") -> 0 | D122: =IFERROR(VLOOKUP($C122,درجات,5,0),0) -> 0 | E122: =IFERROR(VLOOKUP($C122,درجات,43,0),0) -> 0 | F122: =SUM(D122:E122) -> 0 | G122: =IFERROR(VLOOKUP($C122,درجات,8,0),0) -> 0 | H122: =IFERROR(VLOOKUP($C122,درجات,46,0),0) -> 0 | I122: =SUM(G122:H122) -> 0 | J122: =IFERROR(VLOOKUP($C122,درجات,11,0),0) -> 0 | K122: =IFERROR(VLOOKUP($C122,درجات,49,0),0) -> 0 | L122: =SUM(J122:K122) -> 0 | M122: =IFERROR(VLOOKUP($C122,درجات,14,0),0) -> 0 | N122: =IFERROR(VLOOKUP($C122,درجات,52,0),0) -> 0 | O122: =SUM(M122:N122) -> 0 | P122: =IFERROR(VLOOKUP($C122,درجات,17,0),0) -> 0 | Q122: =IFERROR(VLOOKUP($C122,درجات,55,0),0) -> 0 | R122: =SUM(P122:Q122) -> 0 | S122: =IFERROR(VLOOKUP($C122,درجات,20,0),0) -> 0 | T122: =IFERROR(VLOOKUP($C122,درجات,58,0),0) -> 0 | U122: =SUM(S122:T122) -> 0 | V122: =IFERROR(VLOOKUP($C122,درجات,23,0),0) -> 0 | W122: =IFERROR(VLOOKUP($C122,درجات,61,0),0) -> 0 | X122: =SUM(V122:W122) -> 0 | Y122: =IFERROR(VLOOKUP($C122,درجات,26,0),0) -> 0 | Z122: =IFERROR(VLOOKUP($C122,درجات,64,0),0) -> 0 | AA122: =SUM(Y122:Z122) -> 0 | AB122: =IFERROR(VLOOKUP($C122,درجات,29,0),0) -> 0 | AC122: =IFERROR(VLOOKUP($C122,درجات,67,0),0) -> 0 | AD122: =SUM(AB122:AC122) -> 0 | AE122: =IFERROR(VLOOKUP($C122,درجات,32,0),0) -> 0 | AF122: =IFERROR(VLOOKUP($C122,درجات,70,0),0) -> 0 | AG122: =SUM(AE122:AF122) -> 0
A123: 85 | B123: =IFERROR(VLOOKUP(A123,الاسماء,2,0),"") -> 0 | C123: =IFERROR(VLOOKUP(A123,الاسماء,3,0),"") -> 0 | D123: =IFERROR(VLOOKUP($C123,درجات,5,0),0) -> 0 | E123: =IFERROR(VLOOKUP($C123,درجات,43,0),0) -> 0 | F123: =SUM(D123:E123) -> 0 | G123: =IFERROR(VLOOKUP($C123,درجات,8,0),0) -> 0 | H123: =IFERROR(VLOOKUP($C123,درجات,46,0),0) -> 0 | I123: =SUM(G123:H123) -> 0 | J123: =IFERROR(VLOOKUP($C123,درجات,11,0),0) -> 0 | K123: =IFERROR(VLOOKUP($C123,درجات,49,0),0) -> 0 | L123: =SUM(J123:K123) -> 0 | M123: =IFERROR(VLOOKUP($C123,درجات,14,0),0) -> 0 | N123: =IFERROR(VLOOKUP($C123,درجات,52,0),0) -> 0 | O123: =SUM(M123:N123) -> 0 | P123: =IFERROR(VLOOKUP($C123,درجات,17,0),0) -> 0 | Q123: =IFERROR(VLOOKUP($C123,درجات,55,0),0) -> 0 | R123: =SUM(P123:Q123) -> 0 | S123: =IFERROR(VLOOKUP($C123,درجات,20,0),0) -> 0 | T123: =IFERROR(VLOOKUP($C123,درجات,58,0),0) -> 0 | U123: =SUM(S123:T123) -> 0 | V123: =IFERROR(VLOOKUP($C123,درجات,23,0),0) -> 0 | W123: =IFERROR(VLOOKUP($C123,درجات,61,0),0) -> 0 | X123: =SUM(V123:W123) -> 0 | Y123: =IFERROR(VLOOKUP($C123,درجات,26,0),0) -> 0 | Z123: =IFERROR(VLOOKUP($C123,درجات,64,0),0) -> 0 | AA123: =SUM(Y123:Z123) -> 0 | AB123: =IFERROR(VLOOKUP($C123,درجات,29,0),0) -> 0 | AC123: =IFERROR(VLOOKUP($C123,درجات,67,0),0) -> 0 | AD123: =SUM(AB123:AC123) -> 0 | AE123: =IFERROR(VLOOKUP($C123,درجات,32,0),0) -> 0 | AF123: =IFERROR(VLOOKUP($C123,درجات,70,0),0) -> 0 | AG123: =SUM(AE123:AF123) -> 0
A124: 86 | B124: =IFERROR(VLOOKUP(A124,الاسماء,2,0),"") -> 0 | C124: =IFERROR(VLOOKUP(A124,الاسماء,3,0),"") -> 0 | D124: =IFERROR(VLOOKUP($C124,درجات,5,0),0) -> 0 | E124: =IFERROR(VLOOKUP($C124,درجات,43,0),0) -> 0 | F124: =SUM(D124:E124) -> 0 | G124: =IFERROR(VLOOKUP($C124,درجات,8,0),0) -> 0 | H124: =IFERROR(VLOOKUP($C124,درجات,46,0),0) -> 0 | I124: =SUM(G124:H124) -> 0 | J124: =IFERROR(VLOOKUP($C124,درجات,11,0),0) -> 0 | K124: =IFERROR(VLOOKUP($C124,درجات,49,0),0) -> 0 | L124: =SUM(J124:K124) -> 0 | M124: =IFERROR(VLOOKUP($C124,درجات,14,0),0) -> 0 | N124: =IFERROR(VLOOKUP($C124,درجات,52,0),0) -> 0 | O124: =SUM(M124:N124) -> 0 | P124: =IFERROR(VLOOKUP($C124,درجات,17,0),0) -> 0 | Q124: =IFERROR(VLOOKUP($C124,درجات,55,0),0) -> 0 | R124: =SUM(P124:Q124) -> 0 | S124: =IFERROR(VLOOKUP($C124,درجات,20,0),0) -> 0 | T124: =IFERROR(VLOOKUP($C124,درجات,58,0),0) -> 0 | U124: =SUM(S124:T124) -> 0 | V124: =IFERROR(VLOOKUP($C124,درجات,23,0),0) -> 0 | W124: =IFERROR(VLOOKUP($C124,درجات,61,0),0) -> 0 | X124: =SUM(V124:W124) -> 0 | Y124: =IFERROR(VLOOKUP($C124,درجات,26,0),0) -> 0 | Z124: =IFERROR(VLOOKUP($C124,درجات,64,0),0) -> 0 | AA124: =SUM(Y124:Z124) -> 0 | AB124: =IFERROR(VLOOKUP($C124,درجات,29,0),0) -> 0 | AC124: =IFERROR(VLOOKUP($C124,درجات,67,0),0) -> 0 | AD124: =SUM(AB124:AC124) -> 0 | AE124: =IFERROR(VLOOKUP($C124,درجات,32,0),0) -> 0 | AF124: =IFERROR(VLOOKUP($C124,درجات,70,0),0) -> 0 | AG124: =SUM(AE124:AF124) -> 0
A125: 87 | B125: =IFERROR(VLOOKUP(A125,الاسماء,2,0),"") -> 0 | C125: =IFERROR(VLOOKUP(A125,الاسماء,3,0),"") -> 0 | D125: =IFERROR(VLOOKUP($C125,درجات,5,0),0) -> 0 | E125: =IFERROR(VLOOKUP($C125,درجات,43,0),0) -> 0 | F125: =SUM(D125:E125) -> 0 | G125: =IFERROR(VLOOKUP($C125,درجات,8,0),0) -> 0 | H125: =IFERROR(VLOOKUP($C125,درجات,46,0),0) -> 0 | I125: =SUM(G125:H125) -> 0 | J125: =IFERROR(VLOOKUP($C125,درجات,11,0),0) -> 0 | K125: =IFERROR(VLOOKUP($C125,درجات,49,0),0) -> 0 | L125: =SUM(J125:K125) -> 0 | M125: =IFERROR(VLOOKUP($C125,درجات,14,0),0) -> 0 | N125: =IFERROR(VLOOKUP($C125,درجات,52,0),0) -> 0 | O125: =SUM(M125:N125) -> 0 | P125: =IFERROR(VLOOKUP($C125,درجات,17,0),0) -> 0 | Q125: =IFERROR(VLOOKUP($C125,درجات,55,0),0) -> 0 | R125: =SUM(P125:Q125) -> 0 | S125: =IFERROR(VLOOKUP($C125,درجات,20,0),0) -> 0 | T125: =IFERROR(VLOOKUP($C125,درجات,58,0),0) -> 0 | U125: =SUM(S125:T125) -> 0 | V125: =IFERROR(VLOOKUP($C125,درجات,23,0),0) -> 0 | W125: =IFERROR(VLOOKUP($C125,درجات,61,0),0) -> 0 | X125: =SUM(V125:W125) -> 0 | Y125: =IFERROR(VLOOKUP($C125,درجات,26,0),0) -> 0 | Z125: =IFERROR(VLOOKUP($C125,درجات,64,0),0) -> 0 | AA125: =SUM(Y125:Z125) -> 0 | AB125: =IFERROR(VLOOKUP($C125,درجات,29,0),0) -> 0 | AC125: =IFERROR(VLOOKUP($C125,درجات,67,0),0) -> 0 | AD125: =SUM(AB125:AC125) -> 0 | AE125: =IFERROR(VLOOKUP($C125,درجات,32,0),0) -> 0 | AF125: =IFERROR(VLOOKUP($C125,درجات,70,0),0) -> 0 | AG125: =SUM(AE125:AF125) -> 0
A126: 88 | B126: =IFERROR(VLOOKUP(A126,الاسماء,2,0),"") -> 0 | C126: =IFERROR(VLOOKUP(A126,الاسماء,3,0),"") -> 0 | D126: =IFERROR(VLOOKUP($C126,درجات,5,0),0) -> 0 | E126: =IFERROR(VLOOKUP($C126,درجات,43,0),0) -> 0 | F126: =SUM(D126:E126) -> 0 | G126: =IFERROR(VLOOKUP($C126,درجات,8,0),0) -> 0 | H126: =IFERROR(VLOOKUP($C126,درجات,46,0),0) -> 0 | I126: =SUM(G126:H126) -> 0 | J126: =IFERROR(VLOOKUP($C126,درجات,11,0),0) -> 0 | K126: =IFERROR(VLOOKUP($C126,درجات,49,0),0) -> 0 | L126: =SUM(J126:K126) -> 0 | M126: =IFERROR(VLOOKUP($C126,درجات,14,0),0) -> 0 | N126: =IFERROR(VLOOKUP($C126,درجات,52,0),0) -> 0 | O126: =SUM(M126:N126) -> 0 | P126: =IFERROR(VLOOKUP($C126,درجات,17,0),0) -> 0 | Q126: =IFERROR(VLOOKUP($C126,درجات,55,0),0) -> 0 | R126: =SUM(P126:Q126) -> 0 | S126: =IFERROR(VLOOKUP($C126,درجات,20,0),0) -> 0 | T126: =IFERROR(VLOOKUP($C126,درجات,58,0),0) -> 0 | U126: =SUM(S126:T126) -> 0 | V126: =IFERROR(VLOOKUP($C126,درجات,23,0),0) -> 0 | W126: =IFERROR(VLOOKUP($C126,درجات,61,0),0) -> 0 | X126: =SUM(V126:W126) -> 0 | Y126: =IFERROR(VLOOKUP($C126,درجات,26,0),0) -> 0 | Z126: =IFERROR(VLOOKUP($C126,درجات,64,0),0) -> 0 | AA126: =SUM(Y126:Z126) -> 0 | AB126: =IFERROR(VLOOKUP($C126,درجات,29,0),0) -> 0 | AC126: =IFERROR(VLOOKUP($C126,درجات,67,0),0) -> 0 | AD126: =SUM(AB126:AC126) -> 0 | AE126: =IFERROR(VLOOKUP($C126,درجات,32,0),0) -> 0 | AF126: =IFERROR(VLOOKUP($C126,درجات,70,0),0) -> 0 | AG126: =SUM(AE126:AF126) -> 0
A127: 89 | B127: =IFERROR(VLOOKUP(A127,الاسماء,2,0),"") -> 0 | C127: =IFERROR(VLOOKUP(A127,الاسماء,3,0),"") -> 0 | D127: =IFERROR(VLOOKUP($C127,درجات,5,0),0) -> 0 | E127: =IFERROR(VLOOKUP($C127,درجات,43,0),0) -> 0 | F127: =SUM(D127:E127) -> 0 | G127: =IFERROR(VLOOKUP($C127,درجات,8,0),0) -> 0 | H127: =IFERROR(VLOOKUP($C127,درجات,46,0),0) -> 0 | I127: =SUM(G127:H127) -> 0 | J127: =IFERROR(VLOOKUP($C127,درجات,11,0),0) -> 0 | K127: =IFERROR(VLOOKUP($C127,درجات,49,0),0) -> 0 | L127: =SUM(J127:K127) -> 0 | M127: =IFERROR(VLOOKUP($C127,درجات,14,0),0) -> 0 | N127: =IFERROR(VLOOKUP($C127,درجات,52,0),0) -> 0 | O127: =SUM(M127:N127) -> 0 | P127: =IFERROR(VLOOKUP($C127,درجات,17,0),0) -> 0 | Q127: =IFERROR(VLOOKUP($C127,درجات,55,0),0) -> 0 | R127: =SUM(P127:Q127) -> 0 | S127: =IFERROR(VLOOKUP($C127,درجات,20,0),0) -> 0 | T127: =IFERROR(VLOOKUP($C127,درجات,58,0),0) -> 0 | U127: =SUM(S127:T127) -> 0 | V127: =IFERROR(VLOOKUP($C127,درجات,23,0),0) -> 0 | W127: =IFERROR(VLOOKUP($C127,درجات,61,0),0) -> 0 | X127: =SUM(V127:W127) -> 0 | Y127: =IFERROR(VLOOKUP($C127,درجات,26,0),0) -> 0 | Z127: =IFERROR(VLOOKUP($C127,درجات,64,0),0) -> 0 | AA127: =SUM(Y127:Z127) -> 0 | AB127: =IFERROR(VLOOKUP($C127,درجات,29,0),0) -> 0 | AC127: =IFERROR(VLOOKUP($C127,درجات,67,0),0) -> 0 | AD127: =SUM(AB127:AC127) -> 0 | AE127: =IFERROR(VLOOKUP($C127,درجات,32,0),0) -> 0 | AF127: =IFERROR(VLOOKUP($C127,درجات,70,0),0) -> 0 | AG127: =SUM(AE127:AF127) -> 0
A128: 90 | B128: =IFERROR(VLOOKUP(A128,الاسماء,2,0),"") -> 0 | C128: =IFERROR(VLOOKUP(A128,الاسماء,3,0),"") -> 0 | D128: =IFERROR(VLOOKUP($C128,درجات,5,0),0) -> 0 | E128: =IFERROR(VLOOKUP($C128,درجات,43,0),0) -> 0 | F128: =SUM(D128:E128) -> 0 | G128: =IFERROR(VLOOKUP($C128,درجات,8,0),0) -> 0 | H128: =IFERROR(VLOOKUP($C128,درجات,46,0),0) -> 0 | I128: =SUM(G128:H128) -> 0 | J128: =IFERROR(VLOOKUP($C128,درجات,11,0),0) -> 0 | K128: =IFERROR(VLOOKUP($C128,درجات,49,0),0) -> 0 | L128: =SUM(J128:K128) -> 0 | M128: =IFERROR(VLOOKUP($C128,درجات,14,0),0) -> 0 | N128: =IFERROR(VLOOKUP($C128,درجات,52,0),0) -> 0 | O128: =SUM(M128:N128) -> 0 | P128: =IFERROR(VLOOKUP($C128,درجات,17,0),0) -> 0 | Q128: =IFERROR(VLOOKUP($C128,درجات,55,0),0) -> 0 | R128: =SUM(P128:Q128) -> 0 | S128: =IFERROR(VLOOKUP($C128,درجات,20,0),0) -> 0 | T128: =IFERROR(VLOOKUP($C128,درجات,58,0),0) -> 0 | U128: =SUM(S128:T128) -> 0 | V128: =IFERROR(VLOOKUP($C128,درجات,23,0),0) -> 0 | W128: =IFERROR(VLOOKUP($C128,درجات,61,0),0) -> 0 | X128: =SUM(V128:W128) -> 0 | Y128: =IFERROR(VLOOKUP($C128,درجات,26,0),0) -> 0 | Z128: =IFERROR(VLOOKUP($C128,درجات,64,0),0) -> 0 | AA128: =SUM(Y128:Z128) -> 0 | AB128: =IFERROR(VLOOKUP($C128,درجات,29,0),0) -> 0 | AC128: =IFERROR(VLOOKUP($C128,درجات,67,0),0) -> 0 | AD128: =SUM(AB128:AC128) -> 0 | AE128: =IFERROR(VLOOKUP($C128,درجات,32,0),0) -> 0 | AF128: =IFERROR(VLOOKUP($C128,درجات,70,0),0) -> 0 | AG128: =SUM(AE128:AF128) -> 0
A129: 91 | B129: =IFERROR(VLOOKUP(A129,الاسماء,2,0),"") -> 0 | C129: =IFERROR(VLOOKUP(A129,الاسماء,3,0),"") -> 0 | D129: =IFERROR(VLOOKUP($C129,درجات,5,0),0) -> 0 | E129: =IFERROR(VLOOKUP($C129,درجات,43,0),0) -> 0 | F129: =SUM(D129:E129) -> 0 | G129: =IFERROR(VLOOKUP($C129,درجات,8,0),0) -> 0 | H129: =IFERROR(VLOOKUP($C129,درجات,46,0),0) -> 0 | I129: =SUM(G129:H129) -> 0 | J129: =IFERROR(VLOOKUP($C129,درجات,11,0),0) -> 0 | K129: =IFERROR(VLOOKUP($C129,درجات,49,0),0) -> 0 | L129: =SUM(J129:K129) -> 0 | M129: =IFERROR(VLOOKUP($C129,درجات,14,0),0) -> 0 | N129: =IFERROR(VLOOKUP($C129,درجات,52,0),0) -> 0 | O129: =SUM(M129:N129) -> 0 | P129: =IFERROR(VLOOKUP($C129,درجات,17,0),0) -> 0 | Q129: =IFERROR(VLOOKUP($C129,درجات,55,0),0) -> 0 | R129: =SUM(P129:Q129) -> 0 | S129: =IFERROR(VLOOKUP($C129,درجات,20,0),0) -> 0 | T129: =IFERROR(VLOOKUP($C129,درجات,58,0),0) -> 0 | U129: =SUM(S129:T129) -> 0 | V129: =IFERROR(VLOOKUP($C129,درجات,23,0),0) -> 0 | W129: =IFERROR(VLOOKUP($C129,درجات,61,0),0) -> 0 | X129: =SUM(V129:W129) -> 0 | Y129: =IFERROR(VLOOKUP($C129,درجات,26,0),0) -> 0 | Z129: =IFERROR(VLOOKUP($C129,درجات,64,0),0) -> 0 | AA129: =SUM(Y129:Z129) -> 0 | AB129: =IFERROR(VLOOKUP($C129,درجات,29,0),0) -> 0 | AC129: =IFERROR(VLOOKUP($C129,درجات,67,0),0) -> 0 | AD129: =SUM(AB129:AC129) -> 0 | AE129: =IFERROR(VLOOKUP($C129,درجات,32,0),0) -> 0 | AF129: =IFERROR(VLOOKUP($C129,درجات,70,0),0) -> 0 | AG129: =SUM(AE129:AF129) -> 0
...

Sheet ص الفترة الاولى
B1: بطاقة تقدير بيان للصف ( التاسع ) من التعليم الاساسي | J1: مكتب امتحانات تاجوراء | O1: 6 | S1: بطاقة تقدير بيان للصف ( التاسع ) من التعليم الاساسي | AA1: مكتب امتحانات تاجوراء | AF1: 6 | AJ1: بطاقة تقدير بيان للصف ( التاسع ) من التعليم الاساسي | AR1: مكتب امتحانات تاجوراء | AW1: =AF1+5 -> 11 | BA1: بطاقة تقدير بيان للصف ( التاسع ) من التعليم الاساسي | BI1: مكتب امتحانات تاجوراء | BN1: =AW1+5 -> 16 | BV1: =SUM(F7:F16) -> 336
B2: ='الفترة الاولى'!$A$6 -> المدرسة / | C2: ='الفترة الاولى'!$C$6 -> سهول العلم للتعليم الخاص | H2: الاسم | J2: =VLOOKUP(O1,اسم,3,0) -> جمعة خيرى عبدالله الدرهوبي | S2: ='الفترة الاولى'!$A$6 -> المدرسة / | T2: ='الفترة الاولى'!$C$6 -> سهول العلم للتعليم الخاص | Y2: الاسم | AA2: =VLOOKUP(AF1,اسم,3,0) -> جمعة خيرى عبدالله الدرهوبي | AJ2: ='الفترة الاولى'!$A$6 -> المدرسة / | AK2: ='الفترة الاولى'!$C$6 -> سهول العلم للتعليم الخاص | AP2: الاسم | AR2: =VLOOKUP(AW1,اسم,3,0) -> ريناد محمد ابراهيم السلامي | BA2: ='الفترة الاولى'!$A$6 -> المدرسة / | BB2: ='الفترة الاولى'!$C$6 -> سهول العلم للتعليم الخاص | BG2: الاسم | BI2: =VLOOKUP(BN1,اسم,3,0) -> مالك علي حمد القبائلى | BV2: =BV1/2 -> 168
B3: العام الدراسي 1446 - 1447 هجرية / الموافق 2025 - 2026 ميلادية | S3: العام الدراسي 1446 - 1447 هجرية / الموافق 2025 - 2026 ميلادية | AJ3: العام الدراسي 1445 - 1446 هجرية / الموافق 2024 - 2025 ميلادية | BA3: العام الدراسي 1445 - 1446 هجرية / الموافق 2024 - 2025 ميلادية
B4: المواد الدراسية المقررة | C4: عدد الحصص | D4: النهايــــات | F4: درجــات الفترتين | K4: ملاحظات عن نتيجة الطالب خلال الفتـــرة | S4: المواد الدراسية المقررة | T4: عدد الحصص | U4: النهايــــات | W4: درجــات الفترتين | AB4: ملاحظات عن نتيجة الطالب خلال الفتـــرة | AJ4: المواد الدراسية المقررة | AK4: عدد الحصص | AL4: النهايــــات | AN4: درجــات الفترتين | AS4: ملاحظات عن نتيجة الطالب خلال الفتـــرة | BA4: المواد الدراسية المقررة | BB4: عدد الحصص | BC4: النهايــــات | BE4: درجــات الفترتين | BJ4: ملاحظات عن نتيجة الطالب خلال الفتـــرة | BS4: 0 | BT4: ضعيف
D5: الكبرى | E5: الصغرى | F5: الدرجة المقررة للفترتيــن 60% | G5: الدرجة المقررة للفترة | H5: الفترة الاول | I5: الفترة الثانية | K5: الأولى: | L5: =LOOKUP(H17,$BS$4:$BT$8) -> جيد | U5: الكبرى | V5: الصغرى | W5: الدرجة المقررة للفترتيــن 30% | X5: الدرجة المقررة للفترة | Y5: الفترة الاول | Z5: الفترة الثانية | AB5: الأولى: | AC5: =LOOKUP(Y17,$BS$4:$BT$8) -> جيد | AL5: الكبرى | AM5: الصغرى | AN5: الدرجة المقررة للفترتيــن 30% | AO5: الدرجة المقررة للفترة | AP5: الفترة الاول | AQ5: الفترة الثانية | AS5: الأولى: | AT5: =LOOKUP(AP17,$BS$4:$BT$8) -> جيدجداً | BC5: الكبرى | BD5: الصغرى | BE5: الدرجة المقررة للفترتيــن 30% | BF5: الدرجة المقررة للفترة | BG5: الفترة الاول | BH5: الفترة الثانية | BJ5: الأولى: | BK5: =LOOKUP(BG17,$BS$4:$BT$8) -> جيد | BS5: =BV2*0.5 -> 84 | BT5: مقبول
K6: =IF(L5<>"ضعيف","","يحتاج الى اهتمام في المواد ") | AB6: =IF(AC5<>"ضعيف","","يحتاج الى اهتمام في المواد ") | AS6: =IF(AT5<>"ضعيف","","يحتاج الى اهتمام في المواد ") | BJ6: =IF(BK5<>"ضعيف","","يحتاج الى اهتمام في المواد ") | BS6: =BV2*0.65 -> 109.2 | BT6: جيد
B7: ='الفترة الاولى'!$E$8 -> التربية الإسلامية | C7: ='الفترة الاولى'!$G$8 -> 2 | D7: =C7*40 -> 80 | E7: =D7*0.5 -> 40 | F7: =D7*0.3 -> 24 | G7: =D7*0.15 -> 12 | H7: =IFERROR(VLOOKUP(J2,بيان,2,0),0) -> 10 | I7: =IFERROR(VLOOKUP(J1,بيان,6,0),0) -> 0 | K7: =IF(H7=0,"",IF(H7<G7/2,B7,"")) | L7: =IF(H8=0,"",IF(H8<G8/2,B8,"")) | M7: =IF(H9=0,"",IF(H9<G9/2,B9,"")) | N7: =IF(H10=0,"",IF(H10<G10/2,B10,"")) | O7: =IF(H11=0,"",IF(H11<G11/2,B11,"")) | S7: ='الفترة الاولى'!$E$8 -> التربية الإسلامية | T7: ='الفترة الاولى'!$G$8 -> 2 | U7: =T7*40 -> 80 | V7: =U7*0.5 -> 40 | W7: =U7*0.3 -> 24 | X7: =U7*0.15 -> 12 | Y7: =IFERROR(VLOOKUP(AA2,بيان,2,0),0) -> 10 | Z7: =IFERROR(VLOOKUP(AA2,بيان,3,0),0) -> 11 | AB7: =IF(Y7=0,"",IF(Y7<X7/2,S7,"")) | AC7: =IF(Y8=0,"",IF(Y8<X8/2,S8,"")) | AD7: =IF(Y9=0,"",IF(Y9<X9/2,S9,"")) | AE7: =IF(Y10=0,"",IF(Y10<X10/2,S10,"")) | AF7: =IF(Y11=0,"",IF(Y11<X11/2,S11,"")) | AJ7: ='الفترة الاولى'!$E$8 -> التربية الإسلامية | AK7: ='الفترة الاولى'!$G$8 -> 2 | AL7: =AK7*40 -> 80 | AM7: =AL7*0.5 -> 40 | AN7: =AL7*0.3 -> 24 | AO7: =AL7*0.15 -> 12 | AP7: =IFERROR(VLOOKUP(AR2,بيان,2,0),0) -> 10 | AQ7: =IFERROR(VLOOKUP(AR2,بيان,3,0),0) -> 11 | AS7: =IF(AP7=0,"",IF(AP7<AO7/2,AJ7,"")) | AT7: =IF(AP8=0,"",IF(AP8<AO8/2,AJ8,"")) | AU7: =IF(AP9=0,"",IF(AP9<AO9/2,AJ9,"")) | AV7: =IF(AP10=0,"",IF(AP10<AO10/2,AJ10,"")) | AW7: =IF(AP11=0,"",IF(AP11<AO11/2,AJ11,"")) | BA7: ='الفترة الاولى'!$E$8 -> التربية الإسلامية | BB7: ='الفترة الاولى'!$G$8 -> 2 | BC7: =BB7*40 -> 80 | BD7: =BC7*0.5 -> 40 | BE7: =BC7*0.3 -> 24 | BF7: =BC7*0.15 -> 12 | BG7: =IFERROR(VLOOKUP(BI2,بيان,2,0),0) -> 11 | BH7: =IFERROR(VLOOKUP(BI2,بيان,3,0),0) -> 11 | BJ7: =IF(BG7=0,"",IF(BG7<BF7/2,BA7,"")) | BK7: =IF(BG8=0,"",IF(BG8<BF8/2,BA8,"")) | BL7: =IF(BG9=0,"",IF(BG9<BF9/2,BA9,"")) | BM7: =IF(BG10=0,"",IF(BG10<BF10/2,BA10,"")) | BN7: =IF(BG11=0,"",IF(BG11<BF11/2,BA11,"")) | BS7: =BV2*0.75 -> 126 | BT7: جيدجداً
B8: ='الفترة الاولى'!$H$8 -> النحو والقراءة والنصوص | C8: ='الفترة الاولى'!$J$8 -> 4 | D8: =C8*40 -> 160 | E8: =D8*0.5 -> 80 | F8: =D8*0.3 -> 48 | G8: =D8*0.15 -> 24 | H8: =IFERROR(VLOOKUP(J2,بيان,5,0),0) -> 18 | I8: =IFERROR(VLOOKUP(J2,بيان,6,0),0) -> 17 | K8: =IF(H12=0,"",IF(H12<G12/2,B12,"")) -> الرياضيات | L8: =IF(H13=0,"",IF(H13<G13/2,B13,"")) | M8: =IF(H14=0,"",IF(H14<G14/2,B14,"")) | N8: =IF(H15=0,"",IF(H15<G15/2,B15,"")) | O8: =IF(H16=0,"",IF(H16<G16/2,B16,"")) | S8: ='الفترة الاولى'!$H$8 -> النحو والقراءة والنصوص | T8: ='الفترة الاولى'!$J$8 -> 4 | U8: =T8*40 -> 160 | V8: =U8*0.5 -> 80 | W8: =U8*0.3 -> 48 | X8: =U8*0.15 -> 24 | Y8: =IFERROR(VLOOKUP(AA2,بيان,5,0),0) -> 18 | Z8: =IFERROR(VLOOKUP(AA2,بيان,6,0),0) -> 17 | AB8: =IF(Y12=0,"",IF(Y12<X12/2,S12,"")) -> الرياضيات | AC8: =IF(Y13=0,"",IF(Y13<X13/2,S13,"")) | AD8: =IF(Y14=0,"",IF(Y14<X14/2,S14,"")) | AE8: =IF(Y15=0,"",IF(Y15<X15/2,S15,"")) | AF8: =IF(Y16=0,"",IF(Y16<X16/2,S16,"")) | AJ8: ='الفترة الاولى'!$H$8 -> النحو والقراءة والنصوص | AK8: ='الفترة الاولى'!$J$8 -> 4 | AL8: =AK8*40 -> 160 | AM8: =AL8*0.5 -> 80 | AN8: =AL8*0.3 -> 48 | AO8: =AL8*0.15 -> 24 | AP8: =IFERROR(VLOOKUP(AR2,بيان,5,0),0) -> 18 | AQ8: =IFERROR(VLOOKUP(AR2,بيان,6,0),0) -> 22 | AS8: =IF(AP12=0,"",IF(AP12<AO12/2,AJ12,"")) | AT8: =IF(AP13=0,"",IF(AP13<AO13/2,AJ13,"")) | AU8: =IF(AP14=0,"",IF(AP14<AO14/2,AJ14,"")) | AV8: =IF(AP15=0,"",IF(AP15<AO15/2,AJ15,"")) -> الجغرافيا | AW8: =IF(AP16=0,"",IF(AP16<AO16/2,AJ16,"")) | BA8: ='الفترة الاولى'!$H$8 -> النحو والقراءة والنصوص | BB8: ='الفترة الاولى'!$J$8 -> 4 | BC8: =BB8*40 -> 160 | BD8: =BC8*0.5 -> 80 | BE8: =BC8*0.3 -> 48 | BF8: =BC8*0.15 -> 24 | BG8: =IFERROR(VLOOKUP(BI2,بيان,5,0),0) -> 19 | BH8: =IFERROR(VLOOKUP(BI2,بيان,6,0),0) -> 18 | BJ8: =IF(BG12=0,"",IF(BG12<BF12/2,BA12,"")) -> الرياضيات | BK8: =IF(BG13=0,"",IF(BG13<BF13/2,BA13,"")) | BL8: =IF(BG14=0,"",IF(BG14<BF14/2,BA14,"")) | BM8: =IF(BG15=0,"",IF(BG15<BF15/2,BA15,"")) -> الجغرافيا | BN8: =IF(BG16=0,"",IF(BG16<BF16/2,BA16,"")) | BS8: =BV2*0.85 -> 142.8 | BT8: ممتاز
B9: ='الفترة الاولى'!$K$8 -> الكتابة (الخط والاملاء والخط ) | C9: ='الفترة الاولى'!$M$8 -> 2 | D9: =C9*40 -> 80 | E9: =D9*0.5 -> 40 | F9: =D9*0.3 -> 24 | G9: =D9*0.15 -> 12 | H9: =IFERROR(VLOOKUP(J2,بيان,8,0),0) -> 8 | I9: =IFERROR(VLOOKUP(J2,بيان,9,0),0) -> 8 | S9: ='الفترة الاولى'!$K$8 -> الكتابة (الخط والاملاء والخط ) | T9: ='الفترة الاولى'!$M$8 -> 2 | U9: =T9*40 -> 80 | V9: =U9*0.5 -> 40 | W9: =U9*0.3 -> 24 | X9: =U9*0.15 -> 12 | Y9: =IFERROR(VLOOKUP(AA2,بيان,8,0),0) -> 8 | Z9: =IFERROR(VLOOKUP(AA2,بيان,9,0),0) -> 8 | AJ9: ='الفترة الاولى'!$K$8 -> الكتابة (الخط والاملاء والخط ) | AK9: ='الفترة الاولى'!$M$8 -> 2 | AL9: =AK9*40 -> 80 | AM9: =AL9*0.5 -> 40 | AN9: =AL9*0.3 -> 24 | AO9: =AL9*0.15 -> 12 | AP9: =IFERROR(VLOOKUP(AR2,بيان,8,0),0) -> 7 | AQ9: =IFERROR(VLOOKUP(AR2,بيان,9,0),0) -> 11 | BA9: ='الفترة الاولى'!$K$8 -> الكتابة (الخط والاملاء والخط ) | BB9: ='الفترة الاولى'!$M$8 -> 2 | BC9: =BB9*40 -> 80 | BD9: =BC9*0.5 -> 40 | BE9: =BC9*0.3 -> 24 | BF9: =BC9*0.15 -> 12 | BG9: =IFERROR(VLOOKUP(BI2,بيان,8,0),0) -> 8 | BH9: =IFERROR(VLOOKUP(BI2,بيان,9,0),0) -> 11
B10: ='الفترة الاولى'!$N$8 -> الإنجليزي | C10: ='الفترة الاولى'!$P$8 -> 4 | D10: =C10*40 -> 160 | E10: =D10*0.5 -> 80 | F10: =D10*0.3 -> 48 | G10: =D10*0.15 -> 24 | H10: =IFERROR(VLOOKUP(J2,بيان,11,0),0) -> 20 | I10: =IFERROR(VLOOKUP(J2,بيان,12,0),0) -> 22 | K10: يعتمد مدير المدرسة | S10: ='الفترة الاولى'!$N$8 -> الإنجليزي | T10: ='الفترة الاولى'!$P$8 -> 4 | U10: =T10*40 -> 160 | V10: =U10*0.5 -> 80 | W10: =U10*0.3 -> 48 | X10: =U10*0.15 -> 24 | Y10: =IFERROR(VLOOKUP(AA2,بيان,11,0),0) -> 20 | Z10: =IFERROR(VLOOKUP(AA2,بيان,12,0),0) -> 22 | AB10: يعتمد مدير المدرسة | AJ10: ='الفترة الاولى'!$N$8 -> الإنجليزي | AK10: ='الفترة الاولى'!$P$8 -> 4 | AL10: =AK10*40 -> 160 | AM10: =AL10*0.5 -> 80 | AN10: =AL10*0.3 -> 48 | AO10: =AL10*0.15 -> 24 | AP10: =IFERROR(VLOOKUP(AR2,بيان,11,0),0) -> 22 | AQ10: =IFERROR(VLOOKUP(AR2,بيان,12,0),0) -> 24 | AS10: يعتمد مدير المدرسة | BA10: ='الفترة الاولى'!$N$8 -> الإنجليزي | BB10: ='الفترة الاولى'!$P$8 -> 4 | BC10: =BB10*40 -> 160 | BD10: =BC10*0.5 -> 80 | BE10: =BC10*0.3 -> 48 | BF10: =BC10*0.15 -> 24 | BG10: =IFERROR(VLOOKUP(BI2,بيان,11,0),0) -> 22 | BH10: =IFERROR(VLOOKUP(BI2,بيان,12,0),0) -> 24 | BJ10: يعتمد مدير المدرسة
B11: ='الفترة الاولى'!$Q$8 -> الحاسوب | C11: ='الفترة الاولى'!$S$8 -> 2 | D11: =C11*40 -> 80 | E11: =D11*0.5 -> 40 | F11: =D11*0.3 -> 24 | G11: =D11*0.15 -> 12 | H11: =IFERROR(VLOOKUP(J2,بيان,14,0),0) -> 12 | I11: =IFERROR(VLOOKUP(J2,بيان,15,0),0) -> 11 | K11: ='الفترة الاولى'!$CA$16 -> أ. فهيم عبدالمجيد بوازويتة | S11: ='الفترة الاولى'!$Q$8 -> الحاسوب | T11: ='الفترة الاولى'!$S$8 -> 2 | U11: =T11*40 -> 80 | V11: =U11*0.5 -> 40 | W11: =U11*0.3 -> 24 | X11: =U11*0.15 -> 12 | Y11: =IFERROR(VLOOKUP(AA2,بيان,14,0),0) -> 12 | Z11: =IFERROR(VLOOKUP(AA2,بيان,15,0),0) -> 11 | AB11: ='الفترة الاولى'!$CA$16 -> أ. فهيم عبدالمجيد بوازويتة | AJ11: ='الفترة الاولى'!$Q$8 -> الحاسوب | AK11: ='الفترة الاولى'!$S$8 -> 2 | AL11: =AK11*40 -> 80 | AM11: =AL11*0.5 -> 40 | AN11: =AL11*0.3 -> 24 | AO11: =AL11*0.15 -> 12 | AP11: =IFERROR(VLOOKUP(AR2,بيان,14,0),0) -> 11 | AQ11: =IFERROR(VLOOKUP(AR2,بيان,15,0),0) -> 12 | AS11: ='الفترة الاولى'!$CA$16 -> أ. فهيم عبدالمجيد بوازويتة | BA11: ='الفترة الاولى'!$Q$8 -> الحاسوب | BB11: ='الفترة الاولى'!$S$8 -> 2 | BC11: =BB11*40 -> 80 | BD11: =BC11*0.5 -> 40 | BE11: =BC11*0.3 -> 24 | BF11: =BC11*0.15 -> 12 | BG11: =IFERROR(VLOOKUP(BI2,بيان,14,0),0) -> 12 | BH11: =IFERROR(VLOOKUP(BI2,بيان,15,0),0) -> 11 | BJ11: ='الفترة الاولى'!$CA$16 -> أ. فهيم عبدالمجيد بوازويتة
B12: ='الفترة الاولى'!$T$8 -> الرياضيات | C12: ='الفترة الاولى'!$V$8 -> 5 | D12: =C12*40 -> 200 | E12: =D12*0.5 -> 100 | F12: =D12*0.3 -> 60 | G12: =D12*0.15 -> 30 | H12: =IFERROR(VLOOKUP(J2,بيان,17,0),0) -> 13 | I12: 10 | K12: التاريخ | S12: ='الفترة الاولى'!$T$8 -> الرياضيات | T12: ='الفترة الاولى'!$V$8 -> 5 | U12: =T12*40 -> 200 | V12: =U12*0.5 -> 100 | W12: =U12*0.3 -> 60 | X12: =U12*0.15 -> 30 | Y12: =IFERROR(VLOOKUP(AA2,بيان,17,0),0) -> 13 | Z12: =IFERROR(VLOOKUP(AA2,بيان,18,0),0) -> 17 | AB12: التاريخ | AC12: =TODAY() -> 46181 | AJ12: ='الفترة الاولى'!$T$8 -> الرياضيات | AK12: ='الفترة الاولى'!$V$8 -> 5 | AL12: =AK12*40 -> 200 | AM12: =AL12*0.5 -> 100 | AN12: =AL12*0.3 -> 60 | AO12: =AL12*0.15 -> 30 | AP12: =IFERROR(VLOOKUP(AR2,بيان,17,0),0) -> 18 | AQ12: =IFERROR(VLOOKUP(AR2,بيان,18,0),0) -> 18 | AS12: التاريخ | AT12: =TODAY() -> 46181 | BA12: ='الفترة الاولى'!$T$8 -> الرياضيات | BB12: ='الفترة الاولى'!$V$8 -> 5 | BC12: =BB12*40 -> 200 | BD12: =BC12*0.5 -> 100 | BE12: =BC12*0.3 -> 60 | BF12: =BC12*0.15 -> 30 | BG12: =IFERROR(VLOOKUP(BI2,بيان,17,0),0) -> 12 | BH12: =IFERROR(VLOOKUP(BI2,بيان,18,0),0) -> 18 | BJ12: التاريخ | BK12: =TODAY() -> 46181
B13: ='الفترة الاولى'!$W$8 -> العلوم | C13: ='الفترة الاولى'!$Y$8 -> 5 | D13: =C13*40 -> 200 | E13: =D13*0.5 -> 100 | F13: =D13*0.3 -> 60 | G13: =D13*0.15 -> 30 | H13: =IFERROR(VLOOKUP(J2,بيان,20,0),0) -> 19 | I13: =IFERROR(VLOOKUP(J2,بيان,21,0),0) -> 18 | K13: الختم | S13: ='الفترة الاولى'!$W$8 -> العلوم | T13: ='الفترة الاولى'!$Y$8 -> 5 | U13: =T13*40 -> 200 | V13: =U13*0.5 -> 100 | W13: =U13*0.3 -> 60 | X13: =U13*0.15 -> 30 | Y13: =IFERROR(VLOOKUP(AA2,بيان,20,0),0) -> 19 | Z13: =IFERROR(VLOOKUP(AA2,بيان,21,0),0) -> 18 | AB13: الختم | AJ13: ='الفترة الاولى'!$W$8 -> العلوم | AK13: ='الفترة الاولى'!$Y$8 -> 5 | AL13: =AK13*40 -> 200 | AM13: =AL13*0.5 -> 100 | AN13: =AL13*0.3 -> 60 | AO13: =AL13*0.15 -> 30 | AP13: =IFERROR(VLOOKUP(AR2,بيان,20,0),0) -> 26 | AQ13: =IFERROR(VLOOKUP(AR2,بيان,21,0),0) -> 25 | AS13: الختم | BA13: ='الفترة الاولى'!$W$8 -> العلوم | BB13: ='الفترة الاولى'!$Y$8 -> 5 | BC13: =BB13*40 -> 200 | BD13: =BC13*0.5 -> 100 | BE13: =BC13*0.3 -> 60 | BF13: =BC13*0.15 -> 30 | BG13: =IFERROR(VLOOKUP(BI2,بيان,20,0),0) -> 17 | BH13: =IFERROR(VLOOKUP(BI2,بيان,21,0),0) -> 21 | BJ13: الختم
B14: ='الفترة الاولى'!$Z$8 -> التاريخ | C14: ='الفترة الاولى'!$AB$8 -> 2 | D14: =C14*40 -> 80 | E14: =D14*0.5 -> 40 | F14: =D14*0.3 -> 24 | G14: =D14*0.15 -> 12 | H14: =IFERROR(VLOOKUP(J2,بيان,23,0),0) -> 9 | I14: =IFERROR(VLOOKUP(J2,بيان,24,0),0) -> 11 | K14: الثانية | S14: ='الفترة الاولى'!$Z$8 -> التاريخ | T14: ='الفترة الاولى'!$AB$8 -> 2 | U14: =T14*40 -> 80 | V14: =U14*0.5 -> 40 | W14: =U14*0.3 -> 24 | X14: =U14*0.15 -> 12 | Y14: =IFERROR(VLOOKUP(AA2,بيان,23,0),0) -> 9 | Z14: =IFERROR(VLOOKUP(AA2,بيان,24,0),0) -> 11 | AB14: الثانية | AC14: يحتاج إلى عناية في مادة | AJ14: ='الفترة الاولى'!$Z$8 -> التاريخ | AK14: ='الفترة الاولى'!$AB$8 -> 2 | AL14: =AK14*40 -> 80 | AM14: =AL14*0.5 -> 40 | AN14: =AL14*0.3 -> 24 | AO14: =AL14*0.15 -> 12 | AP14: =IFERROR(VLOOKUP(AR2,بيان,23,0),0) -> 11 | AQ14: =IFERROR(VLOOKUP(AR2,بيان,24,0),0) -> 10 | AS14: الثانية | AT14: =IF(AQ17=0,"",LOOKUP(AQ17,$BS$4:$BT$8)) -> ممتاز | BA14: ='الفترة الاولى'!$Z$8 -> التاريخ | BB14: ='الفترة الاولى'!$AB$8 -> 2 | BC14: =BB14*40 -> 80 | BD14: =BC14*0.5 -> 40 | BE14: =BC14*0.3 -> 24 | BF14: =BC14*0.15 -> 12 | BG14: =IFERROR(VLOOKUP(BI2,بيان,23,0),0) -> 10 | BH14: =IFERROR(VLOOKUP(BI2,بيان,24,0),0) -> 8 | BJ14: الثانية | BK14: =IF(BH17=0,"",LOOKUP(BH17,$BS$4:$BT$8)) -> جيدجداً
B15: ='الفترة الاولى'!$AC$8 -> الجغرافيا | C15: ='الفترة الاولى'!$AE$8 -> 2 | D15: =C15*40 -> 80 | E15: =D15*0.5 -> 40 | F15: =D14*0.3 -> 24 | G15: =D14*0.15 -> 12 | H15: =IFERROR(VLOOKUP(J2,بيان,26,0),0) -> 10 | I15: =IFERROR(VLOOKUP(J2,بيان,27,0),0) -> 11 | K15: =IF(L14<>"ضعيف","","يحتاج الى اهتمام في المواد ") | S15: ='الفترة الاولى'!$AC$8 -> الجغرافيا | T15: ='الفترة الاولى'!$AE$8 -> 2 | U15: =T15*40 -> 80 | V15: =U15*0.5 -> 40 | W15: =D14*0.3 -> 24 | X15: =U14*0.15 -> 12 | Y15: =IFERROR(VLOOKUP(AA2,بيان,26,0),0) -> 10 | Z15: =IFERROR(VLOOKUP(AA2,بيان,27,0),0) -> 11 | AB15: =IF(AC14<>"ضعيف","","يحتاج الى اهتمام في المواد ") | AJ15: ='الفترة الاولى'!$AC$8 -> الجغرافيا | AK15: ='الفترة الاولى'!$AE$8 -> 2 | AL15: =AK15*40 -> 80 | AM15: =AL15*0.5 -> 40 | AN15: =AL15*0.6 -> 48 | AO15: =AL15*0.3 -> 24 | AP15: =IFERROR(VLOOKUP(AR2,بيان,26,0),0) -> 11 | AQ15: =IFERROR(VLOOKUP(AR2,بيان,27,0),0) -> 11 | AS15: =IF(AT14<>"ضعيف","","يحتاج الى اهتمام في المواد ") | BA15: ='الفترة الاولى'!$AC$8 -> الجغرافيا | BB15: ='الفترة الاولى'!$AE$8 -> 2 | BC15: =BB15*40 -> 80 | BD15: =BC15*0.5 -> 40 | BE15: =BC15*0.6 -> 48 | BF15: =BC15*0.3 -> 24 | BG15: =IFERROR(VLOOKUP(BI2,بيان,26,0),0) -> 9 | BH15: =IFERROR(VLOOKUP(BI2,بيان,27,0),0) -> 10 | BJ15: =IF(BK14<>"ضعيف","","يحتاج الى اهتمام في المواد ")
B16: ='الفترة الاولى'!$AF$8 -> 0 | C16: ='الفترة الاولى'!$AH$8 -> 0 | D16: =C16*40 -> 0 | E16: =D16*0.5 -> 0 | F16: =D16*0.6 -> 0 | G16: =D16*0.3 -> 0 | H16: =IFERROR(VLOOKUP(J2,بيان,29,0),0) -> 0 | I16: =IFERROR(VLOOKUP(J2,بيان,30,0),0) -> 0 | K16: =IF(I7=0,"",IF(I7<G7/2,B7,"")) | L16: =IF(I8=0,"",IF(I8<G8/2,B8,"")) | M16: =IF(I9=0,"",IF(I9<G9/2,B9,"")) | N16: =IF(I10=0,"",IF(I10<G10/2,B10,"")) | O16: =IF(I11=0,"",IF(I11<G11/2,B11,"")) | S16: ='الفترة الاولى'!$AF$8 -> 0 | T16: ='الفترة الاولى'!$AH$8 -> 0 | U16: =T16*40 -> 0 | V16: =U16*0.5 -> 0 | W16: =U16*0.6 -> 0 | X16: =U16*0.3 -> 0 | Y16: =IFERROR(VLOOKUP(AA2,بيان,29,0),0) -> 0 | Z16: =IFERROR(VLOOKUP(AA2,بيان,30,0),0) -> 0 | AB16: =IF(Z7=0,"",IF(Z7<X7/2,S7,"")) | AC16: =IF(Z8=0,"",IF(Z8<X8/2,S8,"")) | AD16: =IF(Z9=0,"",IF(Z9<X9/2,S9,"")) | AE16: =IF(Z10=0,"",IF(Z10<X10/2,S10,"")) | AF16: =IF(Z11=0,"",IF(Z11<X11/2,S11,"")) | AJ16: ='الفترة الاولى'!$AF$8 -> 0 | AK16: ='الفترة الاولى'!$AH$8 -> 0 | AL16: =AK16*40 -> 0 | AM16: =AL16*0.5 -> 0 | AN16: =AL16*0.6 -> 0 | AO16: =AL16*0.3 -> 0 | AP16: =IFERROR(VLOOKUP(AR2,بيان,29,0),0) -> 0 | AQ16: =IFERROR(VLOOKUP(AR2,بيان,30,0),0) -> 0 | AS16: =IF(AQ7=0,"",IF(AQ7<AO7/2,AJ7,"")) | AT16: =IF(AQ8=0,"",IF(AQ8<AO8/2,AJ8,"")) | AU16: =IF(AQ9=0,"",IF(AQ9<AO9/2,AJ9,"")) | AV16: =IF(AQ10=0,"",IF(AQ10<AO10/2,AJ10,"")) | AW16: =IF(AQ11=0,"",IF(AQ11<AO11/2,AJ11,"")) | BA16: ='الفترة الاولى'!$AF$8 -> 0 | BB16: ='الفترة الاولى'!$AH$8 -> 0 | BC16: =BB16*40 -> 0 | BD16: =BC16*0.5 -> 0 | BE16: =BC16*0.6 -> 0 | BF16: =BC16*0.3 -> 0 | BG16: =IFERROR(VLOOKUP(BI2,بيان,29,0),0) -> 0 | BH16: =IFERROR(VLOOKUP(BI2,بيان,30,0),0) -> 0 | BJ16: =IF(BH7=0,"",IF(BH7<BF7/2,BA7,"")) | BK16: =IF(BH8=0,"",IF(BH8<BF8/2,BA8,"")) | BL16: =IF(BH9=0,"",IF(BH9<BF9/2,BA9,"")) | BM16: =IF(BH10=0,"",IF(BH10<BF10/2,BA10,"")) | BN16: =IF(BH11=0,"",IF(BH11<BF11/2,BA11,""))
B17: المجموع | D17: =SUM(D7:D16) -> 1120 | E17: =D17*0.5 -> 560 | G17: =SUM(G7:G16) -> 168 | H17: =SUM(H7:H16) -> 119 | I17: =SUM(I7:I16) -> 108 | K17: =IF(I12=0,"",IF(I12<G12/2,B12,"")) -> الرياضيات | L17: =IF(I13=0,"",IF(I13<G13/2,B13,"")) | M17: =IF(I14=0,"",IF(I14<G14/2,B14,"")) | N17: =IF(I15=0,"",IF(I15<G15/2,B15,"")) | O17: =IF(I16=0,"",IF(I16<G16/2,B16,"")) | S17: المجموع | U17: =SUM(U7:U16) -> 1120 | V17: =U17*0.5 -> 560 | X17: =SUM(X7:X16) -> 168 | Y17: =SUM(Y7:Y16) -> 119 | Z17: =SUM(Z7:Z16) -> 126 | AB17: =IF(Z12=0,"",IF(Z12<X12/2,S12,"")) | AC17: =IF(Z13=0,"",IF(Z13<X13/2,S13,"")) | AD17: =IF(Z14=0,"",IF(Z14<X14/2,S14,"")) | AE17: =IF(Z15=0,"",IF(Z15<X15/2,S15,"")) | AF17: =IF(Z16=0,"",IF(Z16<X16/2,S16,"")) | AJ17: المجموع | AL17: =SUM(AL7:AL16) -> 1120 | AM17: =AL17*0.5 -> 560 | AO17: =SUM(AO7:AO16) -> 180 | AP17: =SUM(AP7:AP16) -> 134 | AQ17: =SUM(AQ7:AQ16) -> 144 | AS17: =IF(AQ12=0,"",IF(AQ12<AO12/2,AJ12,"")) | AT17: =IF(AQ13=0,"",IF(AQ13<AO13/2,AJ13,"")) | AU17: =IF(AQ14=0,"",IF(AQ14<AO14/2,AJ14,"")) | AV17: =IF(AQ15=0,"",IF(AQ15<AO15/2,AJ15,"")) -> الجغرافيا | AW17: =IF(AQ16=0,"",IF(AQ16<AO16/2,AJ16,"")) | BA17: المجموع | BC17: =SUM(BC7:BC16) -> 1120 | BD17: =BC17*0.5 -> 560 | BF17: =SUM(BF7:BF16) -> 180 | BG17: =SUM(BG7:BG16) -> 120 | BH17: =SUM(BH7:BH16) -> 132 | BJ17: =IF(BH12=0,"",IF(BH12<BF12/2,BA12,"")) | BK17: =IF(BH13=0,"",IF(BH13<BF13/2,BA13,"")) | BL17: =IF(BH14=0,"",IF(BH14<BF14/2,BA14,"")) | BM17: =IF(BH15=0,"",IF(BH15<BF15/2,BA15,"")) -> الجغرافيا | BN17: =IF(BH16=0,"",IF(BH16<BF16/2,BA16,""))
B19: الغياب | C19: مشروع | S19: الغياب | T19: مشروع | AJ19: الغياب | AK19: مشروع | BA19: الغياب | BB19: مشروع
C20: غير مشروع | K20: تنبيـــــــــــه | T20: غير مشروع | AB20: تنبيـــــــــــه | AK20: غير مشروع | AS20: تنبيـــــــــــه | BB20: غير مشروع | BJ20: تنبيـــــــــــه
K21: يجب إعطاء هذه البطاقة للتلميذ فىنهاية كل فتـــــرة | AB21: يجب إعطاء هذه البطاقة للتلميذ في نهاية كل فتـــــرة | AS21: يجب إعطاء هذه البطاقة للتلميذ فىنهاية كل فتـــــرة | BJ21: يجب إعطاء هذه البطاقة للتلميذ فىنهاية كل فتـــــرة
B22: التوقيعــــات | D22: الفترة الاول | G22: الفترة الثانيــــــة | S22: التوقيعــــات | U22: الفترة الاول | X22: الفترة الثانيــــــة | AJ22: التوقيعــــات | AL22: الفترة الاول | AO22: الفترة الثانيــــــة | BA22: التوقيعــــات | BC22: الفترة الاول | BF22: الفترة الثانيــــــة
B23: رائــــد الصف | K23: كل كشط أو تغيير في هذه االبطاقة يلغيها | S23: رائــــد الصف | AB23: كل كشط أو تغيير في هذه االبطاقة يلغيها | AJ23: رائــــد الصف | AS23: كل كشط أو تغيير في هذه االبطاقة يلغيها | BA23: رائــــد الصف | BJ23: كل كشط أو تغيير في هذه االبطاقة يلغيها
B24: مدير المدرسة | S24: مدير المدرسة | AJ24: مدير المدرسة | BA24: مدير المدرسة
B25: ولي الأمــــر | S25: ولي الأمــــر | AJ25: ولي الأمــــر | BA25: ولي الأمــــر
B28: بطاقة تقدير بيان للصف ( التاسع ) من التعليم الاساسي | J28: مكتب امتحانات تاجوراء | O28: 8 | S28: بطاقة تقدير بيان للصف ( التاسع ) من التعليم الاساسي | AA28: مكتب امتحانات تاجوراء | AF28: 13 | AJ28: بطاقة تقدير بيان للصف ( التاسع ) من التعليم الاساسي | AR28: مكتب امتحانات تاجوراء | AW28: =AF28+5 -> 18 | BA28: بطاقة تقدير بيان للصف ( التاسع ) من التعليم الاساسي | BI28: مكتب امتحانات تاجوراء | BN28: =AW28+5 -> 23 | BV28: =SUM(F34:F44) -> 336
B29: ='الفترة الاولى'!$A$6 -> المدرسة / | C29: ='الفترة الاولى'!$C$6 -> سهول العلم للتعليم الخاص | H29: الاسم | J29: =VLOOKUP(O28,اسم,3,0) -> رزان خليل محمد المغربي | S29: ='الفترة الاولى'!$A$6 -> المدرسة / | T29: ='الفترة الاولى'!$C$6 -> سهول العلم للتعليم الخاص | Y29: الاسم | AA29: =VLOOKUP(AF28,اسم,3,0) -> عبدالله احمد سالم العزيبي | AJ29: ='الفترة الاولى'!$A$6 -> المدرسة / | AK29: ='الفترة الاولى'!$C$6 -> سهول العلم للتعليم الخاص | AP29: الاسم | AR29: =VLOOKUP(AW28,اسم,3,0) -> محمد على عامر الخالقي | BA29: ='الفترة الاولى'!$A$6 -> المدرسة / | BB29: ='الفترة الاولى'!$C$6 -> سهول العلم للتعليم الخاص | BG29: الاسم | BI29: =VLOOKUP(BN28,اسم,3,0) -> 0 | BV29: =BV28/2 -> 168
B30: العام الدراسي 1445 - 1446 هجرية / الموافق 2025 - 2026 ميلادية | S30: العام الدراسي 1445 - 1446 هجرية / الموافق 2024 - 2025 ميلادية | AJ30: العام الدراسي 1445 - 1446 هجرية / الموافق 2024 - 2025 ميلادية | BA30: العام الدراسي 1445 - 1446 هجرية / الموافق 2024 - 2025 ميلادية
B31: المواد الدراسية المقررة | C31: عدد الحصص | D31: النهايــــات | F31: درجــات الفترتين | K31: ملاحظات عن نتيجة الطالب خلال الفتـــرة | S31: المواد الدراسية المقررة | T31: عدد الحصص | U31: النهايــــات | W31: درجــات الفترتين | AB31: ملاحظات عن نتيجة الطالب خلال الفتـــرة | AJ31: المواد الدراسية المقررة | AK31: عدد الحصص | AL31: النهايــــات | AN31: درجــات الفترتين | AS31: ملاحظات عن نتيجة الطالب خلال الفتـــرة | BA31: المواد الدراسية المقررة | BB31: عدد الحصص | BC31: النهايــــات | BE31: درجــات الفترتين | BJ31: ملاحظات عن نتيجة الطالب خلال الفتـــرة | BS31: 0 | BT31: ضيف
D32: الكبرى | E32: الصغرى | F32: الدرجة المقررة للفترتيــن 30% | G32: الدرجة المقررة للفترة | H32: الفترة الاول | I32: الفترة الثانية | K32: الأولى: | L32: =LOOKUP(H44,$BS$4:$BT$8) -> ممتاز | U32: الكبرى | V32: الصغرى | W32: الدرجة المقررة للفترتيــن 30% | X32: الدرجة المقررة للفترة | Y32: الفترة الاول | Z32: الفترة الثانية | AB32: الأولى: | AC32: =LOOKUP(Y44,$BS$4:$BT$8) -> جيد | AL32: الكبرى | AM32: الصغرى | AN32: الدرجة المقررة للفترتيــن 30% | AO32: الدرجة المقررة للفترة | AP32: الفترة الاول | AQ32: الفترة الثانية | AS32: الأولى: | AT32: =LOOKUP(AP44,$BS$4:$BT$8) -> جيدجداً | BC32: الكبرى | BD32: الصغرى | BE32: الدرجة المقررة للفترتيــن 30% | BF32: الدرجة المقررة للفترة | BG32: الفترة الاول | BH32: الفترة الثانية | BJ32: الأولى: | BK32: =LOOKUP(BG44,$BS$4:$BT$8) -> ضعيف | BS32: =BV29*0.5 -> 84 | BT32: مقبول
K33: =IF(L32<>"ضعيف","","يحتاج الى اهتمام في المواد ") | AB33: =IF(AC32<>"ضعيف","","يحتاج الى اهتمام في المواد ") | AS33: =IF(AT32<>"ضعيف","","يحتاج الى اهتمام في المواد ") | BJ33: =IF(BK32<>"ضعيف","","يحتاج الى اهتمام في المواد ") -> يحتاج الى اهتمام في المواد | BS33: =BV29*0.65 -> 109.2 | BT33: جيد
B34: ='الفترة الاولى'!$E$8 -> التربية الإسلامية | C34: ='الفترة الاولى'!$G$8 -> 2 | D34: =C34*40 -> 80 | E34: =D34*0.5 -> 40 | F34: =D34*0.3 -> 24 | G34: =D34*0.15 -> 12 | H34: =IFERROR(VLOOKUP(J29,بيان,2,0),0) -> 12 | I34: =IFERROR(VLOOKUP(J29,بيان,3,0),0) -> 11 | K34: =IF(H34=0,"",IF(H34<G34/2,B34,"")) | L34: =IF(H35=0,"",IF(H35<G35/2,B35,"")) | M34: =IF(H36=0,"",IF(H36<G36/2,B36,"")) | N34: =IF(H37=0,"",IF(H37<G37/2,B37,"")) | O34: =IF(H38=0,"",IF(H38<G38/2,B38,"")) | S34: ='الفترة الاولى'!$E$8 -> التربية الإسلامية | T34: ='الفترة الاولى'!$G$8 -> 2 | U34: =T34*40 -> 80 | V34: =U34*0.5 -> 40 | W34: =U34*0.3 -> 24 | X34: =U34*0.15 -> 12 | Y34: =IFERROR(VLOOKUP(AA29,بيان,2,0),0) -> 12 | Z34: =IFERROR(VLOOKUP(AA29,بيان,3,0),0) -> 10 | AB34: =IF(Y34=0,"",IF(Y34<X34/2,S34,"")) | AC34: =IF(Y35=0,"",IF(Y35<X35/2,S35,"")) | AD34: =IF(Y36=0,"",IF(Y36<X36/2,S36,"")) | AE34: =IF(Y37=0,"",IF(Y37<X37/2,S37,"")) | AF34: =IF(Y38=0,"",IF(Y38<X38/2,S38,"")) | AJ34: ='الفترة الاولى'!$E$8 -> التربية الإسلامية | AK34: ='الفترة الاولى'!$G$8 -> 2 | AL34: =AK34*40 -> 80 | AM34: =AL34*0.5 -> 40 | AN34: =AL34*0.3 -> 24 | AO34: =AL34*0.15 -> 12 | AP34: =IFERROR(VLOOKUP(AR29,بيان,2,0),0) -> 12 | AQ34: =IFERROR(VLOOKUP(AR29,بيان,3,0),0) -> 9 | AS34: =IF(AP34=0,"",IF(AP34<AO34/2,AJ34,"")) | AT34: =IF(AP35=0,"",IF(AP35<AO35/2,AJ35,"")) | AU34: =IF(AP36=0,"",IF(AP36<AO36/2,AJ36,"")) | AV34: =IF(AP37=0,"",IF(AP37<AO37/2,AJ37,"")) | AW34: =IF(AP38=0,"",IF(AP38<AO38/2,AJ38,"")) | BA34: ='الفترة الاولى'!$E$8 -> التربية الإسلامية | BB34: ='الفترة الاولى'!$G$8 -> 2 | BC34: =BB34*40 -> 80 | BD34: =BC34*0.5 -> 40 | BE34: =BC34*0.3 -> 24 | BF34: =BC34*0.15 -> 12 | BG34: =IFERROR(VLOOKUP(BI29,بيان,2,0),0) -> 0 | BH34: =IFERROR(VLOOKUP(BI29,بيان,3,0),0) -> 0 | BJ34: =IF(BG34=0,"",IF(BG34<BF34/2,BA34,"")) | BK34: =IF(BG35=0,"",IF(BG35<BF35/2,BA35,"")) | BL34: =IF(BG36=0,"",IF(BG36<BF36/2,BA36,"")) | BM34: =IF(BG37=0,"",IF(BG37<BF37/2,BA37,"")) | BN34: =IF(BG38=0,"",IF(BG38<BF38/2,BA38,"")) | BS34: =BV29*0.75 -> 126 | BT34: جيدجداً
B35: ='الفترة الاولى'!$H$8 -> النحو والقراءة والنصوص | C35: ='الفترة الاولى'!$J$8 -> 4 | D35: =C35*40 -> 160 | E35: =D35*0.5 -> 80 | F35: =D35*0.3 -> 48 | G35: =D35*0.15 -> 24 | H35: =IFERROR(VLOOKUP(J29,بيان,5,0),0) -> 22 | I35: =IFERROR(VLOOKUP(J29,بيان,6,0),0) -> 23 | K35: =IF(H39=0,"",IF(H39<G39/2,B39,"")) | L35: =IF(H40=0,"",IF(H40<G40/2,B40,"")) | M35: =IF(H41=0,"",IF(H41<G41/2,B41,"")) | N35: =IF(H42=0,"",IF(H42<G42/2,B42,"")) | O35: =IF(H43=0,"",IF(H43<G43/2,B43,"")) | S35: ='الفترة الاولى'!$H$8 -> النحو والقراءة والنصوص | T35: ='الفترة الاولى'!$J$8 -> 4 | U35: =T35*40 -> 160 | V35: =U35*0.5 -> 80 | W35: =U35*0.3 -> 48 | X35: =U35*0.15 -> 24 | Y35: =IFERROR(VLOOKUP(AA29,بيان,5,0),0) -> 16 | Z35: =IFERROR(VLOOKUP(AA29,بيان,6,0),0) -> 12 | AB35: =IF(Y39=0,"",IF(Y39<X39/2,S39,"")) -> الرياضيات | AC35: =IF(Y40=0,"",IF(Y40<X40/2,S40,"")) | AD35: =IF(Y41=0,"",IF(Y41<X41/2,S41,"")) | AE35: =IF(Y42=0,"",IF(Y42<X42/2,S42,"")) | AF35: =IF(Y43=0,"",IF(Y43<X43/2,S43,"")) | AJ35: ='الفترة الاولى'!$H$8 -> النحو والقراءة والنصوص | AK35: ='الفترة الاولى'!$J$8 -> 4 | AL35: =AK35*40 -> 160 | AM35: =AL35*0.5 -> 80 | AN35: =AL35*0.3 -> 48 | AO35: =AL35*0.15 -> 24 | AP35: =IFERROR(VLOOKUP(AR29,بيان,5,0),0) -> 16 | AQ35: =IFERROR(VLOOKUP(AR29,بيان,6,0),0) -> 18 | AS35: =IF(AP39=0,"",IF(AP39<AO39/2,AJ39,"")) | AT35: =IF(AP40=0,"",IF(AP40<AO40/2,AJ40,"")) | AU35: =IF(AP41=0,"",IF(AP41<AO41/2,AJ41,"")) | AV35: =IF(AP42=0,"",IF(AP42<AO42/2,AJ42,"")) -> الجغرافيا | AW35: =IF(AP43=0,"",IF(AP43<AO43/2,AJ43,"")) | BA35: ='الفترة الاولى'!$H$8 -> النحو والقراءة والنصوص | BB35: ='الفترة الاولى'!$J$8 -> 4 | BC35: =BB35*40 -> 160 | BD35: =BC35*0.5 -> 80 | BE35: =BC35*0.3 -> 48 | BF35: =BC35*0.15 -> 24 | BG35: =IFERROR(VLOOKUP(BI29,بيان,5,0),0) -> 0 | BH35: =IFERROR(VLOOKUP(BI29,بيان,6,0),0) -> 0 | BJ35: =IF(BG39=0,"",IF(BG39<BF39/2,BA39,"")) | BK35: =IF(BG40=0,"",IF(BG40<BF40/2,BA40,"")) | BL35: =IF(BG41=0,"",IF(BG41<BF41/2,BA41,"")) | BM35: =IF(BG42=0,"",IF(BG42<BF42/2,BA42,"")) | BN35: =IF(BG43=0,"",IF(BG43<BF43/2,BA43,"")) | BS35: =BV29*0.85 -> 142.8 | BT35: ممتاز
B36: ='الفترة الاولى'!$K$8 -> الكتابة (الخط والاملاء والخط ) | C36: ='الفترة الاولى'!$M$8 -> 2 | D36: =C36*40 -> 80 | E36: =D36*0.5 -> 40 | F36: =D36*0.3 -> 24 | G36: =D36*0.15 -> 12 | H36: =IFERROR(VLOOKUP(J29,بيان,8,0),0) -> 10 | I36: =IFERROR(VLOOKUP(J29,بيان,9,0),0) -> 11 | S36: ='الفترة الاولى'!$K$8 -> الكتابة (الخط والاملاء والخط ) | T36: ='الفترة الاولى'!$M$8 -> 2 | U36: =T36*40 -> 80 | V36: =U36*0.5 -> 40 | W36: =U36*0.3 -> 24 | X36: =U36*0.15 -> 12 | Y36: =IFERROR(VLOOKUP(AA29,بيان,8,0),0) -> 7 | Z36: =IFERROR(VLOOKUP(AA29,بيان,9,0),0) -> 8 | AJ36: ='الفترة الاولى'!$K$8 -> الكتابة (الخط والاملاء والخط ) | AK36: ='الفترة الاولى'!$M$8 -> 2 | AL36: =AK36*40 -> 80 | AM36: =AL36*0.5 -> 40 | AN36: =AL36*0.3 -> 24 | AO36: =AL36*0.15 -> 12 | AP36: =IFERROR(VLOOKUP(AR29,بيان,8,0),0) -> 7 | AQ36: =IFERROR(VLOOKUP(AR29,بيان,9,0),0) -> 10 | BA36: ='الفترة الاولى'!$K$8 -> الكتابة (الخط والاملاء والخط ) | BB36: ='الفترة الاولى'!$M$8 -> 2 | BC36: =BB36*40 -> 80 | BD36: =BC36*0.5 -> 40 | BE36: =BC36*0.3 -> 24 | BF36: =BC36*0.15 -> 12 | BG36: =IFERROR(VLOOKUP(BI29,بيان,8,0),0) -> 0 | BH36: =IFERROR(VLOOKUP(BI29,بيان,9,0),0) -> أقر أنا
B37: ='الفترة الاولى'!$N$8 -> الإنجليزي | C37: ='الفترة الاولى'!$P$8 -> 4 | D37: =C37*40 -> 160 | E37: =D37*0.5 -> 80 | F37: =D37*0.3 -> 48 | G37: =D37*0.15 -> 24 | H37: =IFERROR(VLOOKUP(J29,بيان,11,0),0) -> 24 | I37: =IFERROR(VLOOKUP(J29,بيان,12,0),0) -> 24 | K37: يعتمد مدير المدرسة | S37: ='الفترة الاولى'!$N$8 -> الإنجليزي | T37: ='الفترة الاولى'!$P$8 -> 4 | U37: =T37*40 -> 160 | V37: =U37*0.5 -> 80 | W37: =U37*0.3 -> 48 | X37: =U37*0.15 -> 24 | Y37: =IFERROR(VLOOKUP(AA29,بيان,11,0),0) -> 22 | Z37: =IFERROR(VLOOKUP(AA29,بيان,12,0),0) -> 22 | AB37: يعتمد مدير المدرسة | AJ37: ='الفترة الاولى'!$N$8 -> الإنجليزي | AK37: ='الفترة الاولى'!$P$8 -> 4 | AL37: =AK37*40 -> 160 | AM37: =AL37*0.5 -> 80 | AN37: =AL37*0.3 -> 48 | AO37: =AL37*0.15 -> 24 | AP37: =IFERROR(VLOOKUP(AR29,بيان,11,0),0) -> 19 | AQ37: =IFERROR(VLOOKUP(AR29,بيان,12,0),0) -> 19 | AS37: يعتمد مدير المدرسة | BA37: ='الفترة الاولى'!$N$8 -> الإنجليزي | BB37: ='الفترة الاولى'!$P$8 -> 4 | BC37: =BB37*40 -> 160 | BD37: =BC37*0.5 -> 80 | BE37: =BC37*0.3 -> 48 | BF37: =BC37*0.15 -> 24 | BG37: =IFERROR(VLOOKUP(BI29,بيان,11,0),0) -> 0 | BH37: =IFERROR(VLOOKUP(BI29,بيان,12,0),0) -> أ. فهيم عبدالمجيد بوازويتة | BJ37: يعتمد مدير المدرسة
B38: ='الفترة الاولى'!$Q$8 -> الحاسوب | C38: ='الفترة الاولى'!$S$8 -> 2 | D38: =C38*40 -> 80 | E38: =D38*0.5 -> 40 | F38: =D38*0.3 -> 24 | G38: =D38*0.15 -> 12 | H38: =IFERROR(VLOOKUP(J29,بيان,14,0),0) -> 12 | I38: =IFERROR(VLOOKUP(J29,بيان,15,0),0) -> 12 | K38: ='الفترة الاولى'!$CA$16 -> أ. فهيم عبدالمجيد بوازويتة | S38: ='الفترة الاولى'!$Q$8 -> الحاسوب | T38: ='الفترة الاولى'!$S$8 -> 2 | U38: =T38*40 -> 80 | V38: =U38*0.5 -> 40 | W38: =U38*0.3 -> 24 | X38: =U38*0.15 -> 12 | Y38: =IFERROR(VLOOKUP(AA29,بيان,14,0),0) -> 12 | Z38: =IFERROR(VLOOKUP(AA29,بيان,15,0),0) -> 11 | AB38: ='الفترة الاولى'!$CA$16 -> أ. فهيم عبدالمجيد بوازويتة | AJ38: ='الفترة الاولى'!$Q$8 -> الحاسوب | AK38: ='الفترة الاولى'!$S$8 -> 2 | AL38: =AK38*40 -> 80 | AM38: =AL38*0.5 -> 40 | AN38: =AL38*0.3 -> 24 | AO38: =AL38*0.15 -> 12 | AP38: =IFERROR(VLOOKUP(AR29,بيان,14,0),0) -> 12 | AQ38: =IFERROR(VLOOKUP(AR29,بيان,15,0),0) -> 10 | AS38: ='الفترة الاولى'!$CA$16 -> أ. فهيم عبدالمجيد بوازويتة | BA38: ='الفترة الاولى'!$Q$8 -> الحاسوب | BB38: ='الفترة الاولى'!$S$8 -> 2 | BC38: =BB38*40 -> 80 | BD38: =BC38*0.5 -> 40 | BE38: =BC38*0.3 -> 24 | BF38: =BC38*0.15 -> 12 | BG38: =IFERROR(VLOOKUP(BI29,بيان,14,0),0) -> 0 | BH38: =IFERROR(VLOOKUP(BI29,بيان,15,0),0) -> 0 | BJ38: ='الفترة الاولى'!$CA$16 -> أ. فهيم عبدالمجيد بوازويتة
B39: ='الفترة الاولى'!$T$8 -> الرياضيات | C39: ='الفترة الاولى'!$V$8 -> 5 | D39: =C39*40 -> 200 | E39: =D39*0.5 -> 100 | F39: =D39*0.3 -> 60 | G39: =D39*0.15 -> 30 | H39: =IFERROR(VLOOKUP(J29,بيان,17,0),0) -> 22 | I39: =IFERROR(VLOOKUP(J29,بيان,18,0),0) -> 22 | K39: التاريخ | L39: =TODAY() -> 46181 | S39: ='الفترة الاولى'!$T$8 -> الرياضيات | T39: ='الفترة الاولى'!$V$8 -> 5 | U39: =T39*40 -> 200 | V39: =U39*0.5 -> 100 | W39: =U39*0.3 -> 60 | X39: =U39*0.15 -> 30 | Y39: =IFERROR(VLOOKUP(AA29,بيان,17,0),0) -> 12 | Z39: =IFERROR(VLOOKUP(AA29,بيان,18,0),0) -> 20 | AB39: التاريخ | AC39: =TODAY() -> 46181 | AJ39: ='الفترة الاولى'!$T$8 -> الرياضيات | AK39: ='الفترة الاولى'!$V$8 -> 5 | AL39: =AK39*40 -> 200 | AM39: =AL39*0.5 -> 100 | AN39: =AL39*0.3 -> 60 | AO39: =AL39*0.15 -> 30 | AP39: =IFERROR(VLOOKUP(AR29,بيان,17,0),0) -> 15 | AQ39: =IFERROR(VLOOKUP(AR29,بيان,18,0),0) -> 12 | AS39: التاريخ | AT39: =TODAY() -> 46181 | BA39: ='الفترة الاولى'!$T$8 -> الرياضيات | BB39: ='الفترة الاولى'!$V$8 -> 5 | BC39: =BB39*40 -> 200 | BD39: =BC39*0.5 -> 100 | BE39: =BC39*0.3 -> 60 | BF39: =BC39*0.15 -> 30 | BG39: =IFERROR(VLOOKUP(BI29,بيان,17,0),0) -> 0 | BH39: =IFERROR(VLOOKUP(BI29,بيان,18,0),0) -> 0 | BJ39: التاريخ | BK39: =TODAY() -> 46181
B40: ='الفترة الاولى'!$W$8 -> العلوم | C40: ='الفترة الاولى'!$Y$8 -> 5 | D40: =C40*40 -> 200 | E40: =D40*0.5 -> 100 | F40: =D40*0.3 -> 60 | G40: =D40*0.15 -> 30 | H40: =IFERROR(VLOOKUP(J29,بيان,20,0),0) -> 26 | I40: =IFERROR(VLOOKUP(J29,بيان,21,0),0) -> 28 | K40: الختم | S40: ='الفترة الاولى'!$W$8 -> العلوم | T40: ='الفترة الاولى'!$Y$8 -> 5 | U40: =T40*40 -> 200 | V40: =U40*0.5 -> 100 | W40: =U40*0.3 -> 60 | X40: =U40*0.15 -> 30 | Y40: =IFERROR(VLOOKUP(AA29,بيان,20,0),0) -> 20 | Z40: =IFERROR(VLOOKUP(AA29,بيان,21,0),0) -> 20 | AB40: الختم | AJ40: ='الفترة الاولى'!$W$8 -> العلوم | AK40: ='الفترة الاولى'!$Y$8 -> 5 | AL40: =AK40*40 -> 200 | AM40: =AL40*0.5 -> 100 | AN40: =AL40*0.3 -> 60 | AO40: =AL40*0.15 -> 30 | AP40: =IFERROR(VLOOKUP(AR29,بيان,20,0),0) -> 24 | AQ40: =IFERROR(VLOOKUP(AR29,بيان,21,0),0) -> 23 | AS40: الختم | BA40: ='الفترة الاولى'!$W$8 -> العلوم | BB40: ='الفترة الاولى'!$Y$8 -> 5 | BC40: =BB40*40 -> 200 | BD40: =BC40*0.5 -> 100 | BE40: =BC40*0.3 -> 60 | BF40: =BC40*0.15 -> 30 | BG40: =IFERROR(VLOOKUP(BI29,بيان,20,0),0) -> 0 | BH40: =IFERROR(VLOOKUP(BI29,بيان,21,0),0) -> 0 | BJ40: الختم
B41: ='الفترة الاولى'!$Z$8 -> التاريخ | C41: ='الفترة الاولى'!$AB$8 -> 2 | D41: =C41*40 -> 80 | E41: =D41*0.5 -> 40 | F41: =D41*0.3 -> 24 | G41: =D41*0.15 -> 12 | H41: =IFERROR(VLOOKUP(J29,بيان,23,0),0) -> 12 | I41: =IFERROR(VLOOKUP(J29,بيان,24,0),0) -> 11 | K41: الثانية | L41: =IF(I44=0,"",LOOKUP(I44,$BS$4:$BT$8)) -> ممتاز | S41: ='الفترة الاولى'!$Z$8 -> التاريخ | T41: ='الفترة الاولى'!$AB$8 -> 2 | U41: =T41*40 -> 80 | V41: =U41*0.5 -> 40 | W41: =U41*0.3 -> 24 | X41: =U41*0.15 -> 12 | Y41: =IFERROR(VLOOKUP(AA29,بيان,23,0),0) -> 12 | Z41: =IFERROR(VLOOKUP(AA29,بيان,24,0),0) -> 10 | AB41: الثانية | AC41: =IF(Z44=0,"",LOOKUP(Z44,$BS$4:$BT$8)) -> جيد | AJ41: ='الفترة الاولى'!$Z$8 -> التاريخ | AK41: ='الفترة الاولى'!$AB$8 -> 2 | AL41: =AK41*40 -> 80 | AM41: =AL41*0.5 -> 40 | AN41: =AL41*0.3 -> 24 | AO41: =AL41*0.15 -> 12 | AP41: =IFERROR(VLOOKUP(AR29,بيان,23,0),0) -> 12 | AQ41: =IFERROR(VLOOKUP(AR29,بيان,24,0),0) -> 10 | AS41: الثانية | AT41: =IF(AQ44=0,"",LOOKUP(AQ44,$BS$4:$BT$8)) -> جيد | BA41: ='الفترة الاولى'!$Z$8 -> التاريخ | BB41: ='الفترة الاولى'!$AB$8 -> 2 | BC41: =BB41*40 -> 80 | BD41: =BC41*0.5 -> 40 | BE41: =BC41*0.3 -> 24 | BF41: =BC41*0.15 -> 12 | BG41: =IFERROR(VLOOKUP(BI29,بيان,23,0),0) -> 0 | BH41: =IFERROR(VLOOKUP(BI29,بيان,24,0),0) -> 0 | BJ41: الثانية | BK41: =IF(BH44=0,"",LOOKUP(BH44,$BS$4:$BT$8))
B42: ='الفترة الاولى'!$AC$8 -> الجغرافيا | C42: ='الفترة الاولى'!$AE$8 -> 2 | D42: =C42*40 -> 80 | E42: =D42*0.5 -> 40 | F42: =D41*0.3 -> 24 | G42: =D41*0.15 -> 12 | H42: =IFERROR(VLOOKUP(J29,بيان,26,0),0) -> 11 | I42: =IFERROR(VLOOKUP(J29,بيان,27,0),0) -> 12 | K42: =IF(L41<>"ضعيف","","يحتاج الى اهتمام في المواد ") | S42: ='الفترة الاولى'!$AC$8 -> الجغرافيا | T42: ='الفترة الاولى'!$AE$8 -> 2 | U42: =T42*40 -> 80 | V42: =U42*0.5 -> 40 | W42: =U42*0.3 -> 24 | X42: =U42*0.15 -> 12 | Y42: =IFERROR(VLOOKUP(AA29,بيان,26,0),0) -> 10 | Z42: =IFERROR(VLOOKUP(AA29,بيان,27,0),0) -> 11 | AB42: =IF(AC41<>"ضعيف","","يحتاج الى اهتمام في المواد ") | AJ42: ='الفترة الاولى'!$AC$8 -> الجغرافيا | AK42: ='الفترة الاولى'!$AE$8 -> 2 | AL42: =AK42*40 -> 80 | AM42: =AL42*0.5 -> 40 | AN42: =AL42*0.6 -> 48 | AO42: =AL42*0.3 -> 24 | AP42: =IFERROR(VLOOKUP(AR29,بيان,26,0),0) -> 11 | AQ42: =IFERROR(VLOOKUP(AR29,بيان,27,0),0) -> 9 | AS42: =IF(AT41<>"ضعيف","","يحتاج الى اهتمام في المواد ") | BA42: ='الفترة الاولى'!$AC$8 -> الجغرافيا | BB42: ='الفترة الاولى'!$AE$8 -> 2 | BC42: =BB42*40 -> 80 | BD42: =BC42*0.5 -> 40 | BE42: =BC42*0.6 -> 48 | BF42: =BC42*0.3 -> 24 | BG42: =IFERROR(VLOOKUP(BI29,بيان,26,0),0) -> 0 | BH42: =IFERROR(VLOOKUP(BI29,بيان,27,0),0) -> 0 | BJ42: =IF(BK41<>"ضعيف","","يحتاج الى اهتمام في المواد ")
B43: ='الفترة الاولى'!$AF$8 -> 0 | C43: ='الفترة الاولى'!$AH$8 -> 0 | D43: =C43*40 -> 0 | E43: =D43*0.5 -> 0 | F43: =D43*0.6 -> 0 | G43: =D43*0.3 -> 0 | H43: =IFERROR(VLOOKUP(J29,بيان,29,0),0) -> 0 | I43: =IFERROR(VLOOKUP(J29,بيان,30,0),0) -> 0 | K43: =IF(I34=0,"",IF(I34<G34/2,B34,"")) | L43: =IF(I35=0,"",IF(I35<G35/2,B35,"")) | M43: =IF(I36=0,"",IF(I36<G36/2,B36,"")) | N43: =IF(I37=0,"",IF(I37<G37/2,B37,"")) | O43: =IF(I38=0,"",IF(I38<G38/2,B38,"")) | S43: ='الفترة الاولى'!$AF$8 -> 0 | T43: ='الفترة الاولى'!$AH$8 -> 0 | U43: =T43*40 -> 0 | V43: =U43*0.5 -> 0 | W43: =U43*0.6 -> 0 | X43: =U43*0.3 -> 0 | Y43: =IFERROR(VLOOKUP(AA29,بيان,29,0),0) -> 0 | Z43: =IFERROR(VLOOKUP(AA29,بيان,30,0),0) -> 0 | AB43: =IF(Z34=0,"",IF(Z34<X34/2,S34,"")) | AC43: =IF(Z35=0,"",IF(Z35<X35/2,S35,"")) | AD43: =IF(Z36=0,"",IF(Z36<X36/2,S36,"")) | AE43: =IF(Z37=0,"",IF(Z37<X37/2,S37,"")) | AF43: =IF(Z38=0,"",IF(Z38<X38/2,S38,"")) | AJ43: ='الفترة الاولى'!$AF$8 -> 0 | AK43: ='الفترة الاولى'!$AH$8 -> 0 | AL43: =AK43*40 -> 0 | AM43: =AL43*0.5 -> 0 | AN43: =AL43*0.6 -> 0 | AO43: =AL43*0.3 -> 0 | AP43: =IFERROR(VLOOKUP(AR29,بيان,29,0),0) -> 0 | AQ43: =IFERROR(VLOOKUP(AR29,بيان,30,0),0) -> 0 | AS43: =IF(AQ34=0,"",IF(AQ34<AO34/2,AJ34,"")) | AT43: =IF(AQ35=0,"",IF(AQ35<AO35/2,AJ35,"")) | AU43: =IF(AQ36=0,"",IF(AQ36<AO36/2,AJ36,"")) | AV43: =IF(AQ37=0,"",IF(AQ37<AO37/2,AJ37,"")) | AW43: =IF(AQ38=0,"",IF(AQ38<AO38/2,AJ38,"")) | BA43: ='الفترة الاولى'!$AF$8 -> 0 | BB43: ='الفترة الاولى'!$AH$8 -> 0 | BC43: =BB43*40 -> 0 | BD43: =BC43*0.5 -> 0 | BE43: =BC43*0.6 -> 0 | BF43: =BC43*0.3 -> 0 | BG43: =IFERROR(VLOOKUP(BI29,بيان,29,0),0) | BH43: =IFERROR(VLOOKUP(BI29,بيان,30,0),0) -> 0 | BJ43: =IF(BH34=0,"",IF(BH34<BF34/2,BA34,"")) | BK43: =IF(BH35=0,"",IF(BH35<BF35/2,BA35,"")) | BL43: =IF(BH36=0,"",IF(BH36<BF36/2,BA36,"")) | BM43: =IF(BH37=0,"",IF(BH37<BF37/2,BA37,"")) | BN43: =IF(BH38=0,"",IF(BH38<BF38/2,BA38,""))
B44: المجموع | D44: =SUM(D34:D43) -> 1120 | E44: =D44*0.5 -> 560 | G44: =SUM(G34:G43) -> 168 | H44: =SUM(H34:H43) -> 151 | I44: =SUM(I34:I43) -> 154 | K44: =IF(I39=0,"",IF(I39<G39/2,B39,"")) | L44: =IF(I40=0,"",IF(I40<G40/2,B40,"")) | M44: =IF(I41=0,"",IF(I41<G41/2,B41,"")) | N44: =IF(I42=0,"",IF(I42<G42/2,B42,"")) | O44: =IF(I43=0,"",IF(I43<G43/2,B43,"")) | S44: المجموع | U44: =SUM(U34:U43) -> 1120 | V44: =U44*0.5 -> 560 | X44: =SUM(X34:X43) -> 168 | Y44: =SUM(Y34:Y43) -> 123 | Z44: =SUM(Z34:Z43) -> 124 | AB44: =IF(Z39=0,"",IF(Z39<X39/2,S39,"")) | AC44: =IF(Z40=0,"",IF(Z40<X40/2,S40,"")) | AD44: =IF(Z41=0,"",IF(Z41<X41/2,S41,"")) | AE44: =IF(Z42=0,"",IF(Z42<X42/2,S42,"")) | AF44: =IF(Z43=0,"",IF(Z43<X43/2,S43,"")) | AJ44: المجموع | AL44: =SUM(AL34:AL43) -> 1120 | AM44: =AL44*0.5 -> 560 | AO44: =SUM(AO34:AO43) -> 180 | AP44: =SUM(AP34:AP43) -> 128 | AQ44: =SUM(AQ34:AQ43) -> 120 | AS44: =IF(AQ39=0,"",IF(AQ39<AO39/2,AJ39,"")) -> الرياضيات | AT44: =IF(AQ40=0,"",IF(AQ40<AO40/2,AJ40,"")) | AU44: =IF(AQ41=0,"",IF(AQ41<AO41/2,AJ41,"")) | AV44: =IF(AQ42=0,"",IF(AQ42<AO42/2,AJ42,"")) -> الجغرافيا | AW44: =IF(AQ43=0,"",IF(AQ43<AO43/2,AJ43,"")) | BA44: المجموع | BC44: =SUM(BC34:BC43) -> 1120 | BD44: =BC44*0.5 -> 560 | BF44: =SUM(BF34:BF43) -> 180 | BG44: =SUM(BG34:BG43) -> 0 | BH44: =SUM(BH34:BH43) -> 0 | BJ44: =IF(BH39=0,"",IF(BH39<BF39/2,BA39,"")) | BK44: =IF(BH40=0,"",IF(BH40<BF40/2,BA40,"")) | BL44: =IF(BH41=0,"",IF(BH41<BF41/2,BA41,"")) | BM44: =IF(BH42=0,"",IF(BH42<BF42/2,BA42,"")) | BN44: =IF(BH43=0,"",IF(BH43<BF43/2,BA43,""))
B46: الغياب | C46: مشروع | S46: الغياب | T46: مشروع | AJ46: الغياب | AK46: مشروع | BA46: الغياب | BB46: مشروع
C47: غير مشروع | K47: تنبيـــــــــــه | T47: غير مشروع | AB47: تنبيـــــــــــه | AK47: غير مشروع | AS47: تنبيـــــــــــه | BB47: غير مشروع | BJ47: تنبيـــــــــــه
K48: يجب إعطاء هذه البطاقة للتلميذ فىنهاية كل فتـــــرة | AB48: يجب إعطاء هذه البطاقة للتلميذ في نهاية كل فتـــــرة | AS48: يجب إعطاء هذه البطاقة للتلميذ فىنهاية كل فتـــــرة | BJ48: يجب إعطاء هذه البطاقة للتلميذ فىنهاية كل فتـــــرة
B49: التوقيعــــات | D49: الفترة الاول | G49: الفترة الثانيــــــة | S49: التوقيعــــات | U49: الفترة الاول | X49: الفترة الثانيــــــة | AJ49: التوقيعــــات | AL49: الفترة الاول | AO49: الفترة الثانيــــــة | BA49: التوقيعــــات | BC49: الفترة الاول | BF49: الفترة الثانيــــــة
B50: رائــــد الصف | K50: كل كشط أو تغيير في هذه االبطاقة يلغيها | S50: رائــــد الصف | AB50: كل كشط أو تغيير في هذه االبطاقة يلغيها | AJ50: رائــــد الصف | AS50: كل كشط أو تغيير في هذه االبطاقة يلغيها | BA50: رائــــد الصف | BJ50: كل كشط أو تغيير في هذه االبطاقة يلغيها
B51: مدير المدرسة | S51: مدير المدرسة | AJ51: مدير المدرسة | BA51: مدير المدرسة
B52: ولي الأمــــر | S52: ولي الأمــــر | AJ52: ولي الأمــــر | BA52: ولي الأمــــر
B55: بطاقة تقدير بيان للصف ( التاسع ) من التعليم الاساسي | J55: مكتب امتحانات تاجوراء | O55: 21 | S55: بطاقة تقدير بيان للصف ( التاسع ) من التعليم الاساسي | AA55: مكتب امتحانات تاجوراء | AF55: =O55+5 -> 26 | AJ55: بطاقة تقدير بيان للصف ( التاسع ) من التعليم الاساسي | AR55: مكتب امتحانات تاجوراء | AW55: =AF55+5 -> 31 | BA55: بطاقة تقدير بيان للصف ( التاسع ) من التعليم الاساسي | BI55: مكتب امتحانات تاجوراء | BN55: =AW55+5 -> 36 | BV55: =SUM(F61:F70) -> 336
B56: ='الفترة الاولى'!$A$6 -> المدرسة / | C56: ='الفترة الاولى'!$C$6 -> سهول العلم للتعليم الخاص | H56: الاسم | J56: =VLOOKUP(O55,اسم,3,0) -> 0 | S56: ='الفترة الاولى'!$A$6 -> المدرسة / | T56: ='الفترة الاولى'!$C$6 -> سهول العلم للتعليم الخاص | Y56: الاسم | AA56: =VLOOKUP(AF55,اسم,3,0) -> 0 | AJ56: ='الفترة الاولى'!$A$6 -> المدرسة / | AK56: ='الفترة الاولى'!$C$6 -> سهول العلم للتعليم الخاص | AP56: الاسم | AR56: =VLOOKUP(AW55,اسم,3,0) -> 0 | BA56: ='الفترة الاولى'!$A$6 -> المدرسة / | BB56: ='الفترة الاولى'!$C$6 -> سهول العلم للتعليم الخاص | BG56: الاسم | BI56: =VLOOKUP(BN55,اسم,3,0) -> 0 | BV56: =BV55/2 -> 168
B57: العام الدراسي 1445 - 1446 هجرية / الموافق 2024 - 2025 ميلادية | S57: العام الدراسي 1445 - 1446 هجرية / الموافق 2024 - 2025 ميلادية | AJ57: العام الدراسي 1445 - 1446 هجرية / الموافق 2024 - 2025 ميلادية | BA57: العام الدراسي 1445 - 1446 هجرية / الموافق 2024 - 2025 ميلادية
B58: المواد الدراسية المقررة | C58: عدد الحصص | D58: النهايــــات | F58: درجــات الفترتين | K58: ملاحظات عن نتيجة الطالب خلال الفتـــرة | S58: المواد الدراسية المقررة | T58: عدد الحصص | U58: النهايــــات | W58: درجــات الفترتين | AB58: ملاحظات عن نتيجة الطالب خلال الفتـــرة | AJ58: المواد الدراسية المقررة | AK58: عدد الحصص | AL58: النهايــــات | AN58: درجــات الفترتين | AS58: ملاحظات عن نتيجة الطالب خلال الفتـــرة | BA58: المواد الدراسية المقررة | BB58: عدد الحصص | BC58: النهايــــات | BE58: درجــات الفترتين | BJ58: ملاحظات عن نتيجة الطالب خلال الفتـــرة | BS58: 0 | BT58: ضيف
D59: الكبرى | E59: الصغرى | F59: الدرجة المقررة للفترتيــن 30% | G59: الدرجة المقررة للفترة | H59: الفترة الاول | I59: الفترة الثانية | K59: الأولى: | L59: =LOOKUP(H71,$BS$4:$BT$8) -> ضعيف | U59: الكبرى | V59: الصغرى | W59: الدرجة المقررة للفترتيــن 30% | X59: الدرجة المقررة للفترة | Y59: الفترة الاول | Z59: الفترة الثانية | AB59: الأولى: | AC59: =LOOKUP(Y71,$BS$4:$BT$8) -> ضعيف | AL59: الكبرى | AM59: الصغرى | AN59: الدرجة المقررة للفترتيــن 30% | AO59: الدرجة المقررة للفترة | AP59: الفترة الاول | AQ59: الفترة الثانية | AS59: الأولى: | AT59: =LOOKUP(AP71,$BS$4:$BT$8) -> ضعيف | BC59: الكبرى | BD59: الصغرى | BE59: الدرجة المقررة للفترتيــن 30% | BF59: الدرجة المقررة للفترة | BG59: الفترة الاول | BH59: الفترة الثانية | BJ59: الأولى: | BK59: =LOOKUP(BG71,$BS$4:$BT$8) -> ضعيف | BS59: =BV56*0.5 -> 84 | BT59: مقبول
K60: =IF(L59<>"ضعيف","","يحتاج الى اهتمام في المواد ") -> يحتاج الى اهتمام في المواد | AB60: =IF(AC59<>"ضعيف","","يحتاج الى اهتمام في المواد ") -> يحتاج الى اهتمام في المواد | AS60: =IF(AT59<>"ضعيف","","يحتاج الى اهتمام في المواد ") -> يحتاج الى اهتمام في المواد | BJ60: =IF(BK59<>"ضعيف","","يحتاج الى اهتمام في المواد ") -> يحتاج الى اهتمام في المواد | BS60: =BV56*0.65 -> 109.2 | BT60: جيد
B61: ='الفترة الاولى'!$E$8 -> التربية الإسلامية | C61: ='الفترة الاولى'!$G$8 -> 2 | D61: =C61*40 -> 80 | E61: =D61*0.5 -> 40 | F61: =D61*0.3 -> 24 | G61: =D61*0.15 -> 12 | H61: =IFERROR(VLOOKUP(J56,بيان,2,0),0) -> 0 | I61: =IFERROR(VLOOKUP(J56,بيان,3,0),0) -> 0 | K61: =IF(H61=0,"",IF(H61<G61/2,B61,"")) | L61: =IF(H62=0,"",IF(H62<G62/2,B62,"")) | M61: =IF(H63=0,"",IF(H63<G63/2,B63,"")) | N61: =IF(H64=0,"",IF(H64<G64/2,B64,"")) | O61: =IF(H65=0,"",IF(H65<G65/2,B65,"")) | S61: ='الفترة الاولى'!$E$8 -> التربية الإسلامية | T61: ='الفترة الاولى'!$G$8 -> 2 | U61: =T61*40 -> 80 | V61: =U61*0.5 -> 40 | W61: =U61*0.3 -> 24 | X61: =U61*0.15 -> 12 | Y61: =IFERROR(VLOOKUP(AA56,بيان,2,0),0) -> 0 | Z61: =IFERROR(VLOOKUP(AA56,بيان,3,0),0) -> 0 | AB61: =IF(Y61=0,"",IF(Y61<X61/2,S61,"")) | AC61: =IF(Y62=0,"",IF(Y62<X62/2,S62,"")) | AD61: =IF(Y63=0,"",IF(Y63<X63/2,S63,"")) | AE61: =IF(Y64=0,"",IF(Y64<X64/2,S64,"")) | AF61: =IF(Y65=0,"",IF(Y65<X65/2,S65,"")) | AJ61: ='الفترة الاولى'!$E$8 -> التربية الإسلامية | AK61: ='الفترة الاولى'!$G$8 -> 2 | AL61: =AK61*40 -> 80 | AM61: =AL61*0.5 -> 40 | AN61: =AL61*0.3 -> 24 | AO61: =AL61*0.15 -> 12 | AP61: =IFERROR(VLOOKUP(AR56,بيان,2,0),0) -> 0 | AQ61: =IFERROR(VLOOKUP(AR56,بيان,3,0),0) -> 0 | AS61: =IF(AP61=0,"",IF(AP61<AO61/2,AJ61,"")) | AT61: =IF(AP62=0,"",IF(AP62<AO62/2,AJ62,"")) | AU61: =IF(AP63=0,"",IF(AP63<AO63/2,AJ63,"")) | AV61: =IF(AP64=0,"",IF(AP64<AO64/2,AJ64,"")) | AW61: =IF(AP65=0,"",IF(AP65<AO65/2,AJ65,"")) | BA61: ='الفترة الاولى'!$E$8 -> التربية الإسلامية | BB61: ='الفترة الاولى'!$G$8 -> 2 | BC61: =BB61*40 -> 80 | BD61: =BC61*0.5 -> 40 | BE61: =BC61*0.3 -> 24 | BF61: =BC61*0.15 -> 12 | BG61: =IFERROR(VLOOKUP(BI56,بيان,2,0),0) -> 0 | BH61: =IFERROR(VLOOKUP(BI56,بيان,3,0),0) -> 0 | BJ61: =IF(BG61=0,"",IF(BG61<BF61/2,BA61,"")) | BK61: =IF(BG62=0,"",IF(BG62<BF62/2,BA62,"")) | BL61: =IF(BG63=0,"",IF(BG63<BF63/2,BA63,"")) | BM61: =IF(BG64=0,"",IF(BG64<BF64/2,BA64,"")) | BN61: =IF(BG65=0,"",IF(BG65<BF65/2,BA65,"")) | BS61: =BV56*0.75 -> 126 | BT61: جيدجداً
B62: ='الفترة الاولى'!$H$8 -> النحو والقراءة والنصوص | C62: ='الفترة الاولى'!$J$8 -> 4 | D62: =C62*40 -> 160 | E62: =D62*0.5 -> 80 | F62: =D62*0.3 -> 48 | G62: =D62*0.15 -> 24 | H62: =IFERROR(VLOOKUP(J56,بيان,5,0),0) -> 0 | I62: =IFERROR(VLOOKUP(J56,بيان,6,0),0) -> 0 | K62: =IF(H66=0,"",IF(H66<G66/2,B66,"")) | L62: =IF(H67=0,"",IF(H67<G67/2,B67,"")) | M62: =IF(H68=0,"",IF(H68<G68/2,B68,"")) | N62: =IF(H69=0,"",IF(H69<G69/2,B69,"")) | O62: =IF(H70=0,"",IF(H70<G70/2,B70,"")) | S62: ='الفترة الاولى'!$H$8 -> النحو والقراءة والنصوص | T62: ='الفترة الاولى'!$J$8 -> 4 | U62: =T62*40 -> 160 | V62: =U62*0.5 -> 80 | W62: =U62*0.3 -> 48 | X62: =U62*0.15 -> 24 | Y62: =IFERROR(VLOOKUP(AA56,بيان,5,0),0) -> 0 | Z62: =IFERROR(VLOOKUP(AA56,بيان,6,0),0) -> 0 | AB62: =IF(Y66=0,"",IF(Y66<X66/2,S66,"")) | AC62: =IF(Y67=0,"",IF(Y67<X67/2,S67,"")) | AD62: =IF(Y68=0,"",IF(Y68<X68/2,S68,"")) | AE62: =IF(Y69=0,"",IF(Y69<X69/2,S69,"")) | AF62: =IF(Y70=0,"",IF(Y70<X70/2,S70,"")) | AJ62: ='الفترة الاولى'!$H$8 -> النحو والقراءة والنصوص | AK62: ='الفترة الاولى'!$J$8 -> 4 | AL62: =AK62*40 -> 160 | AM62: =AL62*0.5 -> 80 | AN62: =AL62*0.3 -> 48 | AO62: =AL62*0.15 -> 24 | AP62: =IFERROR(VLOOKUP(AR56,بيان,5,0),0) -> 0 | AQ62: =IFERROR(VLOOKUP(AR56,بيان,6,0),0) -> 0 | AS62: =IF(AP66=0,"",IF(AP66<AO66/2,AJ66,"")) | AT62: =IF(AP67=0,"",IF(AP67<AO67/2,AJ67,"")) | AU62: =IF(AP68=0,"",IF(AP68<AO68/2,AJ68,"")) | AV62: =IF(AP69=0,"",IF(AP69<AO69/2,AJ69,"")) | AW62: =IF(AP70=0,"",IF(AP70<AO70/2,AJ70,"")) | BA62: ='الفترة الاولى'!$H$8 -> النحو والقراءة والنصوص | BB62: ='الفترة الاولى'!$J$8 -> 4 | BC62: =BB62*40 -> 160 | BD62: =BC62*0.5 -> 80 | BE62: =BC62*0.3 -> 48 | BF62: =BC62*0.15 -> 24 | BG62: =IFERROR(VLOOKUP(BI56,بيان,5,0),0) -> 0 | BH62: =IFERROR(VLOOKUP(BI56,بيان,6,0),0) -> 0 | BJ62: =IF(BG66=0,"",IF(BG66<BF66/2,BA66,"")) | BK62: =IF(BG67=0,"",IF(BG67<BF67/2,BA67,"")) | BL62: =IF(BG68=0,"",IF(BG68<BF68/2,BA68,"")) | BM62: =IF(BG69=0,"",IF(BG69<BF69/2,BA69,"")) | BN62: =IF(BG70=0,"",IF(BG70<BF70/2,BA70,"")) | BS62: =BV56*0.85 -> 142.8 | BT62: ممتاز
B63: ='الفترة الاولى'!$K$8 -> الكتابة (الخط والاملاء والخط ) | C63: ='الفترة الاولى'!$M$8 -> 2 | D63: =C63*40 -> 80 | E63: =D63*0.5 -> 40 | F63: =D63*0.3 -> 24 | G63: =D63*0.15 -> 12 | H63: =IFERROR(VLOOKUP(J56,بيان,8,0),0) -> 0 | I63: =IFERROR(VLOOKUP(J56,بيان,9,0),0) -> أقر أنا | S63: ='الفترة الاولى'!$K$8 -> الكتابة (الخط والاملاء والخط ) | T63: ='الفترة الاولى'!$M$8 -> 2 | U63: =T63*40 -> 80 | V63: =U63*0.5 -> 40 | W63: =U63*0.3 -> 24 | X63: =U63*0.15 -> 12 | Y63: =IFERROR(VLOOKUP(AA56,بيان,8,0),0) -> 0 | Z63: =IFERROR(VLOOKUP(AA56,بيان,9,0),0) -> أقر أنا | AJ63: ='الفترة الاولى'!$K$8 -> الكتابة (الخط والاملاء والخط ) | AK63: ='الفترة الاولى'!$M$8 -> 2 | AL63: =AK63*40 -> 80 | AM63: =AL63*0.5 -> 40 | AN63: =AL63*0.3 -> 24 | AO63: =AL63*0.15 -> 12 | AP63: =IFERROR(VLOOKUP(AR56,بيان,8,0),0) -> 0 | AQ63: =IFERROR(VLOOKUP(AR56,بيان,9,0),0) -> أقر أنا | BA63: ='الفترة الاولى'!$K$8 -> الكتابة (الخط والاملاء والخط ) | BB63: ='الفترة الاولى'!$M$8 -> 2 | BC63: =BB63*40 -> 80 | BD63: =BC63*0.5 -> 40 | BE63: =BC63*0.3 -> 24 | BF63: =BC63*0.15 -> 12 | BG63: =IFERROR(VLOOKUP(BI56,بيان,8,0),0) -> 0 | BH63: =IFERROR(VLOOKUP(BI56,بيان,9,0),0) -> أقر أنا
B64: ='الفترة الاولى'!$N$8 -> الإنجليزي | C64: ='الفترة الاولى'!$P$8 -> 4 | D64: =C64*40 -> 160 | E64: =D64*0.5 -> 80 | F64: =D64*0.3 -> 48 | G64: =D64*0.15 -> 24 | H64: =IFERROR(VLOOKUP(J56,بيان,11,0),0) -> 0 | I64: =IFERROR(VLOOKUP(J56,بيان,12,0),0) -> أ. فهيم عبدالمجيد بوازويتة | K64: يعتمد مدير المدرسة | S64: ='الفترة الاولى'!$N$8 -> الإنجليزي | T64: ='الفترة الاولى'!$P$8 -> 4 | U64: =T64*40 -> 160 | V64: =U64*0.5 -> 80 | W64: =U64*0.3 -> 48 | X64: =U64*0.15 -> 24 | Y64: =IFERROR(VLOOKUP(AA56,بيان,11,0),0) -> 0 | Z64: =IFERROR(VLOOKUP(AA56,بيان,12,0),0) -> أ. فهيم عبدالمجيد بوازويتة | AB64: يعتمد مدير المدرسة | AJ64: ='الفترة الاولى'!$N$8 -> الإنجليزي | AK64: ='الفترة الاولى'!$P$8 -> 4 | AL64: =AK64*40 -> 160 | AM64: =AL64*0.5 -> 80 | AN64: =AL64*0.3 -> 48 | AO64: =AL64*0.15 -> 24 | AP64: =IFERROR(VLOOKUP(AR56,بيان,11,0),0) -> 0 | AQ64: =IFERROR(VLOOKUP(AR56,بيان,12,0),0) -> أ. فهيم عبدالمجيد بوازويتة | AS64: يعتمد مدير المدرسة | BA64: ='الفترة الاولى'!$N$8 -> الإنجليزي | BB64: ='الفترة الاولى'!$P$8 -> 4 | BC64: =BB64*40 -> 160 | BD64: =BC64*0.5 -> 80 | BE64: =BC64*0.3 -> 48 | BF64: =BC64*0.15 -> 24 | BG64: =IFERROR(VLOOKUP(BI56,بيان,11,0),0) -> 0 | BH64: =IFERROR(VLOOKUP(BI56,بيان,12,0),0) -> أ. فهيم عبدالمجيد بوازويتة | BJ64: يعتمد مدير المدرسة
B65: ='الفترة الاولى'!$Q$8 -> الحاسوب | C65: ='الفترة الاولى'!$S$8 -> 2 | D65: =C65*40 -> 80 | E65: =D65*0.5 -> 40 | F65: =D65*0.3 -> 24 | G65: =D65*0.15 -> 12 | H65: =IFERROR(VLOOKUP(J56,بيان,14,0),0) -> 0 | I65: =IFERROR(VLOOKUP(J56,بيان,15,0),0) -> 0 | K65: ='الفترة الاولى'!$CA$16 -> أ. فهيم عبدالمجيد بوازويتة | S65: ='الفترة الاولى'!$Q$8 -> الحاسوب | T65: ='الفترة الاولى'!$S$8 -> 2 | U65: =T65*40 -> 80 | V65: =U65*0.5 -> 40 | W65: =U65*0.3 -> 24 | X65: =U65*0.15 -> 12 | Y65: =IFERROR(VLOOKUP(AA56,بيان,14,0),0) -> 0 | Z65: =IFERROR(VLOOKUP(AA56,بيان,15,0),0) -> 0 | AB65: ='الفترة الاولى'!$CA$16 -> أ. فهيم عبدالمجيد بوازويتة | AJ65: ='الفترة الاولى'!$Q$8 -> الحاسوب | AK65: ='الفترة الاولى'!$S$8 -> 2 | AL65: =AK65*40 -> 80 | AM65: =AL65*0.5 -> 40 | AN65: =AL65*0.3 -> 24 | AO65: =AL65*0.15 -> 12 | AP65: =IFERROR(VLOOKUP(AR56,بيان,14,0),0) -> 0 | AQ65: =IFERROR(VLOOKUP(AR56,بيان,15,0),0) -> 0 | AS65: ='الفترة الاولى'!$CA$16 -> أ. فهيم عبدالمجيد بوازويتة | BA65: ='الفترة الاولى'!$Q$8 -> الحاسوب | BB65: ='الفترة الاولى'!$S$8 -> 2 | BC65: =BB65*40 -> 80 | BD65: =BC65*0.5 -> 40 | BE65: =BC65*0.3 -> 24 | BF65: =BC65*0.15 -> 12 | BG65: =IFERROR(VLOOKUP(BI56,بيان,14,0),0) -> 0 | BH65: =IFERROR(VLOOKUP(BI56,بيان,15,0),0) -> 0 | BJ65: ='الفترة الاولى'!$CA$16 -> أ. فهيم عبدالمجيد بوازويتة
B66: ='الفترة الاولى'!$T$8 -> الرياضيات | C66: ='الفترة الاولى'!$V$8 -> 5 | D66: =C66*40 -> 200 | E66: =D66*0.5 -> 100 | F66: =D66*0.3 -> 60 | G66: =D66*0.15 -> 30 | H66: =IFERROR(VLOOKUP(J56,بيان,17,0),0) -> 0 | I66: =IFERROR(VLOOKUP(J56,بيان,18,0),0) -> 0 | K66: التاريخ | L66: =TODAY() -> 46181 | S66: ='الفترة الاولى'!$T$8 -> الرياضيات | T66: ='الفترة الاولى'!$V$8 -> 5 | U66: =T66*40 -> 200 | V66: =U66*0.5 -> 100 | W66: =U66*0.3 -> 60 | X66: =U66*0.15 -> 30 | Y66: =IFERROR(VLOOKUP(AA56,بيان,17,0),0) -> 0 | Z66: =IFERROR(VLOOKUP(AA56,بيان,18,0),0) -> 0 | AB66: التاريخ | AC66: =TODAY() -> 46181 | AJ66: ='الفترة الاولى'!$T$8 -> الرياضيات | AK66: ='الفترة الاولى'!$V$8 -> 5 | AL66: =AK66*40 -> 200 | AM66: =AL66*0.5 -> 100 | AN66: =AL66*0.3 -> 60 | AO66: =AL66*0.15 -> 30 | AP66: =IFERROR(VLOOKUP(AR56,بيان,17,0),0) -> 0 | AQ66: =IFERROR(VLOOKUP(AR56,بيان,18,0),0) -> 0 | AS66: التاريخ | AT66: =TODAY() -> 46181 | BA66: ='الفترة الاولى'!$T$8 -> الرياضيات | BB66: ='الفترة الاولى'!$V$8 -> 5 | BC66: =BB66*40 -> 200 | BD66: =BC66*0.5 -> 100 | BE66: =BC66*0.3 -> 60 | BF66: =BC66*0.15 -> 30 | BG66: =IFERROR(VLOOKUP(BI56,بيان,17,0),0) -> 0 | BH66: =IFERROR(VLOOKUP(BI56,بيان,18,0),0) -> 0 | BJ66: التاريخ | BK66: =TODAY() -> 46181
B67: ='الفترة الاولى'!$W$8 -> العلوم | C67: ='الفترة الاولى'!$Y$8 -> 5 | D67: =C67*40 -> 200 | E67: =D67*0.5 -> 100 | F67: =D67*0.3 -> 60 | G67: =D67*0.15 -> 30 | H67: =IFERROR(VLOOKUP(J56,بيان,20,0),0) -> 0 | I67: =IFERROR(VLOOKUP(J56,بيان,21,0),0) -> 0 | K67: الختم | S67: ='الفترة الاولى'!$W$8 -> العلوم | T67: ='الفترة الاولى'!$Y$8 -> 5 | U67: =T67*40 -> 200 | V67: =U67*0.5 -> 100 | W67: =U67*0.3 -> 60 | X67: =U67*0.15 -> 30 | Y67: =IFERROR(VLOOKUP(AA56,بيان,20,0),0) -> 0 | Z67: =IFERROR(VLOOKUP(AA56,بيان,21,0),0) -> 0 | AB67: الختم | AJ67: ='الفترة الاولى'!$W$8 -> العلوم | AK67: ='الفترة الاولى'!$Y$8 -> 5 | AL67: =AK67*40 -> 200 | AM67: =AL67*0.5 -> 100 | AN67: =AL67*0.3 -> 60 | AO67: =AL67*0.15 -> 30 | AP67: =IFERROR(VLOOKUP(AR56,بيان,20,0),0) -> 0 | AQ67: =IFERROR(VLOOKUP(AR56,بيان,21,0),0) -> 0 | AS67: الختم | BA67: ='الفترة الاولى'!$W$8 -> العلوم | BB67: ='الفترة الاولى'!$Y$8 -> 5 | BC67: =BB67*40 -> 200 | BD67: =BC67*0.5 -> 100 | BE67: =BC67*0.3 -> 60 | BF67: =BC67*0.15 -> 30 | BG67: =IFERROR(VLOOKUP(BI56,بيان,20,0),0) -> 0 | BH67: =IFERROR(VLOOKUP(BI56,بيان,21,0),0) -> 0 | BJ67: الختم
B68: ='الفترة الاولى'!$Z$8 -> التاريخ | C68: ='الفترة الاولى'!$AB$8 -> 2 | D68: =C68*40 -> 80 | E68: =D68*0.5 -> 40 | F68: =D68*0.3 -> 24 | G68: =D68*0.15 -> 12 | H68: =IFERROR(VLOOKUP(J56,بيان,23,0),0) -> 0 | I68: =IFERROR(VLOOKUP(J56,بيان,24,0),0) -> 0 | K68: الثانية | L68: =IF(I71=0,"",LOOKUP(I71,$BS$4:$BT$8)) | S68: ='الفترة الاولى'!$Z$8 -> التاريخ | T68: ='الفترة الاولى'!$AB$8 -> 2 | U68: =T68*40 -> 80 | V68: =U68*0.5 -> 40 | W68: =U68*0.3 -> 24 | X68: =U68*0.15 -> 12 | Y68: =IFERROR(VLOOKUP(AA56,بيان,23,0),0) -> 0 | Z68: =IFERROR(VLOOKUP(AA56,بيان,24,0),0) -> 0 | AB68: الثانية | AC68: =IF(Z71=0,"",LOOKUP(Z71,$BS$4:$BT$8)) | AJ68: ='الفترة الاولى'!$Z$8 -> التاريخ | AK68: ='الفترة الاولى'!$AB$8 -> 2 | AL68: =AK68*40 -> 80 | AM68: =AL68*0.5 -> 40 | AN68: =AL68*0.3 -> 24 | AO68: =AL68*0.15 -> 12 | AP68: =IFERROR(VLOOKUP(AR56,بيان,23,0),0) -> 0 | AQ68: =IFERROR(VLOOKUP(AR56,بيان,24,0),0) -> 0 | AS68: الثانية | AT68: =IF(AQ71=0,"",LOOKUP(AQ71,$BS$4:$BT$8)) | BA68: ='الفترة الاولى'!$Z$8 -> التاريخ | BB68: ='الفترة الاولى'!$AB$8 -> 2 | BC68: =BB68*40 -> 80 | BD68: =BC68*0.5 -> 40 | BE68: =BC68*0.3 -> 24 | BF68: =BC68*0.15 -> 12 | BG68: =IFERROR(VLOOKUP(BI56,بيان,23,0),0) -> 0 | BH68: =IFERROR(VLOOKUP(BI56,بيان,24,0),0) -> 0 | BJ68: الثانية | BK68: =IF(BH71=0,"",LOOKUP(BH71,$BS$4:$BT$8))
B69: ='الفترة الاولى'!$AC$8 -> الجغرافيا | C69: ='الفترة الاولى'!$AE$8 -> 2 | D69: =C69*40 -> 80 | E69: =D69*0.5 -> 40 | F69: =D68*0.3 -> 24 | G69: =D68*0.15 -> 12 | H69: =IFERROR(VLOOKUP(J56,بيان,26,0),0) -> 0 | I69: =IFERROR(VLOOKUP(J56,بيان,27,0),0) -> 0 | K69: =IF(L68<>"ضعيف","","يحتاج الى اهتمام في المواد ") | S69: ='الفترة الاولى'!$AC$8 -> الجغرافيا | T69: ='الفترة الاولى'!$AE$8 -> 2 | U69: =T69*40 -> 80 | V69: =U69*0.5 -> 40 | W69: =U68*0.3 -> 24 | X69: =U68*0.15 -> 12 | Y69: =IFERROR(VLOOKUP(AA56,بيان,26,0),0) -> 0 | Z69: =IFERROR(VLOOKUP(AA56,بيان,27,0),0) -> 0 | AB69: =IF(AC68<>"ضعيف","","يحتاج الى اهتمام في المواد ") | AJ69: ='الفترة الاولى'!$AC$8 -> الجغرافيا | AK69: ='الفترة الاولى'!$AE$8 -> 2 | AL69: =AK69*40 -> 80 | AM69: =AL69*0.5 -> 40 | AN69: =AL69*0.6 -> 48 | AO69: =AL69*0.3 -> 24 | AP69: =IFERROR(VLOOKUP(AR56,بيان,26,0),0) -> 0 | AQ69: =IFERROR(VLOOKUP(AR56,بيان,27,0),0) -> 0 | AS69: =IF(AT68<>"ضعيف","","يحتاج الى اهتمام في المواد ") | BA69: ='الفترة الاولى'!$AC$8 -> الجغرافيا | BB69: ='الفترة الاولى'!$AE$8 -> 2 | BC69: =BB69*40 -> 80 | BD69: =BC69*0.5 -> 40 | BE69: =BC69*0.6 -> 48 | BF69: =BC69*0.3 -> 24 | BG69: =IFERROR(VLOOKUP(BI56,بيان,26,0),0) -> 0 | BH69: =IFERROR(VLOOKUP(BI56,بيان,27,0),0) -> 0 | BJ69: =IF(BK68<>"ضعيف","","يحتاج الى اهتمام في المواد ")
B70: ='الفترة الاولى'!$AF$8 -> 0 | C70: ='الفترة الاولى'!$AH$8 -> 0 | D70: =C70*40 -> 0 | E70: =D70*0.5 -> 0 | F70: =D70*0.6 -> 0 | G70: =D70*0.3 -> 0 | H70: =IFERROR(VLOOKUP(J56,بيان,29,0),0) | I70: =IFERROR(VLOOKUP(J56,بيان,30,0),0) -> 0 | K70: =IF(I61=0,"",IF(I61<G61/2,B61,"")) | L70: =IF(I62=0,"",IF(I62<G62/2,B62,"")) | M70: =IF(I63=0,"",IF(I63<G63/2,B63,"")) | N70: =IF(I64=0,"",IF(I64<G64/2,B64,"")) | O70: =IF(I65=0,"",IF(I65<G65/2,B65,"")) | S70: ='الفترة الاولى'!$AF$8 -> 0 | T70: ='الفترة الاولى'!$AH$8 -> 0 | U70: =T70*40 -> 0 | V70: =U70*0.5 -> 0 | W70: =U70*0.6 -> 0 | X70: =U70*0.3 -> 0 | Y70: =IFERROR(VLOOKUP(AA56,بيان,29,0),0) | Z70: =IFERROR(VLOOKUP(AA56,بيان,30,0),0) -> 0 | AB70: =IF(Z61=0,"",IF(Z61<X61/2,S61,"")) | AC70: =IF(Z62=0,"",IF(Z62<X62/2,S62,"")) | AD70: =IF(Z63=0,"",IF(Z63<X63/2,S63,"")) | AE70: =IF(Z64=0,"",IF(Z64<X64/2,S64,"")) | AF70: =IF(Z65=0,"",IF(Z65<X65/2,S65,"")) | AJ70: ='الفترة الاولى'!$AF$8 -> 0 | AK70: ='الفترة الاولى'!$AH$8 -> 0 | AL70: =AK70*40 -> 0 | AM70: =AL70*0.5 -> 0 | AN70: =AL70*0.6 -> 0 | AO70: =AL70*0.3 -> 0 | AP70: =IFERROR(VLOOKUP(AR56,بيان,29,0),0) | AQ70: =IFERROR(VLOOKUP(AR56,بيان,30,0),0) -> 0 | AS70: =IF(AQ61=0,"",IF(AQ61<AO61/2,AJ61,"")) | AT70: =IF(AQ62=0,"",IF(AQ62<AO62/2,AJ62,"")) | AU70: =IF(AQ63=0,"",IF(AQ63<AO63/2,AJ63,"")) | AV70: =IF(AQ64=0,"",IF(AQ64<AO64/2,AJ64,"")) | AW70: =IF(AQ65=0,"",IF(AQ65<AO65/2,AJ65,"")) | BA70: ='الفترة الاولى'!$AF$8 -> 0 | BB70: ='الفترة الاولى'!$AH$8 -> 0 | BC70: =BB70*40 -> 0 | BD70: =BC70*0.5 -> 0 | BE70: =BC70*0.6 -> 0 | BF70: =BC70*0.3 -> 0 | BG70: =IFERROR(VLOOKUP(BI56,بيان,29,0),0) | BH70: =IFERROR(VLOOKUP(BI56,بيان,30,0),0) -> 0 | BJ70: =IF(BH61=0,"",IF(BH61<BF61/2,BA61,"")) | BK70: =IF(BH62=0,"",IF(BH62<BF62/2,BA62,"")) | BL70: =IF(BH63=0,"",IF(BH63<BF63/2,BA63,"")) | BM70: =IF(BH64=0,"",IF(BH64<BF64/2,BA64,"")) | BN70: =IF(BH65=0,"",IF(BH65<BF65/2,BA65,""))
B71: المجموع | D71: =SUM(D61:D70) -> 1120 | E71: =D71*0.5 -> 560 | G71: =SUM(G61:G70) -> 168 | H71: =SUM(H61:H70) -> 0 | I71: =SUM(I61:I70) -> 0 | K71: =IF(I66=0,"",IF(I66<G66/2,B66,"")) | L71: =IF(I67=0,"",IF(I67<G67/2,B67,"")) | M71: =IF(I68=0,"",IF(I68<G68/2,B68,"")) | N71: =IF(I69=0,"",IF(I69<G69/2,B69,"")) | O71: =IF(I70=0,"",IF(I70<G70/2,B70,"")) | S71: المجموع | U71: =SUM(U61:U70) -> 1120 | V71: =U71*0.5 -> 560 | X71: =SUM(X61:X70) -> 168 | Y71: =SUM(Y61:Y70) -> 0 | Z71: =SUM(Z61:Z70) -> 0 | AB71: =IF(Z66=0,"",IF(Z66<X66/2,S66,"")) | AC71: =IF(Z67=0,"",IF(Z67<X67/2,S67,"")) | AD71: =IF(Z68=0,"",IF(Z68<X68/2,S68,"")) | AE71: =IF(Z69=0,"",IF(Z69<X69/2,S69,"")) | AF71: =IF(Z70=0,"",IF(Z70<X70/2,S70,"")) | AJ71: المجموع | AL71: =SUM(AL61:AL70) -> 1120 | AM71: =AL71*0.5 -> 560 | AO71: =SUM(AO61:AO70) -> 180 | AP71: =SUM(AP61:AP70) -> 0 | AQ71: =SUM(AQ61:AQ70) -> 0 | AS71: =IF(AQ66=0,"",IF(AQ66<AO66/2,AJ66,"")) | AT71: =IF(AQ67=0,"",IF(AQ67<AO67/2,AJ67,"")) | AU71: =IF(AQ68=0,"",IF(AQ68<AO68/2,AJ68,"")) | AV71: =IF(AQ69=0,"",IF(AQ69<AO69/2,AJ69,"")) | AW71: =IF(AQ70=0,"",IF(AQ70<AO70/2,AJ70,"")) | BA71: المجموع | BC71: =SUM(BC61:BC70) -> 1120 | BD71: =BC71*0.5 -> 560 | BF71: =SUM(BF61:BF70) -> 180 | BG71: =SUM(BG61:BG70) -> 0 | BH71: =SUM(BH61:BH70) -> 0 | BJ71: =IF(BH66=0,"",IF(BH66<BF66/2,BA66,"")) | BK71: =IF(BH67=0,"",IF(BH67<BF67/2,BA67,"")) | BL71: =IF(BH68=0,"",IF(BH68<BF68/2,BA68,"")) | BM71: =IF(BH69=0,"",IF(BH69<BF69/2,BA69,"")) | BN71: =IF(BH70=0,"",IF(BH70<BF70/2,BA70,""))
B73: الغياب | C73: مشروع | S73: الغياب | T73: مشروع | AJ73: الغياب | AK73: مشروع | BA73: الغياب | BB73: مشروع
C74: غير مشروع | K74: تنبيـــــــــــه | T74: غير مشروع | AB74: تنبيـــــــــــه | AK74: غير مشروع | AS74: تنبيـــــــــــه | BB74: غير مشروع | BJ74: تنبيـــــــــــه
K75: يجب إعطاء هذه البطاقة للتلميذ فىنهاية كل فتـــــرة | AB75: يجب إعطاء هذه البطاقة للتلميذ فىنهاية كل فتـــــرة | AS75: يجب إعطاء هذه البطاقة للتلميذ فىنهاية كل فتـــــرة | BJ75: يجب إعطاء هذه البطاقة للتلميذ فىنهاية كل فتـــــرة
B76: التوقيعــــات | D76: الفترة الاول | G76: الفترة الثانيــــــة | S76: التوقيعــــات | U76: الفترة الاول | X76: الفترة الثانيــــــة | AJ76: التوقيعــــات | AL76: الفترة الاول | AO76: الفترة الثانيــــــة | BA76: التوقيعــــات | BC76: الفترة الاول | BF76: الفترة الثانيــــــة
B77: رائــــد الصف | K77: كل كشط أو تغيير في هذه االبطاقة يلغيها | S77: رائــــد الصف | AB77: كل كشط أو تغيير في هذه االبطاقة يلغيها | AJ77: رائــــد الصف | AS77: كل كشط أو تغيير في هذه االبطاقة يلغيها | BA77: رائــــد الصف | BJ77: كل كشط أو تغيير في هذه االبطاقة يلغيها
B78: مدير المدرسة | S78: مدير المدرسة | AJ78: مدير المدرسة | BA78: مدير المدرسة
B79: ولي الأمــــر | S79: ولي الأمــــر | AJ79: ولي الأمــــر | BA79: ولي الأمــــر
B82: بطاقة تقدير بيان للصف ( التاسع ) من التعليم الاساسي | J82: مكتب امتحانات تاجوراء | O82: 20 | S82: بطاقة تقدير بيان للصف ( التاسع ) من التعليم الاساسي | AA82: مكتب امتحانات تاجوراء | AF82: =O82+5 -> 25 | AJ82: بطاقة تقدير بيان للصف ( التاسع ) من التعليم الاساسي | AR82: مكتب امتحانات تاجوراء | AW82: =AF82+5 -> 30 | BA82: بطاقة تقدير بيان للصف ( التاسع ) من التعليم الاساسي | BI82: مكتب امتحانات تاجوراء | BN82: =AW82+5 -> 35 | BV82: =SUM(F88:F97) -> 336
B83: ='الفترة الاولى'!$A$6 -> المدرسة / | C83: ='الفترة الاولى'!$C$6 -> سهول العلم للتعليم الخاص | H83: الاسم | J83: =VLOOKUP(O82,اسم,3,0) -> نورالدين الشعاب سليمان رجب | S83: ='الفترة الاولى'!$A$6 -> المدرسة / | T83: ='الفترة الاولى'!$C$6 -> سهول العلم للتعليم الخاص | Y83: الاسم | AA83: =VLOOKUP(AF82,اسم,3,0) -> 0 | AJ83: ='الفترة الاولى'!$A$6 -> المدرسة / | AK83: ='الفترة الاولى'!$C$6 -> سهول العلم للتعليم الخاص | AP83: الاسم | AR83: =VLOOKUP(AW82,اسم,3,0) -> 0 | BA83: ='الفترة الاولى'!$A$6 -> المدرسة / | BB83: ='الفترة الاولى'!$C$6 -> سهول العلم للتعليم الخاص | BG83: الاسم | BI83: =VLOOKUP(BN82,اسم,3,0) -> 0 | BV83: =BV82/2 -> 168
B84: العام الدراسي 1445 - 1446 هجرية / الموافق 2024 - 2025 ميلادية | S84: العام الدراسي 1445 - 1446 هجرية / الموافق 2024 - 2025 ميلادية | AJ84: العام الدراسي 1445 - 1446 هجرية / الموافق 2024 - 2025 ميلادية | BA84: العام الدراسي 1445 - 1446 هجرية / الموافق 2024 - 2025 ميلادية
B85: المواد الدراسية المقررة | C85: عدد الحصص | D85: النهايــــات | F85: درجــات الفترتين | K85: ملاحظات عن نتيجة الطالب خلال الفتـــرة | S85: المواد الدراسية المقررة | T85: عدد الحصص | U85: النهايــــات | W85: درجــات الفترتين | AB85: ملاحظات عن نتيجة الطالب خلال الفتـــرة | AJ85: المواد الدراسية المقررة | AK85: عدد الحصص | AL85: النهايــــات | AN85: درجــات الفترتين | AS85: ملاحظات عن نتيجة الطالب خلال الفتـــرة | BA85: المواد الدراسية المقررة | BB85: عدد الحصص | BC85: النهايــــات | BE85: درجــات الفترتين | BJ85: ملاحظات عن نتيجة الطالب خلال الفتـــرة | BS85: 0 | BT85: ضيف
D86: الكبرى | E86: الصغرى | F86: الدرجة المقررة للفترتيــن 30% | G86: الدرجة المقررة للفترة | H86: الفترة الاول | I86: الفترة الثانية | K86: الأولى: | L86: =LOOKUP(H98,$BS$4:$BT$8) -> مقبول | U86: الكبرى | V86: الصغرى | W86: الدرجة المقررة للفترتيــن 30% | X86: الدرجة المقررة للفترة | Y86: الفترة الاول | Z86: الفترة الثانية | AB86: الأولى: | AC86: =LOOKUP(Y98,$BS$4:$BT$8) -> ضعيف | AL86: الكبرى | AM86: الصغرى | AN86: الدرجة المقررة للفترتيــن 30% | AO86: الدرجة المقررة للفترة | AP86: الفترة الاول | AQ86: الفترة الثانية | AS86: الأولى: | AT86: =LOOKUP(AP98,$BS$4:$BT$8) -> ضعيف | BC86: الكبرى | BD86: الصغرى | BE86: الدرجة المقررة للفترتيــن 30% | BF86: الدرجة المقررة للفترة | BG86: الفترة الاول | BH86: الفترة الثانية | BJ86: الأولى: | BK86: =LOOKUP(BG98,$BS$4:$BT$8) -> ضعيف | BS86: =BV83*0.5 -> 84 | BT86: مقبول
K87: =IF(L86<>"ضعيف","","يحتاج الى اهتمام في المواد ") | AB87: =IF(AC86<>"ضعيف","","يحتاج الى اهتمام في المواد ") -> يحتاج الى اهتمام في المواد | AS87: =IF(AT86<>"ضعيف","","يحتاج الى اهتمام في المواد ") -> يحتاج الى اهتمام في المواد | BJ87: =IF(BK86<>"ضعيف","","يحتاج الى اهتمام في المواد ") -> يحتاج الى اهتمام في المواد | BS87: =BV83*0.65 -> 109.2 | BT87: جيد
B88: ='الفترة الاولى'!$E$8 -> التربية الإسلامية | C88: ='الفترة الاولى'!$G$8 -> 2 | D88: =C88*40 -> 80 | E88: =D88*0.5 -> 40 | F88: =D88*0.3 -> 24 | G88: =D88*0.15 -> 12 | H88: =IFERROR(VLOOKUP(J83,بيان,2,0),0) -> 9 | I88: =IFERROR(VLOOKUP(J83,بيان,3,0),0) -> 11 | K88: =IF(H88=0,"",IF(H88<G88/2,B88,"")) | L88: =IF(H89=0,"",IF(H89<G89/2,B89,"")) | M88: =IF(H90=0,"",IF(H90<G90/2,B90,"")) | N88: =IF(H91=0,"",IF(H91<G91/2,B91,"")) | O88: =IF(H92=0,"",IF(H92<G92/2,B92,"")) | S88: ='الفترة الاولى'!$E$8 -> التربية الإسلامية | T88: ='الفترة الاولى'!$G$8 -> 2 | U88: =T88*40 -> 80 | V88: =U88*0.5 -> 40 | W88: =U88*0.3 -> 24 | X88: =U88*0.15 -> 12 | Y88: =IFERROR(VLOOKUP(AA83,بيان,2,0),0) -> 0 | Z88: =IFERROR(VLOOKUP(AA83,بيان,3,0),0) -> 0 | AB88: =IF(Y88=0,"",IF(Y88<X88/2,S88,"")) | AC88: =IF(Y89=0,"",IF(Y89<X89/2,S89,"")) | AD88: =IF(Y90=0,"",IF(Y90<X90/2,S90,"")) | AE88: =IF(Y91=0,"",IF(Y91<X91/2,S91,"")) | AF88: =IF(Y92=0,"",IF(Y92<X92/2,S92,"")) | AJ88: ='الفترة الاولى'!$E$8 -> التربية الإسلامية | AK88: ='الفترة الاولى'!$G$8 -> 2 | AL88: =AK88*40 -> 80 | AM88: =AL88*0.5 -> 40 | AN88: =AL88*0.3 -> 24 | AO88: =AL88*0.15 -> 12 | AP88: =IFERROR(VLOOKUP(AR83,بيان,2,0),0) -> 0 | AQ88: =IFERROR(VLOOKUP(AR83,بيان,3,0),0) -> 0 | AS88: =IF(AP88=0,"",IF(AP88<AO88/2,AJ88,"")) | AT88: =IF(AP89=0,"",IF(AP89<AO89/2,AJ89,"")) | AU88: =IF(AP90=0,"",IF(AP90<AO90/2,AJ90,"")) | AV88: =IF(AP91=0,"",IF(AP91<AO91/2,AJ91,"")) | AW88: =IF(AP92=0,"",IF(AP92<AO92/2,AJ92,"")) | BA88: ='الفترة الاولى'!$E$8 -> التربية الإسلامية | BB88: ='الفترة الاولى'!$G$8 -> 2 | BC88: =BB88*40 -> 80 | BD88: =BC88*0.5 -> 40 | BE88: =BC88*0.3 -> 24 | BF88: =BC88*0.15 -> 12 | BG88: =IFERROR(VLOOKUP(BI83,بيان,2,0),0) -> 0 | BH88: =IFERROR(VLOOKUP(BI83,بيان,3,0),0) -> 0 | BJ88: =IF(BG88=0,"",IF(BG88<BF88/2,BA88,"")) | BK88: =IF(BG89=0,"",IF(BG89<BF89/2,BA89,"")) | BL88: =IF(BG90=0,"",IF(BG90<BF90/2,BA90,"")) | BM88: =IF(BG91=0,"",IF(BG91<BF91/2,BA91,"")) | BN88: =IF(BG92=0,"",IF(BG92<BF92/2,BA92,"")) | BS88: =BV83*0.75 -> 126 | BT88: جيدجداً
B89: ='الفترة الاولى'!$H$8 -> النحو والقراءة والنصوص | C89: ='الفترة الاولى'!$J$8 -> 4 | D89: =C89*40 -> 160 | E89: =D89*0.5 -> 80 | F89: =D89*0.3 -> 48 | G89: =D89*0.15 -> 24 | H89: =IFERROR(VLOOKUP(J83,بيان,5,0),0) -> 12 | I89: =IFERROR(VLOOKUP(J83,بيان,6,0),0) -> 12 | K89: =IF(H93=0,"",IF(H93<G93/2,B93,"")) -> الرياضيات | L89: =IF(H94=0,"",IF(H94<G94/2,B94,"")) | M89: =IF(H95=0,"",IF(H95<G95/2,B95,"")) | N89: =IF(H96=0,"",IF(H96<G96/2,B96,"")) | O89: =IF(H97=0,"",IF(H97<G97/2,B97,"")) | S89: ='الفترة الاولى'!$H$8 -> النحو والقراءة والنصوص | T89: ='الفترة الاولى'!$J$8 -> 4 | U89: =T89*40 -> 160 | V89: =U89*0.5 -> 80 | W89: =U89*0.3 -> 48 | X89: =U89*0.15 -> 24 | Y89: =IFERROR(VLOOKUP(AA83,بيان,5,0),0) -> 0 | Z89: =IFERROR(VLOOKUP(AA83,بيان,6,0),0) -> 0 | AB89: =IF(Y93=0,"",IF(Y93<X93/2,S93,"")) | AC89: =IF(Y94=0,"",IF(Y94<X94/2,S94,"")) | AD89: =IF(Y95=0,"",IF(Y95<X95/2,S95,"")) | AE89: =IF(Y96=0,"",IF(Y96<X96/2,S96,"")) | AF89: =IF(Y97=0,"",IF(Y97<X97/2,S97,"")) | AJ89: ='الفترة الاولى'!$H$8 -> النحو والقراءة والنصوص | AK89: ='الفترة الاولى'!$J$8 -> 4 | AL89: =AK89*40 -> 160 | AM89: =AL89*0.5 -> 80 | AN89: =AL89*0.3 -> 48 | AO89: =AL89*0.15 -> 24 | AP89: =IFERROR(VLOOKUP(AR83,بيان,5,0),0) -> 0 | AQ89: =IFERROR(VLOOKUP(AR83,بيان,6,0),0) -> 0 | AS89: =IF(AP93=0,"",IF(AP93<AO93/2,AJ93,"")) | AT89: =IF(AP94=0,"",IF(AP94<AO94/2,AJ94,"")) | AU89: =IF(AP95=0,"",IF(AP95<AO95/2,AJ95,"")) | AV89: =IF(AP96=0,"",IF(AP96<AO96/2,AJ96,"")) | AW89: =IF(AP97=0,"",IF(AP97<AO97/2,AJ97,"")) | BA89: ='الفترة الاولى'!$H$8 -> النحو والقراءة والنصوص | BB89: ='الفترة الاولى'!$J$8 -> 4 | BC89: =BB89*40 -> 160 | BD89: =BC89*0.5 -> 80 | BE89: =BC89*0.3 -> 48 | BF89: =BC89*0.15 -> 24 | BG89: =IFERROR(VLOOKUP(BI83,بيان,5,0),0) -> 0 | BH89: =IFERROR(VLOOKUP(BI83,بيان,6,0),0) -> 0 | BJ89: =IF(BG93=0,"",IF(BG93<BF93/2,BA93,"")) | BK89: =IF(BG94=0,"",IF(BG94<BF94/2,BA94,"")) | BL89: =IF(BG95=0,"",IF(BG95<BF95/2,BA95,"")) | BM89: =IF(BG96=0,"",IF(BG96<BF96/2,BA96,"")) | BN89: =IF(BG97=0,"",IF(BG97<BF97/2,BA97,"")) | BS89: =BV83*0.85 -> 142.8 | BT89: ممتاز
B90: ='الفترة الاولى'!$K$8 -> الكتابة (الخط والاملاء والخط ) | C90: ='الفترة الاولى'!$M$8 -> 2 | D90: =C90*40 -> 80 | E90: =D90*0.5 -> 40 | F90: =D90*0.3 -> 24 | G90: =D90*0.15 -> 12 | H90: =IFERROR(VLOOKUP(J83,بيان,8,0),0) -> 8 | I90: =IFERROR(VLOOKUP(J83,بيان,9,0),0) -> 6 | S90: ='الفترة الاولى'!$K$8 -> الكتابة (الخط والاملاء والخط ) | T90: ='الفترة الاولى'!$M$8 -> 2 | U90: =T90*40 -> 80 | V90: =U90*0.5 -> 40 | W90: =U90*0.3 -> 24 | X90: =U90*0.15 -> 12 | Y90: =IFERROR(VLOOKUP(AA83,بيان,8,0),0) -> 0 | Z90: =IFERROR(VLOOKUP(AA83,بيان,9,0),0) -> أقر أنا | AJ90: ='الفترة الاولى'!$K$8 -> الكتابة (الخط والاملاء والخط ) | AK90: ='الفترة الاولى'!$M$8 -> 2 | AL90: =AK90*40 -> 80 | AM90: =AL90*0.5 -> 40 | AN90: =AL90*0.3 -> 24 | AO90: =AL90*0.15 -> 12 | AP90: =IFERROR(VLOOKUP(AR83,بيان,8,0),0) -> 0 | AQ90: =IFERROR(VLOOKUP(AR83,بيان,9,0),0) -> أقر أنا | BA90: ='الفترة الاولى'!$K$8 -> الكتابة (الخط والاملاء والخط ) | BB90: ='الفترة الاولى'!$M$8 -> 2 | BC90: =BB90*40 -> 80 | BD90: =BC90*0.5 -> 40 | BE90: =BC90*0.3 -> 24 | BF90: =BC90*0.15 -> 12 | BG90: =IFERROR(VLOOKUP(BI83,بيان,8,0),0) -> 0 | BH90: =IFERROR(VLOOKUP(BI83,بيان,9,0),0) -> أقر أنا
B91: ='الفترة الاولى'!$N$8 -> الإنجليزي | C91: ='الفترة الاولى'!$P$8 -> 4 | D91: =C91*40 -> 160 | E91: =D91*0.5 -> 80 | F91: =D91*0.3 -> 48 | G91: =D91*0.15 -> 24 | H91: =IFERROR(VLOOKUP(J83,بيان,11,0),0) -> 19 | I91: =IFERROR(VLOOKUP(J83,بيان,12,0),0) -> 21 | K91: يعتمد مدير المدرسة | S91: ='الفترة الاولى'!$N$8 -> الإنجليزي | T91: ='الفترة الاولى'!$P$8 -> 4 | U91: =T91*40 -> 160 | V91: =U91*0.5 -> 80 | W91: =U91*0.3 -> 48 | X91: =U91*0.15 -> 24 | Y91: =IFERROR(VLOOKUP(AA83,بيان,11,0),0) -> 0 | Z91: =IFERROR(VLOOKUP(AA83,بيان,12,0),0) -> أ. فهيم عبدالمجيد بوازويتة | AB91: يعتمد مدير المدرسة | AJ91: ='الفترة الاولى'!$N$8 -> الإنجليزي | AK91: ='الفترة الاولى'!$P$8 -> 4 | AL91: =AK91*40 -> 160 | AM91: =AL91*0.5 -> 80 | AN91: =AL91*0.3 -> 48 | AO91: =AL91*0.15 -> 24 | AP91: =IFERROR(VLOOKUP(AR83,بيان,11,0),0) -> 0 | AQ91: =IFERROR(VLOOKUP(AR83,بيان,12,0),0) -> أ. فهيم عبدالمجيد بوازويتة | AS91: يعتمد مدير المدرسة | BA91: ='الفترة الاولى'!$N$8 -> الإنجليزي | BB91: ='الفترة الاولى'!$P$8 -> 4 | BC91: =BB91*40 -> 160 | BD91: =BC91*0.5 -> 80 | BE91: =BC91*0.3 -> 48 | BF91: =BC91*0.15 -> 24 | BG91: =IFERROR(VLOOKUP(BI83,بيان,11,0),0) -> 0 | BH91: =IFERROR(VLOOKUP(BI83,بيان,12,0),0) -> أ. فهيم عبدالمجيد بوازويتة | BJ91: يعتمد مدير المدرسة
B92: ='الفترة الاولى'!$Q$8 -> الحاسوب | C92: ='الفترة الاولى'!$S$8 -> 2 | D92: =C92*40 -> 80 | E92: =D92*0.5 -> 40 | F92: =D92*0.3 -> 24 | G92: =D92*0.15 -> 12 | H92: =IFERROR(VLOOKUP(J83,بيان,14,0),0) -> 12 | I92: =IFERROR(VLOOKUP(J83,بيان,15,0),0) -> 10 | K92: ='الفترة الاولى'!$CA$16 -> أ. فهيم عبدالمجيد بوازويتة | S92: ='الفترة الاولى'!$Q$8 -> الحاسوب | T92: ='الفترة الاولى'!$S$8 -> 2 | U92: =T92*40 -> 80 | V92: =U92*0.5 -> 40 | W92: =U92*0.3 -> 24 | X92: =U92*0.15 -> 12 | Y92: =IFERROR(VLOOKUP(AA83,بيان,14,0),0) -> 0 | Z92: =IFERROR(VLOOKUP(AA83,بيان,15,0),0) -> 0 | AB92: ='الفترة الاولى'!$CA$16 -> أ. فهيم عبدالمجيد بوازويتة | AJ92: ='الفترة الاولى'!$Q$8 -> الحاسوب | AK92: ='الفترة الاولى'!$S$8 -> 2 | AL92: =AK92*40 -> 80 | AM92: =AL92*0.5 -> 40 | AN92: =AL92*0.3 -> 24 | AO92: =AL92*0.15 -> 12 | AP92: =IFERROR(VLOOKUP(AR83,بيان,14,0),0) -> 0 | AQ92: =IFERROR(VLOOKUP(AR83,بيان,15,0),0) -> 0 | AS92: ='الفترة الاولى'!$CA$16 -> أ. فهيم عبدالمجيد بوازويتة | BA92: ='الفترة الاولى'!$Q$8 -> الحاسوب | BB92: ='الفترة الاولى'!$S$8 -> 2 | BC92: =BB92*40 -> 80 | BD92: =BC92*0.5 -> 40 | BE92: =BC92*0.3 -> 24 | BF92: =BC92*0.15 -> 12 | BG92: =IFERROR(VLOOKUP(BI83,بيان,14,0),0) -> 0 | BH92: =IFERROR(VLOOKUP(BI83,بيان,15,0),0) -> 0 | BJ92: ='الفترة الاولى'!$CA$16 -> أ. فهيم عبدالمجيد بوازويتة
B93: ='الفترة الاولى'!$T$8 -> الرياضيات | C93: ='الفترة الاولى'!$V$8 -> 5 | D93: =C93*40 -> 200 | E93: =D93*0.5 -> 100 | F93: =D93*0.3 -> 60 | G93: =D93*0.15 -> 30 | H93: =IFERROR(VLOOKUP(J83,بيان,17,0),0) -> 13 | I93: =IFERROR(VLOOKUP(J83,بيان,18,0),0) -> 6 | K93: التاريخ | L93: =TODAY() -> 46181 | S93: ='الفترة الاولى'!$T$8 -> الرياضيات | T93: ='الفترة الاولى'!$V$8 -> 5 | U93: =T93*40 -> 200 | V93: =U93*0.5 -> 100 | W93: =U93*0.3 -> 60 | X93: =U93*0.15 -> 30 | Y93: =IFERROR(VLOOKUP(AA83,بيان,17,0),0) -> 0 | Z93: =IFERROR(VLOOKUP(AA83,بيان,18,0),0) -> 0 | AB93: التاريخ | AC93: =TODAY() -> 46181 | AJ93: ='الفترة الاولى'!$T$8 -> الرياضيات | AK93: ='الفترة الاولى'!$V$8 -> 5 | AL93: =AK93*40 -> 200 | AM93: =AL93*0.5 -> 100 | AN93: =AL93*0.3 -> 60 | AO93: =AL93*0.15 -> 30 | AP93: =IFERROR(VLOOKUP(AR83,بيان,17,0),0) -> 0 | AQ93: =IFERROR(VLOOKUP(AR83,بيان,18,0),0) -> 0 | AS93: التاريخ | AT93: =TODAY() -> 46181 | BA93: ='الفترة الاولى'!$T$8 -> الرياضيات | BB93: ='الفترة الاولى'!$V$8 -> 5 | BC93: =BB93*40 -> 200 | BD93: =BC93*0.5 -> 100 | BE93: =BC93*0.3 -> 60 | BF93: =BC93*0.15 -> 30 | BG93: =IFERROR(VLOOKUP(BI83,بيان,17,0),0) -> 0 | BH93: =IFERROR(VLOOKUP(BI83,بيان,18,0),0) -> 0 | BJ93: التاريخ | BK93: =TODAY() -> 46181
B94: ='الفترة الاولى'!$W$8 -> العلوم | C94: ='الفترة الاولى'!$Y$8 -> 5 | D94: =C94*40 -> 200 | E94: =D94*0.5 -> 100 | F94: =D94*0.3 -> 60 | G94: =D94*0.15 -> 30 | H94: =IFERROR(VLOOKUP(J83,بيان,20,0),0) -> 18 | I94: =IFERROR(VLOOKUP(J83,بيان,21,0),0) -> 20 | K94: الختم | S94: ='الفترة الاولى'!$W$8 -> العلوم | T94: ='الفترة الاولى'!$Y$8 -> 5 | U94: =T94*40 -> 200 | V94: =U94*0.5 -> 100 | W94: =U94*0.3 -> 60 | X94: =U94*0.15 -> 30 | Y94: =IFERROR(VLOOKUP(AA83,بيان,20,0),0) -> 0 | Z94: =IFERROR(VLOOKUP(AA83,بيان,21,0),0) -> 0 | AB94: الختم | AJ94: ='الفترة الاولى'!$W$8 -> العلوم | AK94: ='الفترة الاولى'!$Y$8 -> 5 | AL94: =AK94*40 -> 200 | AM94: =AL94*0.5 -> 100 | AN94: =AL94*0.3 -> 60 | AO94: =AL94*0.15 -> 30 | AP94: =IFERROR(VLOOKUP(AR83,بيان,20,0),0) -> 0 | AQ94: =IFERROR(VLOOKUP(AR83,بيان,21,0),0) -> 0 | AS94: الختم | BA94: ='الفترة الاولى'!$W$8 -> العلوم | BB94: ='الفترة الاولى'!$Y$8 -> 5 | BC94: =BB94*40 -> 200 | BD94: =BC94*0.5 -> 100 | BE94: =BC94*0.3 -> 60 | BF94: =BC94*0.15 -> 30 | BG94: =IFERROR(VLOOKUP(BI83,بيان,20,0),0) -> 0 | BH94: =IFERROR(VLOOKUP(BI83,بيان,21,0),0) -> 0 | BJ94: الختم
B95: ='الفترة الاولى'!$Z$8 -> التاريخ | C95: ='الفترة الاولى'!$AB$8 -> 2 | D95: =C95*40 -> 80 | E95: =D95*0.5 -> 40 | F95: =D95*0.3 -> 24 | G95: =D95*0.15 -> 12 | H95: =IFERROR(VLOOKUP(J83,بيان,23,0),0) -> 9 | I95: =IFERROR(VLOOKUP(J83,بيان,24,0),0) -> 9 | K95: الثانية | L95: =IF(I98=0,"",LOOKUP(I98,$BS$4:$BT$8)) -> مقبول | S95: ='الفترة الاولى'!$Z$8 -> التاريخ | T95: ='الفترة الاولى'!$AB$8 -> 2 | U95: =T95*40 -> 80 | V95: =U95*0.5 -> 40 | W95: =U95*0.3 -> 24 | X95: =U95*0.15 -> 12 | Y95: =IFERROR(VLOOKUP(AA83,بيان,23,0),0) -> 0 | Z95: =IFERROR(VLOOKUP(AA83,بيان,24,0),0) -> 0 | AB95: الثانية | AC95: =IF(Z98=0,"",LOOKUP(Z98,$BS$4:$BT$8)) | AJ95: ='الفترة الاولى'!$Z$8 -> التاريخ | AK95: ='الفترة الاولى'!$AB$8 -> 2 | AL95: =AK95*40 -> 80 | AM95: =AL95*0.5 -> 40 | AN95: =AL95*0.3 -> 24 | AO95: =AL95*0.15 -> 12 | AP95: =IFERROR(VLOOKUP(AR83,بيان,23,0),0) -> 0 | AQ95: =IFERROR(VLOOKUP(AR83,بيان,24,0),0) -> 0 | AS95: الثانية | AT95: =IF(AQ98=0,"",LOOKUP(AQ98,$BS$4:$BT$8)) | BA95: ='الفترة الاولى'!$Z$8 -> التاريخ | BB95: ='الفترة الاولى'!$AB$8 -> 2 | BC95: =BB95*40 -> 80 | BD95: =BC95*0.5 -> 40 | BE95: =BC95*0.3 -> 24 | BF95: =BC95*0.15 -> 12 | BG95: =IFERROR(VLOOKUP(BI83,بيان,23,0),0) -> 0 | BH95: =IFERROR(VLOOKUP(BI83,بيان,24,0),0) -> 0 | BJ95: الثانية | BK95: =IF(BH98=0,"",LOOKUP(BH98,$BS$4:$BT$8))
B96: ='الفترة الاولى'!$AC$8 -> الجغرافيا | C96: ='الفترة الاولى'!$AE$8 -> 2 | D96: =C96*40 -> 80 | E96: =D96*0.5 -> 40 | F96: =D95*0.3 -> 24 | G96: =D95*0.15 -> 12 | H96: =IFERROR(VLOOKUP(J83,بيان,26,0),0) -> 8 | I96: =IFERROR(VLOOKUP(J83,بيان,27,0),0) -> 8 | K96: =IF(L95<>"ضعيف","","يحتاج الى اهتمام في المواد ") | S96: ='الفترة الاولى'!$AC$8 -> الجغرافيا | T96: ='الفترة الاولى'!$AE$8 -> 2 | U96: =T96*40 -> 80 | V96: =U96*0.5 -> 40 | W96: =U95*0.3 -> 24 | X96: =U95*0.15 -> 12 | Y96: =IFERROR(VLOOKUP(AA83,بيان,26,0),0) -> 0 | Z96: =IFERROR(VLOOKUP(AA83,بيان,27,0),0) -> 0 | AB96: =IF(AC95<>"ضعيف","","يحتاج الى اهتمام في المواد ") | AJ96: ='الفترة الاولى'!$AC$8 -> الجغرافيا | AK96: ='الفترة الاولى'!$AE$8 -> 2 | AL96: =AK96*40 -> 80 | AM96: =AL96*0.5 -> 40 | AN96: =AL96*0.6 -> 48 | AO96: =AL96*0.3 -> 24 | AP96: =IFERROR(VLOOKUP(AR83,بيان,26,0),0) -> 0 | AQ96: =IFERROR(VLOOKUP(AR83,بيان,27,0),0) -> 0 | AS96: =IF(AT95<>"ضعيف","","يحتاج الى اهتمام في المواد ") | BA96: ='الفترة الاولى'!$AC$8 -> الجغرافيا | BB96: ='الفترة الاولى'!$AE$8 -> 2 | BC96: =BB96*40 -> 80 | BD96: =BC96*0.5 -> 40 | BE96: =BC96*0.6 -> 48 | BF96: =BC96*0.3 -> 24 | BG96: =IFERROR(VLOOKUP(BI83,بيان,26,0),0) -> 0 | BH96: =IFERROR(VLOOKUP(BI83,بيان,27,0),0) -> 0 | BJ96: =IF(BK95<>"ضعيف","","يحتاج الى اهتمام في المواد ")
B97: ='الفترة الاولى'!$AF$8 -> 0 | C97: ='الفترة الاولى'!$AH$8 -> 0 | D97: =C97*40 -> 0 | E97: =D97*0.5 -> 0 | F97: =D97*0.6 -> 0 | G97: =D97*0.3 -> 0 | H97: =IFERROR(VLOOKUP(J83,بيان,29,0),0) -> 0 | I97: =IFERROR(VLOOKUP(J83,بيان,30,0),0) -> 0 | K97: =IF(I88=0,"",IF(I88<G88/2,B88,"")) | L97: =IF(I89=0,"",IF(I89<G89/2,B89,"")) | M97: =IF(I90=0,"",IF(I90<G90/2,B90,"")) | N97: =IF(I91=0,"",IF(I91<G91/2,B91,"")) | O97: =IF(I92=0,"",IF(I92<G92/2,B92,"")) | S97: ='الفترة الاولى'!$AF$8 -> 0 | T97: ='الفترة الاولى'!$AH$8 -> 0 | U97: =T97*40 -> 0 | V97: =U97*0.5 -> 0 | W97: =U97*0.6 -> 0 | X97: =U97*0.3 -> 0 | Y97: =IFERROR(VLOOKUP(AA83,بيان,29,0),0) | Z97: =IFERROR(VLOOKUP(AA83,بيان,30,0),0) -> 0 | AB97: =IF(Z88=0,"",IF(Z88<X88/2,S88,"")) | AC97: =IF(Z89=0,"",IF(Z89<X89/2,S89,"")) | AD97: =IF(Z90=0,"",IF(Z90<X90/2,S90,"")) | AE97: =IF(Z91=0,"",IF(Z91<X91/2,S91,"")) | AF97: =IF(Z92=0,"",IF(Z92<X92/2,S92,"")) | AJ97: ='الفترة الاولى'!$AF$8 -> 0 | AK97: ='الفترة الاولى'!$AH$8 -> 0 | AL97: =AK97*40 -> 0 | AM97: =AL97*0.5 -> 0 | AN97: =AL97*0.6 -> 0 | AO97: =AL97*0.3 -> 0 | AP97: =IFERROR(VLOOKUP(AR83,بيان,29,0),0) | AQ97: =IFERROR(VLOOKUP(AR83,بيان,30,0),0) -> 0 | AS97: =IF(AQ88=0,"",IF(AQ88<AO88/2,AJ88,"")) | AT97: =IF(AQ89=0,"",IF(AQ89<AO89/2,AJ89,"")) | AU97: =IF(AQ90=0,"",IF(AQ90<AO90/2,AJ90,"")) | AV97: =IF(AQ91=0,"",IF(AQ91<AO91/2,AJ91,"")) | AW97: =IF(AQ92=0,"",IF(AQ92<AO92/2,AJ92,"")) | BA97: ='الفترة الاولى'!$AF$8 -> 0 | BB97: ='الفترة الاولى'!$AH$8 -> 0 | BC97: =BB97*40 -> 0 | BD97: =BC97*0.5 -> 0 | BE97: =BC97*0.6 -> 0 | BF97: =BC97*0.3 -> 0 | BG97: =IFERROR(VLOOKUP(BI83,بيان,29,0),0) | BH97: =IFERROR(VLOOKUP(BI83,بيان,30,0),0) -> 0 | BJ97: =IF(BH88=0,"",IF(BH88<BF88/2,BA88,"")) | BK97: =IF(BH89=0,"",IF(BH89<BF89/2,BA89,"")) | BL97: =IF(BH90=0,"",IF(BH90<BF90/2,BA90,"")) | BM97: =IF(BH91=0,"",IF(BH91<BF91/2,BA91,"")) | BN97: =IF(BH92=0,"",IF(BH92<BF92/2,BA92,""))
B98: المجموع | D98: =SUM(D88:D97) -> 1120 | E98: =D98*0.5 -> 560 | G98: =SUM(G88:G97) -> 168 | H98: =SUM(H88:H97) -> 108 | I98: =SUM(I88:I97) -> 103 | K98: =IF(I93=0,"",IF(I93<G93/2,B93,"")) -> الرياضيات | L98: =IF(I94=0,"",IF(I94<G94/2,B94,"")) | M98: =IF(I95=0,"",IF(I95<G95/2,B95,"")) | N98: =IF(I96=0,"",IF(I96<G96/2,B96,"")) | O98: =IF(I97=0,"",IF(I97<G97/2,B97,"")) | S98: المجموع | U98: =SUM(U88:U97) -> 1120 | V98: =U98*0.5 -> 560 | X98: =SUM(X88:X97) -> 168 | Y98: =SUM(Y88:Y97) -> 0 | Z98: =SUM(Z88:Z97) -> 0 | AB98: =IF(Z93=0,"",IF(Z93<X93/2,S93,"")) | AC98: =IF(Z94=0,"",IF(Z94<X94/2,S94,"")) | AD98: =IF(Z95=0,"",IF(Z95<X95/2,S95,"")) | AE98: =IF(Z96=0,"",IF(Z96<X96/2,S96,"")) | AF98: =IF(Z97=0,"",IF(Z97<X97/2,S97,"")) | AJ98: المجموع | AL98: =SUM(AL88:AL97) -> 1120 | AM98: =AL98*0.5 -> 560 | AO98: =SUM(AO88:AO97) -> 180 | AP98: =SUM(AP88:AP97) -> 0 | AQ98: =SUM(AQ88:AQ97) -> 0 | AS98: =IF(AQ93=0,"",IF(AQ93<AO93/2,AJ93,"")) | AT98: =IF(AQ94=0,"",IF(AQ94<AO94/2,AJ94,"")) | AU98: =IF(AQ95=0,"",IF(AQ95<AO95/2,AJ95,"")) | AV98: =IF(AQ96=0,"",IF(AQ96<AO96/2,AJ96,"")) | AW98: =IF(AQ97=0,"",IF(AQ97<AO97/2,AJ97,"")) | BA98: المجموع | BC98: =SUM(BC88:BC97) -> 1120 | BD98: =BC98*0.5 -> 560 | BF98: =SUM(BF88:BF97) -> 180 | BG98: =SUM(BG88:BG97) -> 0 | BH98: =SUM(BH88:BH97) -> 0 | BJ98: =IF(BH93=0,"",IF(BH93<BF93/2,BA93,"")) | BK98: =IF(BH94=0,"",IF(BH94<BF94/2,BA94,"")) | BL98: =IF(BH95=0,"",IF(BH95<BF95/2,BA95,"")) | BM98: =IF(BH96=0,"",IF(BH96<BF96/2,BA96,"")) | BN98: =IF(BH97=0,"",IF(BH97<BF97/2,BA97,""))
B100: الغياب | C100: مشروع | S100: الغياب | T100: مشروع | AJ100: الغياب | AK100: مشروع | BA100: الغياب | BB100: مشروع
C101: غير مشروع | K101: تنبيـــــــــــه | T101: غير مشروع | AB101: تنبيـــــــــــه | AK101: غير مشروع | AS101: تنبيـــــــــــه | BB101: غير مشروع | BJ101: تنبيـــــــــــه
K102: يجب إعطاء هذه البطاقة للتلميذ فىنهاية كل فتـــــرة | AB102: يجب إعطاء هذه البطاقة للتلميذ فىنهاية كل فتـــــرة | AS102: يجب إعطاء هذه البطاقة للتلميذ فىنهاية كل فتـــــرة | BJ102: يجب إعطاء هذه البطاقة للتلميذ فىنهاية كل فتـــــرة
B103: التوقيعــــات | D103: الفترة الاول | G103: الفترة الثانيــــــة | S103: التوقيعــــات | U103: الفترة الاول | X103: الفترة الثانيــــــة | AJ103: التوقيعــــات | AL103: الفترة الاول | AO103: الفترة الثانيــــــة | BA103: التوقيعــــات | BC103: الفترة الاول | BF103: الفترة الثانيــــــة
B104: رائــــد الصف | K104: كل كشط أو تغيير في هذه االبطاقة يلغيها | S104: رائــــد الصف | AB104: كل كشط أو تغيير في هذه االبطاقة يلغيها | AJ104: رائــــد الصف | AS104: كل كشط أو تغيير في هذه االبطاقة يلغيها | BA104: رائــــد الصف | BJ104: كل كشط أو تغيير في هذه االبطاقة يلغيها
B105: مدير المدرسة | S105: مدير المدرسة | AJ105: مدير المدرسة | BA105: مدير المدرسة
B106: ولي الأمــــر | S106: ولي الأمــــر | AJ106: ولي الأمــــر | BA106: ولي الأمــــر
B109: بطاقة تقدير بيان للصف ( التاسع ) من التعليم الاساسي | J109: مكتب امتحانات تاجوراء | O109: 4 | S109: بطاقة تقدير بيان للصف ( التاسع ) من التعليم الاساسي | AA109: مكتب امتحانات تاجوراء | AF109: =O109+5 -> 9 | AJ109: بطاقة تقدير بيان للصف ( التاسع ) من التعليم الاساسي | AR109: مكتب امتحانات تاجوراء | AW109: =AF109+5 -> 14 | BA109: بطاقة تقدير بيان للصف ( التاسع ) من التعليم الاساسي | BI109: مكتب امتحانات تاجوراء | BN109: =AW109+5 -> 19 | BV109: =SUM(F115:F124) -> 336
B110: ='الفترة الاولى'!$A$6 -> المدرسة / | C110: ='الفترة الاولى'!$C$6 -> سهول العلم للتعليم الخاص | H110: الاسم | J110: =VLOOKUP(O109,اسم,3,0) -> انس محمد عبدالكريم ابوحميده | S110: ='الفترة الاولى'!$A$6 -> المدرسة / | T110: ='الفترة الاولى'!$C$6 -> سهول العلم للتعليم الخاص | Y110: الاسم | AA110: =VLOOKUP(AF109,اسم,3,0) -> رفال عبدالحميد سالم القاضي | AJ110: ='الفترة الاولى'!$A$6 -> المدرسة / | AK110: ='الفترة الاولى'!$C$6 -> سهول العلم للتعليم الخاص | AP110: الاسم | AR110: =VLOOKUP(AW109,اسم,3,0) -> علاء الدين لطفي الهادى امعمر | BA110: ='الفترة الاولى'!$A$6 -> المدرسة / | BB110: ='الفترة الاولى'!$C$6 -> سهول العلم للتعليم الخاص | BG110: الاسم | BI110: =VLOOKUP(BN109,اسم,3,0) -> محمد وسام حسن دريدر | BV110: =BV109/2 -> 168
B111: العام الدراسي 1445 - 1446 هجرية / الموافق 2024 - 2025 ميلادية | S111: العام الدراسي 1445 - 1446 هجرية / الموافق 2024 - 2025 ميلادية | AJ111: العام الدراسي 1445 - 1446 هجرية / الموافق 2024 - 2025 ميلادية | BA111: العام الدراسي 1445 - 1446 هجرية / الموافق 2024 - 2025 ميلادية
B112: المواد الدراسية المقررة | C112: عدد الحصص | D112: النهايــــات | F112: درجــات الفترتين | K112: ملاحظات عن نتيجة الطالب خلال الفتـــرة | S112: المواد الدراسية المقررة | T112: عدد الحصص | U112: النهايــــات | W112: درجــات الفترتين | AB112: ملاحظات عن نتيجة الطالب خلال الفتـــرة | AJ112: المواد الدراسية المقررة | AK112: عدد الحصص | AL112: النهايــــات | AN112: درجــات الفترتين | AS112: ملاحظات عن نتيجة الطالب خلال الفتـــرة | BA112: المواد الدراسية المقررة | BB112: عدد الحصص | BC112: النهايــــات | BE112: درجــات الفترتين | BJ112: ملاحظات عن نتيجة الطالب خلال الفتـــرة | BS112: 0 | BT112: ضيف
...

Sheet الفترة الاولى
C1: 1 | D1: 2 | E1: 3 | F1: 4 | G1: 5 | H1: 6 | I1: 7 | J1: 8 | K1: 9 | L1: 10 | M1: 11 | N1: 12 | O1: 13 | P1: 14 | Q1: 15 | R1: 16 | S1: 17 | T1: 18 | U1: 19 | V1: 20 | W1: 21 | X1: 22 | Y1: 23 | Z1: 24 | AA1: 25 | AB1: 26 | AC1: 27 | AD1: 28 | AE1: 29 | AF1: 30 | AG1: 31 | AH1: 32 | AI1: 33 | AJ1: 34 | AK1: 35 | AL1: 36 | AM1: 37 | AN1: 38 | AO1: 39 | AP1: 40 | AQ1: 41 | AR1: 42 | AS1: 43 | AT1: 44 | AU1: 45 | AV1: 46 | AW1: 47 | AX1: 48 | AY1: 49 | AZ1: 50 | BA1: 51 | BB1: 52 | BC1: 53 | BD1: 54 | BE1: 55 | BF1: 56 | BG1: 57 | BH1: 58 | BI1: 59 | BJ1: 60 | BK1: 61 | BL1: 62 | BM1: 63 | BN1: 64 | BO1: 65 | BP1: 66 | BQ1: 67 | BR1: 68 | BS1: 69 | BT1: 70 | BU1: 71 | BV1: 72 | BW1: 73 | BX1: 74 | BY1: 75 | BZ1: 76 | CA1: 77 | CB1: 78 | CC1: 79 | CD1: 80 | CE1: 81 | CF1: 82 | CG1: 83 | CH1: 84 | CI1: 85 | CJ1: 86 | CK1: 87 | CL1: 88 | CM1: 89
B2: دولة ليبيا | AV2: دولة ليبيا | BX2: 0 | BY2: ضيف
B3: وزارة والتعليم | AV3: وزارة التربية والتعليم | BX3: =BZ2*0.5 -> 0 | BY3: مقبول
B4: إدارة الإمتحانات | AV4: إدارة الإمتحانات | BX4: =BZ2*0.65 -> 0 | BY4: جيد
A5: كشف رصد النتائج النهائية للصف التاسع من مرحلة التعليم الاساسي 1446 - 1447 هجرية الموافق 2025 - 2026 ميلادية | AM5: =A5 -> كشف رصد النتائج النهائية للصف التاسع من مرحلة التعليم الاساسي 1446 - 1447 هجرية الموافق 2025 - 2026 ميلادية | BX5: =BZ2*0.75 -> 0 | BY5: جيدجداً
A6: المدرسة / | C6: سهول العلم للتعليم الخاص | BX6: =BZ2*0.85 -> 0 | BY6: ممتاز
A7: رقم مسلسل | B7: رقم القيد | C7: اسم التلميذ بالكامل | D7: رقم الجلوس | E7: المــــــــــــــــــــــــــــواد الدراسيــــــــــــــــــــــــــــــــــــــــــــــــــــــــة | AJ7: التقدير | AK7: النسبة المئوية | AM7: رقم مسلسل | AN7: رقم القيد | AO7: اسم التلميذ بالكامل | AP7: رقم الجلوس | AQ7: المــــــــــــــــــــــــــــواد الدراسيــــــــــــــــــــــــــــــــــــــــــــــــــــــــة | BV7: التقدير | BW7: النسبة المئوية
E8: التربية الإسلامية | G8: 2 | H8: النحو والقراءة والنصوص | J8: 4 | K8: الكتابة (الخط والاملاء والخط ) | M8: 2 | N8: الإنجليزي | P8: 4 | Q8: الحاسوب | S8: 2 | T8: الرياضيات | V8: 5 | W8: العلوم | Y8: 5 | Z8: التاريخ | AB8: 2 | AC8: الجغرافيا | AE8: 2 | AI8: المجموع الكلي | AQ8: =E8 -> التربية الإسلامية | AS8: =G8 -> 2 | AT8: =H8 -> النحو والقراءة والنصوص | AV8: =J8 -> 4 | AW8: =K8 -> الكتابة (الخط والاملاء والخط ) | AY8: =M8 -> 2 | AZ8: =N8 -> الإنجليزي | BB8: =P8 -> 4 | BC8: =Q8 -> الحاسوب | BE8: =S8 -> 2 | BF8: =T8 -> الرياضيات | BH8: =V8 -> 5 | BI8: =W8 -> العلوم | BK8: =Y8 -> 5 | BL8: =Z8 -> التاريخ | BN8: =AB8 -> 2 | BO8: =AC8 -> الجغرافيا | BQ8: =AE8 -> 2 | BR8: =AF8 -> 0 | BT8: =AH8 -> 0 | BU8: المجموع الكلي
E9: الاعمال | F9: درجة الامتحان | G9: المجموع | H9: الاعمال | I9: درجة الامتحان | J9: المجموع | K9: الاعمال | L9: درجة الامتحان | M9: المجموع | N9: الاعمال | O9: درجة الامتحان | P9: المجموع | Q9: الاعمال | R9: درجة الامتحان | S9: المجموع | T9: الاعمال | U9: درجة الامتحان | V9: المجموع | W9: الاعمال | X9: درجة الامتحان | Y9: المجموع | Z9: الاعمال | AA9: درجة الامتحان | AB9: المجموع | AC9: الاعمال | AD9: درجة الامتحان | AE9: المجموع | AF9: الاعمال | AG9: درجة الامتحان | AH9: المجموع | AQ9: الاعمال | AR9: درجة الامتحان | AS9: المجموع | AT9: الاعمال | AU9: درجة الامتحان | AV9: المجموع | AW9: الاعمال | AX9: درجة الامتحان | AY9: المجموع | AZ9: الاعمال | BA9: درجة الامتحان | BB9: المجموع | BC9: الاعمال | BD9: درجة الامتحان | BE9: المجموع | BF9: الاعمال | BG9: درجة الامتحان | BH9: المجموع | BI9: الاعمال | BJ9: درجة الامتحان | BK9: المجموع | BL9: الاعمال | BM9: درجة الامتحان | BN9: المجموع | BO9: الاعمال | BP9: درجة الامتحان | BQ9: المجموع | BR9: الاعمال | BS9: درجة الامتحان | BT9: المجموع | BZ9: أسماء المراجعين
E10: =G8*0.075*40 -> 6 | F10: =G8*0.075*40 -> 6 | G10: =SUM(E10:F10) -> 12 | H10: =J8*0.075*40 -> 12 | I10: =J8*0.075*40 -> 12 | J10: =SUM(H10:I10) -> 24 | K10: =M8*0.075*40 -> 6 | L10: =M8*0.075*40 -> 6 | M10: =SUM(K10:L10) -> 12 | N10: =P8*0.075*40 -> 12 | O10: =P8*0.075*40 -> 12 | P10: =SUM(N10:O10) -> 24 | Q10: =S8*0.075*40 -> 6 | R10: =S8*0.075*40 -> 6 | S10: =SUM(Q10:R10) -> 12 | T10: =V8*0.075*40 -> 15 | U10: =V8*0.075*40 -> 15 | V10: =SUM(T10:U10) -> 30 | W10: =Y8*0.075*40 -> 15 | X10: =Y8*0.075*40 -> 15 | Y10: =SUM(W10:X10) -> 30 | Z10: =AB8*0.075*40 -> 6 | AA10: =AB8*0.075*40 -> 6 | AB10: =SUM(Z10:AA10) -> 12 | AC10: =AE8*0.075*40 -> 6 | AD10: =AE8*0.075*40 -> 6 | AE10: =SUM(AC10:AD10) -> 12 | AF10: =AH8*0.075*40 -> 0 | AG10: =AH8*0.075*40 -> 0 | AH10: =SUM(AF10:AG10) -> 0 | AQ10: =AS8*0.075*40 -> 6 | AR10: =AS8*0.075*40 -> 6 | AS10: =SUM(AQ10:AR10) -> 12 | AT10: =AV8*0.075*40 -> 12 | AU10: =AV8*0.075*40 -> 12 | AV10: =SUM(AT10:AU10) -> 24 | AW10: =AY8*0.075*40 -> 6 | AX10: =AY8*0.075*40 -> 6 | AY10: =SUM(AW10:AX10) -> 12 | AZ10: =BB8*0.075*40 -> 12 | BA10: =BB8*0.075*40 -> 12 | BB10: =SUM(AZ10:BA10) -> 24 | BC10: =BE8*0.075*40 -> 6 | BD10: =BE8*0.075*40 -> 6 | BE10: =SUM(BC10:BD10) -> 12 | BF10: =BH8*0.075*40 -> 15 | BG10: =BH8*0.075*40 -> 15 | BH10: =SUM(BF10:BG10) -> 30 | BI10: =BK8*0.075*40 -> 15 | BJ10: =BK8*0.075*40 -> 15 | BK10: =SUM(BI10:BJ10) -> 30 | BL10: =BN8*0.075*40 -> 6 | BM10: =BN8*0.075*40 -> 6 | BN10: =SUM(BL10:BM10) -> 12 | BO10: =BQ8*0.075*40 -> 6 | BP10: =BQ8*0.075*40 -> 6 | BQ10: =SUM(BO10:BP10) -> 12 | BR10: =AF10 -> 0 | BT10: =SUM(BR10:BS10) -> 0 | BZ10: كتبه
A11: 1 | C11: احمد توفيق احمد وحيده | E11: 5 | F11: 5 | G11: =SUM(E11:F11) -> 10 | H11: 9 | I11: 8 | J11: =SUM(H11:I11) -> 17 | K11: 4 | L11: 4 | M11: =SUM(K11:L11) -> 8 | N11: 10 | O11: 9 | P11: =SUM(N11:O11) -> 19 | Q11: 5 | R11: 6 | S11: =SUM(Q11:R11) -> 11 | T11: 6 | U11: 6 | V11: =SUM(T11:U11) -> 12 | W11: 11 | X11: 6 | Y11: =SUM(W11:X11) -> 17 | Z11: 4 | AA11: 5 | AB11: =SUM(Z11:AA11) -> 9 | AC11: 5 | AD11: 4 | AE11: =SUM(AC11:AD11) -> 9 | AH11: =SUM(AF11:AG11) -> 0 | AI11: =SUM(AH11,AE11,AB11,Y11,V11,S11,P11,M11,J11,G11) -> 112 | AJ11: =LOOKUP(AI11,$BX$2:$BY$6) -> ممتاز | AK11: =AI11/$BZ$2 -> #DIV/0! | AM11: =A11 -> 1 | AN11: =B11 -> 0 | AO11: =C11 -> احمد توفيق احمد وحيده | AP11: =D11 -> 0 | AQ11: 5 | AR11: 5 | AS11: =SUM(AQ11:AR11) -> 10 | AT11: 10 | AU11: 8 | AV11: =SUM(AT11:AU11) -> 18 | AW11: 6 | AX11: 3 | AY11: =SUM(AW11:AX11) -> 9 | AZ11: 8 | BA11: 12 | BB11: =SUM(AZ11:BA11) -> 20 | BC11: 6 | BD11: 5 | BE11: =SUM(BC11:BD11) -> 11 | BF11: 8 | BG11: 4 | BH11: =SUM(BF11:BG11) -> 12 | BI11: 10 | BJ11: 8 | BK11: =SUM(BI11:BJ11) -> 18 | BL11: 3 | BM11: 6 | BN11: =SUM(BL11:BM11) -> 9 | BO11: 3 | BP11: 4 | BQ11: =SUM(BO11:BP11) -> 7 | BR11: =AF11 -> 0 | BT11: =SUM(BR11:BS11) -> 0 | BU11: =SUM(AS11,AV11,AY11,BB11,BE11,BH11,BK11,BN11,BQ11,BT11) -> 114 | BV11: =LOOKUP(BU11,'الفترة الاولى'!$BX$2:$BY$6) -> ممتاز | BW11: =BU11/'الفترة الاولى'!$BZ$2 -> #DIV/0! | BZ11: املاه
A12: 2 | C12: اسلام محمد عوض الحداد | E12: 6 | F12: 6 | G12: =SUM(E12:F12) -> 12 | H12: 11 | I12: 9 | J12: =SUM(H12:I12) -> 20 | K12: 6 | L12: 5 | M12: =SUM(K12:L12) -> 11 | N12: 12 | O12: 10 | P12: =SUM(N12:O12) -> 22 | Q12: 6 | R12: 6 | S12: =SUM(Q12:R12) -> 12 | T12: 12 | U12: 9 | V12: =SUM(T12:U12) -> 21 | W12: 14 | X12: 11 | Y12: =SUM(W12:X12) -> 25 | Z12: 6 | AA12: 6 | AB12: =SUM(Z12:AA12) -> 12 | AC12: 6 | AD12: 5 | AE12: =SUM(AC12:AD12) -> 11 | AH12: =SUM(AF12:AG12) -> 0 | AI12: =SUM(AH12,AE12,AB12,Y12,V12,S12,P12,M12,J12,G12) -> 146 | AJ12: =LOOKUP(AI12,$BX$2:$BY$6) -> ممتاز | AK12: =AI12/$BZ$2 -> #DIV/0! | AM12: =A12 -> 2 | AN12: =B12 -> 0 | AO12: =C12 -> اسلام محمد عوض الحداد | AP12: =D12 -> 0 | AQ12: 6 | AR12: 6 | AS12: =SUM(AQ12:AR12) -> 12 | AT12: 11 | AU12: 11 | AV12: =SUM(AT12:AU12) -> 22 | AW12: 6 | AX12: 5 | AY12: =SUM(AW12:AX12) -> 11 | AZ12: 11 | BA12: 12 | BB12: =SUM(AZ12:BA12) -> 23 | BC12: 6 | BD12: 6 | BE12: =SUM(BC12:BD12) -> 12 | BF12: 14 | BG12: 11 | BH12: =SUM(BF12:BG12) -> 25 | BI12: 15 | BJ12: 13 | BK12: =SUM(BI12:BJ12) -> 28 | BL12: 6 | BM12: 6 | BN12: =SUM(BL12:BM12) -> 12 | BO12: 5 | BP12: 6 | BQ12: =SUM(BO12:BP12) -> 11 | BR12: =AF12 -> 0 | BT12: =SUM(BR12:BS12) -> 0 | BU12: =SUM(AS12,AV12,AY12,BB12,BE12,BH12,BK12,BN12,BQ12,BT12) -> 156 | BV12: =LOOKUP(BU12,'الفترة الاولى'!$BX$2:$BY$6) -> ممتاز | BW12: =BU12/'الفترة الاولى'!$BZ$2 -> #DIV/0! | BZ12: راجع الكتابه
A13: 3 | C13: اسيل فاروق فيصل ابو الطويرات | E13: 4 | F13: 5 | G13: =SUM(E13:F13) -> 9 | H13: 8 | I13: 7 | J13: =SUM(H13:I13) -> 15 | K13: 4 | L13: 5 | M13: =SUM(K13:L13) -> 9 | N13: 12 | O13: 8 | P13: =SUM(N13:O13) -> 20 | Q13: 5 | R13: 6 | S13: =SUM(Q13:R13) -> 11 | T13: 6 | U13: 6 | V13: =SUM(T13:U13) -> 12 | W13: 12 | X13: 6 | Y13: =SUM(W13:X13) -> 18 | Z13: 3 | AA13: 5 | AB13: =SUM(Z13:AA13) -> 8 | AC13: 5 | AD13: 5 | AE13: =SUM(AC13:AD13) -> 10 | AH13: =SUM(AF13:AG13) -> 0 | AI13: =SUM(AH13,AE13,AB13,Y13,V13,S13,P13,M13,J13,G13) -> 112 | AJ13: =LOOKUP(AI13,$BX$2:$BY$6) -> ممتاز | AK13: =AI13/$BZ$2 -> #DIV/0! | AM13: =A13 -> 3 | AN13: =B13 -> 0 | AO13: =C13 -> اسيل فاروق فيصل ابو الطويرات | AP13: =D13 -> 0 | AQ13: 4 | AR13: 6 | AS13: =SUM(AQ13:AR13) -> 10 | AT13: 9 | AU13: 11 | AV13: =SUM(AT13:AU13) -> 20 | AW13: 4 | AX13: 4 | AY13: =SUM(AW13:AX13) -> 8 | AZ13: 9 | BA13: 12 | BB13: =SUM(AZ13:BA13) -> 21 | BC13: 6 | BD13: 5 | BE13: =SUM(BC13:BD13) -> 11 | BF13: 7 | BG13: 6 | BH13: =SUM(BF13:BG13) -> 13 | BI13: 9 | BJ13: 12 | BK13: =SUM(BI13:BJ13) -> 21 | BL13: 3 | BM13: 5 | BN13: =SUM(BL13:BM13) -> 8 | BO13: 3 | BP13: 6 | BQ13: =SUM(BO13:BP13) -> 9 | BR13: =AF13 -> 0 | BT13: =SUM(BR13:BS13) -> 0 | BU13: =SUM(AS13,AV13,AY13,BB13,BE13,BH13,BK13,BN13,BQ13,BT13) -> 121 | BV13: =LOOKUP(BU13,'الفترة الاولى'!$BX$2:$BY$6) -> ممتاز | BW13: =BU13/'الفترة الاولى'!$BZ$2 -> #DIV/0! | BZ13: راجع الاملاء
A14: 4 | C14: انس محمد عبدالكريم ابوحميده | E14: 6 | F14: 6 | G14: =SUM(E14:F14) -> 12 | H14: 11 | I14: 10 | J14: =SUM(H14:I14) -> 21 | K14: 5 | L14: 5 | M14: =SUM(K14:L14) -> 10 | N14: 12 | O14: 12 | P14: =SUM(N14:O14) -> 24 | Q14: 6 | R14: 6 | S14: =SUM(Q14:R14) -> 12 | T14: 12 | U14: 10 | V14: =SUM(T14:U14) -> 22 | W14: 13 | X14: 13 | Y14: =SUM(W14:X14) -> 26 | Z14: 6 | AA14: 6 | AB14: =SUM(Z14:AA14) -> 12 | AC14: 6 | AD14: 5 | AE14: =SUM(AC14:AD14) -> 11 | AH14: =SUM(AF14:AG14) -> 0 | AI14: =SUM(AH14,AE14,AB14,Y14,V14,S14,P14,M14,J14,G14) -> 150 | AJ14: =LOOKUP(AI14,$BX$2:$BY$6) -> ممتاز | AK14: =AI14/$BZ$2 -> #DIV/0! | AM14: =A14 -> 4 | AN14: =B14 -> 0 | AO14: =C14 -> انس محمد عبدالكريم ابوحميده | AP14: =D14 -> 0 | AQ14: 6 | AR14: 6 | AS14: =SUM(AQ14:AR14) -> 12 | AT14: 12 | AU14: 11 | AV14: =SUM(AT14:AU14) -> 23 | AW14: 6 | AX14: 5 | AY14: =SUM(AW14:AX14) -> 11 | AZ14: 10 | BA14: 12 | BB14: =SUM(AZ14:BA14) -> 22 | BC14: 6 | BD14: 6 | BE14: =SUM(BC14:BD14) -> 12 | BF14: 13 | BG14: 12 | BH14: =SUM(BF14:BG14) -> 25 | BI14: 15 | BJ14: 14 | BK14: =SUM(BI14:BJ14) -> 29 | BL14: 6 | BM14: 6 | BN14: =SUM(BL14:BM14) -> 12 | BO14: 6 | BP14: 6 | BQ14: =SUM(BO14:BP14) -> 12 | BR14: =AF14 -> 0 | BT14: =SUM(BR14:BS14) -> 0 | BU14: =SUM(AS14,AV14,AY14,BB14,BE14,BH14,BK14,BN14,BQ14,BT14) -> 158 | BV14: =LOOKUP(BU14,'الفترة الاولى'!$BX$2:$BY$6) -> ممتاز | BW14: =BU14/'الفترة الاولى'!$BZ$2 -> #DIV/0! | BZ14: رئيس لجنة النظام والمراجعة
A15: 5 | C15: إيناس فاروق فيصل ابو الطويرات | E15: 5 | F15: 5 | G15: =SUM(E15:F15) -> 10 | H15: 7 | I15: 8 | J15: =SUM(H15:I15) -> 15 | K15: 4 | L15: 5 | M15: =SUM(K15:L15) -> 9 | N15: 12 | O15: 12 | P15: =SUM(N15:O15) -> 24 | Q15: 5 | R15: 6 | S15: =SUM(Q15:R15) -> 11 | T15: 6 | U15: 6 | V15: =SUM(T15:U15) -> 12 | W15: 11 | X15: 8 | Y15: =SUM(W15:X15) -> 19 | Z15: 3 | AA15: 5 | AB15: =SUM(Z15:AA15) -> 8 | AC15: 4 | AD15: 5 | AE15: =SUM(AC15:AD15) -> 9 | AH15: =SUM(AF15:AG15) -> 0 | AI15: =SUM(AH15,AE15,AB15,Y15,V15,S15,P15,M15,J15,G15) -> 117 | AJ15: =LOOKUP(AI15,$BX$2:$BY$6) -> ممتاز | AK15: =AI15/$BZ$2 -> #DIV/0! | AM15: =A15 -> 5 | AN15: =B15 -> 0 | AO15: =C15 -> إيناس فاروق فيصل ابو الطويرات | AP15: =D15 -> 0 | AQ15: 4 | AR15: 6 | AS15: =SUM(AQ15:AR15) -> 10 | AT15: 8 | AU15: 9 | AV15: =SUM(AT15:AU15) -> 17 | AW15: 3 | AX15: 5 | AY15: =SUM(AW15:AX15) -> 8 | AZ15: 8 | BA15: 12 | BB15: =SUM(AZ15:BA15) -> 20 | BC15: 6 | BD15: 6 | BE15: =SUM(BC15:BD15) -> 12 | BF15: 8 | BG15: 4 | BH15: =SUM(BF15:BG15) -> 12 | BI15: 9 | BJ15: 14 | BK15: =SUM(BI15:BJ15) -> 23 | BL15: 3 | BM15: 5 | BN15: =SUM(BL15:BM15) -> 8 | BO15: 3 | BP15: 6 | BQ15: =SUM(BO15:BP15) -> 9 | BR15: =AF15 -> 0 | BT15: =SUM(BR15:BS15) -> 0 | BU15: =SUM(AS15,AV15,AY15,BB15,BE15,BH15,BK15,BN15,BQ15,BT15) -> 119 | BV15: =LOOKUP(BU15,'الفترة الاولى'!$BX$2:$BY$6) -> ممتاز | BW15: =BU15/'الفترة الاولى'!$BZ$2 -> #DIV/0! | BZ15: منسق الامتحانات | CA15: أ.غزالة عويدات التهامي
