Workbook
Name اسماء: ادخال1!$B$11:$ES$433
Name الترتيب1: ادخال1!$AU$11:$AV$319
Name الترتيب2: ادخال1!$BA$11:$BB$319
Name الترتيب3: ادخال1!$BF$11:$BG$320
Name عمود1: ادخال1!$A$11:$A$319
Name عمود2: ادخال1!$B$11:$B$319
Name مستجد: ادخال1!$CK$3:$CK$4
Name مسلسل: ادخال1!$A$11:$B$319

Sheet بيانات الصحيفة 
A1: 8 | B1: دولة ليبيا | P1: =A1-5 -> 3 | Q1: دولة ليبيا | AE1: =P1-5 -> -2 | AF1: دولة ليبيا | AT1: =AE1-5 -> -7 | AU1: دولة ليبيا
A2: وزارة التعليم | P2: وزارة التعليم | AE2: وزارة التعليم | AT2: وزارة التعليم
A3: المركز الوطني للامتحانات | P3: المركز الوطني للامتحانات | AE3: المركز الوطني للامتحانات | AT3: المركز الوطني للامتحانات
A4: بطاقة تقدير الدرجات لمرحلة التعليم | K4: =ادخال1!$CG$7 -> الاساسي | P4: بطاقة تقدير الدرجات لمرحلة التعليم | Z4: =ادخال1!$CG$7 -> الاساسي | AE4: بطاقة تقدير الدرجات لمرحلة التعليم | AO4: =ادخال1!$CG$7 -> الاساسي | AT4: بطاقة تقدير الدرجات لمرحلة التعليم | BD4: =ادخال1!$CG$7 -> الاساسي
A5: للصف | G5: =ادخال1!$CE$5 -> الثالث الابتدائي | P5: للصف | V5: =ادخال1!$CE$5 -> الثالث الابتدائي | AE5: للصف | AK5: =ادخال1!$CE$5 -> الثالث الابتدائي | AT5: للصف | AZ5: =ادخال1!$CE$5 -> الثالث الابتدائي
A6: العام الدراسي | B6: =ادخال1!$CD$8 -> 1448هـ/1447 هـ | F6: هجرية | H6: الموافق | J6: =ادخال1!$CE$8 -> 2025م /2026م | N6: ميلادية | P6: العام الدراسي | Q6: =ادخال1!$CD$8 -> 1448هـ/1447 هـ | U6: هجرية | W6: الموافق | Y6: =ادخال1!$CE$8 -> 2025م /2026م | AC6: ميلادية | AE6: العام الدراسي | AF6: =ادخال1!$CD$8 -> 1448هـ/1447 هـ | AJ6: هجرية | AL6: الموافق | AN6: =ادخال1!$CE$8 -> 2025م /2026م | AR6: ميلادية | AT6: العام الدراسي | AU6: =ادخال1!$CD$8 -> 1448هـ/1447 هـ | AY6: هجرية | BA6: الموافق | BC6: =ادخال1!$CE$8 -> 2025م /2026م | BG6: ميلادية
A7: شؤون التعليم بمنطقة | B7: =ادخال1!$CE$4 -> تاجوراء | P7: شؤون التعليم بمنطقة | Q7: =ادخال1!$CE$4 -> تاجوراء | AE7: شؤون التعليم بمنطقة | AF7: =ادخال1!$CE$4 -> تاجوراء | AT7: شؤون التعليم بمنطقة | AU7: =ادخال1!$CE$4 -> تاجوراء
A8: مدرســــــــــــــــــــــة | B8: =ادخال1!$CC$6 -> سهول العلم للتعليم الخاص | J8: الكــــائنة بـ : | M8: =ادخال1!$CC$8 -> تاجوراء | P8: مدرســــــــــــــــــــــة | Q8: =ادخال1!$CC$6 -> سهول العلم للتعليم الخاص | Y8: الكــــائنة بـ : | AB8: =ادخال1!$CC$8 -> تاجوراء | AE8: مدرســــــــــــــــــــــة | AF8: =ادخال1!$CC$6 -> سهول العلم للتعليم الخاص | AN8: الكــــائنة بـ : | AQ8: =ادخال1!$CC$8 -> تاجوراء | AT8: مدرســــــــــــــــــــــة | AU8: =ادخال1!$CC$6 -> سهول العلم للتعليم الخاص | BC8: الكــــائنة بـ : | BF8: =ادخال1!$CC$8 -> تاجوراء
A9: اسم التلميذ بالكـــامل | B9: =IFERROR(VLOOKUP(A1,مسلسل,2,0),0) -> على عبد السلام شعبان بي | C9: =IFERROR(VLOOKUP(B9,مسلسل,2,0),0) -> 0 | D9: =IFERROR(VLOOKUP(C9,مسلسل,2,0),0) -> 0 | E9: =IFERROR(VLOOKUP(D9,مسلسل,2,0),0) -> 0 | F9: =IFERROR(VLOOKUP(E9,مسلسل,2,0),0) -> 0 | G9: =IFERROR(VLOOKUP(F9,مسلسل,2,0),0) -> 0 | H9: =IFERROR(VLOOKUP(G9,مسلسل,2,0),0) -> 0 | I9: =IFERROR(VLOOKUP(H9,مسلسل,2,0),0) -> 0 | J9: اللقــــــــب | M9: =IFERROR(VLOOKUP(B9,اسماء,66,0),"") -> بي | P9: اسم التلميذ بالكـــامل | Q9: =IFERROR(VLOOKUP(P1,مسلسل,2,0),0) -> الحارث مبروك محمد الزوي | R9: =IFERROR(VLOOKUP(Q9,مسلسل,2,0),0) -> 0 | S9: =IFERROR(VLOOKUP(R9,مسلسل,2,0),0) -> 0 | T9: =IFERROR(VLOOKUP(S9,مسلسل,2,0),0) -> 0 | U9: =IFERROR(VLOOKUP(T9,مسلسل,2,0),0) -> 0 | V9: =IFERROR(VLOOKUP(U9,مسلسل,2,0),0) -> 0 | W9: =IFERROR(VLOOKUP(V9,مسلسل,2,0),0) -> 0 | X9: =IFERROR(VLOOKUP(W9,مسلسل,2,0),0) -> 0 | Y9: اللقــــــــب | AB9: =IFERROR(VLOOKUP(Q9,اسماء,66,0),"") -> الزوى | AE9: اسم التلميذ بالكـــامل | AF9: =IFERROR(VLOOKUP(AE1,مسلسل,2,0),0) -> 0 | AG9: =IFERROR(VLOOKUP(AF9,مسلسل,2,0),0) -> 0 | AH9: =IFERROR(VLOOKUP(AG9,مسلسل,2,0),0) -> 0 | AI9: =IFERROR(VLOOKUP(AH9,مسلسل,2,0),0) -> 0 | AJ9: =IFERROR(VLOOKUP(AI9,مسلسل,2,0),0) -> 0 | AK9: =IFERROR(VLOOKUP(AJ9,مسلسل,2,0),0) -> 0 | AL9: =IFERROR(VLOOKUP(AK9,مسلسل,2,0),0) -> 0 | AM9: =IFERROR(VLOOKUP(AL9,مسلسل,2,0),0) -> 0 | AN9: اللقــــــــب | AQ9: =IFERROR(VLOOKUP(AF9,اسماء,66,0),"") | AT9: اسم التلميذ بالكـــامل | AU9: =IFERROR(VLOOKUP(AT1,مسلسل,2,0),0) -> 0 | AV9: =IFERROR(VLOOKUP(AU9,مسلسل,2,0),0) -> 0 | AW9: =IFERROR(VLOOKUP(AV9,مسلسل,2,0),0) -> 0 | AX9: =IFERROR(VLOOKUP(AW9,مسلسل,2,0),0) -> 0 | AY9: =IFERROR(VLOOKUP(AX9,مسلسل,2,0),0) -> 0 | AZ9: =IFERROR(VLOOKUP(AY9,مسلسل,2,0),0) -> 0 | BA9: =IFERROR(VLOOKUP(AZ9,مسلسل,2,0),0) -> 0 | BB9: =IFERROR(VLOOKUP(BA9,مسلسل,2,0),0) -> 0 | BC9: اللقــــــــب | BF9: =IFERROR(VLOOKUP(AU9,اسماء,66,0),"")
A10: مكان وتاريخ الميلاد | B10: =IFERROR(VLOOKUP(B9,اسماء,79,0),"") -> طرابلس | E10: =IFERROR(VLOOKUP(B9,اسماء,2,0),"") -> 42772 | I10: اسم الوالدة بالكامل | M10: =IFERROR(VLOOKUP(B9,اسماء,3,0),"") -> هدى فرحات الجعفري | P10: مكان وتاريخ الميلاد | Q10: =IFERROR(VLOOKUP(Q9,اسماء,79,0),"") -> 0 | T10: =IFERROR(VLOOKUP(Q9,اسماء,2,0),"") -> 43014 | X10: اسم الوالدة بالكامل | AB10: =IFERROR(VLOOKUP(Q9,اسماء,3,0),"") -> سيسبان عبدالحكيم الطاهر | AE10: مكان وتاريخ الميلاد | AF10: =IFERROR(VLOOKUP(AF9,اسماء,79,0),"") | AI10: =IFERROR(VLOOKUP(AF9,اسماء,2,0),"") | AM10: اسم الوالدة بالكامل | AQ10: =IFERROR(VLOOKUP(AF9,اسماء,3,0),"") | AT10: مكان وتاريخ الميلاد | AU10: =IFERROR(VLOOKUP(AU9,اسماء,79,0),"") | AX10: =IFERROR(VLOOKUP(AU9,اسماء,2,0),"") | BB10: اسم الوالدة بالكامل | BF10: =IFERROR(VLOOKUP(AU9,اسماء,3,0),"")
A11: الرقم الوطنــــــــــي | B11: =IFERROR(VLOOKUP(B9,اسماء,67,0),"") -> 8 | C11: =IFERROR(VLOOKUP(B9,اسماء,68,0),"") -> 0 | D11: =IFERROR(VLOOKUP(B9,اسماء,69,0),"") -> 4 | E11: =IFERROR(VLOOKUP(B9,اسماء,70,0),"") -> 5 | F11: =IFERROR(VLOOKUP(B9,اسماء,71,0),"") -> 8 | G11: =IFERROR(VLOOKUP(B9,اسماء,72,0),"") -> 0 | H11: =IFERROR(VLOOKUP(B9,اسماء,73,0),"") -> 0 | I11: =IFERROR(VLOOKUP(B9,اسماء,74,0),"") -> 7 | J11: =IFERROR(VLOOKUP(B9,اسماء,75,0),"") -> 1 | K11: =IFERROR(VLOOKUP(B9,اسماء,76,0),"") -> 0 | L11: =IFERROR(VLOOKUP(B9,اسماء,77,0),"") -> 2 | M11: =IFERROR(VLOOKUP(B9,اسماء,78,0),"") -> 1 | P11: الرقم الوطنــــــــــي | Q11: =IFERROR(VLOOKUP(Q9,اسماء,67,0),"") -> 7 | R11: =IFERROR(VLOOKUP(Q9,اسماء,68,0),"") -> 2 | S11: =IFERROR(VLOOKUP(Q9,اسماء,69,0),"") -> 2 | T11: =IFERROR(VLOOKUP(Q9,اسماء,70,0),"") -> 9 | U11: =IFERROR(VLOOKUP(Q9,اسماء,71,0),"") -> 2 | V11: =IFERROR(VLOOKUP(Q9,اسماء,72,0),"") -> 7 | W11: =IFERROR(VLOOKUP(Q9,اسماء,73,0),"") -> 0 | X11: =IFERROR(VLOOKUP(Q9,اسماء,74,0),"") -> 7 | Y11: =IFERROR(VLOOKUP(Q9,اسماء,75,0),"") -> 1 | Z11: =IFERROR(VLOOKUP(Q9,اسماء,76,0),"") -> 0 | AA11: =IFERROR(VLOOKUP(Q9,اسماء,77,0),"") -> 2 | AB11: =IFERROR(VLOOKUP(Q9,اسماء,78,0),"") -> 1 | AE11: الرقم الوطنــــــــــي | AF11: =IFERROR(VLOOKUP(AF9,اسماء,67,0),"") | AG11: =IFERROR(VLOOKUP(AF9,اسماء,68,0),"") | AH11: =IFERROR(VLOOKUP(AF9,اسماء,69,0),"") | AI11: =IFERROR(VLOOKUP(AF9,اسماء,70,0),"") | AJ11: =IFERROR(VLOOKUP(AF9,اسماء,71,0),"") | AK11: =IFERROR(VLOOKUP(AF9,اسماء,72,0),"") | AL11: =IFERROR(VLOOKUP(AF9,اسماء,73,0),"") | AM11: =IFERROR(VLOOKUP(AF9,اسماء,74,0),"") | AN11: =IFERROR(VLOOKUP(AF9,اسماء,75,0),"") | AO11: =IFERROR(VLOOKUP(AF9,اسماء,76,0),"") | AP11: =IFERROR(VLOOKUP(AF9,اسماء,77,0),"") | AQ11: =IFERROR(VLOOKUP(AF9,اسماء,78,0),"") | AT11: الرقم الوطنــــــــــي | AU11: =IFERROR(VLOOKUP(AU9,اسماء,67,0),"") | AV11: =IFERROR(VLOOKUP(AU9,اسماء,68,0),"") | AW11: =IFERROR(VLOOKUP(AU9,اسماء,69,0),"") | AX11: =IFERROR(VLOOKUP(AU9,اسماء,70,0),"") | AY11: =IFERROR(VLOOKUP(AU9,اسماء,71,0),"") | AZ11: =IFERROR(VLOOKUP(AU9,اسماء,72,0),"") | BA11: =IFERROR(VLOOKUP(AU9,اسماء,73,0),"") | BB11: =IFERROR(VLOOKUP(AU9,اسماء,74,0),"") | BC11: =IFERROR(VLOOKUP(AU9,اسماء,75,0),"") | BD11: =IFERROR(VLOOKUP(AU9,اسماء,76,0),"") | BE11: =IFERROR(VLOOKUP(AU9,اسماء,77,0),"") | BF11: =IFERROR(VLOOKUP(AU9,اسماء,78,0),"")
A12: جنسيـــــة التلمــــيذ | B12: =IFERROR(VLOOKUP(B9,اسماء,80,0),"") -> ليبي | G12: مستجد/ | I12: معيد | K12: =IFERROR(VLOOKUP(B9,اسماء,81,0),"") -> مستجد | P12: جنسيـــــة التلمــــيذ | Q12: =IFERROR(VLOOKUP(Q9,اسماء,80,0),"") -> ليبي | V12: مستجد/ | X12: معيد | Z12: =IFERROR(VLOOKUP(Q9,اسماء,81,0),"") -> مستجد | AE12: جنسيـــــة التلمــــيذ | AF12: =IFERROR(VLOOKUP(AF9,اسماء,80,0),"") | AK12: مستجد/ | AM12: معيد | AO12: =IFERROR(VLOOKUP(AF9,اسماء,81,0),"") | AT12: جنسيـــــة التلمــــيذ | AU12: =IFERROR(VLOOKUP(AU9,اسماء,80,0),"") | AZ12: مستجد/ | BB12: معيد | BD12: =IFERROR(VLOOKUP(AU9,اسماء,81,0),"")
A13: رائــــــد الصــــــف | B13: =IFERROR(VLOOKUP(B9,اسماء,83,0),"") -> ريمة صالح المختار | G13: صفة القيد | K13: =IFERROR(VLOOKUP(B9,اسماء,82,0),"") -> نظامي | P13: رائــــــد الصــــــف | Q13: =IFERROR(VLOOKUP(Q9,اسماء,83,0),"") -> ريمة صالح المختار | V13: صفة القيد | Z13: =IFERROR(VLOOKUP(Q9,اسماء,82,0),"") -> نظامي | AE13: رائــــــد الصــــــف | AF13: =IFERROR(VLOOKUP(AF9,اسماء,83,0),"") | AK13: صفة القيد | AO13: =IFERROR(VLOOKUP(AF9,اسماء,82,0),"") | AT13: رائــــــد الصــــــف | AU13: =IFERROR(VLOOKUP(AU9,اسماء,83,0),"") | AZ13: صفة القيد | BD13: =IFERROR(VLOOKUP(AU9,اسماء,82,0),"")
A14: (يكتب اسم التلميذ مطابقاً لشهادة الميلاد) | P14: (يكتب اسم التلميذ مطابقاً لشهادة الميلاد) | AE14: (يكتب اسم التلميذ مطابقاً لشهادة الميلاد) | AT14: (يكتب اسم التلميذ مطابقاً لشهادة الميلاد)
A15: الانتقـــــــــال | P15: الانتقـــــــــال | AE15: الانتقـــــــــال | AT15: الانتقـــــــــال
A16: بناء على طلب ولي أمر التلميذ فإن إدارة هذه المدرسة توافق على انتقاله إلــــــى | P16: بناء على طلب ولي أمر التلميذ فإن إدارة هذه المدرسة توافق على انتقاله إلــــــى | AE16: بناء على طلب ولي أمر التلميذ فإن إدارة هذه المدرسة توافق على انتقاله إلــــــى | AT16: بناء على طلب ولي أمر التلميذ فإن إدارة هذه المدرسة توافق على انتقاله إلــــــى
A17: مدرســــــة | P17: مدرســــــة | AE17: مدرســــــة | AT17: مدرســــــة
A18: يعتمد مديرالمدرسة | N18: يعتمد مكتب الامتحانات | P18: يعتمد مديرالمدرسة | AC18: يعتمد مكتب الامتحانات | AE18: يعتمد مديرالمدرسة | AR18: يعتمد مكتب الامتحانات | AT18: يعتمد مديرالمدرسة | BG18: يعتمد مكتب الامتحانات
A23: =A1-1 -> 7 | B23: دولة ليبيا | P23: =A23-5 -> 2 | Q23: دولة ليبيا | AE23: =P23-5 -> -3 | AF23: دولة ليبيا | AT23: =AE23-5 -> -8 | AU23: دولة ليبيا
A24: وزارة التعليم | P24: وزارة التعليم | AE24: وزارة التعليم | AT24: وزارة التعليم
A25: المركز الوطني للامتحانات | P25: المركز الوطني للامتحانات | AE25: المركز الوطني للامتحانات | AT25: المركز الوطني للامتحانات
A26: بطاقة تقدير الدرجات لمرحلة التعليم | K26: =ادخال1!$CG$7 -> الاساسي | P26: بطاقة تقدير الدرجات لمرحلة التعليم | Z26: =ادخال1!$CG$7 -> الاساسي | AE26: بطاقة تقدير الدرجات لمرحلة التعليم | AO26: =ادخال1!$CG$7 -> الاساسي | AT26: بطاقة تقدير الدرجات لمرحلة التعليم | BD26: =ادخال1!$CG$7 -> الاساسي
A27: للصف | G27: =ادخال1!$CE$5 -> الثالث الابتدائي | P27: للصف | V27: =ادخال1!$CE$5 -> الثالث الابتدائي | AE27: للصف | AK27: =ادخال1!$CE$5 -> الثالث الابتدائي | AT27: للصف | AZ27: =ادخال1!$CE$5 -> الثالث الابتدائي
A28: العام الدراسي | B28: =ادخال1!$CD$8 -> 1448هـ/1447 هـ | F28: هجرية | H28: الموافق | J28: =ادخال1!$CE$8 -> 2025م /2026م | N28: ميلادية | P28: العام الدراسي | Q28: =ادخال1!$CD$8 -> 1448هـ/1447 هـ | U28: هجرية | W28: الموافق | Y28: =ادخال1!$CE$8 -> 2025م /2026م | AC28: ميلادية | AE28: العام الدراسي | AF28: =ادخال1!$CD$8 -> 1448هـ/1447 هـ | AJ28: هجرية | AL28: الموافق | AN28: =ادخال1!$CE$8 -> 2025م /2026م | AR28: ميلادية | AT28: العام الدراسي | AU28: =ادخال1!$CD$8 -> 1448هـ/1447 هـ | AY28: هجرية | BA28: الموافق | BC28: =ادخال1!$CE$8 -> 2025م /2026م | BG28: ميلادية
A29: شؤون التعليم بمنطقة | B29: =ادخال1!$CE$4 -> تاجوراء | P29: شؤون التعليم بمنطقة | Q29: =ادخال1!$CE$4 -> تاجوراء | AE29: شؤون التعليم بمنطقة | AF29: =ادخال1!$CE$4 -> تاجوراء | AT29: شؤون التعليم بمنطقة | AU29: =ادخال1!$CE$4 -> تاجوراء
A30: مدرســــــــــــــــــــــة | B30: =ادخال1!$CC$6 -> سهول العلم للتعليم الخاص | J30: الكــــائنة بـ : | M30: =ادخال1!$CC$8 -> تاجوراء | P30: مدرســــــــــــــــــــــة | Q30: =ادخال1!$CC$6 -> سهول العلم للتعليم الخاص | Y30: الكــــائنة بـ : | AB30: =ادخال1!$CC$8 -> تاجوراء | AE30: مدرســــــــــــــــــــــة | AF30: =ادخال1!$CC$6 -> سهول العلم للتعليم الخاص | AN30: الكــــائنة بـ : | AQ30: =ادخال1!$CC$8 -> تاجوراء | AT30: مدرســــــــــــــــــــــة | AU30: =ادخال1!$CC$6 -> سهول العلم للتعليم الخاص | BC30: الكــــائنة بـ : | BF30: =ادخال1!$CC$8 -> تاجوراء
A31: اسم التلميذ بالكـــامل | B31: =IFERROR(VLOOKUP(A23,مسلسل,2,0),0) -> عبدالقدوس عزالدين سالم ادريدر | C31: =IFERROR(VLOOKUP(B31,مسلسل,2,0),0) -> 0 | D31: =IFERROR(VLOOKUP(C31,مسلسل,2,0),0) -> 0 | E31: =IFERROR(VLOOKUP(D31,مسلسل,2,0),0) -> 0 | F31: =IFERROR(VLOOKUP(E31,مسلسل,2,0),0) -> 0 | G31: =IFERROR(VLOOKUP(F31,مسلسل,2,0),0) -> 0 | H31: =IFERROR(VLOOKUP(G31,مسلسل,2,0),0) -> 0 | I31: =IFERROR(VLOOKUP(H31,مسلسل,2,0),0) -> 0 | J31: اللقــــــــب | M31: =IFERROR(VLOOKUP(B31,اسماء,66,0),"") -> ادريدر | P31: اسم التلميذ بالكـــامل | Q31: =IFERROR(VLOOKUP(P23,مسلسل,2,0),0) -> إيلاف نورالدين عياد حسين | R31: =IFERROR(VLOOKUP(Q31,مسلسل,2,0),0) -> 0 | S31: =IFERROR(VLOOKUP(R31,مسلسل,2,0),0) -> 0 | T31: =IFERROR(VLOOKUP(S31,مسلسل,2,0),0) -> 0 | U31: =IFERROR(VLOOKUP(T31,مسلسل,2,0),0) -> 0 | V31: =IFERROR(VLOOKUP(U31,مسلسل,2,0),0) -> 0 | W31: =IFERROR(VLOOKUP(V31,مسلسل,2,0),0) -> 0 | X31: =IFERROR(VLOOKUP(W31,مسلسل,2,0),0) -> 0 | Y31: اللقــــــــب | AB31: =IFERROR(VLOOKUP(Q31,اسماء,66,0),"") -> حسين | AE31: اسم التلميذ بالكـــامل | AF31: =IFERROR(VLOOKUP(AE23,مسلسل,2,0),0) -> 0 | AG31: =IFERROR(VLOOKUP(AF31,مسلسل,2,0),0) -> 0 | AH31: =IFERROR(VLOOKUP(AG31,مسلسل,2,0),0) -> 0 | AI31: =IFERROR(VLOOKUP(AH31,مسلسل,2,0),0) -> 0 | AJ31: =IFERROR(VLOOKUP(AI31,مسلسل,2,0),0) -> 0 | AK31: =IFERROR(VLOOKUP(AJ31,مسلسل,2,0),0) -> 0 | AL31: =IFERROR(VLOOKUP(AK31,مسلسل,2,0),0) -> 0 | AM31: =IFERROR(VLOOKUP(AL31,مسلسل,2,0),0) -> 0 | AN31: اللقــــــــب | AQ31: =IFERROR(VLOOKUP(AF31,اسماء,66,0),"") | AT31: اسم التلميذ بالكـــامل | AU31: =IFERROR(VLOOKUP(AT23,مسلسل,2,0),0) -> 0 | AV31: =IFERROR(VLOOKUP(AU31,مسلسل,2,0),0) -> 0 | AW31: =IFERROR(VLOOKUP(AV31,مسلسل,2,0),0) -> 0 | AX31: =IFERROR(VLOOKUP(AW31,مسلسل,2,0),0) -> 0 | AY31: =IFERROR(VLOOKUP(AX31,مسلسل,2,0),0) -> 0 | AZ31: =IFERROR(VLOOKUP(AY31,مسلسل,2,0),0) -> 0 | BA31: =IFERROR(VLOOKUP(AZ31,مسلسل,2,0),0) -> 0 | BB31: =IFERROR(VLOOKUP(BA31,مسلسل,2,0),0) -> 0 | BC31: اللقــــــــب | BF31: =IFERROR(VLOOKUP(AU31,اسماء,66,0),"")
A32: مكان وتاريخ الميلاد | B32: =IFERROR(VLOOKUP(B31,اسماء,79,0),"") -> تاجوراء | E32: =IFERROR(VLOOKUP(B31,اسماء,2,0),"") -> 43022 | I32: اسم الوالدة بالكامل | M32: =IFERROR(VLOOKUP(B31,اسماء,3,0),"") -> إيمان الطاهر على بن جابر | P32: مكان وتاريخ الميلاد | Q32: =IFERROR(VLOOKUP(Q31,اسماء,79,0),"") -> طرابلس | T32: =IFERROR(VLOOKUP(Q31,اسماء,2,0),"") -> 42906 | X32: اسم الوالدة بالكامل | AB32: =IFERROR(VLOOKUP(Q31,اسماء,3,0),"") -> هند الصادق عبدالقادر رمضان | AE32: مكان وتاريخ الميلاد | AF32: =IFERROR(VLOOKUP(AF31,اسماء,79,0),"") | AI32: =IFERROR(VLOOKUP(AF31,اسماء,2,0),"") | AM32: اسم الوالدة بالكامل | AQ32: =IFERROR(VLOOKUP(AF31,اسماء,3,0),"") | AT32: مكان وتاريخ الميلاد | AU32: =IFERROR(VLOOKUP(AU31,اسماء,79,0),"") | AX32: =IFERROR(VLOOKUP(AU31,اسماء,2,0),"") | BB32: اسم الوالدة بالكامل | BF32: =IFERROR(VLOOKUP(AU31,اسماء,3,0),"")
A33: الرقم الوطنــــــــــي | B33: =IFERROR(VLOOKUP(B31,اسماء,67,0),"") -> 6 | C33: =IFERROR(VLOOKUP(B31,اسماء,68,0),"") -> 5 | D33: =IFERROR(VLOOKUP(B31,اسماء,69,0),"") -> 0 | E33: =IFERROR(VLOOKUP(B31,اسماء,70,0),"") -> 9 | F33: =IFERROR(VLOOKUP(B31,اسماء,71,0),"") -> 7 | G33: =IFERROR(VLOOKUP(B31,اسماء,72,0),"") -> 6 | H33: =IFERROR(VLOOKUP(B31,اسماء,73,0),"") -> 0 | I33: =IFERROR(VLOOKUP(B31,اسماء,74,0),"") -> 7 | J33: =IFERROR(VLOOKUP(B31,اسماء,75,0),"") -> 1 | K33: =IFERROR(VLOOKUP(B31,اسماء,76,0),"") -> 0 | L33: =IFERROR(VLOOKUP(B31,اسماء,77,0),"") -> 2 | M33: =IFERROR(VLOOKUP(B31,اسماء,78,0),"") -> 1 | P33: الرقم الوطنــــــــــي | Q33: =IFERROR(VLOOKUP(Q31,اسماء,67,0),"") -> 4 | R33: =IFERROR(VLOOKUP(Q31,اسماء,68,0),"") -> 7 | S33: =IFERROR(VLOOKUP(Q31,اسماء,69,0),"") -> 7 | T33: =IFERROR(VLOOKUP(Q31,اسماء,70,0),"") -> 5 | U33: =IFERROR(VLOOKUP(Q31,اسماء,71,0),"") -> 6 | V33: =IFERROR(VLOOKUP(Q31,اسماء,72,0),"") -> 5 | W33: =IFERROR(VLOOKUP(Q31,اسماء,73,0),"") -> 0 | X33: =IFERROR(VLOOKUP(Q31,اسماء,74,0),"") -> 7 | Y33: =IFERROR(VLOOKUP(Q31,اسماء,75,0),"") -> 1 | Z33: =IFERROR(VLOOKUP(Q31,اسماء,76,0),"") -> 0 | AA33: =IFERROR(VLOOKUP(Q31,اسماء,77,0),"") -> 2 | AB33: =IFERROR(VLOOKUP(Q31,اسماء,78,0),"") -> 2 | AE33: الرقم الوطنــــــــــي | AF33: =IFERROR(VLOOKUP(AF31,اسماء,67,0),"") | AG33: =IFERROR(VLOOKUP(AF31,اسماء,68,0),"") | AH33: =IFERROR(VLOOKUP(AF31,اسماء,69,0),"") | AI33: =IFERROR(VLOOKUP(AF31,اسماء,70,0),"") | AJ33: =IFERROR(VLOOKUP(AF31,اسماء,71,0),"") | AK33: =IFERROR(VLOOKUP(AF31,اسماء,72,0),"") | AL33: =IFERROR(VLOOKUP(AF31,اسماء,73,0),"") | AM33: =IFERROR(VLOOKUP(AF31,اسماء,74,0),"") | AN33: =IFERROR(VLOOKUP(AF31,اسماء,75,0),"") | AO33: =IFERROR(VLOOKUP(AF31,اسماء,76,0),"") | AP33: =IFERROR(VLOOKUP(AF31,اسماء,77,0),"") | AQ33: =IFERROR(VLOOKUP(AF31,اسماء,78,0),"") | AT33: الرقم الوطنــــــــــي | AU33: =IFERROR(VLOOKUP(AU31,اسماء,67,0),"") | AV33: =IFERROR(VLOOKUP(AU31,اسماء,68,0),"") | AW33: =IFERROR(VLOOKUP(AU31,اسماء,69,0),"") | AX33: =IFERROR(VLOOKUP(AU31,اسماء,70,0),"") | AY33: =IFERROR(VLOOKUP(AU31,اسماء,71,0),"") | AZ33: =IFERROR(VLOOKUP(AU31,اسماء,72,0),"") | BA33: =IFERROR(VLOOKUP(AU31,اسماء,73,0),"") | BB33: =IFERROR(VLOOKUP(AU31,اسماء,74,0),"") | BC33: =IFERROR(VLOOKUP(AU31,اسماء,75,0),"") | BD33: =IFERROR(VLOOKUP(AU31,اسماء,76,0),"") | BE33: =IFERROR(VLOOKUP(AU31,اسماء,77,0),"") | BF33: =IFERROR(VLOOKUP(AU31,اسماء,78,0),"")
A34: جنسيـــــة التلمــــيذ | B34: =IFERROR(VLOOKUP(B31,اسماء,80,0),"") -> ليبي | G34: مستجد/ | I34: معيد | K34: =IFERROR(VLOOKUP(B31,اسماء,81,0),"") -> مستجد | P34: جنسيـــــة التلمــــيذ | Q34: =IFERROR(VLOOKUP(Q31,اسماء,80,0),"") -> ليبية | V34: مستجد/ | X34: معيد | Z34: =IFERROR(VLOOKUP(Q31,اسماء,81,0),"") -> مستجد | AE34: جنسيـــــة التلمــــيذ | AF34: =IFERROR(VLOOKUP(AF31,اسماء,80,0),"") | AK34: مستجد/ | AM34: معيد | AO34: =IFERROR(VLOOKUP(AF31,اسماء,81,0),"") | AT34: جنسيـــــة التلمــــيذ | AU34: =IFERROR(VLOOKUP(AU31,اسماء,80,0),"") | AZ34: مستجد/ | BB34: معيد | BD34: =IFERROR(VLOOKUP(AU31,اسماء,81,0),"")
A35: رائــــــد الصــــــف | B35: =IFERROR(VLOOKUP(B31,اسماء,83,0),"") -> ريمة صالح المختار | G35: صفة القيد | K35: =IFERROR(VLOOKUP(B31,اسماء,82,0),"") -> نظامي | P35: رائــــــد الصــــــف | Q35: =IFERROR(VLOOKUP(Q31,اسماء,83,0),"") -> ريمة صالح المختار | V35: صفة القيد | Z35: =IFERROR(VLOOKUP(Q31,اسماء,82,0),"") -> نظامي | AE35: رائــــــد الصــــــف | AF35: =IFERROR(VLOOKUP(AF31,اسماء,83,0),"") | AK35: صفة القيد | AO35: =IFERROR(VLOOKUP(AF31,اسماء,82,0),"") | AT35: رائــــــد الصــــــف | AU35: =IFERROR(VLOOKUP(AU31,اسماء,83,0),"") | AZ35: صفة القيد | BD35: =IFERROR(VLOOKUP(AU31,اسماء,82,0),"")
A36: (يكتب اسم التلميذ مطابقاً لشهادة الميلاد) | P36: (يكتب اسم التلميذ مطابقاً لشهادة الميلاد) | AE36: (يكتب اسم التلميذ مطابقاً لشهادة الميلاد) | AT36: (يكتب اسم التلميذ مطابقاً لشهادة الميلاد)
A37: الانتقـــــــــال | P37: الانتقـــــــــال | AE37: الانتقـــــــــال | AT37: الانتقـــــــــال
A38: بناء على طلب ولي أمر التلميذ فإن إدارة هذه المدرسة توافق على انتقاله إلــــــى | P38: بناء على طلب ولي أمر التلميذ فإن إدارة هذه المدرسة توافق على انتقاله إلــــــى | AE38: بناء على طلب ولي أمر التلميذ فإن إدارة هذه المدرسة توافق على انتقاله إلــــــى | AT38: بناء على طلب ولي أمر التلميذ فإن إدارة هذه المدرسة توافق على انتقاله إلــــــى
A39: مدرســــــة | P39: مدرســــــة | AE39: مدرســــــة | AT39: مدرســــــة
A40: يعتمد مديرالمدرسة | N40: يعتمد مكتب الامتحانات | P40: يعتمد مديرالمدرسة | AC40: يعتمد مكتب الامتحانات | AE40: يعتمد مديرالمدرسة | AR40: يعتمد مكتب الامتحانات | AT40: يعتمد مديرالمدرسة | BG40: يعتمد مكتب الامتحانات
A45: =A23-1 -> 6 | B45: دولة ليبيا | P45: =A45-5 -> 1 | Q45: دولة ليبيا | AE45: =P45-5 -> -4 | AF45: دولة ليبيا | AT45: =AE45-5 -> -9 | AU45: دولة ليبيا
A46: وزارة التعليم | P46: وزارة التعليم | AE46: وزارة التعليم | AT46: وزارة التعليم
A47: المركز الوطني للامتحانات | P47: المركز الوطني للامتحانات | AE47: المركز الوطني للامتحانات | AT47: المركز الوطني للامتحانات
A48: بطاقة تقدير الدرجات لمرحلة التعليم | K48: =ادخال1!$CG$7 -> الاساسي | P48: بطاقة تقدير الدرجات لمرحلة التعليم | Z48: =ادخال1!$CG$7 -> الاساسي | AE48: بطاقة تقدير الدرجات لمرحلة التعليم | AO48: =ادخال1!$CG$7 -> الاساسي | AT48: بطاقة تقدير الدرجات لمرحلة التعليم | BD48: =ادخال1!$CG$7 -> الاساسي
A49: للصف | G49: =ادخال1!$CE$5 -> الثالث الابتدائي | P49: للصف | V49: =ادخال1!$CE$5 -> الثالث الابتدائي | AE49: للصف | AK49: =ادخال1!$CE$5 -> الثالث الابتدائي | AT49: للصف | AZ49: =ادخال1!$CE$5 -> الثالث الابتدائي
A50: العام الدراسي | B50: =ادخال1!$CD$8 -> 1448هـ/1447 هـ | F50: هجرية | H50: الموافق | J50: =ادخال1!$CE$8 -> 2025م /2026م | N50: ميلادية | P50: العام الدراسي | Q50: =ادخال1!$CD$8 -> 1448هـ/1447 هـ | U50: هجرية | W50: الموافق | Y50: =ادخال1!$CE$8 -> 2025م /2026م | AC50: ميلادية | AE50: العام الدراسي | AF50: =ادخال1!$CD$8 -> 1448هـ/1447 هـ | AJ50: هجرية | AL50: الموافق | AN50: =ادخال1!$CE$8 -> 2025م /2026م | AR50: ميلادية | AT50: العام الدراسي | AU50: =ادخال1!$CD$8 -> 1448هـ/1447 هـ | AY50: هجرية | BA50: الموافق | BC50: =ادخال1!$CE$8 -> 2025م /2026م | BG50: ميلادية
A51: شؤون التعليم بمنطقة | B51: =ادخال1!$CE$4 -> تاجوراء | P51: شؤون التعليم بمنطقة | Q51: =ادخال1!$CE$4 -> تاجوراء | AE51: شؤون التعليم بمنطقة | AF51: =ادخال1!$CE$4 -> تاجوراء | AT51: شؤون التعليم بمنطقة | AU51: =ادخال1!$CE$4 -> تاجوراء
A52: مدرســــــــــــــــــــــة | B52: =ادخال1!$CC$6 -> سهول العلم للتعليم الخاص | J52: الكــــائنة بـ : | M52: =ادخال1!$CC$8 -> تاجوراء | P52: مدرســــــــــــــــــــــة | Q52: =ادخال1!$CC$6 -> سهول العلم للتعليم الخاص | Y52: الكــــائنة بـ : | AB52: =ادخال1!$CC$8 -> تاجوراء | AE52: مدرســــــــــــــــــــــة | AF52: =ادخال1!$CC$6 -> سهول العلم للتعليم الخاص | AN52: الكــــائنة بـ : | AQ52: =ادخال1!$CC$8 -> تاجوراء | AT52: مدرســــــــــــــــــــــة | AU52: =ادخال1!$CC$6 -> سهول العلم للتعليم الخاص | BC52: الكــــائنة بـ : | BF52: =ادخال1!$CC$8 -> تاجوراء
A53: اسم التلميذ بالكـــامل | B53: =IFERROR(VLOOKUP(A45,مسلسل,2,0),0) -> عبد العاطى احمد محمود محمد | C53: =IFERROR(VLOOKUP(B53,مسلسل,2,0),0) -> 0 | D53: =IFERROR(VLOOKUP(C53,مسلسل,2,0),0) -> 0 | E53: =IFERROR(VLOOKUP(D53,مسلسل,2,0),0) -> 0 | F53: =IFERROR(VLOOKUP(E53,مسلسل,2,0),0) -> 0 | G53: =IFERROR(VLOOKUP(F53,مسلسل,2,0),0) -> 0 | H53: =IFERROR(VLOOKUP(G53,مسلسل,2,0),0) -> 0 | I53: =IFERROR(VLOOKUP(H53,مسلسل,2,0),0) -> 0 | J53: اللقــــــــب | M53: =IFERROR(VLOOKUP(B53,اسماء,66,0),"") -> محمد | P53: اسم التلميذ بالكـــامل | Q53: =IFERROR(VLOOKUP(P45,مسلسل,2,0),0) -> امجد عمر عبداللطيف سلطان | R53: =IFERROR(VLOOKUP(Q53,مسلسل,2,0),0) -> 0 | S53: =IFERROR(VLOOKUP(R53,مسلسل,2,0),0) -> 0 | T53: =IFERROR(VLOOKUP(S53,مسلسل,2,0),0) -> 0 | U53: =IFERROR(VLOOKUP(T53,مسلسل,2,0),0) -> 0 | V53: =IFERROR(VLOOKUP(U53,مسلسل,2,0),0) -> 0 | W53: =IFERROR(VLOOKUP(V53,مسلسل,2,0),0) -> 0 | X53: =IFERROR(VLOOKUP(W53,مسلسل,2,0),0) -> 0 | Y53: اللقــــــــب | AB53: =IFERROR(VLOOKUP(Q53,اسماء,66,0),"") -> سلطان | AE53: اسم التلميذ بالكـــامل | AF53: =IFERROR(VLOOKUP(AE45,مسلسل,2,0),0) -> 0 | AG53: =IFERROR(VLOOKUP(AF53,مسلسل,2,0),0) -> 0 | AH53: =IFERROR(VLOOKUP(AG53,مسلسل,2,0),0) -> 0 | AI53: =IFERROR(VLOOKUP(AH53,مسلسل,2,0),0) -> 0 | AJ53: =IFERROR(VLOOKUP(AI53,مسلسل,2,0),0) -> 0 | AK53: =IFERROR(VLOOKUP(AJ53,مسلسل,2,0),0) -> 0 | AL53: =IFERROR(VLOOKUP(AK53,مسلسل,2,0),0) -> 0 | AM53: =IFERROR(VLOOKUP(AL53,مسلسل,2,0),0) -> 0 | AN53: اللقــــــــب | AQ53: =IFERROR(VLOOKUP(AF53,اسماء,66,0),"") | AT53: اسم التلميذ بالكـــامل | AU53: =IFERROR(VLOOKUP(AT45,مسلسل,2,0),0) -> 0 | AV53: =IFERROR(VLOOKUP(AU53,مسلسل,2,0),0) -> 0 | AW53: =IFERROR(VLOOKUP(AV53,مسلسل,2,0),0) -> 0 | AX53: =IFERROR(VLOOKUP(AW53,مسلسل,2,0),0) -> 0 | AY53: =IFERROR(VLOOKUP(AX53,مسلسل,2,0),0) -> 0 | AZ53: =IFERROR(VLOOKUP(AY53,مسلسل,2,0),0) -> 0 | BA53: =IFERROR(VLOOKUP(AZ53,مسلسل,2,0),0) -> 0 | BB53: =IFERROR(VLOOKUP(BA53,مسلسل,2,0),0) -> 0 | BC53: اللقــــــــب | BF53: =IFERROR(VLOOKUP(AU53,اسماء,66,0),"")
A54: مكان وتاريخ الميلاد | B54: =IFERROR(VLOOKUP(B53,اسماء,79,0),"") -> طرابلس | E54: =IFERROR(VLOOKUP(B53,اسماء,2,0),"") -> 42784 | I54: اسم الوالدة بالكامل | M54: =IFERROR(VLOOKUP(B53,اسماء,3,0),"") -> فاطمة السيد محمد امحمد | P54: مكان وتاريخ الميلاد | Q54: =IFERROR(VLOOKUP(Q53,اسماء,79,0),"") -> تاجوراء | T54: =IFERROR(VLOOKUP(Q53,اسماء,2,0),"") -> 42849 | X54: اسم الوالدة بالكامل | AB54: =IFERROR(VLOOKUP(Q53,اسماء,3,0),"") -> الهام احمد مصباح | AE54: مكان وتاريخ الميلاد | AF54: =IFERROR(VLOOKUP(AF53,اسماء,79,0),"") | AI54: =IFERROR(VLOOKUP(AF53,اسماء,2,0),"") | AM54: اسم الوالدة بالكامل | AQ54: =IFERROR(VLOOKUP(AF53,اسماء,3,0),"") | AT54: مكان وتاريخ الميلاد | AU54: =IFERROR(VLOOKUP(AU53,اسماء,79,0),"") | AX54: =IFERROR(VLOOKUP(AU53,اسماء,2,0),"") | BB54: اسم الوالدة بالكامل | BF54: =IFERROR(VLOOKUP(AU53,اسماء,3,0),"")
A55: الرقم الوطنــــــــــي | B55: =IFERROR(VLOOKUP(B53,اسماء,67,0),"") -> 3 | C55: =IFERROR(VLOOKUP(B53,اسماء,68,0),"") -> 3 | D55: =IFERROR(VLOOKUP(B53,اسماء,69,0),"") -> 4 | E55: =IFERROR(VLOOKUP(B53,اسماء,70,0),"") -> 8 | F55: =IFERROR(VLOOKUP(B53,اسماء,71,0),"") -> 7 | G55: =IFERROR(VLOOKUP(B53,اسماء,72,0),"") -> 1 | H55: =IFERROR(VLOOKUP(B53,اسماء,73,0),"") -> 1 | I55: =IFERROR(VLOOKUP(B53,اسماء,74,0),"") -> 7 | J55: =IFERROR(VLOOKUP(B53,اسماء,75,0),"") -> 1 | K55: =IFERROR(VLOOKUP(B53,اسماء,76,0),"") -> 0 | L55: =IFERROR(VLOOKUP(B53,اسماء,77,0),"") -> 2 | M55: =IFERROR(VLOOKUP(B53,اسماء,78,0),"") -> 1 | P55: الرقم الوطنــــــــــي | Q55: =IFERROR(VLOOKUP(Q53,اسماء,67,0),"") -> 4 | R55: =IFERROR(VLOOKUP(Q53,اسماء,68,0),"") -> 5 | S55: =IFERROR(VLOOKUP(Q53,اسماء,69,0),"") -> 4 | T55: =IFERROR(VLOOKUP(Q53,اسماء,70,0),"") -> 6 | U55: =IFERROR(VLOOKUP(Q53,اسماء,71,0),"") -> 6 | V55: =IFERROR(VLOOKUP(Q53,اسماء,72,0),"") -> 1 | W55: =IFERROR(VLOOKUP(Q53,اسماء,73,0),"") -> 1 | X55: =IFERROR(VLOOKUP(Q53,اسماء,74,0),"") -> 7 | Y55: =IFERROR(VLOOKUP(Q53,اسماء,75,0),"") -> 1 | Z55: =IFERROR(VLOOKUP(Q53,اسماء,76,0),"") -> 0 | AA55: =IFERROR(VLOOKUP(Q53,اسماء,77,0),"") -> 2 | AB55: =IFERROR(VLOOKUP(Q53,اسماء,78,0),"") -> 1 | AE55: الرقم الوطنــــــــــي | AF55: =IFERROR(VLOOKUP(AF53,اسماء,67,0),"") | AG55: =IFERROR(VLOOKUP(AF53,اسماء,68,0),"") | AH55: =IFERROR(VLOOKUP(AF53,اسماء,69,0),"") | AI55: =IFERROR(VLOOKUP(AF53,اسماء,70,0),"") | AJ55: =IFERROR(VLOOKUP(AF53,اسماء,71,0),"") | AK55: =IFERROR(VLOOKUP(AF53,اسماء,72,0),"") | AL55: =IFERROR(VLOOKUP(AF53,اسماء,73,0),"") | AM55: =IFERROR(VLOOKUP(AF53,اسماء,74,0),"") | AN55: =IFERROR(VLOOKUP(AF53,اسماء,75,0),"") | AO55: =IFERROR(VLOOKUP(AF53,اسماء,76,0),"") | AP55: =IFERROR(VLOOKUP(AF53,اسماء,77,0),"") | AQ55: =IFERROR(VLOOKUP(AF53,اسماء,78,0),"") | AT55: الرقم الوطنــــــــــي | AU55: =IFERROR(VLOOKUP(AU53,اسماء,67,0),"") | AV55: =IFERROR(VLOOKUP(AU53,اسماء,68,0),"") | AW55: =IFERROR(VLOOKUP(AU53,اسماء,69,0),"") | AX55: =IFERROR(VLOOKUP(AU53,اسماء,70,0),"") | AY55: =IFERROR(VLOOKUP(AU53,اسماء,71,0),"") | AZ55: =IFERROR(VLOOKUP(AU53,اسماء,72,0),"") | BA55: =IFERROR(VLOOKUP(AU53,اسماء,73,0),"") | BB55: =IFERROR(VLOOKUP(AU53,اسماء,74,0),"") | BC55: =IFERROR(VLOOKUP(AU53,اسماء,75,0),"") | BD55: =IFERROR(VLOOKUP(AU53,اسماء,76,0),"") | BE55: =IFERROR(VLOOKUP(AU53,اسماء,77,0),"") | BF55: =IFERROR(VLOOKUP(AU53,اسماء,78,0),"")
A56: جنسيـــــة التلمــــيذ | B56: =IFERROR(VLOOKUP(B53,اسماء,80,0),"") -> ليبي | G56: مستجد/ | I56: معيد | K56: =IFERROR(VLOOKUP(B53,اسماء,81,0),"") -> مستجد | P56: جنسيـــــة التلمــــيذ | Q56: =IFERROR(VLOOKUP(Q53,اسماء,80,0),"") -> ليبي | V56: مستجد/ | X56: معيد | Z56: =IFERROR(VLOOKUP(Q53,اسماء,81,0),"") -> مستجد | AE56: جنسيـــــة التلمــــيذ | AF56: =IFERROR(VLOOKUP(AF53,اسماء,80,0),"") | AK56: مستجد/ | AM56: معيد | AO56: =IFERROR(VLOOKUP(AF53,اسماء,81,0),"") | AT56: جنسيـــــة التلمــــيذ | AU56: =IFERROR(VLOOKUP(AU53,اسماء,80,0),"") | AZ56: مستجد/ | BB56: معيد | BD56: =IFERROR(VLOOKUP(AU53,اسماء,81,0),"")
A57: رائــــــد الصــــــف | B57: =IFERROR(VLOOKUP(B53,اسماء,83,0),"") -> ريمة صالح المختار | G57: صفة القيد | K57: =IFERROR(VLOOKUP(B53,اسماء,82,0),"") -> نظامي | P57: رائــــــد الصــــــف | Q57: =IFERROR(VLOOKUP(Q53,اسماء,83,0),"") -> ريمة صالح المختار | V57: صفة القيد | Z57: =IFERROR(VLOOKUP(Q53,اسماء,82,0),"") -> نظامي | AE57: رائــــــد الصــــــف | AF57: =IFERROR(VLOOKUP(AF53,اسماء,83,0),"") | AK57: صفة القيد | AO57: =IFERROR(VLOOKUP(AF53,اسماء,82,0),"") | AT57: رائــــــد الصــــــف | AU57: =IFERROR(VLOOKUP(AU53,اسماء,83,0),"") | AZ57: صفة القيد | BD57: =IFERROR(VLOOKUP(AU53,اسماء,82,0),"")
A58: (يكتب اسم التلميذ مطابقاً لشهادة الميلاد) | P58: (يكتب اسم التلميذ مطابقاً لشهادة الميلاد) | AE58: (يكتب اسم التلميذ مطابقاً لشهادة الميلاد) | AT58: (يكتب اسم التلميذ مطابقاً لشهادة الميلاد)
A59: الانتقـــــــــال | P59: الانتقـــــــــال | AE59: الانتقـــــــــال | AT59: الانتقـــــــــال
A60: بناء على طلب ولي أمر التلميذ فإن إدارة هذه المدرسة توافق على انتقاله إلــــــى | P60: بناء على طلب ولي أمر التلميذ فإن إدارة هذه المدرسة توافق على انتقاله إلــــــى | AE60: بناء على طلب ولي أمر التلميذ فإن إدارة هذه المدرسة توافق على انتقاله إلــــــى | AT60: بناء على طلب ولي أمر التلميذ فإن إدارة هذه المدرسة توافق على انتقاله إلــــــى
A61: مدرســــــة | P61: مدرســــــة | AE61: مدرســــــة | AT61: مدرســــــة
A62: يعتمد مديرالمدرسة | N62: يعتمد مكتب الامتحانات | P62: يعتمد مديرالمدرسة | AC62: يعتمد مكتب الامتحانات | AE62: يعتمد مديرالمدرسة | AR62: يعتمد مكتب الامتحانات | AT62: يعتمد مديرالمدرسة | BG62: يعتمد مكتب الامتحانات
A67: =A45-1 -> 5 | B67: دولة ليبيا | P67: =A67-5 -> 0 | Q67: دولة ليبيا | AE67: =P67-5 -> -5 | AF67: دولة ليبيا | AT67: =AE67-5 -> -10 | AU67: دولة ليبيا
A68: وزارة التعليم | P68: وزارة التعليم | AE68: وزارة التعليم | AT68: وزارة التعليم
A69: المركز الوطني للامتحانات | P69: المركز الوطني للامتحانات | AE69: المركز الوطني للامتحانات | AT69: المركز الوطني للامتحانات
A70: بطاقة تقدير الدرجات لمرحلة التعليم | K70: =ادخال1!$CG$7 -> الاساسي | P70: بطاقة تقدير الدرجات لمرحلة التعليم | Z70: =ادخال1!$CG$7 -> الاساسي | AE70: بطاقة تقدير الدرجات لمرحلة التعليم | AO70: =ادخال1!$CG$7 -> الاساسي | AT70: بطاقة تقدير الدرجات لمرحلة التعليم | BD70: =ادخال1!$CG$7 -> الاساسي
A71: للصف | G71: =ادخال1!$CE$5 -> الثالث الابتدائي | P71: للصف | V71: =ادخال1!$CE$5 -> الثالث الابتدائي | AE71: للصف | AK71: =ادخال1!$CE$5 -> الثالث الابتدائي | AT71: للصف | AZ71: =ادخال1!$CE$5 -> الثالث الابتدائي
A72: العام الدراسي | B72: =ادخال1!$CD$8 -> 1448هـ/1447 هـ | F72: هجرية | H72: الموافق | J72: =ادخال1!$CE$8 -> 2025م /2026م | N72: ميلادية | P72: العام الدراسي | Q72: =ادخال1!$CD$8 -> 1448هـ/1447 هـ | U72: هجرية | W72: الموافق | Y72: =ادخال1!$CE$8 -> 2025م /2026م | AC72: ميلادية | AE72: العام الدراسي | AF72: =ادخال1!$CD$8 -> 1448هـ/1447 هـ | AJ72: هجرية | AL72: الموافق | AN72: =ادخال1!$CE$8 -> 2025م /2026م | AR72: ميلادية | AT72: العام الدراسي | AU72: =ادخال1!$CD$8 -> 1448هـ/1447 هـ | AY72: هجرية | BA72: الموافق | BC72: =ادخال1!$CE$8 -> 2025م /2026م | BG72: ميلادية
A73: شؤون التعليم بمنطقة | B73: =ادخال1!$CE$4 -> تاجوراء | P73: شؤون التعليم بمنطقة | Q73: =ادخال1!$CE$4 -> تاجوراء | AE73: شؤون التعليم بمنطقة | AF73: =ادخال1!$CE$4 -> تاجوراء | AT73: شؤون التعليم بمنطقة | AU73: =ادخال1!$CE$4 -> تاجوراء
A74: مدرســــــــــــــــــــــة | B74: =ادخال1!$CC$6 -> سهول العلم للتعليم الخاص | J74: الكــــائنة بـ : | M74: =ادخال1!$CC$8 -> تاجوراء | P74: مدرســــــــــــــــــــــة | Q74: =ادخال1!$CC$6 -> سهول العلم للتعليم الخاص | Y74: الكــــائنة بـ : | AB74: =ادخال1!$CC$8 -> تاجوراء | AE74: مدرســــــــــــــــــــــة | AF74: =ادخال1!$CC$6 -> سهول العلم للتعليم الخاص | AN74: الكــــائنة بـ : | AQ74: =ادخال1!$CC$8 -> تاجوراء | AT74: مدرســــــــــــــــــــــة | AU74: =ادخال1!$CC$6 -> سهول العلم للتعليم الخاص | BC74: الكــــائنة بـ : | BF74: =ادخال1!$CC$8 -> تاجوراء
A75: اسم التلميذ بالكـــامل | B75: =IFERROR(VLOOKUP(A67,مسلسل,2,0),0) -> ساجدة عبد السلام شعبان بى | C75: =IFERROR(VLOOKUP(B75,مسلسل,2,0),0) -> 0 | D75: =IFERROR(VLOOKUP(C75,مسلسل,2,0),0) -> 0 | E75: =IFERROR(VLOOKUP(D75,مسلسل,2,0),0) -> 0 | F75: =IFERROR(VLOOKUP(E75,مسلسل,2,0),0) -> 0 | G75: =IFERROR(VLOOKUP(F75,مسلسل,2,0),0) -> 0 | H75: =IFERROR(VLOOKUP(G75,مسلسل,2,0),0) -> 0 | I75: =IFERROR(VLOOKUP(H75,مسلسل,2,0),0) -> 0 | J75: اللقــــــــب | M75: =IFERROR(VLOOKUP(B75,اسماء,66,0),"") -> بي | P75: اسم التلميذ بالكـــامل | Q75: =IFERROR(VLOOKUP(P67,مسلسل,2,0),0) -> 0 | R75: =IFERROR(VLOOKUP(Q75,مسلسل,2,0),0) -> 0 | S75: =IFERROR(VLOOKUP(R75,مسلسل,2,0),0) -> 0 | T75: =IFERROR(VLOOKUP(S75,مسلسل,2,0),0) -> 0 | U75: =IFERROR(VLOOKUP(T75,مسلسل,2,0),0) -> 0 | V75: =IFERROR(VLOOKUP(U75,مسلسل,2,0),0) -> 0 | W75: =IFERROR(VLOOKUP(V75,مسلسل,2,0),0) -> 0 | X75: =IFERROR(VLOOKUP(W75,مسلسل,2,0),0) -> 0 | Y75: اللقــــــــب | AB75: =IFERROR(VLOOKUP(Q75,اسماء,66,0),"") | AE75: اسم التلميذ بالكـــامل | AF75: =IFERROR(VLOOKUP(AE67,مسلسل,2,0),0) -> 0 | AG75: =IFERROR(VLOOKUP(AF75,مسلسل,2,0),0) -> 0 | AH75: =IFERROR(VLOOKUP(AG75,مسلسل,2,0),0) -> 0 | AI75: =IFERROR(VLOOKUP(AH75,مسلسل,2,0),0) -> 0 | AJ75: =IFERROR(VLOOKUP(AI75,مسلسل,2,0),0) -> 0 | AK75: =IFERROR(VLOOKUP(AJ75,مسلسل,2,0),0) -> 0 | AL75: =IFERROR(VLOOKUP(AK75,مسلسل,2,0),0) -> 0 | AM75: =IFERROR(VLOOKUP(AL75,مسلسل,2,0),0) -> 0 | AN75: اللقــــــــب | AQ75: =IFERROR(VLOOKUP(AF75,اسماء,66,0),"") | AT75: اسم التلميذ بالكـــامل | AU75: =IFERROR(VLOOKUP(AT67,مسلسل,2,0),0) -> 0 | AV75: =IFERROR(VLOOKUP(AU75,مسلسل,2,0),0) -> 0 | AW75: =IFERROR(VLOOKUP(AV75,مسلسل,2,0),0) -> 0 | AX75: =IFERROR(VLOOKUP(AW75,مسلسل,2,0),0) -> 0 | AY75: =IFERROR(VLOOKUP(AX75,مسلسل,2,0),0) -> 0 | AZ75: =IFERROR(VLOOKUP(AY75,مسلسل,2,0),0) -> 0 | BA75: =IFERROR(VLOOKUP(AZ75,مسلسل,2,0),0) -> 0 | BB75: =IFERROR(VLOOKUP(BA75,مسلسل,2,0),0) -> 0 | BC75: اللقــــــــب | BF75: =IFERROR(VLOOKUP(AU75,اسماء,66,0),"")
A76: مكان وتاريخ الميلاد | B76: =IFERROR(VLOOKUP(B75,اسماء,79,0),"") -> طرابلس | E76: =IFERROR(VLOOKUP(B75,اسماء,2,0),"") -> 42772 | I76: اسم الوالدة بالكامل | M76: =IFERROR(VLOOKUP(B75,اسماء,3,0),"") -> هدى فرحات الجعفري | P76: مكان وتاريخ الميلاد | Q76: =IFERROR(VLOOKUP(Q75,اسماء,79,0),"") | T76: =IFERROR(VLOOKUP(Q75,اسماء,2,0),"") | X76: اسم الوالدة بالكامل | AB76: =IFERROR(VLOOKUP(Q75,اسماء,3,0),"") | AE76: مكان وتاريخ الميلاد | AF76: =IFERROR(VLOOKUP(AF75,اسماء,79,0),"") | AI76: =IFERROR(VLOOKUP(AF75,اسماء,2,0),"") | AM76: اسم الوالدة بالكامل | AQ76: =IFERROR(VLOOKUP(AF75,اسماء,3,0),"") | AT76: مكان وتاريخ الميلاد | AU76: =IFERROR(VLOOKUP(AU75,اسماء,79,0),"") | AX76: =IFERROR(VLOOKUP(AU75,اسماء,2,0),"") | BB76: اسم الوالدة بالكامل | BF76: =IFERROR(VLOOKUP(AU75,اسماء,3,0),"")
A77: الرقم الوطنــــــــــي | B77: =IFERROR(VLOOKUP(B75,اسماء,67,0),"") -> 6 | C77: =IFERROR(VLOOKUP(B75,اسماء,68,0),"") -> 9 | D77: =IFERROR(VLOOKUP(B75,اسماء,69,0),"") -> 3 | E77: =IFERROR(VLOOKUP(B75,اسماء,70,0),"") -> 9 | F77: =IFERROR(VLOOKUP(B75,اسماء,71,0),"") -> 7 | G77: =IFERROR(VLOOKUP(B75,اسماء,72,0),"") -> 0 | H77: =IFERROR(VLOOKUP(B75,اسماء,73,0),"") -> 0 | I77: =IFERROR(VLOOKUP(B75,اسماء,74,0),"") -> 7 | J77: =IFERROR(VLOOKUP(B75,اسماء,75,0),"") -> 1 | K77: =IFERROR(VLOOKUP(B75,اسماء,76,0),"") -> 0 | L77: =IFERROR(VLOOKUP(B75,اسماء,77,0),"") -> 2 | M77: =IFERROR(VLOOKUP(B75,اسماء,78,0),"") -> 2 | P77: الرقم الوطنــــــــــي | Q77: =IFERROR(VLOOKUP(Q75,اسماء,67,0),"") | R77: =IFERROR(VLOOKUP(Q75,اسماء,68,0),"") | S77: =IFERROR(VLOOKUP(Q75,اسماء,69,0),"") | T77: =IFERROR(VLOOKUP(Q75,اسماء,70,0),"") | U77: =IFERROR(VLOOKUP(Q75,اسماء,71,0),"") | V77: =IFERROR(VLOOKUP(Q75,اسماء,72,0),"") | W77: =IFERROR(VLOOKUP(Q75,اسماء,73,0),"") | X77: =IFERROR(VLOOKUP(Q75,اسماء,74,0),"") | Y77: =IFERROR(VLOOKUP(Q75,اسماء,75,0),"") | Z77: =IFERROR(VLOOKUP(Q75,اسماء,76,0),"") | AA77: =IFERROR(VLOOKUP(Q75,اسماء,77,0),"") | AB77: =IFERROR(VLOOKUP(Q75,اسماء,78,0),"") | AE77: الرقم الوطنــــــــــي | AF77: =IFERROR(VLOOKUP(AF75,اسماء,67,0),"") | AG77: =IFERROR(VLOOKUP(AF75,اسماء,68,0),"") | AH77: =IFERROR(VLOOKUP(AF75,اسماء,69,0),"") | AI77: =IFERROR(VLOOKUP(AF75,اسماء,70,0),"") | AJ77: =IFERROR(VLOOKUP(AF75,اسماء,71,0),"") | AK77: =IFERROR(VLOOKUP(AF75,اسماء,72,0),"") | AL77: =IFERROR(VLOOKUP(AF75,اسماء,73,0),"") | AM77: =IFERROR(VLOOKUP(AF75,اسماء,74,0),"") | AN77: =IFERROR(VLOOKUP(AF75,اسماء,75,0),"") | AO77: =IFERROR(VLOOKUP(AF75,اسماء,76,0),"") | AP77: =IFERROR(VLOOKUP(AF75,اسماء,77,0),"") | AQ77: =IFERROR(VLOOKUP(AF75,اسماء,78,0),"") | AT77: الرقم الوطنــــــــــي | AU77: =IFERROR(VLOOKUP(AU75,اسماء,67,0),"") | AV77: =IFERROR(VLOOKUP(AU75,اسماء,68,0),"") | AW77: =IFERROR(VLOOKUP(AU75,اسماء,69,0),"") | AX77: =IFERROR(VLOOKUP(AU75,اسماء,70,0),"") | AY77: =IFERROR(VLOOKUP(AU75,اسماء,71,0),"") | AZ77: =IFERROR(VLOOKUP(AU75,اسماء,72,0),"") | BA77: =IFERROR(VLOOKUP(AU75,اسماء,73,0),"") | BB77: =IFERROR(VLOOKUP(AU75,اسماء,74,0),"") | BC77: =IFERROR(VLOOKUP(AU75,اسماء,75,0),"") | BD77: =IFERROR(VLOOKUP(AU75,اسماء,76,0),"") | BE77: =IFERROR(VLOOKUP(AU75,اسماء,77,0),"") | BF77: =IFERROR(VLOOKUP(AU75,اسماء,78,0),"")
A78: جنسيـــــة التلمــــيذ | B78: =IFERROR(VLOOKUP(B75,اسماء,80,0),"") -> ليبية | G78: مستجد/ | I78: معيد | K78: =IFERROR(VLOOKUP(B75,اسماء,81,0),"") -> مستجد | P78: جنسيـــــة التلمــــيذ | Q78: =IFERROR(VLOOKUP(Q75,اسماء,80,0),"") | V78: مستجد/ | X78: معيد | Z78: =IFERROR(VLOOKUP(Q75,اسماء,81,0),"") | AE78: جنسيـــــة التلمــــيذ | AF78: =IFERROR(VLOOKUP(AF75,اسماء,80,0),"") | AK78: مستجد/ | AM78: معيد | AO78: =IFERROR(VLOOKUP(AF75,اسماء,81,0),"") | AT78: جنسيـــــة التلمــــيذ | AU78: =IFERROR(VLOOKUP(AU75,اسماء,80,0),"") | AZ78: مستجد/ | BB78: معيد | BD78: =IFERROR(VLOOKUP(AU75,اسماء,81,0),"")
A79: رائــــــد الصــــــف | B79: =IFERROR(VLOOKUP(B75,اسماء,83,0),"") -> ريمة صالح المختار | G79: صفة القيد | K79: =IFERROR(VLOOKUP(B75,اسماء,82,0),"") -> نظامي | P79: رائــــــد الصــــــف | Q79: =IFERROR(VLOOKUP(Q75,اسماء,83,0),"") | V79: صفة القيد | Z79: =IFERROR(VLOOKUP(Q75,اسماء,82,0),"") | AE79: رائــــــد الصــــــف | AF79: =IFERROR(VLOOKUP(AF75,اسماء,83,0),"") | AK79: صفة القيد | AO79: =IFERROR(VLOOKUP(AF75,اسماء,82,0),"") | AT79: رائــــــد الصــــــف | AU79: =IFERROR(VLOOKUP(AU75,اسماء,83,0),"") | AZ79: صفة القيد | BD79: =IFERROR(VLOOKUP(AU75,اسماء,82,0),"")
A80: (يكتب اسم التلميذ مطابقاً لشهادة الميلاد) | P80: (يكتب اسم التلميذ مطابقاً لشهادة الميلاد) | AE80: (يكتب اسم التلميذ مطابقاً لشهادة الميلاد) | AT80: (يكتب اسم التلميذ مطابقاً لشهادة الميلاد)
A81: الانتقـــــــــال | P81: الانتقـــــــــال | AE81: الانتقـــــــــال | AT81: الانتقـــــــــال
A82: بناء على طلب ولي أمر التلميذ فإن إدارة هذه المدرسة توافق على انتقاله إلــــــى | P82: بناء على طلب ولي أمر التلميذ فإن إدارة هذه المدرسة توافق على انتقاله إلــــــى | AE82: بناء على طلب ولي أمر التلميذ فإن إدارة هذه المدرسة توافق على انتقاله إلــــــى | AT82: بناء على طلب ولي أمر التلميذ فإن إدارة هذه المدرسة توافق على انتقاله إلــــــى
A83: مدرســــــة | P83: مدرســــــة | AE83: مدرســــــة | AT83: مدرســــــة
A84: يعتمد مديرالمدرسة | N84: يعتمد مكتب الامتحانات | P84: يعتمد مديرالمدرسة | AC84: يعتمد مكتب الامتحانات | AE84: يعتمد مديرالمدرسة | AR84: يعتمد مكتب الامتحانات | AT84: يعتمد مديرالمدرسة | BG84: يعتمد مكتب الامتحانات
A89: =A67-1 -> 4 | B89: دولة ليبيا | P89: =A89-5 -> -1 | Q89: دولة ليبيا | AE89: =P89-5 -> -6 | AF89: دولة ليبيا | AT89: =AE89-5 -> -11 | AU89: دولة ليبيا
A90: وزارة التعليم | P90: وزارة التعليم | AE90: وزارة التعليم | AT90: وزارة التعليم
A91: المركز الوطني للامتحانات | P91: المركز الوطني للامتحانات | AE91: المركز الوطني للامتحانات | AT91: المركز الوطني للامتحانات
A92: بطاقة تقدير الدرجات لمرحلة التعليم | K92: =ادخال1!$CG$7 -> الاساسي | P92: بطاقة تقدير الدرجات لمرحلة التعليم | Z92: =ادخال1!$CG$7 -> الاساسي | AE92: بطاقة تقدير الدرجات لمرحلة التعليم | AO92: =ادخال1!$CG$7 -> الاساسي | AT92: بطاقة تقدير الدرجات لمرحلة التعليم | BD92: =ادخال1!$CG$7 -> الاساسي
A93: للصف | G93: =ادخال1!$CE$5 -> الثالث الابتدائي | P93: للصف | V93: =ادخال1!$CE$5 -> الثالث الابتدائي | AE93: للصف | AK93: =ادخال1!$CE$5 -> الثالث الابتدائي | AT93: للصف | AZ93: =ادخال1!$CE$5 -> الثالث الابتدائي
A94: العام الدراسي | B94: =ادخال1!$CD$8 -> 1448هـ/1447 هـ | F94: هجرية | H94: الموافق | J94: =ادخال1!$CE$8 -> 2025م /2026م | N94: ميلادية | P94: العام الدراسي | Q94: =ادخال1!$CD$8 -> 1448هـ/1447 هـ | U94: هجرية | W94: الموافق | Y94: =ادخال1!$CE$8 -> 2025م /2026م | AC94: ميلادية | AE94: العام الدراسي | AF94: =ادخال1!$CD$8 -> 1448هـ/1447 هـ | AJ94: هجرية | AL94: الموافق | AN94: =ادخال1!$CE$8 -> 2025م /2026م | AR94: ميلادية | AT94: العام الدراسي | AU94: =ادخال1!$CD$8 -> 1448هـ/1447 هـ | AY94: هجرية | BA94: الموافق | BC94: =ادخال1!$CE$8 -> 2025م /2026م | BG94: ميلادية
A95: شؤون التعليم بمنطقة | B95: =ادخال1!$CE$4 -> تاجوراء | P95: شؤون التعليم بمنطقة | Q95: =ادخال1!$CE$4 -> تاجوراء | AE95: شؤون التعليم بمنطقة | AF95: =ادخال1!$CE$4 -> تاجوراء | AT95: شؤون التعليم بمنطقة | AU95: =ادخال1!$CE$4 -> تاجوراء
A96: مدرســــــــــــــــــــــة | B96: =ادخال1!$CC$6 -> سهول العلم للتعليم الخاص | J96: الكــــائنة بـ : | M96: =ادخال1!$CC$8 -> تاجوراء | P96: مدرســــــــــــــــــــــة | Q96: =ادخال1!$CC$6 -> سهول العلم للتعليم الخاص | Y96: الكــــائنة بـ : | AB96: =ادخال1!$CC$8 -> تاجوراء | AE96: مدرســــــــــــــــــــــة | AF96: =ادخال1!$CC$6 -> سهول العلم للتعليم الخاص | AN96: الكــــائنة بـ : | AQ96: =ادخال1!$CC$8 -> تاجوراء | AT96: مدرســــــــــــــــــــــة | AU96: =ادخال1!$CC$6 -> سهول العلم للتعليم الخاص | BC96: الكــــائنة بـ : | BF96: =ادخال1!$CC$8 -> تاجوراء
A97: اسم التلميذ بالكـــامل | B97: =IFERROR(VLOOKUP(A89,مسلسل,2,0),0) -> دانية حسن مفتاح المقوب | C97: =IFERROR(VLOOKUP(B97,مسلسل,2,0),0) -> 0 | D97: =IFERROR(VLOOKUP(C97,مسلسل,2,0),0) -> 0 | E97: =IFERROR(VLOOKUP(D97,مسلسل,2,0),0) -> 0 | F97: =IFERROR(VLOOKUP(E97,مسلسل,2,0),0) -> 0 | G97: =IFERROR(VLOOKUP(F97,مسلسل,2,0),0) -> 0 | H97: =IFERROR(VLOOKUP(G97,مسلسل,2,0),0) -> 0 | I97: =IFERROR(VLOOKUP(H97,مسلسل,2,0),0) -> 0 | J97: اللقــــــــب | M97: =IFERROR(VLOOKUP(B97,اسماء,66,0),"") -> المقوب | P97: اسم التلميذ بالكـــامل | Q97: =IFERROR(VLOOKUP(P89,مسلسل,2,0),0) -> 0 | R97: =IFERROR(VLOOKUP(Q97,مسلسل,2,0),0) -> 0 | S97: =IFERROR(VLOOKUP(R97,مسلسل,2,0),0) -> 0 | T97: =IFERROR(VLOOKUP(S97,مسلسل,2,0),0) -> 0 | U97: =IFERROR(VLOOKUP(T97,مسلسل,2,0),0) -> 0 | V97: =IFERROR(VLOOKUP(U97,مسلسل,2,0),0) -> 0 | W97: =IFERROR(VLOOKUP(V97,مسلسل,2,0),0) -> 0 | X97: =IFERROR(VLOOKUP(W97,مسلسل,2,0),0) -> 0 | Y97: اللقــــــــب | AB97: =IFERROR(VLOOKUP(Q97,اسماء,66,0),"") | AE97: اسم التلميذ بالكـــامل | AF97: =IFERROR(VLOOKUP(AE89,مسلسل,2,0),0) -> 0 | AG97: =IFERROR(VLOOKUP(AF97,مسلسل,2,0),0) -> 0 | AH97: =IFERROR(VLOOKUP(AG97,مسلسل,2,0),0) -> 0 | AI97: =IFERROR(VLOOKUP(AH97,مسلسل,2,0),0) -> 0 | AJ97: =IFERROR(VLOOKUP(AI97,مسلسل,2,0),0) -> 0 | AK97: =IFERROR(VLOOKUP(AJ97,مسلسل,2,0),0) -> 0 | AL97: =IFERROR(VLOOKUP(AK97,مسلسل,2,0),0) -> 0 | AM97: =IFERROR(VLOOKUP(AL97,مسلسل,2,0),0) -> 0 | AN97: اللقــــــــب | AQ97: =IFERROR(VLOOKUP(AF97,اسماء,66,0),"") | AT97: اسم التلميذ بالكـــامل | AU97: =IFERROR(VLOOKUP(AT89,مسلسل,2,0),0) -> 0 | AV97: =IFERROR(VLOOKUP(AU97,مسلسل,2,0),0) -> 0 | AW97: =IFERROR(VLOOKUP(AV97,مسلسل,2,0),0) -> 0 | AX97: =IFERROR(VLOOKUP(AW97,مسلسل,2,0),0) -> 0 | AY97: =IFERROR(VLOOKUP(AX97,مسلسل,2,0),0) -> 0 | AZ97: =IFERROR(VLOOKUP(AY97,مسلسل,2,0),0) -> 0 | BA97: =IFERROR(VLOOKUP(AZ97,مسلسل,2,0),0) -> 0 | BB97: =IFERROR(VLOOKUP(BA97,مسلسل,2,0),0) -> 0 | BC97: اللقــــــــب | BF97: =IFERROR(VLOOKUP(AU97,اسماء,66,0),"")
A98: مكان وتاريخ الميلاد | B98: =IFERROR(VLOOKUP(B97,اسماء,79,0),"") -> تاجوراء | E98: =IFERROR(VLOOKUP(B97,اسماء,2,0),"") -> 42787 | I98: اسم الوالدة بالكامل | M98: =IFERROR(VLOOKUP(B97,اسماء,3,0),"") -> مروة الدرعي علي البكوش | P98: مكان وتاريخ الميلاد | Q98: =IFERROR(VLOOKUP(Q97,اسماء,79,0),"") | T98: =IFERROR(VLOOKUP(Q97,اسماء,2,0),"") | X98: اسم الوالدة بالكامل | AB98: =IFERROR(VLOOKUP(Q97,اسماء,3,0),"") | AE98: مكان وتاريخ الميلاد | AF98: =IFERROR(VLOOKUP(AF97,اسماء,79,0),"") | AI98: =IFERROR(VLOOKUP(AF97,اسماء,2,0),"") | AM98: اسم الوالدة بالكامل | AQ98: =IFERROR(VLOOKUP(AF97,اسماء,3,0),"") | AT98: مكان وتاريخ الميلاد | AU98: =IFERROR(VLOOKUP(AU97,اسماء,79,0),"") | AX98: =IFERROR(VLOOKUP(AU97,اسماء,2,0),"") | BB98: اسم الوالدة بالكامل | BF98: =IFERROR(VLOOKUP(AU97,اسماء,3,0),"")
A99: الرقم الوطنــــــــــي | B99: =IFERROR(VLOOKUP(B97,اسماء,67,0),"") -> 8 | C99: =IFERROR(VLOOKUP(B97,اسماء,68,0),"") -> 9 | D99: =IFERROR(VLOOKUP(B97,اسماء,69,0),"") -> 3 | E99: =IFERROR(VLOOKUP(B97,اسماء,70,0),"") -> 4 | F99: =IFERROR(VLOOKUP(B97,اسماء,71,0),"") -> 6 | G99: =IFERROR(VLOOKUP(B97,اسماء,72,0),"") -> 6 | H99: =IFERROR(VLOOKUP(B97,اسماء,73,0),"") -> 0 | I99: =IFERROR(VLOOKUP(B97,اسماء,74,0),"") -> 7 | J99: =IFERROR(VLOOKUP(B97,اسماء,75,0),"") -> 1 | K99: =IFERROR(VLOOKUP(B97,اسماء,76,0),"") -> 0 | L99: =IFERROR(VLOOKUP(B97,اسماء,77,0),"") -> 2 | M99: =IFERROR(VLOOKUP(B97,اسماء,78,0),"") -> 2 | P99: الرقم الوطنــــــــــي | Q99: =IFERROR(VLOOKUP(Q97,اسماء,67,0),"") | R99: =IFERROR(VLOOKUP(Q97,اسماء,68,0),"") | S99: =IFERROR(VLOOKUP(Q97,اسماء,69,0),"") | T99: =IFERROR(VLOOKUP(Q97,اسماء,70,0),"") | U99: =IFERROR(VLOOKUP(Q97,اسماء,71,0),"") | V99: =IFERROR(VLOOKUP(Q97,اسماء,72,0),"") | W99: =IFERROR(VLOOKUP(Q97,اسماء,73,0),"") | X99: =IFERROR(VLOOKUP(Q97,اسماء,74,0),"") | Y99: =IFERROR(VLOOKUP(Q97,اسماء,75,0),"") | Z99: =IFERROR(VLOOKUP(Q97,اسماء,76,0),"") | AA99: =IFERROR(VLOOKUP(Q97,اسماء,77,0),"") | AB99: =IFERROR(VLOOKUP(Q97,اسماء,78,0),"") | AE99: الرقم الوطنــــــــــي | AF99: =IFERROR(VLOOKUP(AF97,اسماء,67,0),"") | AG99: =IFERROR(VLOOKUP(AF97,اسماء,68,0),"") | AH99: =IFERROR(VLOOKUP(AF97,اسماء,69,0),"") | AI99: =IFERROR(VLOOKUP(AF97,اسماء,70,0),"") | AJ99: =IFERROR(VLOOKUP(AF97,اسماء,71,0),"") | AK99: =IFERROR(VLOOKUP(AF97,اسماء,72,0),"") | AL99: =IFERROR(VLOOKUP(AF97,اسماء,73,0),"") | AM99: =IFERROR(VLOOKUP(AF97,اسماء,74,0),"") | AN99: =IFERROR(VLOOKUP(AF97,اسماء,75,0),"") | AO99: =IFERROR(VLOOKUP(AF97,اسماء,76,0),"") | AP99: =IFERROR(VLOOKUP(AF97,اسماء,77,0),"") | AQ99: =IFERROR(VLOOKUP(AF97,اسماء,78,0),"") | AT99: الرقم الوطنــــــــــي | AU99: =IFERROR(VLOOKUP(AU97,اسماء,67,0),"") | AV99: =IFERROR(VLOOKUP(AU97,اسماء,68,0),"") | AW99: =IFERROR(VLOOKUP(AU97,اسماء,69,0),"") | AX99: =IFERROR(VLOOKUP(AU97,اسماء,70,0),"") | AY99: =IFERROR(VLOOKUP(AU97,اسماء,71,0),"") | AZ99: =IFERROR(VLOOKUP(AU97,اسماء,72,0),"") | BA99: =IFERROR(VLOOKUP(AU97,اسماء,73,0),"") | BB99: =IFERROR(VLOOKUP(AU97,اسماء,74,0),"") | BC99: =IFERROR(VLOOKUP(AU97,اسماء,75,0),"") | BD99: =IFERROR(VLOOKUP(AU97,اسماء,76,0),"") | BE99: =IFERROR(VLOOKUP(AU97,اسماء,77,0),"") | BF99: =IFERROR(VLOOKUP(AU97,اسماء,78,0),"")
A100: جنسيـــــة التلمــــيذ | B100: =IFERROR(VLOOKUP(B97,اسماء,80,0),"") -> ليبية | G100: مستجد/ | I100: معيد | K100: =IFERROR(VLOOKUP(B97,اسماء,81,0),"") -> مستجد | P100: جنسيـــــة التلمــــيذ | Q100: =IFERROR(VLOOKUP(Q97,اسماء,80,0),"") | V100: مستجد/ | X100: معيد | Z100: =IFERROR(VLOOKUP(Q97,اسماء,81,0),"") | AE100: جنسيـــــة التلمــــيذ | AF100: =IFERROR(VLOOKUP(AF97,اسماء,80,0),"") | AK100: مستجد/ | AM100: معيد | AO100: =IFERROR(VLOOKUP(AF97,اسماء,81,0),"") | AT100: جنسيـــــة التلمــــيذ | AU100: =IFERROR(VLOOKUP(AU97,اسماء,80,0),"") | AZ100: مستجد/ | BB100: معيد | BD100: =IFERROR(VLOOKUP(AU97,اسماء,81,0),"")
A101: رائــــــد الصــــــف | B101: =IFERROR(VLOOKUP(B97,اسماء,83,0),"") -> ريمة صالح المختار | G101: صفة القيد | K101: =IFERROR(VLOOKUP(B97,اسماء,82,0),"") -> نظامي | P101: رائــــــد الصــــــف | Q101: =IFERROR(VLOOKUP(Q97,اسماء,83,0),"") | V101: صفة القيد | Z101: =IFERROR(VLOOKUP(Q97,اسماء,82,0),"") | AE101: رائــــــد الصــــــف | AF101: =IFERROR(VLOOKUP(AF97,اسماء,83,0),"") | AK101: صفة القيد | AO101: =IFERROR(VLOOKUP(AF97,اسماء,82,0),"") | AT101: رائــــــد الصــــــف | AU101: =IFERROR(VLOOKUP(AU97,اسماء,83,0),"") | AZ101: صفة القيد | BD101: =IFERROR(VLOOKUP(AU97,اسماء,82,0),"")
A102: (يكتب اسم التلميذ مطابقاً لشهادة الميلاد) | P102: (يكتب اسم التلميذ مطابقاً لشهادة الميلاد) | AE102: (يكتب اسم التلميذ مطابقاً لشهادة الميلاد) | AT102: (يكتب اسم التلميذ مطابقاً لشهادة الميلاد)
A103: الانتقـــــــــال | P103: الانتقـــــــــال | AE103: الانتقـــــــــال | AT103: الانتقـــــــــال
A104: بناء على طلب ولي أمر التلميذ فإن إدارة هذه المدرسة توافق على انتقاله إلــــــى | P104: بناء على طلب ولي أمر التلميذ فإن إدارة هذه المدرسة توافق على انتقاله إلــــــى | AE104: بناء على طلب ولي أمر التلميذ فإن إدارة هذه المدرسة توافق على انتقاله إلــــــى | AT104: بناء على طلب ولي أمر التلميذ فإن إدارة هذه المدرسة توافق على انتقاله إلــــــى
A105: مدرســــــة | P105: مدرســــــة | AE105: مدرســــــة | AT105: مدرســــــة
A106: يعتمد مديرالمدرسة | N106: يعتمد مكتب الامتحانات | P106: يعتمد مديرالمدرسة | AC106: يعتمد مكتب الامتحانات | AE106: يعتمد مديرالمدرسة | AR106: يعتمد مكتب الامتحانات | AT106: يعتمد مديرالمدرسة | BG106: يعتمد مكتب الامتحانات

Sheet الرئيسية

Sheet صحيفة الفترات
A1: بطاقة تقدير الدرجات للصــــف | D1: =ادخال1!$L$4 -> الثالث | F1: من التعليم الأساسي | J1: 4 | L1: بطاقة تقدير الدرجات للصــــف | O1: =ادخال1!$L$4 -> الثالث | Q1: من التعليم الأساسي | U1: =J1+5 -> 9 | W1: بطاقة تقدير الدرجات للصــــف | Z1: =ادخال1!$L$4 -> الثالث | AB1: من التعليم الأساسي | AF1: =U1+5 -> 14 | AH1: بطاقة تقدير الدرجات للصــــف | AK1: =ادخال1!$L$4 -> الثالث | AM1: من التعليم الأساسي | AQ1: =AF1+5 -> 19
A2: المدرسة/ | B2: =ادخال1!$B$5 -> سهول العلم للتعليم الخاص | F2: الاسم | G2: =H15 -> دانية حسن مفتاح المقوب | M2: =ادخال1!$B$5 -> سهول العلم للتعليم الخاص | Q2: الاسم | R2: =S15 -> فاطمة سالم سالم الورفلى | W2: المدرسة/ | X2: =ادخال1!$B$5 -> سهول العلم للتعليم الخاص | AB2: الاسم | AC2: =AD15 -> ايلياء محمد عوض الحداد | AH2: المدرسة/ | AI2: =ادخال1!$B$5 -> سهول العلم للتعليم الخاص | AM2: الاسم | AN2: =AO15 -> 0
A3: الفترات | B3: عدد الحصص | C3: الفترة الأولي 30 % | E3: الفترة الثانية 30 % | H3: ملاحظــات عن نتيجة التلميذ خلال كل فترة : | L3: الفترات | M3: عدد الحصص | N3: الفترة الأولي 30 % | P3: الفترة الثانية 30 % | S3: ملاحظــات عن نتيجة التلميذ خلال كل فترة : | W3: الفترات | X3: عدد الحصص | Y3: الفترة الأولي 30 % | AA3: الفترة الثانية 30 % | AD3: ملاحظــات عن نتيجة التلميذ خلال كل فترة : | AH3: الفترات | AI3: عدد الحصص | AJ3: الفترة الأولي 30 % | AL3: الفترة الثانية 30 % | AO3: ملاحظــات عن نتيجة التلميذ خلال كل فترة :
A4: المواد الدراسية | C4: الدرجة الكبرى | D4: درجة التلميذ | E4: الدرجة الكبرى | F4: درجة التلميذ | H4: الأولي : | I4: =IF(D11=0,"",IF(AND(D5>=C5*0.4,D6>=C6*0.4,D7>=C7*0.4,D9>=C9*0.4,D10>=C10*0.4),LOOKUP(D11,'النتيجة النهائية'!$AC$6:$AD$10),"ضعيف ويحتاج الى اهتمام في المواد")) -> ممتاز | L4: المواد الدراسية | N4: الدرجة الكبرى | O4: درجة التلميذ | P4: الدرجة الكبرى | Q4: درجة التلميذ | S4: الأولي : | T4: =IF(O11=0,"",IF(AND(O5>=N5*0.4,O6>=N6*0.4,O7>=N7*0.4,O9>=N9*0.4,O10>=N10*0.4),LOOKUP(O11,'النتيجة النهائية'!$AC$6:$AD$10),"ضعيف ويحتاج الى اهتمام في المواد")) -> ممتاز | W4: المواد الدراسية | Y4: الدرجة الكبرى | Z4: درجة التلميذ | AA4: الدرجة الكبرى | AB4: درجة التلميذ | AD4: الأولي : | AE4: =IF(Z11=0,"",IF(AND(Z5>=Y5*0.4,Z6>=Y6*0.4,Z7>=Y7*0.4,Z9>=Y9*0.4,Z10>=Y10*0.4),LOOKUP(Z11,'النتيجة النهائية'!$AC$6:$AD$10),"ضعيف ويحتاج الى اهتمام في المواد")) -> ممتاز | AH4: المواد الدراسية | AJ4: الدرجة الكبرى | AK4: درجة التلميذ | AL4: الدرجة الكبرى | AM4: درجة التلميذ | AO4: الأولي : | AP4: =IF(AK11=0,"",IF(AND(AK5>=AJ5*0.4,AK6>=AJ6*0.4,AK7>=AJ7*0.4,AK9>=AJ9*0.4,AK10>=AJ10*0.4),LOOKUP(AK11,'النتيجة النهائية'!$AC$6:$AD$10),"ضعيف ويحتاج الى اهتمام في المواد"))
A5: =ادخال1!$F$9 -> التربية الإسلامية | B5: =ادخال1!$F$7 -> 3 | C5: =40*B5*0.3 -> 36 | D5: =IFERROR(VLOOKUP(H15,اسماء,5,0),"") -> 31 | E5: =40*B5*0.3 -> 36 | F5: =IFERROR(VLOOKUP(H15,اسماء,16,0),"") -> 0 | H5: =IF(D5=0,"",IF(D5<C5*0.4,A5,"")) | I5: =IF(D6=0,"",IF(D6<C6*0.4,A6,"")) | J5: =IF(D7=0,"",IF(D7<C7*0.4,A7,"")) | L5: =ادخال1!$F$9 -> التربية الإسلامية | M5: =ادخال1!$F$7 -> 3 | N5: =40*M5*0.3 -> 36 | O5: =IFERROR(VLOOKUP(S15,اسماء,5,0),"") -> 36 | P5: =40*M5*0.3 -> 36 | Q5: =IFERROR(VLOOKUP(S15,اسماء,16,0),"") -> 0 | S5: =IF(O5=0,"",IF(O5<N5*0.4,L5,"")) | T5: =IF(O6=0,"",IF(O6<N6*0.4,L6,"")) | U5: =IF(O7=0,"",IF(O7<N7*0.4,L7,"")) | W5: =ادخال1!$F$9 -> التربية الإسلامية | X5: =ادخال1!$F$7 -> 3 | Y5: =40*X5*0.3 -> 36 | Z5: =IFERROR(VLOOKUP(AD15,اسماء,5,0),"") -> 36 | AA5: =40*X5*0.3 -> 36 | AB5: =IFERROR(VLOOKUP(AD15,اسماء,16,0),"") -> 0 | AD5: =IF(Z5=0,"",IF(Z5<Y5*0.4,W5,"")) | AE5: =IF(Z6=0,"",IF(Z6<Y6*0.4,W6,"")) | AF5: =IF(Z7=0,"",IF(Z7<Y7*0.4,W7,"")) | AH5: =ادخال1!$F$9 -> التربية الإسلامية | AI5: =ادخال1!$F$7 -> 3 | AJ5: =40*AI5*0.3 -> 36 | AK5: =IFERROR(VLOOKUP(AO15,اسماء,5,0),"") | AL5: =40*AI5*0.3 -> 36 | AM5: =IFERROR(VLOOKUP(AO15,اسماء,16,0),"") | AO5: =IF(AK5=0,"",IF(AK5<AJ5*0.4,AH5,"")) | AP5: =IF(AK6=0,"",IF(AK6<AJ6*0.4,AH6,"")) | AQ5: =IF(AK7=0,"",IF(AK7<AJ7*0.4,AH7,""))
A6: =ادخال1!$G$9 -> اللغة العربية | B6: =ادخال1!$G$7 -> 6 | C6: =40*B6*0.3 -> 72 | D6: =IFERROR(VLOOKUP(H15,اسماء,6,0),"") -> 64 | E6: =40*B6*0.3 -> 72 | F6: =IFERROR(VLOOKUP(H15,اسماء,17,0),"") -> 0 | H6: =IF(D9=0,"",IF(D9<C9*0.4,A9,"")) | I6: =IF(D10=0,"",IF(D10<C10*0.4,A10,"")) | J6: =IF(D8=0,"",IF(D8<C8*0.4,A8,"")) | L6: =ادخال1!$G$9 -> اللغة العربية | M6: =ادخال1!$G$7 -> 6 | N6: =40*M6*0.3 -> 72 | O6: =IFERROR(VLOOKUP(S15,اسماء,6,0),"") -> 71 | P6: =40*M6*0.3 -> 72 | Q6: =IFERROR(VLOOKUP(S15,اسماء,17,0),"") -> 0 | S6: =IF(O9=0,"",IF(O9<N9*0.4,L9,"")) | T6: =IF(O10=0,"",IF(O10<N10*0.4,L10,"")) | U6: =IF(O8=0,"",IF(O8<N8*0.4,L8,"")) | W6: =ادخال1!$G$9 -> اللغة العربية | X6: =ادخال1!$G$7 -> 6 | Y6: =40*X6*0.3 -> 72 | Z6: =IFERROR(VLOOKUP(AD15,اسماء,6,0),"") -> 71 | AA6: =40*X6*0.3 -> 72 | AB6: =IFERROR(VLOOKUP(AD15,اسماء,17,0),"") -> 0 | AD6: =IF(Z9=0,"",IF(Z9<Y9*0.4,W9,"")) | AE6: =IF(Z10=0,"",IF(Z10<Y10*0.4,W10,"")) | AF6: =IF(Z8=0,"",IF(Z8<Y8*0.4,W8,"")) | AH6: =ادخال1!$G$9 -> اللغة العربية | AI6: =ادخال1!$G$7 -> 6 | AJ6: =40*AI6*0.3 -> 72 | AK6: =IFERROR(VLOOKUP(AO15,اسماء,6,0),"") | AL6: =40*AI6*0.3 -> 72 | AM6: =IFERROR(VLOOKUP(AO15,اسماء,17,0),"") | AO6: =IF(AK9=0,"",IF(AK9<AJ9*0.4,AH9,"")) | AP6: =IF(AK10=0,"",IF(AK10<AJ10*0.4,AH10,"")) | AQ6: =IF(AK8=0,"",IF(AK8<AJ8*0.4,AH8,""))
A7: =ادخال1!$H$9 -> اللغة الإنجليزية | B7: =ادخال1!$H$7 -> 3 | C7: =40*B7*0.3 -> 36 | D7: =IFERROR(VLOOKUP(H15,اسماء,7,0),"") -> 33 | E7: =40*B7*0.3 -> 36 | F7: =IFERROR(VLOOKUP(H15,اسماء,18,0),"") -> 0 | H7: الثانية :- | I7: =IF(F11=0,"",IF(AND(F5>=E5*0.4,F6>=E6*0.4,F7>=E7*0.4,F9>=E9*0.4,F10>=E10*0.4),LOOKUP(F11,'النتيجة النهائية'!$AC$6:$AD$10),"ضعيف ويحتاج الى اهتمام في المواد")) | L7: =ادخال1!$H$9 -> اللغة الإنجليزية | M7: =ادخال1!$H$7 -> 3 | N7: =40*M7*0.3 -> 36 | O7: =IFERROR(VLOOKUP(S15,اسماء,7,0),"") -> 33 | P7: =40*M7*0.3 -> 36 | Q7: =IFERROR(VLOOKUP(S15,اسماء,18,0),"") -> 0 | S7: الثانية :- | T7: =IF(Q11=0,"",IF(AND(Q5>=P5*0.4,Q6>=P6*0.4,Q7>=P7*0.4,Q9>=P9*0.4,Q10>=P10*0.4),LOOKUP(Q11,'النتيجة النهائية'!$AC$6:$AD$10),"ضعيف ويحتاج الى اهتمام في المواد")) | W7: =ادخال1!$H$9 -> اللغة الإنجليزية | X7: =ادخال1!$H$7 -> 3 | Y7: =40*X7*0.3 -> 36 | Z7: =IFERROR(VLOOKUP(AD15,اسماء,7,0),"") -> 34 | AA7: =40*X7*0.3 -> 36 | AB7: =IFERROR(VLOOKUP(AD15,اسماء,18,0),"") -> 0 | AD7: الثانية :- | AE7: =IF(AB11=0,"",IF(AND(AB5>=AA5*0.4,AB6>=AA6*0.4,AB7>=AA7*0.4,AB9>=AA9*0.4,AB10>=AA10*0.4),LOOKUP(AB11,'النتيجة النهائية'!$AC$6:$AD$10),"ضعيف ويحتاج الى اهتمام في المواد")) | AH7: =ادخال1!$H$9 -> اللغة الإنجليزية | AI7: =ادخال1!$H$7 -> 3 | AJ7: =40*AI7*0.3 -> 36 | AK7: =IFERROR(VLOOKUP(AO15,اسماء,7,0),"") | AL7: =40*AI7*0.3 -> 36 | AM7: =IFERROR(VLOOKUP(AO15,اسماء,18,0),"") | AO7: الثانية :- | AP7: =IF(AM11=0,"",IF(AND(AM5>=AL5*0.4,AM6>=AL6*0.4,AM7>=AL7*0.4,AM9>=AL9*0.4,AM10>=AL10*0.4),LOOKUP(AM11,'النتيجة النهائية'!$AC$6:$AD$10),"ضعيف ويحتاج الى اهتمام في المواد"))
A8: =ادخال1!$I$9 -> الحاسوب | B8: =ادخال1!$I$7 -> 1 | C8: =40*B8*0.3 -> 12 | D8: =IFERROR(VLOOKUP(H15,اسماء,8,0),"") -> 11 | E8: =40*B8*0.3 -> 12 | F8: =IFERROR(VLOOKUP(H15,اسماء,19,0),"") -> 0 | L8: =ادخال1!$I$9 -> الحاسوب | M8: =ادخال1!$I$7 -> 1 | N8: =40*M8*0.3 -> 12 | O8: =IFERROR(VLOOKUP(S15,اسماء,8,0),"") -> 12 | P8: =40*M8*0.3 -> 12 | Q8: =IFERROR(VLOOKUP(S15,اسماء,19,0),"") -> 0 | W8: =ادخال1!$I$9 -> الحاسوب | X8: =ادخال1!$I$7 -> 1 | Y8: =40*X8*0.3 -> 12 | Z8: =IFERROR(VLOOKUP(AD15,اسماء,8,0),"") -> 12 | AA8: =40*X8*0.3 -> 12 | AB8: =IFERROR(VLOOKUP(AD15,اسماء,19,0),"") -> 0 | AH8: =ادخال1!$I$9 -> الحاسوب | AI8: =ادخال1!$I$7 -> 1 | AJ8: =40*AI8*0.3 -> 12 | AK8: =IFERROR(VLOOKUP(AO15,اسماء,8,0),"") | AL8: =40*AI8*0.3 -> 12 | AM8: =IFERROR(VLOOKUP(AO15,اسماء,19,0),"")
A9: =ادخال1!$J$9 -> الرياضيات | B9: =ادخال1!$J$7 -> 5 | C9: =40*B9*0.3 -> 60 | D9: =IFERROR(VLOOKUP(H15,اسماء,9,0),"") -> 49 | E9: =40*B9*0.3 -> 60 | F9: =IFERROR(VLOOKUP(H15,اسماء,20,0),"") -> 0 | H9: =IF(F5=0,"",IF(F5<E5*0.4,A5,"")) | I9: =IF(F6=0,"",IF(F6<E6*0.4,A6,"")) | J9: =IF(F7=0,"",IF(F7<E7*0.4,A7,"")) | L9: =ادخال1!$J$9 -> الرياضيات | M9: =ادخال1!$J$7 -> 5 | N9: =40*M9*0.3 -> 60 | O9: =IFERROR(VLOOKUP(S15,اسماء,9,0),"") -> 55 | P9: =40*M9*0.3 -> 60 | Q9: =IFERROR(VLOOKUP(S15,اسماء,20,0),"") -> 0 | S9: =IF(Q5=0,"",IF(Q5<P5*0.4,L5,"")) | T9: =IF(Q6=0,"",IF(Q6<P6*0.4,L6,"")) | U9: =IF(Q7=0,"",IF(Q7<P7*0.4,L7,"")) | W9: =ادخال1!$J$9 -> الرياضيات | X9: =ادخال1!$J$7 -> 5 | Y9: =40*X9*0.3 -> 60 | Z9: =IFERROR(VLOOKUP(AD15,اسماء,9,0),"") -> 56 | AA9: =40*X9*0.3 -> 60 | AB9: =IFERROR(VLOOKUP(AD15,اسماء,20,0),"") -> 0 | AD9: =IF(AB5=0,"",IF(AB5<AA5*0.4,W5,"")) | AE9: =IF(AB6=0,"",IF(AB6<AA6*0.4,W6,"")) | AF9: =IF(AB7=0,"",IF(AB7<AA7*0.4,W7,"")) | AH9: =ادخال1!$J$9 -> الرياضيات | AI9: =ادخال1!$J$7 -> 5 | AJ9: =40*AI9*0.3 -> 60 | AK9: =IFERROR(VLOOKUP(AO15,اسماء,9,0),"") | AL9: =40*AI9*0.3 -> 60 | AM9: =IFERROR(VLOOKUP(AO15,اسماء,20,0),"") | AO9: =IF(AM5=0,"",IF(AM5<AL5*0.4,AH5,"")) | AP9: =IF(AM6=0,"",IF(AM6<AL6*0.4,AH6,"")) | AQ9: =IF(AM7=0,"",IF(AM7<AL7*0.4,AH7,""))
A10: =ادخال1!$K$9 -> العلوم | B10: =ادخال1!$K$7 -> 3 | C10: =40*B10*0.3 -> 36 | D10: =IFERROR(VLOOKUP(H15,اسماء,10,0),"") -> 36 | E10: =40*B10*0.3 -> 36 | F10: =IFERROR(VLOOKUP(H15,اسماء,21,0),"") -> 0 | H10: =IF(F9=0,"",IF(F9<E9*0.4,A9,"")) | I10: =IF(F10=0,"",IF(F10<E10*0.4,A10,"")) | J10: =IF(F8=0,"",IF(F8<E8*0.4,A8,"")) | L10: =ادخال1!$K$9 -> العلوم | M10: =ادخال1!$K$7 -> 3 | N10: =40*M10*0.3 -> 36 | O10: =IFERROR(VLOOKUP(S15,اسماء,10,0),"") -> 35 | P10: =40*M10*0.3 -> 36 | Q10: =IFERROR(VLOOKUP(S15,اسماء,21,0),"") -> 0 | S10: =IF(Q9=0,"",IF(Q9<P9*0.4,L9,"")) | T10: =IF(Q10=0,"",IF(Q10<P10*0.4,L10,"")) | U10: =IF(Q8=0,"",IF(Q8<P8*0.4,L8,"")) | W10: =ادخال1!$K$9 -> العلوم | X10: =ادخال1!$K$7 -> 3 | Y10: =40*X10*0.3 -> 36 | Z10: =IFERROR(VLOOKUP(AD15,اسماء,10,0),"") -> 35 | AA10: =40*X10*0.3 -> 36 | AB10: =IFERROR(VLOOKUP(AD15,اسماء,21,0),"") -> 0 | AD10: =IF(AB9=0,"",IF(AB9<AA9*0.4,W9,"")) | AE10: =IF(AB10=0,"",IF(AB10<AA10*0.4,W10,"")) | AF10: =IF(AB8=0,"",IF(AB8<AA8*0.4,W8,"")) | AH10: =ادخال1!$K$9 -> العلوم | AI10: =ادخال1!$K$7 -> 3 | AJ10: =40*AI10*0.3 -> 36 | AK10: =IFERROR(VLOOKUP(AO15,اسماء,10,0),"") | AL10: =40*AI10*0.3 -> 36 | AM10: =IFERROR(VLOOKUP(AO15,اسماء,21,0),"") | AO10: =IF(AM9=0,"",IF(AM9<AL9*0.4,AH9,"")) | AP10: =IF(AM10=0,"",IF(AM10<AL10*0.4,AH10,"")) | AQ10: =IF(AM8=0,"",IF(AM8<AL8*0.4,AH8,""))
A11: المجموع العـام | C11: =SUM(C5:C10) -> 252 | D11: =SUM(D5:D10) -> 224 | E11: =SUM(E5:E10) -> 252 | F11: =SUM(F5:F10) -> 0 | H11: مدير المدرسة/ | I11: =ادخال1!$BJ$5 -> د. عبدالرحمن خليفة العريبي | L11: المجموع العـام | N11: =SUM(N5:N10) -> 252 | O11: =SUM(O5:O10) -> 242 | P11: =SUM(P5:P10) -> 252 | Q11: =SUM(Q5:Q10) -> 0 | S11: مدير المدرسة/ | T11: =ادخال1!$BJ$5 -> د. عبدالرحمن خليفة العريبي | W11: المجموع العـام | Y11: =SUM(Y5:Y10) -> 252 | Z11: =SUM(Z5:Z10) -> 244 | AA11: =SUM(AA5:AA10) -> 252 | AB11: =SUM(AB5:AB10) -> 0 | AD11: مدير المدرسة/ | AE11: =ادخال1!$BJ$5 -> د. عبدالرحمن خليفة العريبي | AH11: المجموع العـام | AJ11: =SUM(AJ5:AJ10) -> 252 | AK11: =SUM(AK5:AK10) -> 0 | AL11: =SUM(AL5:AL10) -> 252 | AM11: =SUM(AM5:AM10) -> 0 | AO11: مدير المدرسة/ | AP11: =ادخال1!$BJ$5 -> د. عبدالرحمن خليفة العريبي
A12: =ادخال1!$M$8 -> التربية الفنية | B12: =ادخال1!$M$7 -> 1 | C12: =IFERROR(VLOOKUP(H15,اسماء,12,0),"") -> جيد جداً | E12: =IFERROR(VLOOKUP(H15,اسماء,23,0),"") -> 0 | H12: التاريخ | I12: =TODAY() -> 46009 | L12: =ادخال1!$M$8 -> التربية الفنية | M12: =ادخال1!$M$7 -> 1 | N12: =IFERROR(VLOOKUP(S15,اسماء,12,0),"") -> جيد جداً | P12: =IFERROR(VLOOKUP(S15,اسماء,23,0),"") -> 0 | S12: التاريخ | T12: =TODAY() -> 46009 | W12: =ادخال1!$M$8 -> التربية الفنية | X12: =ادخال1!$M$7 -> 1 | Y12: =IFERROR(VLOOKUP(AD15,اسماء,12,0),"") -> جيد جداً | AA12: =IFERROR(VLOOKUP(AD15,اسماء,23,0),"") -> 0 | AD12: التاريخ | AE12: =TODAY() -> 46009 | AH12: =ادخال1!$M$8 -> التربية الفنية | AI12: =ادخال1!$M$7 -> 1 | AJ12: =IFERROR(VLOOKUP(AO15,اسماء,12,0),"") | AL12: =IFERROR(VLOOKUP(AO15,اسماء,23,0),"") | AO12: التاريخ | AP12: =TODAY() -> 46009
A13: =ادخال1!$N$8 -> التربية البدنية | B13: =ادخال1!$N$7 -> 2 | C13: =IFERROR(VLOOKUP(H15,اسماء,13,0),"") -> جيد جداً | E13: =IFERROR(VLOOKUP(H15,اسماء,24,0),"") -> 0 | L13: =ادخال1!$N$8 -> التربية البدنية | M13: =ادخال1!$N$7 -> 2 | N13: =IFERROR(VLOOKUP(S15,اسماء,13,0),"") -> جيد جداً | P13: =IFERROR(VLOOKUP(S15,اسماء,24,0),"") -> 0 | W13: =ادخال1!$N$8 -> التربية البدنية | X13: =ادخال1!$N$7 -> 2 | Y13: =IFERROR(VLOOKUP(AD15,اسماء,13,0),"") -> جيد جداً | AA13: =IFERROR(VLOOKUP(AD15,اسماء,24,0),"") -> 0 | AH13: =ادخال1!$N$8 -> التربية البدنية | AI13: =ادخال1!$N$7 -> 2 | AJ13: =IFERROR(VLOOKUP(AO15,اسماء,13,0),"") | AL13: =IFERROR(VLOOKUP(AO15,اسماء,24,0),"")
A14: =ادخال1!$O$8 -> مكتبة | B14: =ادخال1!$O$7 -> 1 | L14: =ادخال1!$O$8 -> مكتبة | M14: =ادخال1!$O$7 -> 1 | W14: =ادخال1!$O$8 -> مكتبة | X14: =ادخال1!$O$7 -> 1 | AH14: =ادخال1!$O$8 -> مكتبة | AI14: =ادخال1!$O$7 -> 1
A15: الرقم الوطني | B15: =IFERROR(VLOOKUP(H15,اسماء,65,0),"") -> 220170664398 | C15: =IFERROR(VLOOKUP(G20,اسماء,8,0),"") | D15: =IFERROR(VLOOKUP(H20,اسماء,8,0),"") | E15: =IFERROR(VLOOKUP(I20,اسماء,8,0),"") | H15: =INDEX(عمود2,MATCH(J1,عمود1)) -> دانية حسن مفتاح المقوب | L15: الرقم الوطني | M15: =IFERROR(VLOOKUP(S15,اسماء,65,0),"") -> 220170951696 | N15: =IFERROR(VLOOKUP(R20,اسماء,8,0),"") | O15: =IFERROR(VLOOKUP(S20,اسماء,8,0),"") | P15: =IFERROR(VLOOKUP(T20,اسماء,8,0),"") | S15: =INDEX(عمود2,MATCH(U1,عمود1)) -> فاطمة سالم سالم الورفلى | W15: الرقم الوطني | X15: =IFERROR(VLOOKUP(AD15,اسماء,65,0),"") -> 220170240914 | Y15: =IFERROR(VLOOKUP(AC20,اسماء,8,0),"") | Z15: =IFERROR(VLOOKUP(AD20,اسماء,8,0),"") | AA15: =IFERROR(VLOOKUP(AE20,اسماء,8,0),"") | AD15: =INDEX(عمود2,MATCH(AF1,عمود1)) -> ايلياء محمد عوض الحداد | AH15: الرقم الوطني | AI15: =IFERROR(VLOOKUP(AO15,اسماء,65,0),"") | AJ15: =IFERROR(VLOOKUP(AN20,اسماء,8,0),"") | AK15: =IFERROR(VLOOKUP(AO20,اسماء,8,0),"") | AL15: =IFERROR(VLOOKUP(AP20,اسماء,8,0),"") | AO15: =INDEX(عمود2,MATCH(AQ1,عمود1)) -> 0
A16: الســــــلوك | C16: =IFERROR(VLOOKUP(H15,اسماء,37,0),"") -> 0 | E16: =IFERROR(VLOOKUP(H15,اسماء,38,0),"") -> 0 | H16: كل كشط أو تغيير في هذه البطاقة يلغيها. | L16: الســــــلوك | N16: =IFERROR(VLOOKUP(S15,اسماء,37,0),"") -> 0 | P16: =IFERROR(VLOOKUP(S15,اسماء,38,0),"") -> 0 | S16: كل كشط أو تغيير في هذه البطاقة يلغيها. | W16: الســــــلوك | Y16: =IFERROR(VLOOKUP(AD15,اسماء,37,0),"") -> 0 | AA16: =IFERROR(VLOOKUP(AD15,اسماء,38,0),"") -> 0 | AD16: كل كشط أو تغيير في هذه البطاقة يلغيها. | AH16: الســــــلوك | AJ16: =IFERROR(VLOOKUP(AO15,اسماء,37,0),"") | AL16: =IFERROR(VLOOKUP(AO15,اسماء,38,0),"") | AO16: كل كشط أو تغيير في هذه البطاقة يلغيها.
A17: غياب مشروع | C17: =IFERROR(VLOOKUP(H15,اسماء,40,0),"") -> 0 | E17: =IFERROR(VLOOKUP(H15,اسماء,42,0),"") -> 0 | L17: غياب مشروع | N17: =IFERROR(VLOOKUP(S15,اسماء,40,0),"") -> 0 | P17: =IFERROR(VLOOKUP(S15,اسماء,42,0),"") -> 0 | W17: غياب مشروع | Y17: =IFERROR(VLOOKUP(AD15,اسماء,40,0),"") -> 0 | AA17: =IFERROR(VLOOKUP(AD15,اسماء,42,0),"") -> 0 | AH17: غياب مشروع | AJ17: =IFERROR(VLOOKUP(AO15,اسماء,40,0),"") | AL17: =IFERROR(VLOOKUP(AO15,اسماء,42,0),"")
A18: غياب غير مشروع | C18: =IFERROR(VLOOKUP(H15,اسماء,41,0),"") -> 0 | E18: =IFERROR(VLOOKUP(H15,اسماء,43,0),"") -> 0 | L18: غياب غير مشروع | N18: =IFERROR(VLOOKUP(S15,اسماء,41,0),"") -> 0 | P18: =IFERROR(VLOOKUP(S15,اسماء,43,0),"") -> 0 | W18: غياب غير مشروع | Y18: =IFERROR(VLOOKUP(AD15,اسماء,41,0),"") -> 0 | AA18: =IFERROR(VLOOKUP(AD15,اسماء,43,0),"") -> 0 | AH18: غياب غير مشروع | AJ18: =IFERROR(VLOOKUP(AO15,اسماء,41,0),"") | AL18: =IFERROR(VLOOKUP(AO15,اسماء,43,0),"")
A20: التوقيعــــات | B20: رائــد الصف | D20: مديـر المدرسة | H20: ولي الامر | L20: التوقيعــــات | M20: رائــد الصف | O20: مديـر المدرسة | S20: ولي الامر | W20: التوقيعــــات | X20: رائــد الصف | Z20: مديـر المدرسة | AD20: ولي الامر | AH20: التوقيعــــات | AI20: رائــد الصف | AK20: مديـر المدرسة | AO20: ولي الامر
A21: الفترة الاولى | L21: الفترة الاولى | W21: الفترة الاولى | AH21: الفترة الاولى
A22: الفترة الثانية | L22: الفترة الثانية | W22: الفترة الثانية | AH22: الفترة الثانية
A24: بطاقة تقدير الدرجات للصــــف | D24: =ادخال1!$L$4 -> الثالث | F24: من التعليم الأساسي | J24: =J1+1 -> 5 | L24: بطاقة تقدير الدرجات للصــــف | O24: =ادخال1!$L$4 -> الثالث | Q24: من التعليم الأساسي | U24: =U1+1 -> 10 | W24: بطاقة تقدير الدرجات للصــــف | Z24: =ادخال1!$L$4 -> الثالث | AB24: من التعليم الأساسي | AF24: =AF1+1 -> 15 | AH24: بطاقة تقدير الدرجات للصــــف | AK24: =ادخال1!$L$4 -> الثالث | AM24: من التعليم الأساسي | AQ24: =AQ1+1 -> 20
A25: المدرسة/ | B25: =ادخال1!$B$5 -> سهول العلم للتعليم الخاص | F25: الاسم | G25: =H36 -> 0 | L25: المدرسة/ | M25: =ادخال1!$B$5 -> سهول العلم للتعليم الخاص | Q25: الاسم | R25: =S36 -> 0 | W25: المدرسة/ | X25: =ادخال1!$B$5 -> سهول العلم للتعليم الخاص | AB25: الاسم | AC25: =AD36 -> 0 | AH25: المدرسة/ | AI25: =ادخال1!$B$5 -> سهول العلم للتعليم الخاص | AM25: الاسم | AN25: =AO36 -> 0
A26: الفترات | B26: عدد الحصص | C26: الفترة الأولي 30 % | E26: الفترة الثانية 30 % | H26: ملاحظــات عن نتيجة التلميذ خلال كل فترة : | L26: الفترات | M26: عدد الحصص | N26: الفترة الأولي 30 % | P26: الفترة الثانية 30 % | S26: ملاحظــات عن نتيجة التلميذ خلال كل فترة : | W26: الفترات | X26: عدد الحصص | Y26: الفترة الأولي 30 % | AA26: الفترة الثانية 30 % | AD26: ملاحظــات عن نتيجة التلميذ خلال كل فترة : | AH26: الفترات | AI26: عدد الحصص | AJ26: الفترة الأولي 30 % | AL26: الفترة الثانية 30 % | AO26: ملاحظــات عن نتيجة التلميذ خلال كل فترة :
A27: المواد الدراسية | C27: الدرجة الكبرى | D27: درجة التلميذ | E27: الدرجة الكبرى | F27: درجة التلميذ | H27: الأولي : | I27: =IF(D33=0,"",IF(AND(D28>=C28*0.4,D29>=C29*0.4,D30>=C30*0.4,D31>=C31*0.4,D32>=C32*0.4),LOOKUP(D33,'النتيجة النهائية'!$AC$6:$AD$10),"ضعيف ويحتاج الى اهتمام في المواد")) -> ضعيف | L27: المواد الدراسية | N27: الدرجة الكبرى | O27: درجة التلميذ | P27: الدرجة الكبرى | Q27: درجة التلميذ | S27: الأولي : | T27: =IF(O33=0,"",IF(AND(O28>=N28*0.4,O29>=N29*0.4,O30>=N30*0.4,O31>=N31*0.4,O32>=N32*0.4),LOOKUP(O33,'النتيجة النهائية'!$AC$6:$AD$10),"ضعيف ويحتاج الى اهتمام في المواد")) -> ضعيف | W27: المواد الدراسية | Y27: الدرجة الكبرى | Z27: درجة التلميذ | AA27: الدرجة الكبرى | AB27: درجة التلميذ | AD27: الأولي : | AE27: =IF(Z33=0,"",IF(AND(Z28>=Y28*0.4,Z29>=Y29*0.4,Z30>=Y30*0.4,Z31>=Y31*0.4,Z32>=Y32*0.4),LOOKUP(Z33,'النتيجة النهائية'!$AC$6:$AD$10),"ضعيف ويحتاج الى اهتمام في المواد")) -> ضعيف | AH27: المواد الدراسية | AJ27: الدرجة الكبرى | AK27: درجة التلميذ | AL27: الدرجة الكبرى | AM27: درجة التلميذ | AO27: الأولي : | AP27: =IF(AK33=0,"",IF(AND(AK28>=AJ28*0.4,AK29>=AJ29*0.4,AK30>=AJ30*0.4,AK31>=AJ31*0.4,AK32>=AJ32*0.4),LOOKUP(AK33,'النتيجة النهائية'!$AC$6:$AD$10),"ضعيف ويحتاج الى اهتمام في المواد")) -> #N/A
A28: =ادخال1!$F$9 -> التربية الإسلامية | B28: =ادخال1!$F$7 -> 3 | C28: =40*B28*0.3 -> 36 | D28: =IFERROR(VLOOKUP(H38,اسماء,5,0),"") -> 35 | E28: =40*B28*0.3 -> 36 | F28: =IFERROR(VLOOKUP(H38,اسماء,16,0),"") -> 0 | H28: =IF(D28=0,"",IF(D28<C28*0.4,A28,"")) | I28: =IF(D29=0,"",IF(D29<C29*0.4,A29,"")) | J28: =IF(D30=0,"",IF(D30<C30*0.4,A30,"")) | L28: =ادخال1!$F$9 -> التربية الإسلامية | M28: =ادخال1!$F$7 -> 3 | N28: =40*M28*0.3 -> 36 | O28: =IFERROR(VLOOKUP(S38,اسماء,5,0),"") -> 36 | P28: =40*M28*0.3 -> 36 | Q28: =IFERROR(VLOOKUP(S38,اسماء,16,0),"") -> 0 | S28: =IF(O28=0,"",IF(O28<N28*0.4,L28,"")) | T28: =IF(O29=0,"",IF(O29<N29*0.4,L29,"")) | U28: =IF(O30=0,"",IF(O30<N30*0.4,L30,"")) | W28: =ادخال1!$F$9 -> التربية الإسلامية | X28: =ادخال1!$F$7 -> 3 | Y28: =40*X28*0.3 -> 36 | Z28: =IFERROR(VLOOKUP(AD38,اسماء,5,0),"") -> 36 | AA28: =40*X28*0.3 -> 36 | AB28: =IFERROR(VLOOKUP(AD38,اسماء,16,0),"") -> 0 | AD28: =IF(Z28=0,"",IF(Z28<Y28*0.4,W28,"")) | AE28: =IF(Z29=0,"",IF(Z29<Y29*0.4,W29,"")) | AF28: =IF(Z30=0,"",IF(Z30<Y30*0.4,W30,"")) | AH28: =ادخال1!$F$9 -> التربية الإسلامية | AI28: =ادخال1!$F$7 -> 3 | AJ28: =40*AI28*0.3 -> 36 | AK28: =IFERROR(VLOOKUP(AO38,اسماء,5,0),"") | AL28: =40*AI28*0.3 -> 36 | AM28: =IFERROR(VLOOKUP(AO38,اسماء,16,0),"") | AO28: =IF(AK28=0,"",IF(AK28<AJ28*0.4,AH28,"")) | AP28: =IF(AK29=0,"",IF(AK29<AJ29*0.4,AH29,"")) | AQ28: =IF(AK30=0,"",IF(AK30<AJ30*0.4,AH30,""))
A29: =ادخال1!$G$9 -> اللغة العربية | B29: =ادخال1!$G$7 -> 6 | C29: =40*B29*0.3 -> 72 | D29: =IFERROR(VLOOKUP(H38,اسماء,6,0),"") -> 64 | E29: =40*B29*0.3 -> 72 | F29: =IFERROR(VLOOKUP(H38,اسماء,17,0),"") -> 0 | H29: =IF(D32=0,"",IF(D32<C32*0.4,A32,"")) | I29: =IF(D33=0,"",IF(D33<C33*0.4,A33,"")) | J29: =IF(D31=0,"",IF(D31<C31*0.4,A31,"")) | L29: =ادخال1!$G$9 -> اللغة العربية | M29: =ادخال1!$G$7 -> 6 | N29: =40*M29*0.3 -> 72 | O29: =IFERROR(VLOOKUP(S38,اسماء,6,0),"") -> 71 | P29: =40*M29*0.3 -> 72 | Q29: =IFERROR(VLOOKUP(S38,اسماء,17,0),"") -> 0 | S29: =IF(O32=0,"",IF(O32<N32*0.4,L32,"")) | T29: =IF(O33=0,"",IF(O33<N33*0.4,L33,"")) | U29: =IF(O31=0,"",IF(O31<N31*0.4,L31,"")) | W29: =ادخال1!$G$9 -> اللغة العربية | X29: =ادخال1!$G$7 -> 6 | Y29: =40*X29*0.3 -> 72 | Z29: =IFERROR(VLOOKUP(AD38,اسماء,6,0),"") -> 68 | AA29: =40*X29*0.3 -> 72 | AB29: =IFERROR(VLOOKUP(AD38,اسماء,17,0),"") -> 0 | AD29: =IF(Z32=0,"",IF(Z32<Y32*0.4,W32,"")) | AE29: =IF(Z33=0,"",IF(Z33<Y33*0.4,W33,"")) | AF29: =IF(Z31=0,"",IF(Z31<Y31*0.4,W31,"")) | AH29: =ادخال1!$G$9 -> اللغة العربية | AI29: =ادخال1!$G$7 -> 6 | AJ29: =40*AI29*0.3 -> 72 | AK29: =IFERROR(VLOOKUP(AO38,اسماء,6,0),"") | AL29: =40*AI29*0.3 -> 72 | AM29: =IFERROR(VLOOKUP(AO38,اسماء,17,0),"") | AO29: =IF(AK32=0,"",IF(AK32<AJ32*0.4,AH32,"")) | AP29: =IF(AK33=0,"",IF(AK33<AJ33*0.4,AH33,"")) | AQ29: =IF(AK31=0,"",IF(AK31<AJ31*0.4,AH31,""))
A30: =ادخال1!$H$9 -> اللغة الإنجليزية | B30: =ادخال1!$H$7 -> 3 | C30: =40*B30*0.3 -> 36 | D30: =IFERROR(VLOOKUP(H38,اسماء,7,0),"") -> 31 | E30: =40*B30*0.3 -> 36 | F30: =IFERROR(VLOOKUP(H38,اسماء,18,0),"") -> 0 | H30: الثانية :- | I30: =IF(F34=0,"",IF(AND(F28>=E28*0.4,F29>=E29*0.4,F30>=E30*0.4,F32>=E32*0.4,F33>=E33*0.4),LOOKUP(F34,'النتيجة النهائية'!$AC$6:$AD$10),"ضعيف ويحتاج الى اهتمام في المواد")) | L30: =ادخال1!$H$9 -> اللغة الإنجليزية | M30: =ادخال1!$H$7 -> 3 | N30: =40*M30*0.3 -> 36 | O30: =IFERROR(VLOOKUP(S38,اسماء,7,0),"") -> 36 | P30: =40*M30*0.3 -> 36 | Q30: =IFERROR(VLOOKUP(S38,اسماء,18,0),"") -> 0 | S30: الثانية :- | T30: =IF(Q34=0,"",IF(AND(Q28>=P28*0.4,Q29>=P29*0.4,Q30>=P30*0.4,Q32>=P32*0.4,Q33>=P33*0.4),LOOKUP(Q34,'النتيجة النهائية'!$AC$6:$AD$10),"ضعيف ويحتاج الى اهتمام في المواد")) | W30: =ادخال1!$H$9 -> اللغة الإنجليزية | X30: =ادخال1!$H$7 -> 3 | Y30: =40*X30*0.3 -> 36 | Z30: =IFERROR(VLOOKUP(AD38,اسماء,7,0),"") -> 31 | AA30: =40*X30*0.3 -> 36 | AB30: =IFERROR(VLOOKUP(AD38,اسماء,18,0),"") -> 0 | AD30: الثانية :- | AE30: =IF(AB34=0,"",IF(AND(AB28>=AA28*0.4,AB29>=AA29*0.4,AB30>=AA30*0.4,AB32>=AA32*0.4,AB33>=AA33*0.4),LOOKUP(AB34,'النتيجة النهائية'!$AC$6:$AD$10),"ضعيف ويحتاج الى اهتمام في المواد")) | AH30: =ادخال1!$H$9 -> اللغة الإنجليزية | AI30: =ادخال1!$H$7 -> 3 | AJ30: =40*AI30*0.3 -> 36 | AK30: =IFERROR(VLOOKUP(AO38,اسماء,7,0),"") | AL30: =40*AI30*0.3 -> 36 | AM30: =IFERROR(VLOOKUP(AO38,اسماء,18,0),"") | AO30: الثانية :- | AP30: =IF(AM34=0,"",IF(AND(AM28>=AL28*0.4,AM29>=AL29*0.4,AM30>=AL30*0.4,AM32>=AL32*0.4,AM33>=AL33*0.4),LOOKUP(AM34,'النتيجة النهائية'!$AC$6:$AD$10),"ضعيف ويحتاج الى اهتمام في المواد"))
A31: =ادخال1!$I$9 -> الحاسوب | B31: =ادخال1!$I$7 -> 1 | C31: =40*B31*0.3 -> 12 | D31: =IFERROR(VLOOKUP(H38,اسماء,8,0),"") -> 10 | E31: =40*B31*0.3 -> 12 | F31: =IFERROR(VLOOKUP(H38,اسماء,19,0),"") -> 0 | L31: =ادخال1!$I$9 -> الحاسوب | M31: =ادخال1!$I$7 -> 1 | N31: =40*M31*0.3 -> 12 | O31: =IFERROR(VLOOKUP(S38,اسماء,8,0),"") -> 12 | P31: =40*M31*0.3 -> 12 | Q31: =IFERROR(VLOOKUP(S38,اسماء,19,0),"") -> 0 | W31: =ادخال1!$I$9 -> الحاسوب | X31: =ادخال1!$I$7 -> 1 | Y31: =40*X31*0.3 -> 12 | Z31: =IFERROR(VLOOKUP(AD38,اسماء,8,0),"") -> 12 | AA31: =40*X31*0.3 -> 12 | AB31: =IFERROR(VLOOKUP(AD38,اسماء,19,0),"") -> 0 | AH31: =ادخال1!$I$9 -> الحاسوب | AI31: =ادخال1!$I$7 -> 1 | AJ31: =40*AI31*0.3 -> 12 | AK31: =IFERROR(VLOOKUP(AO38,اسماء,8,0),"") | AL31: =40*AI31*0.3 -> 12 | AM31: =IFERROR(VLOOKUP(AO38,اسماء,19,0),"")
A32: =ادخال1!$J$9 -> الرياضيات | B32: =ادخال1!$J$7 -> 5 | C32: =40*B32*0.3 -> 60 | D32: =IFERROR(VLOOKUP(H38,اسماء,9,0),"") -> 41 | E32: =40*B32*0.3 -> 60 | F32: =IFERROR(VLOOKUP(H38,اسماء,20,0),"") -> 0 | H32: =IF(F28=0,"",IF(F28<E28*0.4,A28,"")) | I32: =IF(F29=0,"",IF(F29<E29*0.4,A29,"")) | J32: =IF(F30=0,"",IF(F30<E30*0.4,A30,"")) | L32: =ادخال1!$J$9 -> الرياضيات | M32: =ادخال1!$J$7 -> 5 | N32: =40*M32*0.3 -> 60 | O32: =IFERROR(VLOOKUP(S38,اسماء,9,0),"") -> 60 | P32: =40*M32*0.3 -> 60 | Q32: =IFERROR(VLOOKUP(S38,اسماء,20,0),"") -> 0 | S32: =IF(Q28=0,"",IF(Q28<P28*0.4,L28,"")) | T32: =IF(Q29=0,"",IF(Q29<P29*0.4,L29,"")) | U32: =IF(Q30=0,"",IF(Q30<P30*0.4,L30,"")) | W32: =ادخال1!$J$9 -> الرياضيات | X32: =ادخال1!$J$7 -> 5 | Y32: =40*X32*0.3 -> 60 | Z32: =IFERROR(VLOOKUP(AD38,اسماء,9,0),"") -> 56 | AA32: =40*X32*0.3 -> 60 | AB32: =IFERROR(VLOOKUP(AD38,اسماء,20,0),"") -> 0 | AD32: =IF(AB28=0,"",IF(AB28<AA28*0.4,W28,"")) | AE32: =IF(AB29=0,"",IF(AB29<AA29*0.4,W29,"")) | AF32: =IF(AB30=0,"",IF(AB30<AA30*0.4,W30,"")) | AH32: =ادخال1!$J$9 -> الرياضيات | AI32: =ادخال1!$J$7 -> 5 | AJ32: =40*AI32*0.3 -> 60 | AK32: =IFERROR(VLOOKUP(AO38,اسماء,9,0),"") | AL32: =40*AI32*0.3 -> 60 | AM32: =IFERROR(VLOOKUP(AO38,اسماء,20,0),"") | AO32: =IF(AM28=0,"",IF(AM28<AL28*0.4,AH28,"")) | AP32: =IF(AM29=0,"",IF(AM29<AL29*0.4,AH29,"")) | AQ32: =IF(AM30=0,"",IF(AM30<AL30*0.4,AH30,""))
A33: =ادخال1!$K$9 -> العلوم | B33: =ادخال1!$K$7 -> 3 | C33: =40*B33*0.3 -> 36 | D33: =IFERROR(VLOOKUP(H38,اسماء,10,0),"") -> 30 | E33: =40*B33*0.3 -> 36 | F33: =IFERROR(VLOOKUP(H38,اسماء,21,0),"") -> 0 | H33: =IF(F32=0,"",IF(F32<E32*0.4,A32,"")) | I33: =IF(F33=0,"",IF(F33<E33*0.4,A33,"")) | J33: =IF(F31=0,"",IF(F31<E31*0.4,A31,"")) | L33: =ادخال1!$K$9 -> العلوم | M33: =ادخال1!$K$7 -> 3 | N33: =40*M33*0.3 -> 36 | O33: =IFERROR(VLOOKUP(S38,اسماء,10,0),"") -> 36 | P33: =40*M33*0.3 -> 36 | Q33: =IFERROR(VLOOKUP(S38,اسماء,21,0),"") -> 0 | S33: =IF(Q32=0,"",IF(Q32<P32*0.4,L32,"")) | T33: =IF(Q33=0,"",IF(Q33<P33*0.4,L33,"")) | U33: =IF(Q31=0,"",IF(Q31<P31*0.4,L31,"")) | W33: =ادخال1!$K$9 -> العلوم | X33: =ادخال1!$K$7 -> 3 | Y33: =40*X33*0.3 -> 36 | Z33: =IFERROR(VLOOKUP(AD38,اسماء,10,0),"") -> 36 | AA33: =40*X33*0.3 -> 36 | AB33: =IFERROR(VLOOKUP(AD38,اسماء,21,0),"") -> 0 | AD33: =IF(AB32=0,"",IF(AB32<AA32*0.4,W32,"")) | AE33: =IF(AB33=0,"",IF(AB33<AA33*0.4,W33,"")) | AF33: =IF(AB31=0,"",IF(AB31<AA31*0.4,W31,"")) | AH33: =ادخال1!$K$9 -> العلوم | AI33: =ادخال1!$K$7 -> 3 | AJ33: =40*AI33*0.3 -> 36 | AK33: =IFERROR(VLOOKUP(AO38,اسماء,10,0),"") | AL33: =40*AI33*0.3 -> 36 | AM33: =IFERROR(VLOOKUP(AO38,اسماء,21,0),"") | AO33: =IF(AM32=0,"",IF(AM32<AL32*0.4,AH32,"")) | AP33: =IF(AM33=0,"",IF(AM33<AL33*0.4,AH33,"")) | AQ33: =IF(AM31=0,"",IF(AM31<AL31*0.4,AH31,""))
A34: المجموع العـام | C34: =SUM(C28:C33) -> 252 | D34: =SUM(D28:D33) -> 211 | E34: =SUM(E28:E33) -> 252 | F34: =SUM(F28:F33) -> 0 | H34: مدير المدرسة/ | I34: =ادخال1!$BJ$5 -> د. عبدالرحمن خليفة العريبي | L34: المجموع العـام | N34: =SUM(N28:N33) -> 252 | O34: =SUM(O28:O33) -> 251 | P34: =SUM(P28:P33) -> 252 | Q34: =SUM(Q28:Q33) -> 0 | S34: مدير المدرسة/ | T34: =ادخال1!$BJ$5 -> د. عبدالرحمن خليفة العريبي | W34: المجموع العـام | Y34: =SUM(Y28:Y33) -> 252 | Z34: =SUM(Z28:Z33) -> 239 | AA34: =SUM(AA28:AA33) -> 252 | AB34: =SUM(AB28:AB33) -> 0 | AD34: مدير المدرسة/ | AE34: =ادخال1!$BJ$5 -> د. عبدالرحمن خليفة العريبي | AH34: المجموع العـام | AJ34: =SUM(AJ28:AJ33) -> 252 | AK34: =SUM(AK28:AK33) -> 0 | AL34: =SUM(AL28:AL33) -> 252 | AM34: =SUM(AM28:AM33) -> 0 | AO34: مدير المدرسة/ | AP34: =ادخال1!$BJ$5 -> د. عبدالرحمن خليفة العريبي
A35: =ادخال1!$M$8 -> التربية الفنية | B35: =ادخال1!$M$7 -> 1 | C35: =IFERROR(VLOOKUP(H38,اسماء,12,0),"") -> جيد جداً | E35: =IFERROR(VLOOKUP(H38,اسماء,23,0),"") -> 0 | H35: التاريخ | I35: =TODAY() -> 46009 | L35: =ادخال1!$M$8 -> التربية الفنية | M35: =ادخال1!$M$7 -> 1 | N35: =IFERROR(VLOOKUP(S38,اسماء,12,0),"") -> جيد جداً | P35: =IFERROR(VLOOKUP(S38,اسماء,23,0),"") -> 0 | S35: التاريخ | T35: =TODAY() -> 46009 | W35: =ادخال1!$M$8 -> التربية الفنية | X35: =ادخال1!$M$7 -> 1 | Y35: =IFERROR(VLOOKUP(AD38,اسماء,12,0),"") -> جيد جداً | AA35: =IFERROR(VLOOKUP(AD38,اسماء,23,0),"") -> 0 | AD35: التاريخ | AE35: =TODAY() -> 46009 | AH35: =ادخال1!$M$8 -> التربية الفنية | AI35: =ادخال1!$M$7 -> 1 | AJ35: =IFERROR(VLOOKUP(AO38,اسماء,12,0),"") | AL35: =IFERROR(VLOOKUP(AO38,اسماء,23,0),"") | AO35: التاريخ | AP35: =TODAY() -> 46009
A36: =ادخال1!$N$8 -> التربية البدنية | B36: =ادخال1!$N$7 -> 2 | C36: =IFERROR(VLOOKUP(H38,اسماء,13,0),"") -> جيد جداً | E36: =IFERROR(VLOOKUP(H38,اسماء,24,0),"") -> 0 | L36: =ادخال1!$N$8 -> التربية البدنية | M36: =ادخال1!$N$7 -> 2 | N36: =IFERROR(VLOOKUP(S38,اسماء,13,0),"") -> جيد جداً | P36: =IFERROR(VLOOKUP(S38,اسماء,24,0),"") -> 0 | W36: =ادخال1!$N$8 -> التربية البدنية | X36: =ادخال1!$N$7 -> 2 | Y36: =IFERROR(VLOOKUP(AD38,اسماء,13,0),"") -> جيد جداً | AA36: =IFERROR(VLOOKUP(AD38,اسماء,24,0),"") -> 0 | AH36: =ادخال1!$N$8 -> التربية البدنية | AI36: =ادخال1!$N$7 -> 2 | AJ36: =IFERROR(VLOOKUP(AO38,اسماء,13,0),"") | AL36: =IFERROR(VLOOKUP(AO38,اسماء,24,0),"")
A37: =ادخال1!$O$8 -> مكتبة | B37: =ادخال1!$O$7 -> 1 | L37: =ادخال1!$O$8 -> مكتبة | M37: =ادخال1!$O$7 -> 1 | W37: =ادخال1!$O$8 -> مكتبة | X37: =ادخال1!$O$7 -> 1 | AH37: =ادخال1!$O$8 -> مكتبة | AI37: =ادخال1!$O$7 -> 1
A38: الرقم الوطني | B38: =IFERROR(VLOOKUP(H38,اسماء,65,0),"") -> 220170079396 | C38: =IFERROR(VLOOKUP(G43,اسماء,8,0),"") | D38: =IFERROR(VLOOKUP(H43,اسماء,8,0),"") | E38: =IFERROR(VLOOKUP(I43,اسماء,8,0),"") | H38: =INDEX(عمود2,MATCH(J24,عمود1)) -> ساجدة عبد السلام شعبان بى | L38: الرقم الوطني | M38: =IFERROR(VLOOKUP(S38,اسماء,65,0),"") -> 120171103057 | N38: =IFERROR(VLOOKUP(R43,اسماء,8,0),"") | O38: =IFERROR(VLOOKUP(S43,اسماء,8,0),"") | P38: =IFERROR(VLOOKUP(T43,اسماء,8,0),"") | S38: =INDEX(عمود2,MATCH(U24,عمود1)) -> كنان سالم عبد الكريم النفاتى | W38: الرقم الوطني | X38: =IFERROR(VLOOKUP(AD38,اسماء,65,0),"") -> 120170096866 | Y38: =IFERROR(VLOOKUP(AC43,اسماء,8,0),"") | Z38: =IFERROR(VLOOKUP(AD43,اسماء,8,0),"") | AA38: =IFERROR(VLOOKUP(AE43,اسماء,8,0),"") | AD38: =INDEX(عمود2,MATCH(AF24,عمود1)) -> يوسف انويجى عثمان ابوزويدة | AH38: الرقم الوطني | AI38: =IFERROR(VLOOKUP(AO38,اسماء,65,0),"") | AJ38: =IFERROR(VLOOKUP(AN43,اسماء,8,0),"") | AK38: =IFERROR(VLOOKUP(AO43,اسماء,8,0),"") | AL38: =IFERROR(VLOOKUP(AP43,اسماء,8,0),"") | AO38: =INDEX(عمود2,MATCH(AQ24,عمود1)) -> 0
A39: الســــــلوك | C39: =IFERROR(VLOOKUP(H38,اسماء,37,0),"") -> 0 | E39: =IFERROR(VLOOKUP(H38,اسماء,38,0),"") -> 0 | H39: كل كشط أو تغيير في هذه البطاقة يلغيها. | L39: الســــــلوك | N39: =IFERROR(VLOOKUP(S38,اسماء,37,0),"") -> 0 | P39: =IFERROR(VLOOKUP(S38,اسماء,38,0),"") -> 0 | S39: كل كشط أو تغيير في هذه البطاقة يلغيها. | W39: الســــــلوك | Y39: =IFERROR(VLOOKUP(AD38,اسماء,37,0),"") -> 0 | AA39: =IFERROR(VLOOKUP(AD38,اسماء,38,0),"") -> 0 | AD39: كل كشط أو تغيير في هذه البطاقة يلغيها. | AH39: الســــــلوك | AJ39: =IFERROR(VLOOKUP(AO38,اسماء,37,0),"") | AL39: =IFERROR(VLOOKUP(AO38,اسماء,38,0),"") | AO39: كل كشط أو تغيير في هذه البطاقة يلغيها.
A40: غياب مشروع | C40: =IFERROR(VLOOKUP(H38,اسماء,40,0),"") -> 0 | E40: =IFERROR(VLOOKUP(H38,اسماء,42,0),"") -> 0 | L40: غياب مشروع | N40: =IFERROR(VLOOKUP(S38,اسماء,40,0),"") -> 0 | P40: =IFERROR(VLOOKUP(S38,اسماء,42,0),"") -> 0 | W40: غياب مشروع | Y40: =IFERROR(VLOOKUP(AD38,اسماء,40,0),"") -> 0 | AA40: =IFERROR(VLOOKUP(AD38,اسماء,42,0),"") -> 0 | AH40: غياب مشروع | AJ40: =IFERROR(VLOOKUP(AO38,اسماء,40,0),"") | AL40: =IFERROR(VLOOKUP(AO38,اسماء,42,0),"")
A41: غياب غير مشروع | C41: =IFERROR(VLOOKUP(H38,اسماء,41,0),"") -> 0 | E41: =IFERROR(VLOOKUP(H38,اسماء,43,0),"") -> 0 | L41: غياب غير مشروع | N41: =IFERROR(VLOOKUP(S38,اسماء,41,0),"") -> 0 | P41: =IFERROR(VLOOKUP(S38,اسماء,43,0),"") -> 0 | W41: غياب غير مشروع | Y41: =IFERROR(VLOOKUP(AD38,اسماء,41,0),"") -> 0 | AA41: =IFERROR(VLOOKUP(AD38,اسماء,43,0),"") -> 0 | AH41: غياب غير مشروع | AJ41: =IFERROR(VLOOKUP(AO38,اسماء,41,0),"") | AL41: =IFERROR(VLOOKUP(AO38,اسماء,43,0),"")
A42: الفترة الاولى | L42: الفترة الاولى | W42: الفترة الاولى | AH42: الفترة الاولى
A43: الفترة الثانية | L43: الفترة الثانية | W43: الفترة الثانية | AH43: الفترة الثانية
A45: بطاقة تقدير الدرجات للصــــف | D45: =ادخال1!$L$4 -> الثالث | F45: من التعليم الأساسي | J45: =J24+1 -> 6 | L45: بطاقة تقدير الدرجات للصــــف | O45: =ادخال1!$L$4 -> الثالث | Q45: من التعليم الأساسي | U45: =U24+1 -> 11 | W45: بطاقة تقدير الدرجات للصــــف | Z45: =ادخال1!$L$4 -> الثالث | AB45: من التعليم الأساسي | AF45: =AF24+1 -> 16 | AH45: بطاقة تقدير الدرجات للصــــف | AK45: =ادخال1!$L$4 -> الثالث | AM45: من التعليم الأساسي | AQ45: =AQ24+1 -> 21
A46: المدرسة/ | B46: =ادخال1!$B$5 -> سهول العلم للتعليم الخاص | F46: الاسم | G46: =H57 -> 0 | L46: المدرسة/ | M46: =ادخال1!$B$5 -> سهول العلم للتعليم الخاص | Q46: الاسم | R46: =S57 -> 0 | W46: المدرسة/ | X46: =ادخال1!$B$5 -> سهول العلم للتعليم الخاص | AB46: الاسم | AC46: =AD57 -> 0 | AH46: المدرسة/ | AI46: =ادخال1!$B$5 -> سهول العلم للتعليم الخاص | AM46: الاسم | AN46: =AO57 -> 0
A47: الفترات | B47: عدد الحصص | C47: الفترة الأولي 30 % | E47: الفترة الثانية 30 % | H47: ملاحظــات عن نتيجة التلميذ خلال كل فترة : | L47: الفترات | M47: عدد الحصص | N47: الفترة الأولي 30 % | P47: الفترة الثانية 30 % | S47: ملاحظــات عن نتيجة التلميذ خلال كل فترة : | W47: الفترات | X47: عدد الحصص | Y47: الفترة الأولي 30 % | AA47: الفترة الثانية 30 % | AD47: ملاحظــات عن نتيجة التلميذ خلال كل فترة : | AH47: الفترات | AI47: عدد الحصص | AJ47: الفترة الأولي 30 % | AL47: الفترة الثانية 30 % | AO47: ملاحظــات عن نتيجة التلميذ خلال كل فترة :
A48: المواد الدراسية | C48: الدرجة الكبرى | D48: درجة التلميذ | E48: الدرجة الكبرى | F48: درجة التلميذ | H48: الأولي : | I48: =IF(D54=0,"",IF(AND(D49>=C49*0.4,D50>=C50*0.4,D51>=C51*0.4,D52>=C52*0.4,D53>=C53*0.4),LOOKUP(D54,'النتيجة النهائية'!$AC$6:$AD$10),"ضعيف ويحتاج الى اهتمام في المواد")) -> ضعيف | L48: المواد الدراسية | N48: الدرجة الكبرى | O48: درجة التلميذ | P48: الدرجة الكبرى | Q48: درجة التلميذ | S48: الأولي : | T48: =IF(O54=0,"",IF(AND(O49>=N49*0.4,O50>=N50*0.4,O51>=N51*0.4,O52>=N52*0.4,O53>=N53*0.4),LOOKUP(O54,'النتيجة النهائية'!$AC$6:$AD$10),"ضعيف ويحتاج الى اهتمام في المواد")) -> ضعيف | W48: المواد الدراسية | Y48: الدرجة الكبرى | Z48: درجة التلميذ | AA48: الدرجة الكبرى | AB48: درجة التلميذ | AD48: الأولي : | AE48: =IF(Z54=0,"",IF(AND(Z49>=Y49*0.4,Z50>=Y50*0.4,Z51>=Y51*0.4,Z52>=Y52*0.4,Z53>=Y53*0.4),LOOKUP(Z54,'النتيجة النهائية'!$AC$6:$AD$10),"ضعيف ويحتاج الى اهتمام في المواد")) -> ضعيف | AH48: المواد الدراسية | AJ48: الدرجة الكبرى | AK48: درجة التلميذ | AL48: الدرجة الكبرى | AM48: درجة التلميذ | AO48: الأولي : | AP48: =IF(AK54=0,"",IF(AND(AK49>=AJ49*0.4,AK50>=AJ50*0.4,AK51>=AJ51*0.4,AK52>=AJ52*0.4,AK53>=AJ53*0.4),LOOKUP(AK54,'النتيجة النهائية'!$AC$6:$AD$10),"ضعيف ويحتاج الى اهتمام في المواد")) -> #N/A
A49: =ادخال1!$F$9 -> التربية الإسلامية | B49: =ادخال1!$F$7 -> 3 | C49: =40*B49*0.3 -> 36 | D49: =IFERROR(VLOOKUP(H59,اسماء,5,0),"") -> 36 | E49: =40*B49*0.3 -> 36 | F49: =IFERROR(VLOOKUP(H59,اسماء,16,0),"") -> 0 | H49: =IF(D49=0,"",IF(D49<C49*0.4,A49,"")) | I49: =IF(D50=0,"",IF(D50<C50*0.4,A50,"")) | J49: =IF(D51=0,"",IF(D51<C51*0.4,A51,"")) | L49: =ادخال1!$F$9 -> التربية الإسلامية | M49: =ادخال1!$F$7 -> 3 | N49: =40*M49*0.3 -> 36 | O49: =IFERROR(VLOOKUP(S59,اسماء,5,0),"") -> 36 | P49: =40*M49*0.3 -> 36 | Q49: =IFERROR(VLOOKUP(S59,اسماء,16,0),"") -> 0 | S49: =IF(O49=0,"",IF(O49<N49*0.4,L49,"")) | T49: =IF(O50=0,"",IF(O50<N50*0.4,L50,"")) | U49: =IF(O51=0,"",IF(O51<N51*0.4,L51,"")) | W49: =ادخال1!$F$9 -> التربية الإسلامية | X49: =ادخال1!$F$7 -> 3 | Y49: =40*X49*0.3 -> 36 | Z49: =IFERROR(VLOOKUP(AD59,اسماء,5,0),"") -> 36 | AA49: =40*X49*0.3 -> 36 | AB49: =IFERROR(VLOOKUP(AD59,اسماء,16,0),"") -> 0 | AD49: =IF(Z49=0,"",IF(Z49<Y49*0.4,W49,"")) | AE49: =IF(Z50=0,"",IF(Z50<Y50*0.4,W50,"")) | AF49: =IF(Z51=0,"",IF(Z51<Y51*0.4,W51,"")) | AH49: =ادخال1!$F$9 -> التربية الإسلامية | AI49: =ادخال1!$F$7 -> 3 | AJ49: =40*AI49*0.3 -> 36 | AK49: =IFERROR(VLOOKUP(AO59,اسماء,5,0),"") | AL49: =40*AI49*0.3 -> 36 | AM49: =IFERROR(VLOOKUP(AO59,اسماء,16,0),"") | AO49: =IF(AK49=0,"",IF(AK49<AJ49*0.4,AH49,"")) | AP49: =IF(AK50=0,"",IF(AK50<AJ50*0.4,AH50,"")) | AQ49: =IF(AK51=0,"",IF(AK51<AJ51*0.4,AH51,""))
A50: =ادخال1!$G$9 -> اللغة العربية | B50: =ادخال1!$G$7 -> 6 | C50: =40*B50*0.3 -> 72 | D50: =IFERROR(VLOOKUP(H59,اسماء,6,0),"") -> 68 | E50: =40*B50*0.3 -> 72 | F50: =IFERROR(VLOOKUP(H59,اسماء,17,0),"") -> 0 | H50: =IF(D53=0,"",IF(D53<C53*0.4,A53,"")) | I50: =IF(D54=0,"",IF(D54<C54*0.4,A54,"")) | J50: =IF(D52=0,"",IF(D52<C52*0.4,A52,"")) | L50: =ادخال1!$G$9 -> اللغة العربية | M50: =ادخال1!$G$7 -> 6 | N50: =40*M50*0.3 -> 72 | O50: =IFERROR(VLOOKUP(S59,اسماء,6,0),"") -> 71 | P50: =40*M50*0.3 -> 72 | Q50: =IFERROR(VLOOKUP(S59,اسماء,17,0),"") -> 0 | S50: =IF(O53=0,"",IF(O53<N53*0.4,L53,"")) | T50: =IF(O54=0,"",IF(O54<N54*0.4,L54,"")) | U50: =IF(O52=0,"",IF(O52<N52*0.4,L52,"")) | W50: =ادخال1!$G$9 -> اللغة العربية | X50: =ادخال1!$G$7 -> 6 | Y50: =40*X50*0.3 -> 72 | Z50: =IFERROR(VLOOKUP(AD59,اسماء,6,0),"") -> 71 | AA50: =40*X50*0.3 -> 72 | AB50: =IFERROR(VLOOKUP(AD59,اسماء,17,0),"") -> 0 | AD50: =IF(Z53=0,"",IF(Z53<Y53*0.4,W53,"")) | AE50: =IF(Z54=0,"",IF(Z54<Y54*0.4,W54,"")) | AF50: =IF(Z52=0,"",IF(Z52<Y52*0.4,W52,"")) | AH50: =ادخال1!$G$9 -> اللغة العربية | AI50: =ادخال1!$G$7 -> 6 | AJ50: =40*AI50*0.3 -> 72 | AK50: =IFERROR(VLOOKUP(AO59,اسماء,6,0),"") | AL50: =40*AI50*0.3 -> 72 | AM50: =IFERROR(VLOOKUP(AO59,اسماء,17,0),"") | AO50: =IF(AK53=0,"",IF(AK53<AJ53*0.4,AH53,"")) | AP50: =IF(AK54=0,"",IF(AK54<AJ54*0.4,AH54,"")) | AQ50: =IF(AK52=0,"",IF(AK52<AJ52*0.4,AH52,""))
A51: =ادخال1!$H$9 -> اللغة الإنجليزية | B51: =ادخال1!$H$7 -> 3 | C51: =40*B51*0.3 -> 36 | D51: =IFERROR(VLOOKUP(H59,اسماء,7,0),"") -> 30 | E51: =40*B51*0.3 -> 36 | F51: =IFERROR(VLOOKUP(H59,اسماء,18,0),"") -> 0 | H51: الثانية :- | I51: =IF(F55=0,"",IF(AND(F49>=E49*0.4,F50>=E50*0.4,F51>=E51*0.4,F53>=E53*0.4,F54>=E54*0.4),LOOKUP(F55,'النتيجة النهائية'!$AC$6:$AD$10),"ضعيف ويحتاج الى اهتمام في المواد")) | L51: =ادخال1!$H$9 -> اللغة الإنجليزية | M51: =ادخال1!$H$7 -> 3 | N51: =40*M51*0.3 -> 36 | O51: =IFERROR(VLOOKUP(S59,اسماء,7,0),"") -> 36 | P51: =40*M51*0.3 -> 36 | Q51: =IFERROR(VLOOKUP(S59,اسماء,18,0),"") -> 0 | S51: الثانية :- | T51: =IF(Q55=0,"",IF(AND(Q49>=P49*0.4,Q50>=P50*0.4,Q51>=P51*0.4,Q53>=P53*0.4,Q54>=P54*0.4),LOOKUP(Q55,'النتيجة النهائية'!$AC$6:$AD$10),"ضعيف ويحتاج الى اهتمام في المواد")) | W51: =ادخال1!$H$9 -> اللغة الإنجليزية | X51: =ادخال1!$H$7 -> 3 | Y51: =40*X51*0.3 -> 36 | Z51: =IFERROR(VLOOKUP(AD59,اسماء,7,0),"") -> 35 | AA51: =40*X51*0.3 -> 36 | AB51: =IFERROR(VLOOKUP(AD59,اسماء,18,0),"") -> 0 | AD51: الثانية :- | AE51: =IF(AB55=0,"",IF(AND(AB49>=AA49*0.4,AB50>=AA50*0.4,AB51>=AA51*0.4,AB53>=AA53*0.4,AB54>=AA54*0.4),LOOKUP(AB55,'النتيجة النهائية'!$AC$6:$AD$10),"ضعيف ويحتاج الى اهتمام في المواد")) | AH51: =ادخال1!$H$9 -> اللغة الإنجليزية | AI51: =ادخال1!$H$7 -> 3 | AJ51: =40*AI51*0.3 -> 36 | AK51: =IFERROR(VLOOKUP(AO59,اسماء,7,0),"") | AL51: =40*AI51*0.3 -> 36 | AM51: =IFERROR(VLOOKUP(AO59,اسماء,18,0),"") | AO51: الثانية :- | AP51: =IF(AM55=0,"",IF(AND(AM49>=AL49*0.4,AM50>=AL50*0.4,AM51>=AL51*0.4,AM53>=AL53*0.4,AM54>=AL54*0.4),LOOKUP(AM55,'النتيجة النهائية'!$AC$6:$AD$10),"ضعيف ويحتاج الى اهتمام في المواد"))
A52: =ادخال1!$I$9 -> الحاسوب | B52: =ادخال1!$I$7 -> 1 | C52: =40*B52*0.3 -> 12 | D52: =IFERROR(VLOOKUP(H59,اسماء,8,0),"") -> 12 | E52: =40*B52*0.3 -> 12 | F52: =IFERROR(VLOOKUP(H59,اسماء,19,0),"") -> 0 | L52: =ادخال1!$I$9 -> الحاسوب | M52: =ادخال1!$I$7 -> 1 | N52: =40*M52*0.3 -> 12 | O52: =IFERROR(VLOOKUP(S59,اسماء,8,0),"") -> 12 | P52: =40*M52*0.3 -> 12 | Q52: =IFERROR(VLOOKUP(S59,اسماء,19,0),"") -> 0 | W52: =ادخال1!$I$9 -> الحاسوب | X52: =ادخال1!$I$7 -> 1 | Y52: =40*X52*0.3 -> 12 | Z52: =IFERROR(VLOOKUP(AD59,اسماء,8,0),"") -> 12 | AA52: =40*X52*0.3 -> 12 | AB52: =IFERROR(VLOOKUP(AD59,اسماء,19,0),"") -> 0 | AH52: =ادخال1!$I$9 -> الحاسوب | AI52: =ادخال1!$I$7 -> 1 | AJ52: =40*AI52*0.3 -> 12 | AK52: =IFERROR(VLOOKUP(AO59,اسماء,8,0),"") | AL52: =40*AI52*0.3 -> 12 | AM52: =IFERROR(VLOOKUP(AO59,اسماء,19,0),"")
A53: =ادخال1!$J$9 -> الرياضيات | B53: =ادخال1!$J$7 -> 5 | C53: =40*B53*0.3 -> 60 | D53: =IFERROR(VLOOKUP(H59,اسماء,9,0),"") -> 59 | E53: =40*B53*0.3 -> 60 | F53: =IFERROR(VLOOKUP(H59,اسماء,20,0),"") -> 0 | H53: =IF(F49=0,"",IF(F49<E49*0.4,A49,"")) | I53: =IF(F50=0,"",IF(F50<E50*0.4,A50,"")) | J53: =IF(F51=0,"",IF(F51<E51*0.4,A51,"")) | L53: =ادخال1!$J$9 -> الرياضيات | M53: =ادخال1!$J$7 -> 5 | N53: =40*M53*0.3 -> 60 | O53: =IFERROR(VLOOKUP(S59,اسماء,9,0),"") -> 60 | P53: =40*M53*0.3 -> 60 | Q53: =IFERROR(VLOOKUP(S59,اسماء,20,0),"") -> 0 | S53: =IF(Q49=0,"",IF(Q49<P49*0.4,L49,"")) | T53: =IF(Q50=0,"",IF(Q50<P50*0.4,L50,"")) | U53: =IF(Q51=0,"",IF(Q51<P51*0.4,L51,"")) | W53: =ادخال1!$J$9 -> الرياضيات | X53: =ادخال1!$J$7 -> 5 | Y53: =40*X53*0.3 -> 60 | Z53: =IFERROR(VLOOKUP(AD59,اسماء,9,0),"") -> 60 | AA53: =40*X53*0.3 -> 60 | AB53: =IFERROR(VLOOKUP(AD59,اسماء,20,0),"") -> 0 | AD53: =IF(AB49=0,"",IF(AB49<AA49*0.4,W49,"")) | AE53: =IF(AB50=0,"",IF(AB50<AA50*0.4,W50,"")) | AF53: =IF(AB51=0,"",IF(AB51<AA51*0.4,W51,"")) | AH53: =ادخال1!$J$9 -> الرياضيات | AI53: =ادخال1!$J$7 -> 5 | AJ53: =40*AI53*0.3 -> 60 | AK53: =IFERROR(VLOOKUP(AO59,اسماء,9,0),"") | AL53: =40*AI53*0.3 -> 60 | AM53: =IFERROR(VLOOKUP(AO59,اسماء,20,0),"") | AO53: =IF(AM49=0,"",IF(AM49<AL49*0.4,AH49,"")) | AP53: =IF(AM50=0,"",IF(AM50<AL50*0.4,AH50,"")) | AQ53: =IF(AM51=0,"",IF(AM51<AL51*0.4,AH51,""))
A54: =ادخال1!$K$9 -> العلوم | B54: =ادخال1!$K$7 -> 3 | C54: =40*B54*0.3 -> 36 | D54: =IFERROR(VLOOKUP(H59,اسماء,10,0),"") -> 36 | E54: =40*B54*0.3 -> 36 | F54: =IFERROR(VLOOKUP(H59,اسماء,21,0),"") -> 0 | H54: =IF(F53=0,"",IF(F53<E53*0.4,A53,"")) | I54: =IF(F54=0,"",IF(F54<E54*0.4,A54,"")) | J54: =IF(F52=0,"",IF(F52<E52*0.4,A52,"")) | L54: =ادخال1!$K$9 -> العلوم | M54: =ادخال1!$K$7 -> 3 | N54: =40*M54*0.3 -> 36 | O54: =IFERROR(VLOOKUP(S59,اسماء,10,0),"") -> 36 | P54: =40*M54*0.3 -> 36 | Q54: =IFERROR(VLOOKUP(S59,اسماء,21,0),"") -> 0 | S54: =IF(Q53=0,"",IF(Q53<P53*0.4,L53,"")) | T54: =IF(Q54=0,"",IF(Q54<P54*0.4,L54,"")) | U54: =IF(Q52=0,"",IF(Q52<P52*0.4,L52,"")) | W54: =ادخال1!$K$9 -> العلوم | X54: =ادخال1!$K$7 -> 3 | Y54: =40*X54*0.3 -> 36 | Z54: =IFERROR(VLOOKUP(AD59,اسماء,10,0),"") -> 36 | AA54: =40*X54*0.3 -> 36 | AB54: =IFERROR(VLOOKUP(AD59,اسماء,21,0),"") -> 0 | AD54: =IF(AB53=0,"",IF(AB53<AA53*0.4,W53,"")) | AE54: =IF(AB54=0,"",IF(AB54<AA54*0.4,W54,"")) | AF54: =IF(AB52=0,"",IF(AB52<AA52*0.4,W52,"")) | AH54: =ادخال1!$K$9 -> العلوم | AI54: =ادخال1!$K$7 -> 3 | AJ54: =40*AI54*0.3 -> 36 | AK54: =IFERROR(VLOOKUP(AO59,اسماء,10,0),"") | AL54: =40*AI54*0.3 -> 36 | AM54: =IFERROR(VLOOKUP(AO59,اسماء,21,0),"") | AO54: =IF(AM53=0,"",IF(AM53<AL53*0.4,AH53,"")) | AP54: =IF(AM54=0,"",IF(AM54<AL54*0.4,AH54,"")) | AQ54: =IF(AM52=0,"",IF(AM52<AL52*0.4,AH52,""))
A55: المجموع العـام | C55: =SUM(C49:C54) -> 252 | D55: =SUM(D49:D54) -> 241 | E55: =SUM(E49:E54) -> 252 | F55: =SUM(F49:F54) -> 0 | H55: مدير المدرسة/ | I55: =ادخال1!$BJ$5 -> د. عبدالرحمن خليفة العريبي | L55: المجموع العـام | N55: =SUM(N49:N54) -> 252 | O55: =SUM(O49:O54) -> 251 | P55: =SUM(P49:P54) -> 252 | Q55: =SUM(Q49:Q54) -> 0 | S55: مدير المدرسة/ | T55: =ادخال1!$BJ$5 -> د. عبدالرحمن خليفة العريبي | W55: المجموع العـام | Y55: =SUM(Y49:Y54) -> 252 | Z55: =SUM(Z49:Z54) -> 250 | AA55: =SUM(AA49:AA54) -> 252 | AB55: =SUM(AB49:AB54) -> 0 | AD55: مدير المدرسة/ | AE55: =ادخال1!$BJ$5 -> د. عبدالرحمن خليفة العريبي | AH55: المجموع العـام | AJ55: =SUM(AJ49:AJ54) -> 252 | AK55: =SUM(AK49:AK54) -> 0 | AL55: =SUM(AL49:AL54) -> 252 | AM55: =SUM(AM49:AM54) -> 0 | AO55: مدير المدرسة/ | AP55: =ادخال1!$BJ$5 -> د. عبدالرحمن خليفة العريبي
A56: =ادخال1!$M$8 -> التربية الفنية | B56: =ادخال1!$M$7 -> 1 | C56: =IFERROR(VLOOKUP(H59,اسماء,12,0),"") -> جيد جداً | E56: =IFERROR(VLOOKUP(H59,اسماء,23,0),"") -> 0 | H56: التاريخ | I56: =TODAY() -> 46009 | L56: =ادخال1!$M$8 -> التربية الفنية | M56: =ادخال1!$M$7 -> 1 | N56: =IFERROR(VLOOKUP(S59,اسماء,12,0),"") -> جيد جداً | P56: =IFERROR(VLOOKUP(S59,اسماء,23,0),"") -> 0 | S56: التاريخ | T56: =TODAY() -> 46009 | W56: =ادخال1!$M$8 -> التربية الفنية | X56: =ادخال1!$M$7 -> 1 | Y56: =IFERROR(VLOOKUP(AD59,اسماء,12,0),"") -> جيد جداً | AA56: =IFERROR(VLOOKUP(AD59,اسماء,23,0),"") -> 0 | AD56: التاريخ | AE56: =TODAY() -> 46009 | AH56: =ادخال1!$M$8 -> التربية الفنية | AI56: =ادخال1!$M$7 -> 1 | AJ56: =IFERROR(VLOOKUP(AO59,اسماء,12,0),"") | AL56: =IFERROR(VLOOKUP(AO59,اسماء,23,0),"") | AO56: التاريخ | AP56: =TODAY() -> 46009
A57: =ادخال1!$N$8 -> التربية البدنية | B57: =ادخال1!$N$7 -> 2 | C57: =IFERROR(VLOOKUP(H59,اسماء,13,0),"") -> جيد جداً | E57: =IFERROR(VLOOKUP(H59,اسماء,24,0),"") -> 0 | L57: =ادخال1!$N$8 -> التربية البدنية | M57: =ادخال1!$N$7 -> 2 | N57: =IFERROR(VLOOKUP(S59,اسماء,13,0),"") -> جيد جداً | P57: =IFERROR(VLOOKUP(S59,اسماء,24,0),"") -> 0 | W57: =ادخال1!$N$8 -> التربية البدنية | X57: =ادخال1!$N$7 -> 2 | Y57: =IFERROR(VLOOKUP(AD59,اسماء,13,0),"") -> جيد جداً | AA57: =IFERROR(VLOOKUP(AD59,اسماء,24,0),"") -> 0 | AH57: =ادخال1!$N$8 -> التربية البدنية | AI57: =ادخال1!$N$7 -> 2 | AJ57: =IFERROR(VLOOKUP(AO59,اسماء,13,0),"") | AL57: =IFERROR(VLOOKUP(AO59,اسماء,24,0),"")
A58: =ادخال1!$O$8 -> مكتبة | B58: =ادخال1!$O$7 -> 1 | L58: =ادخال1!$O$8 -> مكتبة | M58: =ادخال1!$O$7 -> 1 | W58: =ادخال1!$O$8 -> مكتبة | X58: =ادخال1!$O$7 -> 1 | AH58: =ادخال1!$O$8 -> مكتبة | AI58: =ادخال1!$O$7 -> 1
A59: الرقم الوطني | B59: =IFERROR(VLOOKUP(H59,اسماء,65,0),"") -> 120171178433 | C59: =IFERROR(VLOOKUP(G64,اسماء,8,0),"") | D59: =IFERROR(VLOOKUP(H64,اسماء,8,0),"") | E59: =IFERROR(VLOOKUP(I64,اسماء,8,0),"") | H59: =INDEX(عمود2,MATCH(J45,عمود1)) -> عبد العاطى احمد محمود محمد | L59: الرقم الوطني | M59: =IFERROR(VLOOKUP(S59,اسماء,65,0),"") -> 220170068259 | N59: =IFERROR(VLOOKUP(R64,اسماء,8,0),"") | O59: =IFERROR(VLOOKUP(S64,اسماء,8,0),"") | P59: =IFERROR(VLOOKUP(T64,اسماء,8,0),"") | S59: =INDEX(عمود2,MATCH(U45,عمود1)) -> مريم سامى محمد النفاتى | W59: الرقم الوطني | X59: =IFERROR(VLOOKUP(AD59,اسماء,65,0),"") -> 220171103360 | Y59: =IFERROR(VLOOKUP(AC64,اسماء,8,0),"") | Z59: =IFERROR(VLOOKUP(AD64,اسماء,8,0),"") | AA59: =IFERROR(VLOOKUP(AE64,اسماء,8,0),"") | AD59: =INDEX(عمود2,MATCH(AF45,عمود1)) -> ريم احمد ابوبكر النفاتى | AH59: الرقم الوطني | AI59: =IFERROR(VLOOKUP(AO59,اسماء,65,0),"") | AJ59: =IFERROR(VLOOKUP(AN64,اسماء,8,0),"") | AK59: =IFERROR(VLOOKUP(AO64,اسماء,8,0),"") | AL59: =IFERROR(VLOOKUP(AP64,اسماء,8,0),"") | AO59: =INDEX(عمود2,MATCH(AQ45,عمود1)) -> 0
A60: الســــــلوك | C60: =IFERROR(VLOOKUP(H59,اسماء,37,0),"") -> 0 | E60: =IFERROR(VLOOKUP(H59,اسماء,38,0),"") -> 0 | H60: كل كشط أو تغيير في هذه البطاقة يلغيها. | L60: الســــــلوك | N60: =IFERROR(VLOOKUP(S59,اسماء,37,0),"") -> 0 | P60: =IFERROR(VLOOKUP(S59,اسماء,38,0),"") -> 0 | S60: كل كشط أو تغيير في هذه البطاقة يلغيها. | W60: الســــــلوك | Y60: =IFERROR(VLOOKUP(AD59,اسماء,37,0),"") -> 0 | AA60: =IFERROR(VLOOKUP(AD59,اسماء,38,0),"") -> 0 | AD60: كل كشط أو تغيير في هذه البطاقة يلغيها. | AH60: الســــــلوك | AJ60: =IFERROR(VLOOKUP(AO59,اسماء,37,0),"") | AL60: =IFERROR(VLOOKUP(AO59,اسماء,38,0),"") | AO60: كل كشط أو تغيير في هذه البطاقة يلغيها.
A61: غياب مشروع | C61: =IFERROR(VLOOKUP(H59,اسماء,40,0),"") -> 0 | E61: =IFERROR(VLOOKUP(H59,اسماء,42,0),"") -> 0 | L61: غياب مشروع | N61: =IFERROR(VLOOKUP(S59,اسماء,40,0),"") -> 0 | P61: =IFERROR(VLOOKUP(S59,اسماء,42,0),"") -> 0 | W61: غياب مشروع | Y61: =IFERROR(VLOOKUP(AD59,اسماء,40,0),"") -> 0 | AA61: =IFERROR(VLOOKUP(AD59,اسماء,42,0),"") -> 0 | AH61: غياب مشروع | AJ61: =IFERROR(VLOOKUP(AO59,اسماء,40,0),"") | AL61: =IFERROR(VLOOKUP(AO59,اسماء,42,0),"")
A62: غياب غير مشروع | C62: =IFERROR(VLOOKUP(H59,اسماء,41,0),"") -> 0 | E62: =IFERROR(VLOOKUP(H59,اسماء,43,0),"") -> 0 | L62: غياب غير مشروع | N62: =IFERROR(VLOOKUP(S59,اسماء,41,0),"") -> 0 | P62: =IFERROR(VLOOKUP(S59,اسماء,43,0),"") -> 0 | W62: غياب غير مشروع | Y62: =IFERROR(VLOOKUP(AD59,اسماء,41,0),"") -> 0 | AA62: =IFERROR(VLOOKUP(AD59,اسماء,43,0),"") -> 0 | AH62: غياب غير مشروع | AJ62: =IFERROR(VLOOKUP(AO59,اسماء,41,0),"") | AL62: =IFERROR(VLOOKUP(AO59,اسماء,43,0),"")
A63: الفترة الاولى | L63: الفترة الاولى | W63: الفترة الاولى | AH63: الفترة الاولى
A64: الفترة الثانية | L64: الفترة الثانية | W64: الفترة الثانية | AH64: الفترة الثانية
A66: بطاقة تقدير الدرجات للصــــف | D66: =ادخال1!$L$4 -> الثالث | F66: من التعليم الأساسي | J66: =J45+1 -> 7 | L66: بطاقة تقدير الدرجات للصــــف | O66: =ادخال1!$L$4 -> الثالث | Q66: من التعليم الأساسي | U66: =U45+1 -> 12 | W66: بطاقة تقدير الدرجات للصــــف | Z66: =ادخال1!$L$4 -> الثالث | AB66: من التعليم الأساسي | AF66: =AF45+1 -> 17 | AH66: بطاقة تقدير الدرجات للصــــف | AK66: =ادخال1!$L$4 -> الثالث | AM66: من التعليم الأساسي | AQ66: =AQ45+1 -> 22
A67: المدرسة/ | B67: =ادخال1!$B$5 -> سهول العلم للتعليم الخاص | F67: الاسم | G67: =H78 -> 0 | L67: المدرسة/ | M67: =ادخال1!$B$5 -> سهول العلم للتعليم الخاص | Q67: الاسم | R67: =S78 -> 0 | W67: المدرسة/ | X67: =ادخال1!$B$5 -> سهول العلم للتعليم الخاص | AB67: الاسم | AC67: =AD78 -> 0 | AH67: المدرسة/ | AI67: =ادخال1!$B$5 -> سهول العلم للتعليم الخاص | AM67: الاسم | AN67: =AO78 -> 0
A68: الفترات | B68: عدد الحصص | C68: الفترة الأولي 30 % | E68: الفترة الثانية 30 % | H68: ملاحظــات عن نتيجة التلميذ خلال كل فترة : | L68: الفترات | M68: عدد الحصص | N68: الفترة الأولي 30 % | P68: الفترة الثانية 30 % | S68: ملاحظــات عن نتيجة التلميذ خلال كل فترة : | W68: الفترات | X68: عدد الحصص | Y68: الفترة الأولي 30 % | AA68: الفترة الثانية 30 % | AD68: ملاحظــات عن نتيجة التلميذ خلال كل فترة : | AH68: الفترات | AI68: عدد الحصص | AJ68: الفترة الأولي 30 % | AL68: الفترة الثانية 30 % | AO68: ملاحظــات عن نتيجة التلميذ خلال كل فترة :
A69: المواد الدراسية | C69: الدرجة الكبرى | D69: درجة التلميذ | E69: الدرجة الكبرى | F69: درجة التلميذ | H69: الأولي : | I69: =IF(D75=0,"",IF(AND(D70>=C70*0.4,D71>=C71*0.4,D72>=C72*0.4,D73>=C73*0.4,D74>=C74*0.4),LOOKUP(D75,'النتيجة النهائية'!$AC$6:$AD$10),"ضعيف ويحتاج الى اهتمام في المواد")) -> ضعيف | L69: المواد الدراسية | N69: الدرجة الكبرى | O69: درجة التلميذ | P69: الدرجة الكبرى | Q69: درجة التلميذ | S69: الأولي : | T69: =IF(O75=0,"",IF(AND(O70>=N70*0.4,O71>=N71*0.4,O72>=N72*0.4,O73>=N73*0.4,O74>=N74*0.4),LOOKUP(O75,'النتيجة النهائية'!$AC$6:$AD$10),"ضعيف ويحتاج الى اهتمام في المواد")) -> ضعيف | W69: المواد الدراسية | Y69: الدرجة الكبرى | Z69: درجة التلميذ | AA69: الدرجة الكبرى | AB69: درجة التلميذ | AD69: الأولي : | AE69: =IF(Z75=0,"",IF(AND(Z70>=Y70*0.4,Z71>=Y71*0.4,Z72>=Y72*0.4,Z73>=Y73*0.4,Z74>=Y74*0.4),LOOKUP(Z75,'النتيجة النهائية'!$AC$6:$AD$10),"ضعيف ويحتاج الى اهتمام في المواد")) -> #N/A | AH69: المواد الدراسية | AJ69: الدرجة الكبرى | AK69: درجة التلميذ | AL69: الدرجة الكبرى | AM69: درجة التلميذ | AO69: الأولي : | AP69: =IF(AK75=0,"",IF(AND(AK70>=AJ70*0.4,AK71>=AJ71*0.4,AK72>=AJ72*0.4,AK73>=AJ73*0.4,AK74>=AJ74*0.4),LOOKUP(AK75,'النتيجة النهائية'!$AC$6:$AD$10),"ضعيف ويحتاج الى اهتمام في المواد")) -> #N/A
A70: =ادخال1!$F$9 -> التربية الإسلامية | B70: =ادخال1!$F$7 -> 3 | C70: =40*B70*0.3 -> 36 | D70: =IFERROR(VLOOKUP(H80,اسماء,5,0),"") -> 29 | E70: =40*B70*0.3 -> 36 | F70: =IFERROR(VLOOKUP(H80,اسماء,16,0),"") -> 0 | H70: =IF(D70=0,"",IF(D70<C70*0.4,A70,"")) | I70: =IF(D71=0,"",IF(D71<C71*0.4,A71,"")) | J70: =IF(D72=0,"",IF(D72<C72*0.4,A72,"")) | L70: =ادخال1!$F$9 -> التربية الإسلامية | M70: =ادخال1!$F$7 -> 3 | N70: =40*M70*0.3 -> 36 | O70: =IFERROR(VLOOKUP(S80,اسماء,5,0),"") -> 35 | P70: =40*M70*0.3 -> 36 | Q70: =IFERROR(VLOOKUP(S80,اسماء,16,0),"") -> 0 | S70: =IF(O70=0,"",IF(O70<N70*0.4,L70,"")) | T70: =IF(O71=0,"",IF(O71<N71*0.4,L71,"")) | U70: =IF(O72=0,"",IF(O72<N72*0.4,L72,"")) | W70: =ادخال1!$F$9 -> التربية الإسلامية | X70: =ادخال1!$F$7 -> 3 | Y70: =40*X70*0.3 -> 36 | Z70: =IFERROR(VLOOKUP(AD80,اسماء,5,0),"") | AA70: =40*X70*0.3 -> 36 | AB70: =IFERROR(VLOOKUP(AD80,اسماء,16,0),"") | AD70: =IF(Z70=0,"",IF(Z70<Y70*0.4,W70,"")) | AE70: =IF(Z71=0,"",IF(Z71<Y71*0.4,W71,"")) | AF70: =IF(Z72=0,"",IF(Z72<Y72*0.4,W72,"")) | AH70: =ادخال1!$F$9 -> التربية الإسلامية | AI70: =ادخال1!$F$7 -> 3 | AJ70: =40*AI70*0.3 -> 36 | AK70: =IFERROR(VLOOKUP(AO80,اسماء,5,0),"") | AL70: =40*AI70*0.3 -> 36 | AM70: =IFERROR(VLOOKUP(AO80,اسماء,16,0),"") | AO70: =IF(AK70=0,"",IF(AK70<AJ70*0.4,AH70,"")) | AP70: =IF(AK71=0,"",IF(AK71<AJ71*0.4,AH71,"")) | AQ70: =IF(AK72=0,"",IF(AK72<AJ72*0.4,AH72,""))
A71: =ادخال1!$G$9 -> اللغة العربية | B71: =ادخال1!$G$7 -> 6 | C71: =40*B71*0.3 -> 72 | D71: =IFERROR(VLOOKUP(H80,اسماء,6,0),"") -> 64 | E71: =40*B71*0.3 -> 72 | F71: =IFERROR(VLOOKUP(H80,اسماء,17,0),"") -> 0 | H71: =IF(D74=0,"",IF(D74<C74*0.4,A74,"")) | I71: =IF(D75=0,"",IF(D75<C75*0.4,A75,"")) | J71: =IF(D73=0,"",IF(D73<C73*0.4,A73,"")) | L71: =ادخال1!$G$9 -> اللغة العربية | M71: =ادخال1!$G$7 -> 6 | N71: =40*M71*0.3 -> 72 | O71: =IFERROR(VLOOKUP(S80,اسماء,6,0),"") -> 70 | P71: =40*M71*0.3 -> 72 | Q71: =IFERROR(VLOOKUP(S80,اسماء,17,0),"") -> 0 | S71: =IF(O74=0,"",IF(O74<N74*0.4,L74,"")) | T71: =IF(O75=0,"",IF(O75<N75*0.4,L75,"")) | U71: =IF(O73=0,"",IF(O73<N73*0.4,L73,"")) | W71: =ادخال1!$G$9 -> اللغة العربية | X71: =ادخال1!$G$7 -> 6 | Y71: =40*X71*0.3 -> 72 | Z71: =IFERROR(VLOOKUP(AD80,اسماء,6,0),"") | AA71: =40*X71*0.3 -> 72 | AB71: =IFERROR(VLOOKUP(AD80,اسماء,17,0),"") | AD71: =IF(Z74=0,"",IF(Z74<Y74*0.4,W74,"")) | AE71: =IF(Z75=0,"",IF(Z75<Y75*0.4,W75,"")) | AF71: =IF(Z73=0,"",IF(Z73<Y73*0.4,W73,"")) | AH71: =ادخال1!$G$9 -> اللغة العربية | AI71: =ادخال1!$G$7 -> 6 | AJ71: =40*AI71*0.3 -> 72 | AK71: =IFERROR(VLOOKUP(AO80,اسماء,6,0),"") | AL71: =40*AI71*0.3 -> 72 | AM71: =IFERROR(VLOOKUP(AO80,اسماء,17,0),"") | AO71: =IF(AK74=0,"",IF(AK74<AJ74*0.4,AH74,"")) | AP71: =IF(AK75=0,"",IF(AK75<AJ75*0.4,AH75,"")) | AQ71: =IF(AK73=0,"",IF(AK73<AJ73*0.4,AH73,""))
A72: =ادخال1!$H$9 -> اللغة الإنجليزية | B72: =ادخال1!$H$7 -> 3 | C72: =40*B72*0.3 -> 36 | D72: =IFERROR(VLOOKUP(H80,اسماء,7,0),"") -> 29 | E72: =40*B72*0.3 -> 36 | F72: =IFERROR(VLOOKUP(H80,اسماء,18,0),"") -> 0 | H72: الثانية :- | I72: =IF(F76=0,"",IF(AND(F70>=E70*0.4,F71>=E71*0.4,F72>=E72*0.4,F74>=E74*0.4,F75>=E75*0.4),LOOKUP(F76,'النتيجة النهائية'!$AC$6:$AD$10),"ضعيف ويحتاج الى اهتمام في المواد")) | L72: =ادخال1!$H$9 -> اللغة الإنجليزية | M72: =ادخال1!$H$7 -> 3 | N72: =40*M72*0.3 -> 36 | O72: =IFERROR(VLOOKUP(S80,اسماء,7,0),"") -> 36 | P72: =40*M72*0.3 -> 36 | Q72: =IFERROR(VLOOKUP(S80,اسماء,18,0),"") -> 0 | S72: الثانية :- | T72: =IF(Q76=0,"",IF(AND(Q70>=P70*0.4,Q71>=P71*0.4,Q72>=P72*0.4,Q74>=P74*0.4,Q75>=P75*0.4),LOOKUP(Q76,'النتيجة النهائية'!$AC$6:$AD$10),"ضعيف ويحتاج الى اهتمام في المواد")) | W72: =ادخال1!$H$9 -> اللغة الإنجليزية | X72: =ادخال1!$H$7 -> 3 | Y72: =40*X72*0.3 -> 36 | Z72: =IFERROR(VLOOKUP(AD80,اسماء,7,0),"") | AA72: =40*X72*0.3 -> 36 | AB72: =IFERROR(VLOOKUP(AD80,اسماء,18,0),"") | AD72: الثانية :- | AE72: =IF(AB76=0,"",IF(AND(AB70>=AA70*0.4,AB71>=AA71*0.4,AB72>=AA72*0.4,AB74>=AA74*0.4,AB75>=AA75*0.4),LOOKUP(AB76,'النتيجة النهائية'!$AC$6:$AD$10),"ضعيف ويحتاج الى اهتمام في المواد")) | AH72: =ادخال1!$H$9 -> اللغة الإنجليزية | AI72: =ادخال1!$H$7 -> 3 | AJ72: =40*AI72*0.3 -> 36 | AK72: =IFERROR(VLOOKUP(AO80,اسماء,7,0),"") | AL72: =40*AI72*0.3 -> 36 | AM72: =IFERROR(VLOOKUP(AO80,اسماء,18,0),"") | AO72: الثانية :- | AP72: =IF(AM76=0,"",IF(AND(AM70>=AL70*0.4,AM71>=AL71*0.4,AM72>=AL72*0.4,AM74>=AL74*0.4,AM75>=AL75*0.4),LOOKUP(AM76,'النتيجة النهائية'!$AC$6:$AD$10),"ضعيف ويحتاج الى اهتمام في المواد"))
A73: =ادخال1!$I$9 -> الحاسوب | B73: =ادخال1!$I$7 -> 1 | C73: =40*B73*0.3 -> 12 | D73: =IFERROR(VLOOKUP(H80,اسماء,8,0),"") -> 11 | E73: =40*B73*0.3 -> 12 | F73: =IFERROR(VLOOKUP(H80,اسماء,19,0),"") -> 0 | L73: =ادخال1!$I$9 -> الحاسوب | M73: =ادخال1!$I$7 -> 1 | N73: =40*M73*0.3 -> 12 | O73: =IFERROR(VLOOKUP(S80,اسماء,8,0),"") -> 12 | P73: =40*M73*0.3 -> 12 | Q73: =IFERROR(VLOOKUP(S80,اسماء,19,0),"") -> 0 | W73: =ادخال1!$I$9 -> الحاسوب | X73: =ادخال1!$I$7 -> 1 | Y73: =40*X73*0.3 -> 12 | Z73: =IFERROR(VLOOKUP(AD80,اسماء,8,0),"") | AA73: =40*X73*0.3 -> 12 | AB73: =IFERROR(VLOOKUP(AD80,اسماء,19,0),"") | AH73: =ادخال1!$I$9 -> الحاسوب | AI73: =ادخال1!$I$7 -> 1 | AJ73: =40*AI73*0.3 -> 12 | AK73: =IFERROR(VLOOKUP(AO80,اسماء,8,0),"") | AL73: =40*AI73*0.3 -> 12 | AM73: =IFERROR(VLOOKUP(AO80,اسماء,19,0),"")
A74: =ادخال1!$J$9 -> الرياضيات | B74: =ادخال1!$J$7 -> 5 | C74: =40*B74*0.3 -> 60 | D74: =IFERROR(VLOOKUP(H80,اسماء,9,0),"") -> 55 | E74: =40*B74*0.3 -> 60 | F74: =IFERROR(VLOOKUP(H80,اسماء,20,0),"") -> 0 | H74: =IF(F70=0,"",IF(F70<E70*0.4,A70,"")) | I74: =IF(F71=0,"",IF(F71<E71*0.4,A71,"")) | J74: =IF(F72=0,"",IF(F72<E72*0.4,A72,"")) | L74: =ادخال1!$J$9 -> الرياضيات | M74: =ادخال1!$J$7 -> 5 | N74: =40*M74*0.3 -> 60 | O74: =IFERROR(VLOOKUP(S80,اسماء,9,0),"") -> 51 | P74: =40*M74*0.3 -> 60 | Q74: =IFERROR(VLOOKUP(S80,اسماء,20,0),"") -> 0 | S74: =IF(Q70=0,"",IF(Q70<P70*0.4,L70,"")) | T74: =IF(Q71=0,"",IF(Q71<P71*0.4,L71,"")) | U74: =IF(Q72=0,"",IF(Q72<P72*0.4,L72,"")) | W74: =ادخال1!$J$9 -> الرياضيات | X74: =ادخال1!$J$7 -> 5 | Y74: =40*X74*0.3 -> 60 | Z74: =IFERROR(VLOOKUP(AD80,اسماء,9,0),"") | AA74: =40*X74*0.3 -> 60 | AB74: =IFERROR(VLOOKUP(AD80,اسماء,20,0),"") | AD74: =IF(AB70=0,"",IF(AB70<AA70*0.4,W70,"")) | AE74: =IF(AB71=0,"",IF(AB71<AA71*0.4,W71,"")) | AF74: =IF(AB72=0,"",IF(AB72<AA72*0.4,W72,"")) | AH74: =ادخال1!$J$9 -> الرياضيات | AI74: =ادخال1!$J$7 -> 5 | AJ74: =40*AI74*0.3 -> 60 | AK74: =IFERROR(VLOOKUP(AO80,اسماء,9,0),"") | AL74: =40*AI74*0.3 -> 60 | AM74: =IFERROR(VLOOKUP(AO80,اسماء,20,0),"") | AO74: =IF(AM70=0,"",IF(AM70<AL70*0.4,AH70,"")) | AP74: =IF(AM71=0,"",IF(AM71<AL71*0.4,AH71,"")) | AQ74: =IF(AM72=0,"",IF(AM72<AL72*0.4,AH72,""))
A75: =ادخال1!$K$9 -> العلوم | B75: =ادخال1!$K$7 -> 3 | C75: =40*B75*0.3 -> 36 | D75: =IFERROR(VLOOKUP(H80,اسماء,10,0),"") -> 36 | E75: =40*B75*0.3 -> 36 | F75: =IFERROR(VLOOKUP(H80,اسماء,21,0),"") -> 0 | H75: =IF(F74=0,"",IF(F74<E74*0.4,A74,"")) | I75: =IF(F75=0,"",IF(F75<E75*0.4,A75,"")) | J75: =IF(F73=0,"",IF(F73<E73*0.4,A73,"")) | L75: =ادخال1!$K$9 -> العلوم | M75: =ادخال1!$K$7 -> 3 | N75: =40*M75*0.3 -> 36 | O75: =IFERROR(VLOOKUP(S80,اسماء,10,0),"") -> 35 | P75: =40*M75*0.3 -> 36 | Q75: =IFERROR(VLOOKUP(S80,اسماء,21,0),"") -> 0 | S75: =IF(Q74=0,"",IF(Q74<P74*0.4,L74,"")) | T75: =IF(Q75=0,"",IF(Q75<P75*0.4,L75,"")) | U75: =IF(Q73=0,"",IF(Q73<P73*0.4,L73,"")) | W75: =ادخال1!$K$9 -> العلوم | X75: =ادخال1!$K$7 -> 3 | Y75: =40*X75*0.3 -> 36 | Z75: =IFERROR(VLOOKUP(AD80,اسماء,10,0),"") | AA75: =40*X75*0.3 -> 36 | AB75: =IFERROR(VLOOKUP(AD80,اسماء,21,0),"") | AD75: =IF(AB74=0,"",IF(AB74<AA74*0.4,W74,"")) | AE75: =IF(AB75=0,"",IF(AB75<AA75*0.4,W75,"")) | AF75: =IF(AB73=0,"",IF(AB73<AA73*0.4,W73,"")) | AH75: =ادخال1!$K$9 -> العلوم | AI75: =ادخال1!$K$7 -> 3 | AJ75: =40*AI75*0.3 -> 36 | AK75: =IFERROR(VLOOKUP(AO80,اسماء,10,0),"") | AL75: =40*AI75*0.3 -> 36 | AM75: =IFERROR(VLOOKUP(AO80,اسماء,21,0),"") | AO75: =IF(AM74=0,"",IF(AM74<AL74*0.4,AH74,"")) | AP75: =IF(AM75=0,"",IF(AM75<AL75*0.4,AH75,"")) | AQ75: =IF(AM73=0,"",IF(AM73<AL73*0.4,AH73,""))
A76: المجموع العـام | C76: =SUM(C70:C75) -> 252 | D76: =SUM(D70:D75) -> 224 | E76: =SUM(E70:E75) -> 252 | F76: =SUM(F70:F75) -> 0 | H76: مدير المدرسة/ | I76: =ادخال1!$BJ$5 -> د. عبدالرحمن خليفة العريبي | L76: المجموع العـام | N76: =SUM(N70:N75) -> 252 | O76: =SUM(O70:O75) -> 239 | P76: =SUM(P70:P75) -> 252 | Q76: =SUM(Q70:Q75) -> 0 | S76: مدير المدرسة/ | T76: =ادخال1!$BJ$5 -> د. عبدالرحمن خليفة العريبي | W76: المجموع العـام | Y76: =SUM(Y70:Y75) -> 252 | Z76: =SUM(Z70:Z75) -> 0 | AA76: =SUM(AA70:AA75) -> 252 | AB76: =SUM(AB70:AB75) -> 0 | AD76: مدير المدرسة/ | AE76: =ادخال1!$BJ$5 -> د. عبدالرحمن خليفة العريبي | AH76: المجموع العـام | AJ76: =SUM(AJ70:AJ75) -> 252 | AK76: =SUM(AK70:AK75) -> 0 | AL76: =SUM(AL70:AL75) -> 252 | AM76: =SUM(AM70:AM75) -> 0 | AO76: مدير المدرسة/ | AP76: =ادخال1!$BJ$5 -> د. عبدالرحمن خليفة العريبي
A77: =ادخال1!$M$8 -> التربية الفنية | B77: =ادخال1!$M$7 -> 1 | C77: =IFERROR(VLOOKUP(H80,اسماء,12,0),"") -> جيد جداً | E77: =IFERROR(VLOOKUP(H80,اسماء,23,0),"") -> 0 | H77: التاريخ | I77: =TODAY() -> 46009 | L77: =ادخال1!$M$8 -> التربية الفنية | M77: =ادخال1!$M$7 -> 1 | N77: =IFERROR(VLOOKUP(S80,اسماء,12,0),"") -> جيد جداً | P77: =IFERROR(VLOOKUP(S80,اسماء,23,0),"") -> 0 | S77: التاريخ | T77: =TODAY() -> 46009 | W77: =ادخال1!$M$8 -> التربية الفنية | X77: =ادخال1!$M$7 -> 1 | Y77: =IFERROR(VLOOKUP(AD80,اسماء,12,0),"") | AA77: =IFERROR(VLOOKUP(AD80,اسماء,23,0),"") | AD77: التاريخ | AE77: =TODAY() -> 46009 | AH77: =ادخال1!$M$8 -> التربية الفنية | AI77: =ادخال1!$M$7 -> 1 | AJ77: =IFERROR(VLOOKUP(AO80,اسماء,12,0),"") | AL77: =IFERROR(VLOOKUP(AO80,اسماء,23,0),"") | AO77: التاريخ | AP77: =TODAY() -> 46009
A78: =ادخال1!$N$8 -> التربية البدنية | B78: =ادخال1!$N$7 -> 2 | C78: =IFERROR(VLOOKUP(H80,اسماء,13,0),"") -> جيد جداً | E78: =IFERROR(VLOOKUP(H80,اسماء,24,0),"") -> 0 | L78: =ادخال1!$N$8 -> التربية البدنية | M78: =ادخال1!$N$7 -> 2 | N78: =IFERROR(VLOOKUP(S80,اسماء,13,0),"") -> جيد جداً | P78: =IFERROR(VLOOKUP(S80,اسماء,24,0),"") -> 0 | W78: =ادخال1!$N$8 -> التربية البدنية | X78: =ادخال1!$N$7 -> 2 | Y78: =IFERROR(VLOOKUP(AD80,اسماء,13,0),"") | AA78: =IFERROR(VLOOKUP(AD80,اسماء,24,0),"") | AH78: =ادخال1!$N$8 -> التربية البدنية | AI78: =ادخال1!$N$7 -> 2 | AJ78: =IFERROR(VLOOKUP(AO80,اسماء,13,0),"") | AL78: =IFERROR(VLOOKUP(AO80,اسماء,24,0),"")
A79: =ادخال1!$O$8 -> مكتبة | B79: =ادخال1!$O$7 -> 1 | L79: =ادخال1!$O$8 -> مكتبة | M79: =ادخال1!$O$7 -> 1 | W79: =ادخال1!$O$8 -> مكتبة | X79: =ادخال1!$O$7 -> 1 | AH79: =ادخال1!$O$8 -> مكتبة | AI79: =ادخال1!$O$7 -> 1
A80: الرقم الوطني | B80: =IFERROR(VLOOKUP(H80,اسماء,65,0),"") -> 120170679056 | C80: =IFERROR(VLOOKUP(G85,اسماء,8,0),"") | D80: =IFERROR(VLOOKUP(H85,اسماء,8,0),"") | E80: =IFERROR(VLOOKUP(I85,اسماء,8,0),"") | H80: =INDEX(عمود2,MATCH(J66,عمود1)) -> عبدالقدوس عزالدين سالم ادريدر | L80: الرقم الوطني | M80: =IFERROR(VLOOKUP(S80,اسماء,65,0),"") -> 120170156010 | N80: =IFERROR(VLOOKUP(R85,اسماء,8,0),"") | O80: =IFERROR(VLOOKUP(S85,اسماء,8,0),"") | P80: =IFERROR(VLOOKUP(T85,اسماء,8,0),"") | S80: =INDEX(عمود2,MATCH(U66,عمود1)) -> مناف عبد اللطيف ضويلة القنوش | W80: الرقم الوطني | X80: =IFERROR(VLOOKUP(AD80,اسماء,65,0),"") | Y80: =IFERROR(VLOOKUP(AC85,اسماء,8,0),"") | Z80: =IFERROR(VLOOKUP(AD85,اسماء,8,0),"") | AA80: =IFERROR(VLOOKUP(AE85,اسماء,8,0),"") | AD80: =INDEX(عمود2,MATCH(AF66,عمود1)) -> 0 | AH80: الرقم الوطني | AI80: =IFERROR(VLOOKUP(AO80,اسماء,65,0),"") | AJ80: =IFERROR(VLOOKUP(AN85,اسماء,8,0),"") | AK80: =IFERROR(VLOOKUP(AO85,اسماء,8,0),"") | AL80: =IFERROR(VLOOKUP(AP85,اسماء,8,0),"") | AO80: =INDEX(عمود2,MATCH(AQ66,عمود1)) -> 0
A81: الســــــلوك | C81: =IFERROR(VLOOKUP(H80,اسماء,37,0),"") -> 0 | E81: =IFERROR(VLOOKUP(H80,اسماء,38,0),"") -> 0 | H81: كل كشط أو تغيير في هذه البطاقة يلغيها. | L81: الســــــلوك | N81: =IFERROR(VLOOKUP(S80,اسماء,37,0),"") -> 0 | P81: =IFERROR(VLOOKUP(S80,اسماء,38,0),"") -> 0 | S81: كل كشط أو تغيير في هذه البطاقة يلغيها. | W81: الســــــلوك | Y81: =IFERROR(VLOOKUP(AD80,اسماء,37,0),"") | AA81: =IFERROR(VLOOKUP(AD80,اسماء,38,0),"") | AD81: كل كشط أو تغيير في هذه البطاقة يلغيها. | AH81: الســــــلوك | AJ81: =IFERROR(VLOOKUP(AO80,اسماء,37,0),"") | AL81: =IFERROR(VLOOKUP(AO80,اسماء,38,0),"") | AO81: كل كشط أو تغيير في هذه البطاقة يلغيها.
A82: غياب مشروع | C82: =IFERROR(VLOOKUP(H80,اسماء,40,0),"") -> 0 | E82: =IFERROR(VLOOKUP(H80,اسماء,42,0),"") -> 0 | L82: غياب مشروع | N82: =IFERROR(VLOOKUP(S80,اسماء,40,0),"") -> 0 | P82: =IFERROR(VLOOKUP(S80,اسماء,42,0),"") -> 0 | W82: غياب مشروع | Y82: =IFERROR(VLOOKUP(AD80,اسماء,40,0),"") | AA82: =IFERROR(VLOOKUP(AD80,اسماء,42,0),"") | AH82: غياب مشروع | AJ82: =IFERROR(VLOOKUP(AO80,اسماء,40,0),"") | AL82: =IFERROR(VLOOKUP(AO80,اسماء,42,0),"")
A83: غياب غير مشروع | C83: =IFERROR(VLOOKUP(H80,اسماء,41,0),"") -> 0 | E83: =IFERROR(VLOOKUP(H80,اسماء,43,0),"") -> 0 | L83: غياب غير مشروع | N83: =IFERROR(VLOOKUP(S80,اسماء,41,0),"") -> 0 | P83: =IFERROR(VLOOKUP(S80,اسماء,43,0),"") -> 0 | W83: غياب غير مشروع | Y83: =IFERROR(VLOOKUP(AD80,اسماء,41,0),"") | AA83: =IFERROR(VLOOKUP(AD80,اسماء,43,0),"") | AH83: غياب غير مشروع | AJ83: =IFERROR(VLOOKUP(AO80,اسماء,41,0),"") | AL83: =IFERROR(VLOOKUP(AO80,اسماء,43,0),"")
A84: الفترة الاولى | L84: الفترة الاولى | W84: الفترة الاولى | AH84: الفترة الاولى
A85: الفترة الثانية | L85: الفترة الثانية | W85: الفترة الثانية | AH85: الفترة الثانية
A87: بطاقة تقدير الدرجات للصــــف | D87: =ادخال1!$L$4 -> الثالث | F87: من التعليم الأساسي | J87: =J66+1 -> 8 | L87: بطاقة تقدير الدرجات للصــــف | O87: =ادخال1!$L$4 -> الثالث | Q87: من التعليم الأساسي | U87: =U66+1 -> 13 | W87: بطاقة تقدير الدرجات للصــــف | Z87: =ادخال1!$L$4 -> الثالث | AB87: من التعليم الأساسي | AF87: =AF66+1 -> 18 | AH87: بطاقة تقدير الدرجات للصــــف | AK87: =ادخال1!$L$4 -> الثالث | AM87: من التعليم الأساسي | AQ87: =AQ66+1 -> 23
A88: المدرسة/ | B88: =ادخال1!$B$5 -> سهول العلم للتعليم الخاص | F88: الاسم | G88: =H99 -> 0 | L88: المدرسة/ | M88: =ادخال1!$B$5 -> سهول العلم للتعليم الخاص | Q88: الاسم | R88: =S99 -> 0 | W88: المدرسة/ | X88: =ادخال1!$B$5 -> سهول العلم للتعليم الخاص | AB88: الاسم | AC88: =AD99 -> 0 | AH88: المدرسة/ | AI88: =ادخال1!$B$5 -> سهول العلم للتعليم الخاص | AM88: الاسم | AN88: =AO99 -> 0
A89: الفترات | B89: عدد الحصص | C89: الفترة الأولي 30 % | E89: الفترة الثانية 30 % | H89: ملاحظــات عن نتيجة التلميذ خلال كل فترة : | L89: الفترات | M89: عدد الحصص | N89: الفترة الأولي 30 % | P89: الفترة الثانية 30 % | S89: ملاحظــات عن نتيجة التلميذ خلال كل فترة : | W89: الفترات | X89: عدد الحصص | Y89: الفترة الأولي 30 % | AA89: الفترة الثانية 30 % | AD89: ملاحظــات عن نتيجة التلميذ خلال كل فترة : | AH89: الفترات | AI89: عدد الحصص | AJ89: الفترة الأولي 30 % | AL89: الفترة الثانية 30 % | AO89: ملاحظــات عن نتيجة التلميذ خلال كل فترة :
A90: المواد الدراسية | C90: الدرجة الكبرى | D90: درجة التلميذ | E90: الدرجة الكبرى | F90: درجة التلميذ | H90: الأولي : | I90: =IF(D96=0,"",IF(AND(D91>=C91*0.4,D92>=C92*0.4,D93>=C93*0.4,D94>=C94*0.4,D95>=C95*0.4),LOOKUP(D96,'النتيجة النهائية'!$AC$6:$AD$10),"ضعيف ويحتاج الى اهتمام في المواد")) -> ضعيف | L90: المواد الدراسية | N90: الدرجة الكبرى | O90: درجة التلميذ | P90: الدرجة الكبرى | Q90: درجة التلميذ | S90: الأولي : | T90: =IF(O96=0,"",IF(AND(O91>=N91*0.4,O92>=N92*0.4,O93>=N93*0.4,O94>=N94*0.4,O95>=N95*0.4),LOOKUP(O96,'النتيجة النهائية'!$AC$6:$AD$10),"ضعيف ويحتاج الى اهتمام في المواد")) -> ضعيف | W90: المواد الدراسية | Y90: الدرجة الكبرى | Z90: درجة التلميذ | AA90: الدرجة الكبرى | AB90: درجة التلميذ | AD90: الأولي : | AE90: =IF(Z96=0,"",IF(AND(Z91>=Y91*0.4,Z92>=Y92*0.4,Z93>=Y93*0.4,Z94>=Y94*0.4,Z95>=Y95*0.4),LOOKUP(Z96,'النتيجة النهائية'!$AC$6:$AD$10),"ضعيف ويحتاج الى اهتمام في المواد")) -> #N/A | AH90: المواد الدراسية | AJ90: الدرجة الكبرى | AK90: درجة التلميذ | AL90: الدرجة الكبرى | AM90: درجة التلميذ | AO90: الأولي : | AP90: =IF(AK96=0,"",IF(AND(AK91>=AJ91*0.4,AK92>=AJ92*0.4,AK93>=AJ93*0.4,AK94>=AJ94*0.4,AK95>=AJ95*0.4),LOOKUP(AK96,'النتيجة النهائية'!$AC$6:$AD$10),"ضعيف ويحتاج الى اهتمام في المواد")) -> #N/A
A91: =ادخال1!$F$9 -> التربية الإسلامية | B91: =ادخال1!$F$7 -> 3 | C91: =40*B91*0.3 -> 36 | D91: =IFERROR(VLOOKUP(H101,اسماء,5,0),"") -> 28 | E91: =40*B91*0.3 -> 36 | F91: =IFERROR(VLOOKUP(H101,اسماء,16,0),"") -> 0 | H91: =IF(D91=0,"",IF(D91<C91*0.4,A91,"")) | I91: =IF(D92=0,"",IF(D92<C92*0.4,A92,"")) | J91: =IF(D93=0,"",IF(D93<C93*0.4,A93,"")) | L91: =ادخال1!$F$9 -> التربية الإسلامية | M91: =ادخال1!$F$7 -> 3 | N91: =40*M91*0.3 -> 36 | O91: =IFERROR(VLOOKUP(S101,اسماء,5,0),"") -> 36 | P91: =40*M91*0.3 -> 36 | Q91: =IFERROR(VLOOKUP(S101,اسماء,16,0),"") -> 0 | S91: =IF(O91=0,"",IF(O91<N91*0.4,L91,"")) | T91: =IF(O92=0,"",IF(O92<N92*0.4,L92,"")) | U91: =IF(O93=0,"",IF(O93<N93*0.4,L93,"")) | W91: =ادخال1!$F$9 -> التربية الإسلامية | X91: =ادخال1!$F$7 -> 3 | Y91: =40*X91*0.3 -> 36 | Z91: =IFERROR(VLOOKUP(AD101,اسماء,5,0),"") | AA91: =40*X91*0.3 -> 36 | AB91: =IFERROR(VLOOKUP(AD101,اسماء,16,0),"") | AD91: =IF(Z91=0,"",IF(Z91<Y91*0.4,W91,"")) | AE91: =IF(Z92=0,"",IF(Z92<Y92*0.4,W92,"")) | AF91: =IF(Z93=0,"",IF(Z93<Y93*0.4,W93,"")) | AH91: =ادخال1!$F$9 -> التربية الإسلامية | AI91: =ادخال1!$F$7 -> 3 | AJ91: =40*AI91*0.3 -> 36 | AK91: =IFERROR(VLOOKUP(AO101,اسماء,5,0),"") | AL91: =40*AI91*0.3 -> 36 | AM91: =IFERROR(VLOOKUP(AO101,اسماء,16,0),"") | AO91: =IF(AK91=0,"",IF(AK91<AJ91*0.4,AH91,"")) | AP91: =IF(AK92=0,"",IF(AK92<AJ92*0.4,AH92,"")) | AQ91: =IF(AK93=0,"",IF(AK93<AJ93*0.4,AH93,""))
A92: =ادخال1!$G$9 -> اللغة العربية | B92: =ادخال1!$G$7 -> 6 | C92: =40*B92*0.3 -> 72 | D92: =IFERROR(VLOOKUP(H101,اسماء,6,0),"") -> 64 | E92: =40*B92*0.3 -> 72 | F92: =IFERROR(VLOOKUP(H101,اسماء,17,0),"") -> 0 | H92: =IF(D95=0,"",IF(D95<C95*0.4,A95,"")) | I92: =IF(D96=0,"",IF(D96<C96*0.4,A96,"")) | J92: =IF(D94=0,"",IF(D94<C94*0.4,A94,"")) | L92: =ادخال1!$G$9 -> اللغة العربية | M92: =ادخال1!$G$7 -> 6 | N92: =40*M92*0.3 -> 72 | O92: =IFERROR(VLOOKUP(S101,اسماء,6,0),"") -> 71 | P92: =40*M92*0.3 -> 72 | Q92: =IFERROR(VLOOKUP(S101,اسماء,17,0),"") -> 0 | S92: =IF(O95=0,"",IF(O95<N95*0.4,L95,"")) | T92: =IF(O96=0,"",IF(O96<N96*0.4,L96,"")) | U92: =IF(O94=0,"",IF(O94<N94*0.4,L94,"")) | W92: =ادخال1!$G$9 -> اللغة العربية | X92: =ادخال1!$G$7 -> 6 | Y92: =40*X92*0.3 -> 72 | Z92: =IFERROR(VLOOKUP(AD101,اسماء,6,0),"") | AA92: =40*X92*0.3 -> 72 | AB92: =IFERROR(VLOOKUP(AD101,اسماء,17,0),"") | AD92: =IF(Z95=0,"",IF(Z95<Y95*0.4,W95,"")) | AE92: =IF(Z96=0,"",IF(Z96<Y96*0.4,W96,"")) | AF92: =IF(Z94=0,"",IF(Z94<Y94*0.4,W94,"")) | AH92: =ادخال1!$G$9 -> اللغة العربية | AI92: =ادخال1!$G$7 -> 6 | AJ92: =40*AI92*0.3 -> 72 | AK92: =IFERROR(VLOOKUP(AO101,اسماء,6,0),"") | AL92: =40*AI92*0.3 -> 72 | AM92: =IFERROR(VLOOKUP(AO101,اسماء,17,0),"") | AO92: =IF(AK95=0,"",IF(AK95<AJ95*0.4,AH95,"")) | AP92: =IF(AK96=0,"",IF(AK96<AJ96*0.4,AH96,"")) | AQ92: =IF(AK94=0,"",IF(AK94<AJ94*0.4,AH94,""))
A93: =ادخال1!$H$9 -> اللغة الإنجليزية | B93: =ادخال1!$H$7 -> 3 | C93: =40*B93*0.3 -> 36 | D93: =IFERROR(VLOOKUP(H101,اسماء,7,0),"") -> 25 | E93: =40*B93*0.3 -> 36 | F93: =IFERROR(VLOOKUP(H101,اسماء,18,0),"") -> 0 | H93: الثانية :- | I93: =IF(F97=0,"",IF(AND(F91>=E91*0.4,F92>=E92*0.4,F93>=E93*0.4,F95>=E95*0.4,F96>=E96*0.4),LOOKUP(F97,'النتيجة النهائية'!$AC$6:$AD$10),"ضعيف ويحتاج الى اهتمام في المواد")) | L93: =ادخال1!$H$9 -> اللغة الإنجليزية | M93: =ادخال1!$H$7 -> 3 | N93: =40*M93*0.3 -> 36 | O93: =IFERROR(VLOOKUP(S101,اسماء,7,0),"") -> 36 | P93: =40*M93*0.3 -> 36 | Q93: =IFERROR(VLOOKUP(S101,اسماء,18,0),"") -> 0 | S93: الثانية :- | T93: =IF(Q97=0,"",IF(AND(Q91>=P91*0.4,Q92>=P92*0.4,Q93>=P93*0.4,Q95>=P95*0.4,Q96>=P96*0.4),LOOKUP(Q97,'النتيجة النهائية'!$AC$6:$AD$10),"ضعيف ويحتاج الى اهتمام في المواد")) | W93: =ادخال1!$H$9 -> اللغة الإنجليزية | X93: =ادخال1!$H$7 -> 3 | Y93: =40*X93*0.3 -> 36 | Z93: =IFERROR(VLOOKUP(AD101,اسماء,7,0),"") | AA93: =40*X93*0.3 -> 36 | AB93: =IFERROR(VLOOKUP(AD101,اسماء,18,0),"") | AD93: الثانية :- | AE93: =IF(AB97=0,"",IF(AND(AB91>=AA91*0.4,AB92>=AA92*0.4,AB93>=AA93*0.4,AB95>=AA95*0.4,AB96>=AA96*0.4),LOOKUP(AB97,'النتيجة النهائية'!$AC$6:$AD$10),"ضعيف ويحتاج الى اهتمام في المواد")) | AH93: =ادخال1!$H$9 -> اللغة الإنجليزية | AI93: =ادخال1!$H$7 -> 3 | AJ93: =40*AI93*0.3 -> 36 | AK93: =IFERROR(VLOOKUP(AO101,اسماء,7,0),"") | AL93: =40*AI93*0.3 -> 36 | AM93: =IFERROR(VLOOKUP(AO101,اسماء,18,0),"") | AO93: الثانية :- | AP93: =IF(AM97=0,"",IF(AND(AM91>=AL91*0.4,AM92>=AL92*0.4,AM93>=AL93*0.4,AM95>=AL95*0.4,AM96>=AL96*0.4),LOOKUP(AM97,'النتيجة النهائية'!$AC$6:$AD$10),"ضعيف ويحتاج الى اهتمام في المواد"))
A94: =ادخال1!$I$9 -> الحاسوب | B94: =ادخال1!$I$7 -> 1 | C94: =40*B94*0.3 -> 12 | D94: =IFERROR(VLOOKUP(H101,اسماء,8,0),"") -> 10 | E94: =40*B94*0.3 -> 12 | F94: =IFERROR(VLOOKUP(H101,اسماء,19,0),"") -> 0 | L94: =ادخال1!$I$9 -> الحاسوب | M94: =ادخال1!$I$7 -> 1 | N94: =40*M94*0.3 -> 12 | O94: =IFERROR(VLOOKUP(S101,اسماء,8,0),"") -> 12 | P94: =40*M94*0.3 -> 12 | Q94: =IFERROR(VLOOKUP(S101,اسماء,19,0),"") -> 0 | W94: =ادخال1!$I$9 -> الحاسوب | X94: =ادخال1!$I$7 -> 1 | Y94: =40*X94*0.3 -> 12 | Z94: =IFERROR(VLOOKUP(AD101,اسماء,8,0),"") | AA94: =40*X94*0.3 -> 12 | AB94: =IFERROR(VLOOKUP(AD101,اسماء,19,0),"") | AH94: =ادخال1!$I$9 -> الحاسوب | AI94: =ادخال1!$I$7 -> 1 | AJ94: =40*AI94*0.3 -> 12 | AK94: =IFERROR(VLOOKUP(AO101,اسماء,8,0),"") | AL94: =40*AI94*0.3 -> 12 | AM94: =IFERROR(VLOOKUP(AO101,اسماء,19,0),"")
A95: =ادخال1!$J$9 -> الرياضيات | B95: =ادخال1!$J$7 -> 5 | C95: =40*B95*0.3 -> 60 | D95: =IFERROR(VLOOKUP(H101,اسماء,9,0),"") -> 46 | E95: =40*B95*0.3 -> 60 | F95: =IFERROR(VLOOKUP(H101,اسماء,20,0),"") -> 0 | H95: =IF(F91=0,"",IF(F91<E91*0.4,A91,"")) | I95: =IF(F92=0,"",IF(F92<E92*0.4,A92,"")) | J95: =IF(F93=0,"",IF(F93<E93*0.4,A93,"")) | L95: =ادخال1!$J$9 -> الرياضيات | M95: =ادخال1!$J$7 -> 5 | N95: =40*M95*0.3 -> 60 | O95: =IFERROR(VLOOKUP(S101,اسماء,9,0),"") -> 60 | P95: =40*M95*0.3 -> 60 | Q95: =IFERROR(VLOOKUP(S101,اسماء,20,0),"") -> 0 | S95: =IF(Q91=0,"",IF(Q91<P91*0.4,L91,"")) | T95: =IF(Q92=0,"",IF(Q92<P92*0.4,L92,"")) | U95: =IF(Q93=0,"",IF(Q93<P93*0.4,L93,"")) | W95: =ادخال1!$J$9 -> الرياضيات | X95: =ادخال1!$J$7 -> 5 | Y95: =40*X95*0.3 -> 60 | Z95: =IFERROR(VLOOKUP(AD101,اسماء,9,0),"") | AA95: =40*X95*0.3 -> 60 | AB95: =IFERROR(VLOOKUP(AD101,اسماء,20,0),"") | AD95: =IF(AB91=0,"",IF(AB91<AA91*0.4,W91,"")) | AE95: =IF(AB92=0,"",IF(AB92<AA92*0.4,W92,"")) | AF95: =IF(AB93=0,"",IF(AB93<AA93*0.4,W93,"")) | AH95: =ادخال1!$J$9 -> الرياضيات | AI95: =ادخال1!$J$7 -> 5 | AJ95: =40*AI95*0.3 -> 60 | AK95: =IFERROR(VLOOKUP(AO101,اسماء,9,0),"") | AL95: =40*AI95*0.3 -> 60 | AM95: =IFERROR(VLOOKUP(AO101,اسماء,20,0),"") | AO95: =IF(AM91=0,"",IF(AM91<AL91*0.4,AH91,"")) | AP95: =IF(AM92=0,"",IF(AM92<AL92*0.4,AH92,"")) | AQ95: =IF(AM93=0,"",IF(AM93<AL93*0.4,AH93,""))
A96: =ادخال1!$K$9 -> العلوم | B96: =ادخال1!$K$7 -> 3 | C96: =40*B96*0.3 -> 36 | D96: =IFERROR(VLOOKUP(H101,اسماء,10,0),"") -> 27 | E96: =40*B96*0.3 -> 36 | F96: =IFERROR(VLOOKUP(H101,اسماء,21,0),"") -> 0 | H96: =IF(F95=0,"",IF(F95<E95*0.4,A95,"")) | I96: =IF(F96=0,"",IF(F96<E96*0.4,A96,"")) | J96: =IF(F94=0,"",IF(F94<E94*0.4,A94,"")) | L96: =ادخال1!$K$9 -> العلوم | M96: =ادخال1!$K$7 -> 3 | N96: =40*M96*0.3 -> 36 | O96: =IFERROR(VLOOKUP(S101,اسماء,10,0),"") -> 36 | P96: =40*M96*0.3 -> 36 | Q96: =IFERROR(VLOOKUP(S101,اسماء,21,0),"") -> 0 | S96: =IF(Q95=0,"",IF(Q95<P95*0.4,L95,"")) | T96: =IF(Q96=0,"",IF(Q96<P96*0.4,L96,"")) | U96: =IF(Q94=0,"",IF(Q94<P94*0.4,L94,"")) | W96: =ادخال1!$K$9 -> العلوم | X96: =ادخال1!$K$7 -> 3 | Y96: =40*X96*0.3 -> 36 | Z96: =IFERROR(VLOOKUP(AD101,اسماء,10,0),"") | AA96: =40*X96*0.3 -> 36 | AB96: =IFERROR(VLOOKUP(AD101,اسماء,21,0),"") | AD96: =IF(AB95=0,"",IF(AB95<AA95*0.4,W95,"")) | AE96: =IF(AB96=0,"",IF(AB96<AA96*0.4,W96,"")) | AF96: =IF(AB94=0,"",IF(AB94<AA94*0.4,W94,"")) | AH96: =ادخال1!$K$9 -> العلوم | AI96: =ادخال1!$K$7 -> 3 | AJ96: =40*AI96*0.3 -> 36 | AK96: =IFERROR(VLOOKUP(AO101,اسماء,10,0),"") | AL96: =40*AI96*0.3 -> 36 | AM96: =IFERROR(VLOOKUP(AO101,اسماء,21,0),"") | AO96: =IF(AM95=0,"",IF(AM95<AL95*0.4,AH95,"")) | AP96: =IF(AM96=0,"",IF(AM96<AL96*0.4,AH96,"")) | AQ96: =IF(AM94=0,"",IF(AM94<AL94*0.4,AH94,""))
A97: المجموع العـام | C97: =SUM(C91:C96) -> 252 | D97: =SUM(D91:D96) -> 200 | E97: =SUM(E91:E96) -> 252 | F97: =SUM(F91:F96) -> 0 | H97: مدير المدرسة/ | I97: =ادخال1!$BJ$5 -> د. عبدالرحمن خليفة العريبي | L97: المجموع العـام | N97: =SUM(N91:N96) -> 252 | O97: =SUM(O91:O96) -> 251 | P97: =SUM(P91:P96) -> 252 | Q97: =SUM(Q91:Q96) -> 0 | S97: مدير المدرسة/ | T97: =ادخال1!$BJ$5 -> د. عبدالرحمن خليفة العريبي | W97: المجموع العـام | Y97: =SUM(Y91:Y96) -> 252 | Z97: =SUM(Z91:Z96) -> 0 | AA97: =SUM(AA91:AA96) -> 252 | AB97: =SUM(AB91:AB96) -> 0 | AD97: مدير المدرسة/ | AE97: =ادخال1!$BJ$5 -> د. عبدالرحمن خليفة العريبي | AH97: المجموع العـام | AJ97: =SUM(AJ91:AJ96) -> 252 | AK97: =SUM(AK91:AK96) -> 0 | AL97: =SUM(AL91:AL96) -> 252 | AM97: =SUM(AM91:AM96) -> 0 | AO97: مدير المدرسة/ | AP97: =ادخال1!$BJ$5 -> د. عبدالرحمن خليفة العريبي
A98: =ادخال1!$M$8 -> التربية الفنية | B98: =ادخال1!$M$7 -> 1 | C98: =IFERROR(VLOOKUP(H101,اسماء,12,0),"") -> جيد جداً | E98: =IFERROR(VLOOKUP(H101,اسماء,23,0),"") -> 0 | H98: التاريخ | I98: =TODAY() -> 46009 | L98: =ادخال1!$M$8 -> التربية الفنية | M98: =ادخال1!$M$7 -> 1 | N98: =IFERROR(VLOOKUP(S101,اسماء,12,0),"") -> جيد جداً | P98: =IFERROR(VLOOKUP(S101,اسماء,23,0),"") -> 0 | S98: التاريخ | T98: =TODAY() -> 46009 | W98: =ادخال1!$M$8 -> التربية الفنية | X98: =ادخال1!$M$7 -> 1 | Y98: =IFERROR(VLOOKUP(AD101,اسماء,12,0),"") | AA98: =IFERROR(VLOOKUP(AD101,اسماء,23,0),"") | AD98: التاريخ | AE98: =TODAY() -> 46009 | AH98: =ادخال1!$M$8 -> التربية الفنية | AI98: =ادخال1!$M$7 -> 1 | AJ98: =IFERROR(VLOOKUP(AO101,اسماء,12,0),"") | AL98: =IFERROR(VLOOKUP(AO101,اسماء,23,0),"") | AO98: التاريخ | AP98: =TODAY() -> 46009
A99: =ادخال1!$N$8 -> التربية البدنية | B99: =ادخال1!$N$7 -> 2 | C99: =IFERROR(VLOOKUP(H101,اسماء,13,0),"") -> جيد جداً | E99: =IFERROR(VLOOKUP(H101,اسماء,24,0),"") -> 0 | L99: =ادخال1!$N$8 -> التربية البدنية | M99: =ادخال1!$N$7 -> 2 | N99: =IFERROR(VLOOKUP(S101,اسماء,13,0),"") -> جيد جداً | P99: =IFERROR(VLOOKUP(S101,اسماء,24,0),"") -> 0 | W99: =ادخال1!$N$8 -> التربية البدنية | X99: =ادخال1!$N$7 -> 2 | Y99: =IFERROR(VLOOKUP(AD101,اسماء,13,0),"") | AA99: =IFERROR(VLOOKUP(AD101,اسماء,24,0),"") | AH99: =ادخال1!$N$8 -> التربية البدنية | AI99: =ادخال1!$N$7 -> 2 | AJ99: =IFERROR(VLOOKUP(AO101,اسماء,13,0),"") | AL99: =IFERROR(VLOOKUP(AO101,اسماء,24,0),"")
A100: =ادخال1!$O$8 -> مكتبة | B100: =ادخال1!$O$7 -> 1 | L100: =ادخال1!$O$8 -> مكتبة | M100: =ادخال1!$O$7 -> 1 | W100: =ادخال1!$O$8 -> مكتبة | X100: =ادخال1!$O$7 -> 1 | AH100: =ادخال1!$O$8 -> مكتبة | AI100: =ادخال1!$O$7 -> 1
A101: الرقم الوطني | B101: =IFERROR(VLOOKUP(H101,اسماء,65,0),"") -> 120170085408 | C101: =IFERROR(VLOOKUP(G106,اسماء,8,0),"") | D101: =IFERROR(VLOOKUP(H106,اسماء,8,0),"") | E101: =IFERROR(VLOOKUP(I106,اسماء,8,0),"") | H101: =INDEX(عمود2,MATCH(J87,عمود1)) -> على عبد السلام شعبان بي | L101: الرقم الوطني | M101: =IFERROR(VLOOKUP(S101,اسماء,65,0),"") -> 120170004225 | N101: =IFERROR(VLOOKUP(R106,اسماء,8,0),"") | O101: =IFERROR(VLOOKUP(S106,اسماء,8,0),"") | P101: =IFERROR(VLOOKUP(T106,اسماء,8,0),"") | S101: =INDEX(عمود2,MATCH(U87,عمود1)) -> يزن عبد السلام على الأطوش | W101: الرقم الوطني | X101: =IFERROR(VLOOKUP(AD101,اسماء,65,0),"") | Y101: =IFERROR(VLOOKUP(AC106,اسماء,8,0),"") | Z101: =IFERROR(VLOOKUP(AD106,اسماء,8,0),"") | AA101: =IFERROR(VLOOKUP(AE106,اسماء,8,0),"") | AD101: =INDEX(عمود2,MATCH(AF87,عمود1)) -> 0 | AH101: الرقم الوطني | AI101: =IFERROR(VLOOKUP(AO101,اسماء,65,0),"") | AJ101: =IFERROR(VLOOKUP(AN106,اسماء,8,0),"") | AK101: =IFERROR(VLOOKUP(AO106,اسماء,8,0),"") | AL101: =IFERROR(VLOOKUP(AP106,اسماء,8,0),"") | AO101: =INDEX(عمود2,MATCH(AQ87,عمود1)) -> 0
A102: الســــــلوك | C102: =IFERROR(VLOOKUP(H101,اسماء,37,0),"") -> 0 | E102: =IFERROR(VLOOKUP(H101,اسماء,38,0),"") -> 0 | H102: كل كشط أو تغيير في هذه البطاقة يلغيها. | L102: الســــــلوك | N102: =IFERROR(VLOOKUP(S101,اسماء,37,0),"") -> 0 | P102: =IFERROR(VLOOKUP(S101,اسماء,38,0),"") -> 0 | S102: كل كشط أو تغيير في هذه البطاقة يلغيها. | W102: الســــــلوك | Y102: =IFERROR(VLOOKUP(AD101,اسماء,37,0),"") | AA102: =IFERROR(VLOOKUP(AD101,اسماء,38,0),"") | AD102: كل كشط أو تغيير في هذه البطاقة يلغيها. | AH102: الســــــلوك | AJ102: =IFERROR(VLOOKUP(AO101,اسماء,37,0),"") | AL102: =IFERROR(VLOOKUP(AO101,اسماء,38,0),"") | AO102: كل كشط أو تغيير في هذه البطاقة يلغيها.
A103: غياب مشروع | C103: =IFERROR(VLOOKUP(H101,اسماء,40,0),"") -> 0 | E103: =IFERROR(VLOOKUP(H101,اسماء,42,0),"") -> 0 | L103: غياب مشروع | N103: =IFERROR(VLOOKUP(S101,اسماء,40,0),"") -> 0 | P103: =IFERROR(VLOOKUP(S101,اسماء,42,0),"") -> 0 | W103: غياب مشروع | Y103: =IFERROR(VLOOKUP(AD101,اسماء,40,0),"") | AA103: =IFERROR(VLOOKUP(AD101,اسماء,42,0),"") | AH103: غياب مشروع | AJ103: =IFERROR(VLOOKUP(AO101,اسماء,40,0),"") | AL103: =IFERROR(VLOOKUP(AO101,اسماء,42,0),"")
A104: غياب غير مشروع | C104: =IFERROR(VLOOKUP(H101,اسماء,41,0),"") -> 0 | E104: =IFERROR(VLOOKUP(H101,اسماء,43,0),"") -> 0 | L104: غياب غير مشروع | N104: =IFERROR(VLOOKUP(S101,اسماء,41,0),"") -> 0 | P104: =IFERROR(VLOOKUP(S101,اسماء,43,0),"") -> 0 | W104: غياب غير مشروع | Y104: =IFERROR(VLOOKUP(AD101,اسماء,41,0),"") | AA104: =IFERROR(VLOOKUP(AD101,اسماء,43,0),"") | AH104: غياب غير مشروع | AJ104: =IFERROR(VLOOKUP(AO101,اسماء,41,0),"") | AL104: =IFERROR(VLOOKUP(AO101,اسماء,43,0),"")
A105: الفترة الاولى | L105: الفترة الاولى | W105: الفترة الاولى | AH105: الفترة الاولى
...

Sheet الصحيفة النهائية
A1: بطاقة تقدير الدرجات للصــــف | D1: =ادخال1!$L$4 -> الثالث | F1: من التعليم الأساسي | O1: 1 | Q1: بطاقة تقدير الدرجات للصــــف | T1: =ادخال1!$L$4 -> الثالث | V1: من التعليم الأساسي | AE1: =O1+5 -> 6 | AG1: بطاقة تقدير الدرجات للصــــف | AJ1: =ادخال1!$L$4 -> الثالث | AL1: من التعليم الأساسي | AU1: =AE1+5 -> 11 | AW1: بطاقة تقدير الدرجات للصــــف | AZ1: =ادخال1!$L$4 -> الثالث | BB1: من التعليم الأساسي | BK1: =AU1+5 -> 16 | BN1: =SUM(I5:I10) -> 840
A2: المدرسة/ | B2: =ادخال1!$B$5 -> سهول العلم للتعليم الخاص | H2: الاسم | J2: =M16 -> امجد عمر عبداللطيف سلطان | Q2: المدرسة/ | R2: =ادخال1!$B$5 -> سهول العلم للتعليم الخاص | X2: الاسم | Z2: =AC16 -> عبد العاطى احمد محمود محمد | AG2: المدرسة/ | AH2: =ادخال1!$B$5 -> سهول العلم للتعليم الخاص | AN2: الاسم | AP2: =AS16 -> مريم سامى محمد النفاتى | AW2: المدرسة/ | AX2: =ادخال1!$B$5 -> سهول العلم للتعليم الخاص | BD2: الاسم | BF2: =BI16 -> ريم احمد ابوبكر النفاتى | BN2: =BN1*0.3 -> 252 | BO2: 0 | BP2: ضعيف
A3: الفترات | B3: عدد الحصص | C3: الفترة الأولي 30 % | E3: الفترة الثانية 30 % | G3: الفترة الثالثة 40% | I3: النتيجة النهائيــة 100% | M3: ملاحظــات عن نتيجة التلميذ خلال كل فترة : | Q3: الفترات | R3: عدد الحصص | S3: الفترة الأولي 30 % | U3: الفترة الثانية 30 % | W3: الفترة الثالثة 40% | Y3: النتيجة النهائيــة 100% | AC3: ملاحظــات عن نتيجة التلميذ خلال كل فترة : | AG3: الفترات | AH3: عدد الحصص | AI3: الفترة الأولي 30 % | AK3: الفترة الثانية 30 % | AM3: الفترة الثالثة 40% | AO3: النتيجة النهائيــة 100% | AS3: ملاحظــات عن نتيجة التلميذ خلال كل فترة : | AW3: الفترات | AX3: عدد الحصص | AY3: الفترة الأولي 30 % | BA3: الفترة الثانية 30 % | BC3: الفترة الثالثة 40% | BE3: النتيجة النهائيــة 100% | BI3: ملاحظــات عن نتيجة التلميذ خلال كل فترة : | BN3: =BN1*0.4 -> 336 | BO3: =BN3*0.5 -> 168 | BP3: مقبول
A4: المواد الدراسية | C4: الدرجة الكبرى | D4: درجة التلميذ | E4: الدرجة الكبرى | F4: درجة التلميذ | G4: الدرجة الكبرى | H4: درجة التلميذ | I4: النهاية الكبرى | J4: النهاية الصغري | K4: درجة التلميذ | M4: الأولي : | N4: =IF(D11=0,"",IF(AND(D5>=C5*0.4,D6>=C6*0.4,D7>=C7*0.4,D8>=C8*0.4,D9>=C9*0.4),LOOKUP(D11,$BO$15:$BP$19),"ضعيف ويحتاج الى اهتمام في المواد")) -> ممتاز | Q4: المواد الدراسية | S4: الدرجة الكبرى | T4: درجة التلميذ | U4: الدرجة الكبرى | V4: درجة التلميذ | W4: الدرجة الكبرى | X4: درجة التلميذ | Y4: النهاية الكبرى | Z4: النهاية الصغري | AA4: درجة التلميذ | AC4: الأولي : | AD4: =IF(T11=0,"",IF(AND(T5>=S5*0.4,T6>=S6*0.4,T7>=S7*0.4,T8>=S8*0.4,T9>=S9*0.4),LOOKUP(T11,$BO$15:$BP$19),"ضعيف ويحتاج الى اهتمام في المواد")) -> ممتاز | AG4: المواد الدراسية | AI4: الدرجة الكبرى | AJ4: درجة التلميذ | AK4: الدرجة الكبرى | AL4: درجة التلميذ | AM4: الدرجة الكبرى | AN4: درجة التلميذ | AO4: النهاية الكبرى | AP4: النهاية الصغري | AQ4: درجة التلميذ | AS4: الأولي : | AT4: =IF(AJ11=0,"",IF(AND(AJ5>=AI5*0.4,AJ6>=AI6*0.4,AJ7>=AI7*0.4,AJ8>=AI8*0.4,AJ9>=AI9*0.4),LOOKUP(AJ11,$BO$15:$BP$19),"ضعيف ويحتاج الى اهتمام في المواد")) -> ممتاز | AW4: المواد الدراسية | AY4: الدرجة الكبرى | AZ4: درجة التلميذ | BA4: الدرجة الكبرى | BB4: درجة التلميذ | BC4: الدرجة الكبرى | BD4: درجة التلميذ | BE4: النهاية الكبرى | BF4: النهاية الصغري | BG4: درجة التلميذ | BI4: الأولي : | BJ4: =IF(AZ11=0,"",IF(AND(AZ5>=AY5*0.4,AZ6>=AY6*0.4,AZ7>=AY7*0.4,AZ8>=AY8*0.4,AZ9>=AY9*0.4),LOOKUP(AZ11,$BO$15:$BP$19),"ضعيف ويحتاج الى اهتمام في المواد")) -> ممتاز | BO4: =$BN$1*0.65 -> 546 | BP4: جيد
A5: =ادخال1!$F$9 -> التربية الإسلامية | B5: =ادخال1!$F$7 -> 3 | C5: =40*B5*0.3 -> 36 | D5: =IFERROR(VLOOKUP(M16,اسماء,5,0),"") -> 36 | E5: =40*B5*0.3 -> 36 | F5: =IFERROR(VLOOKUP(M16,اسماء,16,0),"") -> 0 | G5: =40*B5*0.4 -> 48 | H5: =IFERROR(VLOOKUP(M16,اسماء,27,0),"") -> 0 | I5: =SUM(C5,E5,G5) -> 120 | J5: =0.4*I5 -> 48 | K5: =SUM(D5,F5,H5) -> 36 | M5: =IF(D5=0,"",IF(D5<C5*0.4,A5,"")) | N5: =IF(D6=0,"",IF(D6<C6*0.4,A6,"")) | O5: =IF(D7=0,"",IF(D7<C7*0.4,A7,"")) | Q5: =ادخال1!$F$9 -> التربية الإسلامية | R5: =ادخال1!$F$7 -> 3 | S5: =40*R5*0.3 -> 36 | T5: =IFERROR(VLOOKUP(AC16,اسماء,5,0),"") -> 36 | U5: =40*R5*0.3 -> 36 | V5: =IFERROR(VLOOKUP(AC16,اسماء,16,0),"") -> 0 | W5: =40*R5*0.4 -> 48 | X5: =IFERROR(VLOOKUP(AC16,اسماء,27,0),"") -> 0 | Y5: =SUM(S5,U5,W5) -> 120 | Z5: =0.4*Y5 -> 48 | AA5: =SUM(T5,V5,X5) -> 36 | AC5: =IF(T5=0,"",IF(T5<S5*0.4,Q5,"")) | AD5: =IF(T6=0,"",IF(T6<S6*0.4,Q6,"")) | AE5: =IF(T7=0,"",IF(T7<S7*0.4,Q7,"")) | AG5: =ادخال1!$F$9 -> التربية الإسلامية | AH5: =ادخال1!$F$7 -> 3 | AI5: =40*AH5*0.3 -> 36 | AJ5: =IFERROR(VLOOKUP(AS16,اسماء,5,0),"") -> 36 | AK5: =40*AH5*0.3 -> 36 | AL5: =IFERROR(VLOOKUP(AS16,اسماء,16,0),"") -> 0 | AM5: =40*AH5*0.4 -> 48 | AN5: =IFERROR(VLOOKUP(AS16,اسماء,27,0),"") -> 0 | AO5: =SUM(AI5,AK5,AM5) -> 120 | AP5: =0.4*AO5 -> 48 | AQ5: =SUM(AJ5,AL5,AN5) -> 36 | AS5: =IF(AJ5=0,"",IF(AJ5<AI5*0.4,AG5,"")) | AT5: =IF(AJ6=0,"",IF(AJ6<AI6*0.4,AG6,"")) | AU5: =IF(AJ7=0,"",IF(AJ7<AI7*0.4,AG7,"")) | AW5: =ادخال1!$F$9 -> التربية الإسلامية | AX5: =ادخال1!$F$7 -> 3 | AY5: =40*AX5*0.3 -> 36 | AZ5: =IFERROR(VLOOKUP(BI16,اسماء,5,0),"") -> 36 | BA5: =40*AX5*0.3 -> 36 | BB5: =IFERROR(VLOOKUP(BI16,اسماء,16,0),"") -> 0 | BC5: =40*AX5*0.4 -> 48 | BD5: =IFERROR(VLOOKUP(BI16,اسماء,27,0),"") -> 0 | BE5: =SUM(AY5,BA5,BC5) -> 120 | BF5: =0.4*BE5 -> 48 | BG5: =SUM(AZ5,BB5,BD5) -> 36 | BI5: =IF(AZ5=0,"",IF(AZ5<AY5*0.4,AW5,"")) | BJ5: =IF(AZ6=0,"",IF(AZ6<AY6*0.4,AW6,"")) | BK5: =IF(AZ7=0,"",IF(AZ7<AY7*0.4,AW7,"")) | BO5: =$BN$1*0.75 -> 630 | BP5: جيدجداً
A6: =ادخال1!$G$9 -> اللغة العربية | B6: =ادخال1!$G$7 -> 6 | C6: =40*B6*0.3 -> 72 | D6: =IFERROR(VLOOKUP(M16,اسماء,6,0),"") -> 70 | E6: =40*B6*0.3 -> 72 | F6: =IFERROR(VLOOKUP(M16,اسماء,17,0),"") -> 0 | G6: =40*B6*0.4 -> 96 | H6: =IFERROR(VLOOKUP(M16,اسماء,28,0),"") -> 0 | I6: =SUM(C6,E6,G6) -> 240 | J6: =0.4*I6 -> 96 | K6: =SUM(D6,F6,H6) -> 70 | M6: =IF(D8=0,"",IF(D8<C8*0.4,A8,"")) | N6: =IF(D9=0,"",IF(D9<C9*0.4,A9,"")) | O6: =IF(D10=0,"",IF(D10<C10*0.4,A10,"")) | Q6: =ادخال1!$G$9 -> اللغة العربية | R6: =ادخال1!$G$7 -> 6 | S6: =40*R6*0.3 -> 72 | T6: =IFERROR(VLOOKUP(AC16,اسماء,6,0),"") -> 68 | U6: =40*R6*0.3 -> 72 | V6: =IFERROR(VLOOKUP(AC16,اسماء,17,0),"") -> 0 | W6: =40*R6*0.4 -> 96 | X6: =IFERROR(VLOOKUP(AC16,اسماء,28,0),"") -> 0 | Y6: =SUM(S6,U6,W6) -> 240 | Z6: =0.4*Y6 -> 96 | AA6: =SUM(T6,V6,X6) -> 68 | AC6: =IF(T8=0,"",IF(T8<S8*0.4,Q8,"")) | AD6: =IF(T9=0,"",IF(T9<S9*0.4,Q9,"")) | AE6: =IF(T10=0,"",IF(T10<S10*0.4,Q10,"")) | AG6: =ادخال1!$G$9 -> اللغة العربية | AH6: =ادخال1!$G$7 -> 6 | AI6: =40*AH6*0.3 -> 72 | AJ6: =IFERROR(VLOOKUP(AS16,اسماء,6,0),"") -> 71 | AK6: =40*AH6*0.3 -> 72 | AL6: =IFERROR(VLOOKUP(AS16,اسماء,17,0),"") -> 0 | AM6: =40*AH6*0.4 -> 96 | AN6: =IFERROR(VLOOKUP(AS16,اسماء,28,0),"") -> 0 | AO6: =SUM(AI6,AK6,AM6) -> 240 | AP6: =0.4*AO6 -> 96 | AQ6: =SUM(AJ6,AL6,AN6) -> 71 | AS6: =IF(AJ8=0,"",IF(AJ8<AI8*0.4,AG8,"")) | AT6: =IF(AJ9=0,"",IF(AJ9<AI9*0.4,AG9,"")) | AU6: =IF(AJ10=0,"",IF(AJ10<AI10*0.4,AG10,"")) | AW6: =ادخال1!$G$9 -> اللغة العربية | AX6: =ادخال1!$G$7 -> 6 | AY6: =40*AX6*0.3 -> 72 | AZ6: =IFERROR(VLOOKUP(BI16,اسماء,6,0),"") -> 71 | BA6: =40*AX6*0.3 -> 72 | BB6: =IFERROR(VLOOKUP(BI16,اسماء,17,0),"") -> 0 | BC6: =40*AX6*0.4 -> 96 | BD6: =IFERROR(VLOOKUP(BI16,اسماء,28,0),"") -> 0 | BE6: =SUM(AY6,BA6,BC6) -> 240 | BF6: =0.4*BE6 -> 96 | BG6: =SUM(AZ6,BB6,BD6) -> 71 | BI6: =IF(AZ8=0,"",IF(AZ8<AY8*0.4,AW8,"")) | BJ6: =IF(AZ9=0,"",IF(AZ9<AY9*0.4,AW9,"")) | BK6: =IF(AZ10=0,"",IF(AZ10<AY10*0.4,AW10,"")) | BO6: =$BN$1*0.85 -> 714 | BP6: ممتاز
A7: =ادخال1!$H$9 -> اللغة الإنجليزية | B7: =ادخال1!$H$7 -> 3 | C7: =40*B7*0.3 -> 36 | D7: =IFERROR(VLOOKUP(M16,اسماء,7,0),"") -> 36 | E7: =40*B7*0.3 -> 36 | F7: =IFERROR(VLOOKUP(M16,اسماء,18,0),"") -> 0 | G7: =40*B7*0.4 -> 48 | H7: =IFERROR(VLOOKUP(M16,اسماء,29,0),"") -> 0 | I7: =SUM(C7,E7,G7) -> 120 | J7: =0.4*I7 -> 48 | K7: =SUM(D7,F7,H7) -> 36 | M7: الثانية : | N7: =IF(F11=0,"",IF(AND(F5>=E5*0.4,F6>=E6*0.4,F7>=E7*0.4,F8>=E8*0.4,F9>=E9*0.4),LOOKUP(F11,'الصحيفة النهائية'!$BO$15:$BP$19),"ضعيف ويحتاج الى اهتمام في المواد")) | Q7: =ادخال1!$H$9 -> اللغة الإنجليزية | R7: =ادخال1!$H$7 -> 3 | S7: =40*R7*0.3 -> 36 | T7: =IFERROR(VLOOKUP(AC16,اسماء,7,0),"") -> 30 | U7: =40*R7*0.3 -> 36 | V7: =IFERROR(VLOOKUP(AC16,اسماء,18,0),"") -> 0 | W7: =40*R7*0.4 -> 48 | X7: =IFERROR(VLOOKUP(AC16,اسماء,29,0),"") -> 0 | Y7: =SUM(S7,U7,W7) -> 120 | Z7: =0.4*Y7 -> 48 | AA7: =SUM(T7,V7,X7) -> 30 | AC7: الثانية : | AD7: =IF(V11=0,"",IF(AND(V5>=U5*0.4,V6>=U6*0.4,V7>=U7*0.4,V8>=U8*0.4,V9>=U9*0.4),LOOKUP(V11,'الصحيفة النهائية'!$BO$15:$BP$19),"ضعيف ويحتاج الى اهتمام في المواد")) | AG7: =ادخال1!$H$9 -> اللغة الإنجليزية | AH7: =ادخال1!$H$7 -> 3 | AI7: =40*AH7*0.3 -> 36 | AJ7: =IFERROR(VLOOKUP(AS16,اسماء,7,0),"") -> 36 | AK7: =40*AH7*0.3 -> 36 | AL7: =IFERROR(VLOOKUP(AS16,اسماء,18,0),"") -> 0 | AM7: =40*AH7*0.4 -> 48 | AN7: =IFERROR(VLOOKUP(AS16,اسماء,29,0),"") -> 0 | AO7: =SUM(AI7,AK7,AM7) -> 120 | AP7: =0.4*AO7 -> 48 | AQ7: =SUM(AJ7,AL7,AN7) -> 36 | AS7: الثانية : | AT7: =IF(AL11=0,"",IF(AND(AL5>=AK5*0.4,AL6>=AK6*0.4,AL7>=AK7*0.4,AL8>=AK8*0.4,AL9>=AK9*0.4),LOOKUP(AL11,'الصحيفة النهائية'!$BO$15:$BP$19),"ضعيف ويحتاج الى اهتمام في المواد")) | AW7: =ادخال1!$H$9 -> اللغة الإنجليزية | AX7: =ادخال1!$H$7 -> 3 | AY7: =40*AX7*0.3 -> 36 | AZ7: =IFERROR(VLOOKUP(BI16,اسماء,7,0),"") -> 35 | BA7: =40*AX7*0.3 -> 36 | BB7: =IFERROR(VLOOKUP(BI16,اسماء,18,0),"") -> 0 | BC7: =40*AX7*0.4 -> 48 | BD7: =IFERROR(VLOOKUP(BI16,اسماء,29,0),"") -> 0 | BE7: =SUM(AY7,BA7,BC7) -> 120 | BF7: =0.4*BE7 -> 48 | BG7: =SUM(AZ7,BB7,BD7) -> 35 | BI7: الثانية : | BJ7: =IF(BB11=0,"",IF(AND(BB5>=BA5*0.4,BB6>=BA6*0.4,BB7>=BA7*0.4,BB8>=BA8*0.4,BB9>=BA9*0.4),LOOKUP(BB11,'الصحيفة النهائية'!$BO$15:$BP$19),"ضعيف ويحتاج الى اهتمام في المواد"))
A8: =ادخال1!$I$9 -> الحاسوب | B8: =ادخال1!$I$7 -> 1 | C8: =40*B8*0.3 -> 12 | D8: =IFERROR(VLOOKUP(M16,اسماء,8,0),"") -> 12 | E8: =40*B8*0.3 -> 12 | F8: =IFERROR(VLOOKUP(M16,اسماء,19,0),"") -> 0 | G8: =40*B8*0.4 -> 16 | H8: =IFERROR(VLOOKUP(M16,اسماء,30,0),"") -> 0 | I8: =SUM(C8,E8,G8) -> 40 | J8: =0.4*I8 -> 16 | K8: =SUM(D8,F8,H8) -> 12 | M8: =IF(F5=0,"",IF(F5<E5*0.4,A5,"")) | N8: =IF(F6=0,"",IF(F6<E6*0.4,A6,"")) | O8: =IF(F7=0,"",IF(F7<E7*0.4,A7,"")) | Q8: =ادخال1!$I$9 -> الحاسوب | R8: =ادخال1!$I$7 -> 1 | S8: =40*R8*0.3 -> 12 | T8: =IFERROR(VLOOKUP(AC16,اسماء,8,0),"") -> 12 | U8: =40*R8*0.3 -> 12 | V8: =IFERROR(VLOOKUP(AC16,اسماء,19,0),"") -> 0 | W8: =40*R8*0.4 -> 16 | X8: =IFERROR(VLOOKUP(AC16,اسماء,30,0),"") -> 0 | Y8: =SUM(S8,U8,W8) -> 40 | Z8: =0.4*Y8 -> 16 | AA8: =SUM(T8,V8,X8) -> 12 | AC8: =IF(V5=0,"",IF(V5<U5*0.4,Q5,"")) | AD8: =IF(V6=0,"",IF(V6<U6*0.4,Q6,"")) | AE8: =IF(V7=0,"",IF(V7<U7*0.4,Q7,"")) | AG8: =ادخال1!$I$9 -> الحاسوب | AH8: =ادخال1!$I$7 -> 1 | AI8: =40*AH8*0.3 -> 12 | AJ8: =IFERROR(VLOOKUP(AS16,اسماء,8,0),"") -> 12 | AK8: =40*AH8*0.3 -> 12 | AL8: =IFERROR(VLOOKUP(AS16,اسماء,19,0),"") -> 0 | AM8: =40*AH8*0.4 -> 16 | AN8: =IFERROR(VLOOKUP(AS16,اسماء,30,0),"") -> 0 | AO8: =SUM(AI8,AK8,AM8) -> 40 | AP8: =0.4*AO8 -> 16 | AQ8: =SUM(AJ8,AL8,AN8) -> 12 | AS8: =IF(AL5=0,"",IF(AL5<AK5*0.4,AG5,"")) | AT8: =IF(AL6=0,"",IF(AL6<AK6*0.4,AG6,"")) | AU8: =IF(AL7=0,"",IF(AL7<AK7*0.4,AG7,"")) | AW8: =ادخال1!$I$9 -> الحاسوب | AX8: =ادخال1!$I$7 -> 1 | AY8: =40*AX8*0.3 -> 12 | AZ8: =IFERROR(VLOOKUP(BI16,اسماء,8,0),"") -> 12 | BA8: =40*AX8*0.3 -> 12 | BB8: =IFERROR(VLOOKUP(BI16,اسماء,19,0),"") -> 0 | BC8: =40*AX8*0.4 -> 16 | BD8: =IFERROR(VLOOKUP(BI16,اسماء,30,0),"") -> 0 | BE8: =SUM(AY8,BA8,BC8) -> 40 | BF8: =0.4*BE8 -> 16 | BG8: =SUM(AZ8,BB8,BD8) -> 12 | BI8: =IF(BB5=0,"",IF(BB5<BA5*0.4,AW5,"")) | BJ8: =IF(BB6=0,"",IF(BB6<BA6*0.4,AW6,"")) | BK8: =IF(BB7=0,"",IF(BB7<BA7*0.4,AW7,"")) | BO8: 0 | BP8: ضعيف
A9: =ادخال1!$J$9 -> الرياضيات | B9: =ادخال1!$J$7 -> 5 | C9: =40*B9*0.3 -> 60 | D9: =IFERROR(VLOOKUP(M16,اسماء,9,0),"") -> 59 | E9: =40*B9*0.3 -> 60 | F9: =IFERROR(VLOOKUP(M16,اسماء,20,0),"") -> 0 | G9: =40*B9*0.4 -> 80 | H9: =IFERROR(VLOOKUP(M16,اسماء,31,0),"") -> 0 | I9: =SUM(C9,E9,G9) -> 200 | J9: =0.4*I9 -> 80 | K9: =SUM(D9,F9,H9) -> 59 | M9: =IF(F8=0,"",IF(F8<E8*0.4,A8,"")) | N9: =IF(F9=0,"",IF(F9<E9*0.4,A9,"")) | O9: =IF(F10=0,"",IF(F10<E10*0.4,A10,"")) | Q9: =ادخال1!$J$9 -> الرياضيات | R9: =ادخال1!$J$7 -> 5 | S9: =40*R9*0.3 -> 60 | T9: =IFERROR(VLOOKUP(AC16,اسماء,9,0),"") -> 59 | U9: =40*R9*0.3 -> 60 | V9: =IFERROR(VLOOKUP(AC16,اسماء,20,0),"") -> 0 | W9: =40*R9*0.4 -> 80 | X9: =IFERROR(VLOOKUP(AC16,اسماء,31,0),"") -> 0 | Y9: =SUM(S9,U9,W9) -> 200 | Z9: =0.4*Y9 -> 80 | AA9: =SUM(T9,V9,X9) -> 59 | AC9: =IF(V8=0,"",IF(V8<U8*0.4,Q8,"")) | AD9: =IF(V9=0,"",IF(V9<U9*0.4,Q9,"")) | AE9: =IF(V10=0,"",IF(V10<U10*0.4,Q10,"")) | AG9: =ادخال1!$J$9 -> الرياضيات | AH9: =ادخال1!$J$7 -> 5 | AI9: =40*AH9*0.3 -> 60 | AJ9: =IFERROR(VLOOKUP(AS16,اسماء,9,0),"") -> 60 | AK9: =40*AH9*0.3 -> 60 | AL9: =IFERROR(VLOOKUP(AS16,اسماء,20,0),"") -> 0 | AM9: =40*AH9*0.4 -> 80 | AN9: =IFERROR(VLOOKUP(AS16,اسماء,31,0),"") -> 0 | AO9: =SUM(AI9,AK9,AM9) -> 200 | AP9: =0.4*AO9 -> 80 | AQ9: =SUM(AJ9,AL9,AN9) -> 60 | AS9: =IF(AL8=0,"",IF(AL8<AK8*0.4,AG8,"")) | AT9: =IF(AL9=0,"",IF(AL9<AK9*0.4,AG9,"")) | AU9: =IF(AL10=0,"",IF(AL10<AK10*0.4,AG10,"")) | AW9: =ادخال1!$J$9 -> الرياضيات | AX9: =ادخال1!$J$7 -> 5 | AY9: =40*AX9*0.3 -> 60 | AZ9: =IFERROR(VLOOKUP(BI16,اسماء,9,0),"") -> 60 | BA9: =40*AX9*0.3 -> 60 | BB9: =IFERROR(VLOOKUP(BI16,اسماء,20,0),"") -> 0 | BC9: =40*AX9*0.4 -> 80 | BD9: =IFERROR(VLOOKUP(BI16,اسماء,31,0),"") -> 0 | BE9: =SUM(AY9,BA9,BC9) -> 200 | BF9: =0.4*BE9 -> 80 | BG9: =SUM(AZ9,BB9,BD9) -> 60 | BI9: =IF(BB8=0,"",IF(BB8<BA8*0.4,AW8,"")) | BJ9: =IF(BB9=0,"",IF(BB9<BA9*0.4,AW9,"")) | BK9: =IF(BB10=0,"",IF(BB10<BA10*0.4,AW10,"")) | BO9: =BN3*0.5 -> 168 | BP9: مقبول
A10: =ادخال1!$K$9 -> العلوم | B10: =ادخال1!$K$7 -> 3 | C10: =40*B10*0.3 -> 36 | D10: =IFERROR(VLOOKUP(M16,اسماء,10,0),"") -> 36 | E10: =40*B10*0.3 -> 36 | F10: =IFERROR(VLOOKUP(M16,اسماء,21,0),"") -> 0 | G10: =40*B10*0.4 -> 48 | H10: =IFERROR(VLOOKUP(M16,اسماء,32,0),"") -> 0 | I10: =SUM(C10,E10,G10) -> 120 | J10: =0.4*I10 -> 48 | K10: =SUM(D10,F10,H10) -> 36 | M10: =IF(F9=0,"",IF(F9<E9*0.4,A9,"")) | N10: =IF(F10=0,"",IF(F10<E10*0.4,A10,"")) | Q10: =ادخال1!$K$9 -> العلوم | R10: =ادخال1!$K$7 -> 3 | S10: =40*R10*0.3 -> 36 | T10: =IFERROR(VLOOKUP(AC16,اسماء,10,0),"") -> 36 | U10: =40*R10*0.3 -> 36 | V10: =IFERROR(VLOOKUP(AC16,اسماء,21,0),"") -> 0 | W10: =40*R10*0.4 -> 48 | X10: =IFERROR(VLOOKUP(AC16,اسماء,32,0),"") -> 0 | Y10: =SUM(S10,U10,W10) -> 120 | Z10: =0.4*Y10 -> 48 | AA10: =SUM(T10,V10,X10) -> 36 | AC10: =IF(V9=0,"",IF(V9<U9*0.4,Q9,"")) | AD10: =IF(V10=0,"",IF(V10<U10*0.4,Q10,"")) | AG10: =ادخال1!$K$9 -> العلوم | AH10: =ادخال1!$K$7 -> 3 | AI10: =40*AH10*0.3 -> 36 | AJ10: =IFERROR(VLOOKUP(AS16,اسماء,10,0),"") -> 36 | AK10: =40*AH10*0.3 -> 36 | AL10: =IFERROR(VLOOKUP(AS16,اسماء,21,0),"") -> 0 | AM10: =40*AH10*0.4 -> 48 | AN10: =IFERROR(VLOOKUP(AS16,اسماء,32,0),"") -> 0 | AO10: =SUM(AI10,AK10,AM10) -> 120 | AP10: =0.4*AO10 -> 48 | AQ10: =SUM(AJ10,AL10,AN10) -> 36 | AS10: =IF(AL9=0,"",IF(AL9<AK9*0.4,AG9,"")) | AT10: =IF(AL10=0,"",IF(AL10<AK10*0.4,AG10,"")) | AW10: =ادخال1!$K$9 -> العلوم | AX10: =ادخال1!$K$7 -> 3 | AY10: =40*AX10*0.3 -> 36 | AZ10: =IFERROR(VLOOKUP(BI16,اسماء,10,0),"") -> 36 | BA10: =40*AX10*0.3 -> 36 | BB10: =IFERROR(VLOOKUP(BI16,اسماء,21,0),"") -> 0 | BC10: =40*AX10*0.4 -> 48 | BD10: =IFERROR(VLOOKUP(BI16,اسماء,32,0),"") -> 0 | BE10: =SUM(AY10,BA10,BC10) -> 120 | BF10: =0.4*BE10 -> 48 | BG10: =SUM(AZ10,BB10,BD10) -> 36 | BI10: =IF(BB9=0,"",IF(BB9<BA9*0.4,AW9,"")) | BJ10: =IF(BB10=0,"",IF(BB10<BA10*0.4,AW10,"")) | BO10: =BN4*0.5 -> 0 | BP10: مقبول
A11: المجموع العـام | C11: =SUM(C5:C9) -> 216 | D11: =SUM(D5:D10) -> 249 | E11: =SUM(E5:E9) -> 216 | F11: =SUM(F5:F10) -> 0 | G11: =SUM(G5:G9) -> 288 | H11: =SUM(H5:H10) -> 0 | I11: =SUM(I5:I9) -> 720 | K11: =IF(AND(K5>=J5,K6>=J6,K7>=J7,K8>=J8,K9>=J9,K10>=J10),SUM(K5:K10),0) -> 0 | M11: الثالثة: | N11: =IF(H11=0,"",IF(AND(H5>=G5*0.4,H6>=G6*0.4,H7>=G7*0.4,H8>=G8*0.4,H9>=G9*0.4),LOOKUP(H11,'الصحيفة النهائية'!$BO$8:$BP$13),"ضعيف ويحتاج الى اهتمام في المواد")) | Q11: المجموع العـام | S11: =SUM(S5:S9) -> 216 | T11: =SUM(T5:T10) -> 241 | U11: =SUM(U5:U9) -> 216 | V11: =SUM(V5:V10) -> 0 | W11: =SUM(W5:W9) -> 288 | X11: =SUM(X5:X10) -> 0 | Y11: =SUM(Y5:Y9) -> 720 | AA11: =IF(AND(AA5>=Z5,AA6>=Z6,AA7>=Z7,AA8>=Z8,AA9>=Z9,AA10>=Z10),SUM(AA5:AA10),0) -> 0 | AC11: الثالثة: | AD11: =IF(X11=0,"",IF(AND(X5>=W5*0.4,X6>=W6*0.4,X7>=W7*0.4,X8>=W8*0.4,X9>=W9*0.4),LOOKUP(X11,'الصحيفة النهائية'!$BO$8:$BP$13),"ضعيف ويحتاج الى اهتمام في المواد")) | AG11: المجموع العـام | AI11: =SUM(AI5:AI9) -> 216 | AJ11: =SUM(AJ5:AJ10) -> 251 | AK11: =SUM(AK5:AK9) -> 216 | AL11: =SUM(AL5:AL10) -> 0 | AM11: =SUM(AM5:AM9) -> 288 | AN11: =SUM(AN5:AN10) -> 0 | AO11: =SUM(AO5:AO9) -> 720 | AQ11: =IF(AND(AQ5>=AP5,AQ6>=AP6,AQ7>=AP7,AQ8>=AP8,AQ9>=AP9,AQ10>=AP10),SUM(AQ5:AQ10),0) -> 0 | AS11: الثالثة: | AT11: =IF(AN11=0,"",IF(AND(AN5>=AM5*0.4,AN6>=AM6*0.4,AN7>=AM7*0.4,AN8>=AM8*0.4,AN9>=AM9*0.4),LOOKUP(AN11,'الصحيفة النهائية'!$BO$8:$BP$13),"ضعيف ويحتاج الى اهتمام في المواد")) | AW11: المجموع العـام | AY11: =SUM(AY5:AY9) -> 216 | AZ11: =SUM(AZ5:AZ10) -> 250 | BA11: =SUM(BA5:BA9) -> 216 | BB11: =SUM(BB5:BB10) -> 0 | BC11: =SUM(BC5:BC9) -> 288 | BD11: =SUM(BD5:BD10) -> 0 | BE11: =SUM(BE5:BE9) -> 720 | BG11: =IF(AND(BG5>=BF5,BG6>=BF6,BG7>=BF7,BG8>=BF8,BG9>=BF9,BG10>=BF10),SUM(BG5:BG10),0) -> 0 | BI11: الثالثة: | BJ11: =IF(BD11=0,"",IF(AND(BD5>=BC5*0.4,BD6>=BC6*0.4,BD7>=BC7*0.4,BD8>=BC8*0.4,BD9>=BC9*0.4),LOOKUP(BD11,'الصحيفة النهائية'!$BO$8:$BP$13),"ضعيف ويحتاج الى اهتمام في المواد")) | BO11: =BN3*0.65 -> 218.4 | BP11: جيد
A12: الرقم الوطني | C12: =IFERROR(VLOOKUP(M16,اسماء,65,0),"") -> 120171166454 | D12: =IFERROR(VLOOKUP(H19,اسماء,8,0),"") | E12: =IFERROR(VLOOKUP(I19,اسماء,8,0),"") | F12: =IFERROR(VLOOKUP(J19,اسماء,8,0),"") | G12: =IFERROR(VLOOKUP(K19,اسماء,8,0),"") | H12: تقدير النتيجة النهائية | J12: =IF(K11=0,"",IF(AND(K5>=J5*0.4,K6>=J6*0.4,K7>=J7*0.4,K8>=J8*0.4,K9>=J9*0.4,K10>=J10*0.4),LOOKUP(K11,'الصحيفة النهائية'!$BO$2:$BP$6),"ضعيف ويحتاج الى اهتمام في المواد")) | M12: =IF(H5=0,"",IF(H5<G5*0.4,A5,"")) | N12: =IF(H6=0,"",IF(H6<G6*0.4,A6,"")) | O12: =IF(H7=0,"",IF(H7<G7*0.4,A7,"")) | Q12: الرقم الوطني | S12: =IFERROR(VLOOKUP(AC16,اسماء,65,0),"") -> 120171178433 | T12: =IFERROR(VLOOKUP(X19,اسماء,8,0),"") | U12: =IFERROR(VLOOKUP(Y19,اسماء,8,0),"") | V12: =IFERROR(VLOOKUP(Z19,اسماء,8,0),"") | W12: =IFERROR(VLOOKUP(AA19,اسماء,8,0),"") | X12: تقدير النتيجة النهائية | Z12: =IF(AA11=0,"",IF(AND(AA5>=Z5*0.4,AA6>=Z6*0.4,AA7>=Z7*0.4,AA8>=Z8*0.4,AA9>=Z9*0.4,AA10>=Z10*0.4),LOOKUP(AA11,'الصحيفة النهائية'!$BO$2:$BP$6),"ضعيف ويحتاج الى اهتمام في المواد")) | AC12: =IF(X5=0,"",IF(X5<W5*0.4,Q5,"")) | AD12: =IF(X6=0,"",IF(X6<W6*0.4,Q6,"")) | AE12: =IF(X7=0,"",IF(X7<W7*0.4,Q7,"")) | AG12: الرقم الوطني | AI12: =IFERROR(VLOOKUP(AS16,اسماء,65,0),"") -> 220170068259 | AJ12: =IFERROR(VLOOKUP(AN19,اسماء,8,0),"") | AK12: =IFERROR(VLOOKUP(AO19,اسماء,8,0),"") | AL12: =IFERROR(VLOOKUP(AP19,اسماء,8,0),"") | AM12: =IFERROR(VLOOKUP(AQ19,اسماء,8,0),"") | AN12: تقدير النتيجة النهائية | AP12: =IF(AQ11=0,"",IF(AND(AQ5>=AP5*0.4,AQ6>=AP6*0.4,AQ7>=AP7*0.4,AQ8>=AP8*0.4,AQ9>=AP9*0.4,AQ10>=AP10*0.4),LOOKUP(AQ11,'الصحيفة النهائية'!$BO$2:$BP$6),"ضعيف ويحتاج الى اهتمام في المواد")) | AS12: =IF(AN5=0,"",IF(AN5<AM5*0.4,AG5,"")) | AT12: =IF(AN6=0,"",IF(AN6<AM6*0.4,AG6,"")) | AU12: =IF(AN7=0,"",IF(AN7<AM7*0.4,AG7,"")) | AW12: الرقم الوطني | AY12: =IFERROR(VLOOKUP(BI16,اسماء,65,0),"") -> 220171103360 | AZ12: =IFERROR(VLOOKUP(BD19,اسماء,8,0),"") | BA12: =IFERROR(VLOOKUP(BE19,اسماء,8,0),"") | BB12: =IFERROR(VLOOKUP(BF19,اسماء,8,0),"") | BC12: =IFERROR(VLOOKUP(BG19,اسماء,8,0),"") | BD12: تقدير النتيجة النهائية | BF12: =IF(BG11=0,"",IF(AND(BG5>=BF5*0.4,BG6>=BF6*0.4,BG7>=BF7*0.4,BG8>=BF8*0.4,BG9>=BF9*0.4,BG10>=BF10*0.4),LOOKUP(BG11,'الصحيفة النهائية'!$BO$2:$BP$6),"ضعيف ويحتاج الى اهتمام في المواد")) | BI12: =IF(BD5=0,"",IF(BD5<BC5*0.4,AW5,"")) | BJ12: =IF(BD6=0,"",IF(BD6<BC6*0.4,AW6,"")) | BK12: =IF(BD7=0,"",IF(BD7<BC7*0.4,AW7,"")) | BO12: =BN3*0.75 -> 252 | BP12: جيدجداً
A13: =ادخال1!$M$8 -> التربية الفنية | B13: =ادخال1!$M$7 -> 1 | C13: =IFERROR(VLOOKUP(M16,اسماء,12,0),"") -> جيد جداً | E13: =IFERROR(VLOOKUP(M16,اسماء,13,0),"") -> جيد جداً | G13: =IFERROR(VLOOKUP(M16,اسماء,14,0),"") -> 0 | M13: =IF(H8=0,"",IF(H8<G8*0.4,A8,"")) | N13: =IF(H9=0,"",IF(H9<G9*0.4,A9,"")) | Q13: =ادخال1!$M$8 -> التربية الفنية | R13: =ادخال1!$M$7 -> 1 | S13: =IFERROR(VLOOKUP(AC16,اسماء,12,0),"") -> جيد جداً | U13: =IFERROR(VLOOKUP(AC16,اسماء,13,0),"") -> جيد جداً | W13: =IFERROR(VLOOKUP(AC16,اسماء,14,0),"") -> 0 | AC13: =IF(X8=0,"",IF(X8<W8*0.4,Q8,"")) | AD13: =IF(X9=0,"",IF(X9<W9*0.4,Q9,"")) | AG13: =ادخال1!$M$8 -> التربية الفنية | AH13: =ادخال1!$M$7 -> 1 | AI13: =IFERROR(VLOOKUP(AS16,اسماء,12,0),"") -> جيد جداً | AK13: =IFERROR(VLOOKUP(AS16,اسماء,13,0),"") -> جيد جداً | AM13: =IFERROR(VLOOKUP(AS16,اسماء,14,0),"") -> 0 | AS13: =IF(AN8=0,"",IF(AN8<AM8*0.4,AG8,"")) | AT13: =IF(AN9=0,"",IF(AN9<AM9*0.4,AG9,"")) | AW13: =ادخال1!$M$8 -> التربية الفنية | AX13: =ادخال1!$M$7 -> 1 | AY13: =IFERROR(VLOOKUP(BI16,اسماء,12,0),"") -> جيد جداً | BA13: =IFERROR(VLOOKUP(BI16,اسماء,13,0),"") -> جيد جداً | BC13: =IFERROR(VLOOKUP(BI16,اسماء,14,0),"") -> 0 | BI13: =IF(BD8=0,"",IF(BD8<BC8*0.4,AW8,"")) | BJ13: =IF(BD9=0,"",IF(BD9<BC9*0.4,AW9,"")) | BO13: =BN3*0.85 -> 285.6 | BP13: ممتاز
A14: =ادخال1!$N$8 -> التربية البدنية | B14: =ادخال1!$N$7 -> 2 | C14: =IFERROR(VLOOKUP(M16,اسماء,23,0),"") -> 0 | E14: =IFERROR(VLOOKUP(M16,اسماء,24,0),"") -> 0 | G14: =IFERROR(VLOOKUP(M16,اسماء,25,0),"") -> 0 | Q14: =ادخال1!$N$8 -> التربية البدنية | R14: =ادخال1!$N$7 -> 2 | S14: =IFERROR(VLOOKUP(AC16,اسماء,23,0),"") -> 0 | U14: =IFERROR(VLOOKUP(AC16,اسماء,24,0),"") -> 0 | W14: =IFERROR(VLOOKUP(AC16,اسماء,25,0),"") -> 0 | AG14: =ادخال1!$N$8 -> التربية البدنية | AH14: =ادخال1!$N$7 -> 2 | AI14: =IFERROR(VLOOKUP(AS16,اسماء,23,0),"") -> 0 | AK14: =IFERROR(VLOOKUP(AS16,اسماء,24,0),"") -> 0 | AM14: =IFERROR(VLOOKUP(AS16,اسماء,25,0),"") -> 0 | AW14: =ادخال1!$N$8 -> التربية البدنية | AX14: =ادخال1!$N$7 -> 2 | AY14: =IFERROR(VLOOKUP(BI16,اسماء,23,0),"") -> 0 | BA14: =IFERROR(VLOOKUP(BI16,اسماء,24,0),"") -> 0 | BC14: =IFERROR(VLOOKUP(BI16,اسماء,25,0),"") -> 0
A15: =ادخال1!$O$8 -> مكتبة | B15: =ادخال1!O7 -> 1 | C15: =IFERROR(VLOOKUP(M16,اسماء,34,0),"") -> 0 | E15: =IFERROR(VLOOKUP(M16,اسماء,35,0),"") -> 0 | G15: =IFERROR(VLOOKUP(M16,اسماء,36,0),"") -> 0 | I15: النتيجة النهائية | M15: بناء على الدرجات المبينة فى هذه البطاقة يعد التلميذ : | Q15: =ادخال1!$O$8 -> مكتبة | R15: =ادخال1!AE7 -> 1 | S15: =IFERROR(VLOOKUP(AC16,اسماء,34,0),"") -> 0 | U15: =IFERROR(VLOOKUP(AC16,اسماء,35,0),"") -> 0 | W15: =IFERROR(VLOOKUP(AC16,اسماء,36,0),"") -> 0 | Y15: النتيجة النهائية | AC15: بناء على الدرجات المبينة فى هذه البطاقة يعد التلميذ : | AG15: =ادخال1!$O$8 -> مكتبة | AH15: =ادخال1!AU7 -> 0 | AI15: =IFERROR(VLOOKUP(AS16,اسماء,34,0),"") -> 0 | AK15: =IFERROR(VLOOKUP(AS16,اسماء,35,0),"") -> 0 | AM15: =IFERROR(VLOOKUP(AS16,اسماء,36,0),"") -> 0 | AO15: النتيجة النهائية | AS15: بناء على الدرجات المبينة فى هذه البطاقة يعد التلميذ : | AW15: =ادخال1!$O$8 -> مكتبة | AX15: =ادخال1!BK7 -> 0 | AY15: =IFERROR(VLOOKUP(BI16,اسماء,34,0),"") -> 0 | BA15: =IFERROR(VLOOKUP(BI16,اسماء,35,0),"") -> 0 | BC15: =IFERROR(VLOOKUP(BI16,اسماء,36,0),"") -> 0 | BE15: النتيجة النهائية | BI15: بناء على الدرجات المبينة فى هذه البطاقة يعد التلميذ : | BO15: 0 | BP15: ضعيف
A16: الســــــلوك | C16: =IFERROR(VLOOKUP(M16,اسماء,37,0),"") -> 0 | E16: =IFERROR(VLOOKUP(M16,اسماء,38,0),"") -> 0 | G16: =IFERROR(VLOOKUP(M16,اسماء,39,0),"") -> 0 | I16: =IFERROR(VLOOKUP(M16,اسماء,42,0),"") -> 0 | M16: =INDEX(عمود2,MATCH(O1,عمود1)) -> امجد عمر عبداللطيف سلطان | Q16: الســــــلوك | S16: =IFERROR(VLOOKUP(AC16,اسماء,37,0),"") -> 0 | U16: =IFERROR(VLOOKUP(AC16,اسماء,38,0),"") -> 0 | W16: =IFERROR(VLOOKUP(AC16,اسماء,39,0),"") -> 0 | Y16: =IFERROR(VLOOKUP(AC16,اسماء,42,0),"") -> 0 | AC16: =INDEX(عمود2,MATCH(AE1,عمود1)) -> عبد العاطى احمد محمود محمد | AG16: الســــــلوك | AI16: =IFERROR(VLOOKUP(AS16,اسماء,37,0),"") -> 0 | AK16: =IFERROR(VLOOKUP(AS16,اسماء,38,0),"") -> 0 | AM16: =IFERROR(VLOOKUP(AS16,اسماء,39,0),"") -> 0 | AO16: =IFERROR(VLOOKUP(AS16,اسماء,42,0),"") -> 0 | AS16: =INDEX(عمود2,MATCH(AU1,عمود1)) -> مريم سامى محمد النفاتى | AW16: الســــــلوك | AY16: =IFERROR(VLOOKUP(BI16,اسماء,37,0),"") -> 0 | BA16: =IFERROR(VLOOKUP(BI16,اسماء,38,0),"") -> 0 | BC16: =IFERROR(VLOOKUP(BI16,اسماء,39,0),"") -> 0 | BE16: =IFERROR(VLOOKUP(BI16,اسماء,42,0),"") -> 0 | BI16: =INDEX(عمود2,MATCH(BK1,عمود1)) -> ريم احمد ابوبكر النفاتى | BO16: =BN2*0.5 -> 126 | BP16: مقبول
A17: غياب مشروع | C17: =IFERROR(VLOOKUP(M16,اسماء,40,0),"") -> 0 | E17: =IFERROR(VLOOKUP(M16,اسماء,42,0),"") -> 0 | G17: =IFERROR(VLOOKUP(M16,اسماء,44,0),"") -> 0 | M17: =IF(I16="غائب","يبقى سنة اخرى في الصف",IF(K11>0,"ناجحاً ومنقولاً الى الصف ","يرحل الى الصف")) -> يرحل الى الصف | Q17: غياب مشروع | S17: =IFERROR(VLOOKUP(AC16,اسماء,40,0),"") -> 0 | U17: =IFERROR(VLOOKUP(AC16,اسماء,42,0),"") -> 0 | W17: =IFERROR(VLOOKUP(AC16,اسماء,44,0),"") -> 0 | AC17: =IF(Y16="غائب","يبقى سنة اخرى في الصف",IF(AA11>0,"ناجحاً ومنقولاً الى الصف ","يرحل الى الصف")) -> يرحل الى الصف | AG17: غياب مشروع | AI17: =IFERROR(VLOOKUP(AS16,اسماء,40,0),"") -> 0 | AK17: =IFERROR(VLOOKUP(AS16,اسماء,42,0),"") -> 0 | AM17: =IFERROR(VLOOKUP(AS16,اسماء,44,0),"") -> 0 | AS17: =IF(AO16="غائب","يبقى سنة اخرى في الصف",IF(AQ11>0,"ناجحاً ومنقولاً الى الصف ","يرحل الى الصف")) -> يرحل الى الصف | AW17: غياب مشروع | AY17: =IFERROR(VLOOKUP(BI16,اسماء,40,0),"") -> 0 | BA17: =IFERROR(VLOOKUP(BI16,اسماء,42,0),"") -> 0 | BC17: =IFERROR(VLOOKUP(BI16,اسماء,44,0),"") -> 0 | BI17: =IF(BE16="غائب","يبقى سنة اخرى في الصف",IF(BG11>0,"ناجحاً ومنقولاً الى الصف ","يرحل الى الصف")) -> يرحل الى الصف | BO17: =BN2*0.65 -> 163.8 | BP17: جيد
A18: غياب غير مشروع | C18: =IFERROR(VLOOKUP(M16,اسماء,41,0),"") -> 0 | E18: =IFERROR(VLOOKUP(M16,اسماء,43,0),"") -> 0 | G18: =IFERROR(VLOOKUP(M16,اسماء,45,0),"") -> 0 | M18: =IF(I16="غائب",D1,IF(D1="الأول","الثاني",IF(D1="الثاني","الثالث",IF(D1="الثالث","الرابع",IF(D1="الرابع","الخامس",IF(D1="الخامس","السادس")))))) -> الرابع | Q18: غياب غير مشروع | S18: =IFERROR(VLOOKUP(AC16,اسماء,41,0),"") -> 0 | U18: =IFERROR(VLOOKUP(AC16,اسماء,43,0),"") -> 0 | W18: =IFERROR(VLOOKUP(AC16,اسماء,45,0),"") -> 0 | AC18: =IF(Y16="غائب",T1,IF(T1="الأول","الثاني",IF(T1="الثاني","الثالث",IF(T1="الثالث","الرابع",IF(T1="الرابع","الخامس",IF(T1="الخامس","السادس")))))) -> الرابع | AG18: غياب غير مشروع | AI18: =IFERROR(VLOOKUP(AS16,اسماء,41,0),"") -> 0 | AK18: =IFERROR(VLOOKUP(AS16,اسماء,43,0),"") -> 0 | AM18: =IFERROR(VLOOKUP(AS16,اسماء,45,0),"") -> 0 | AS18: =IF(AO16="غائب",AJ1,IF(AJ1="الأول","الثاني",IF(AJ1="الثاني","الثالث",IF(AJ1="الثالث","الرابع",IF(AJ1="الرابع","الخامس",IF(AJ1="الخامس","السادس")))))) -> الرابع | AW18: غياب غير مشروع | AY18: =IFERROR(VLOOKUP(BI16,اسماء,41,0),"") -> 0 | BA18: =IFERROR(VLOOKUP(BI16,اسماء,43,0),"") -> 0 | BC18: =IFERROR(VLOOKUP(BI16,اسماء,45,0),"") -> 0 | BI18: =IF(BE16="غائب",AZ1,IF(AZ1="الأول","الثاني",IF(AZ1="الثاني","الثالث",IF(AZ1="الثالث","الرابع",IF(AZ1="الرابع","الخامس",IF(AZ1="الخامس","السادس")))))) -> الرابع | BO18: =BN2*0.75 -> 189 | BP18: جيدجداً
BO19: =BN2*0.85 -> 214.2 | BP19: ممتاز
A20: التوقيعــــات | B20: الفترة الاولى | D20: الفترة الثانية | G20: الفترة الثالثة | I20: اعتماد النتيجة النهائيـــة للتلميــذ | Q20: التوقيعــــات | R20: الفترة الاولى | T20: الفترة الثانية | W20: الفترة الثالثة | Y20: اعتماد النتيجة النهائيـــة للتلميــذ | AG20: التوقيعــــات | AH20: الفترة الاولى | AJ20: الفترة الثانية | AM20: الفترة الثالثة | AO20: اعتماد النتيجة النهائيـــة للتلميــذ | AW20: التوقيعــــات | AX20: الفترة الاولى | AZ20: الفترة الثانية | BC20: الفترة الثالثة | BE20: اعتماد النتيجة النهائيـــة للتلميــذ
A21: رائد الفصل | I21: مدير المدرسة/ | K21: =ادخال1!$BJ$5 -> د. عبدالرحمن خليفة العريبي | Q21: رائد الفصل | Y21: مدير المدرسة/ | AA21: =ادخال1!$BJ$5 -> د. عبدالرحمن خليفة العريبي | AG21: رائد الفصل | AO21: مدير المدرسة/ | AQ21: =ادخال1!$BJ$5 -> د. عبدالرحمن خليفة العريبي | AW21: رائد الفصل | BE21: مدير المدرسة/ | BG21: =ادخال1!$BJ$5 -> د. عبدالرحمن خليفة العريبي
A22: مدير المدرسة | I22: التاريخ | M22: =TODAY() -> 46009 | Q22: مدير المدرسة | Y22: التاريخ | AC22: =TODAY() -> 46009 | AG22: مدير المدرسة | AO22: التاريخ | AS22: =TODAY() -> 46009 | AW22: مدير المدرسة | BE22: التاريخ | BI22: =TODAY() -> 46009
A23: ولى الامر | I23: الختـــم | Q23: ولى الامر | Y23: الختـــم | AG23: ولى الامر | AO23: الختـــم | AW23: ولى الامر | BE23: الختـــم
A25: ملاحظات هامــة : | I25: توجيهات الى أولياء الآمــــور : | Q25: ملاحظات هامــة : | Y25: توجيهات الى أولياء الآمــــور : | AG25: ملاحظات هامــة : | AO25: توجيهات الى أولياء الآمــــور : | AW25: ملاحظات هامــة : | BE25: توجيهات الى أولياء الآمــــور :
A26: 1- تحسب درجـــــات كل فترة عن طريق الاختبارات التحريرية والشفهية والمتابعة اليومية ويخصص للفترة الاولى 30 % وللفترة الثانيــة 30 % وللفترة الثالثــة 40 % من درجة النهائية الكبرى للمادة . | I26: لما كان توثيق الصلة بين المدرسة والمنزل أمراً ضرورياً لتؤدي المدرسة رسالتها على الوجه الأكمل فـــــى تنميــة قدرات أبنائنا وترشيد سلوكهم واستثمار طاقاتهم لـــــذا يطلب من الأخوة أولياء الأمور الاستجابة للتوجيهات التالية : | Q26: 1- تحسب درجـــــات كل فترة عن طريق الاختبارات التحريرية والشفهية والمتابعة اليومية ويخصص للفترة الاولى 30 % وللفترة الثانيــة 30 % وللفترة الثالثــة 40 % من درجة النهائية الكبرى للمادة . | Y26: لما كان توثيق الصلة بين المدرسة والمنزل أمراً ضرورياً لتؤدي المدرسة رسالتها على الوجه الأكمل فـــــى تنميــة قدرات أبنائنا وترشيد سلوكهم واستثمار طاقاتهم لـــــذا يطلب من الأخوة أولياء الأمور الاستجابة للتوجيهات التالية : | AG26: 1- تحسب درجـــــات كل فترة عن طريق الاختبارات التحريرية والشفهية والمتابعة اليومية ويخصص للفترة الاولى 30 % وللفترة الثانيــة 30 % وللفترة الثالثــة 40 % من درجة النهائية الكبرى للمادة . | AO26: لما كان توثيق الصلة بين المدرسة والمنزل أمراً ضرورياً لتؤدي المدرسة رسالتها على الوجه الأكمل فـــــى تنميــة قدرات أبنائنا وترشيد سلوكهم واستثمار طاقاتهم لـــــذا يطلب من الأخوة أولياء الأمور الاستجابة للتوجيهات التالية : | AW26: 1- تحسب درجـــــات كل فترة عن طريق الاختبارات التحريرية والشفهية والمتابعة اليومية ويخصص للفترة الاولى 30 % وللفترة الثانيــة 30 % وللفترة الثالثــة 40 % من درجة النهائية الكبرى للمادة . | BE26: لما كان توثيق الصلة بين المدرسة والمنزل أمراً ضرورياً لتؤدي المدرسة رسالتها على الوجه الأكمل فـــــى تنميــة قدرات أبنائنا وترشيد سلوكهم واستثمار طاقاتهم لـــــذا يطلب من الأخوة أولياء الأمور الاستجابة للتوجيهات التالية :
A30: 2- يشتراط لنجاح التلميذ الحصول على النهاية الصغري المقررة لكل مادة على الاقل. | Q30: 2- يشتراط لنجاح التلميذ الحصول على النهاية الصغري المقررة لكل مادة على الاقل. | AG30: 2- يشتراط لنجاح التلميذ الحصول على النهاية الصغري المقررة لكل مادة على الاقل. | AW30: 2- يشتراط لنجاح التلميذ الحصول على النهاية الصغري المقررة لكل مادة على الاقل.
I31: 1- تنظيم أوقات ابنائهم خارج المدرسة ومتابعة واجباتهم اليومية . | Y31: 1- تنظيم أوقات ابنائهم خارج المدرسة ومتابعة واجباتهم اليومية . | AO31: 1- تنظيم أوقات ابنائهم خارج المدرسة ومتابعة واجباتهم اليومية . | BE31: 1- تنظيم أوقات ابنائهم خارج المدرسة ومتابعة واجباتهم اليومية .
I32: 2- الحضور للمدرسة من وقت لآخر والاستفسار عن سلوك أبنائهم ومستواهم التحصيلي ،ودراسة ما قد يعترضهم من مشكلات. | Y32: 2- الحضور للمدرسة من وقت لآخر والاستفسار عن سلوك أبنائهم ومستواهم التحصيلي ،ودراسة ما قد يعترضهم من مشكلات. | AO32: 2- الحضور للمدرسة من وقت لآخر والاستفسار عن سلوك أبنائهم ومستواهم التحصيلي ،ودراسة ما قد يعترضهم من مشكلات. | BE32: 2- الحضور للمدرسة من وقت لآخر والاستفسار عن سلوك أبنائهم ومستواهم التحصيلي ،ودراسة ما قد يعترضهم من مشكلات.
B34: تنبيه:- | I34: 3- إفادة المدرسة بأسباب الغياب أولاً بأول. | R34: تنبيه:- | Y34: 3- إفادة المدرسة بأسباب الغياب أولاً بأول. | AH34: تنبيه:- | AO34: 3- إفادة المدرسة بأسباب الغياب أولاً بأول. | AX34: تنبيه:- | BE34: 3- إفادة المدرسة بأسباب الغياب أولاً بأول.
B35: يجب إعطاء هذه البطاقة للتلميذ فى نهاية كل فترة | I35: 4- الإسراع عند مرض التلميذ لعرضه على الطبيب المختص والالتزام بتعليمات. | R35: يجب إعطاء هذه البطاقة للتلميذ فى نهاية كل فترة | Y35: 4- الإسراع عند مرض التلميذ لعرضه على الطبيب المختص والالتزام بتعليمات. | AH35: يجب إعطاء هذه البطاقة للتلميذ فى نهاية كل فترة | AO35: 4- الإسراع عند مرض التلميذ لعرضه على الطبيب المختص والالتزام بتعليمات. | AX35: يجب إعطاء هذه البطاقة للتلميذ فى نهاية كل فترة | BE35: 4- الإسراع عند مرض التلميذ لعرضه على الطبيب المختص والالتزام بتعليمات.
B36: كل كشط أو تغيير في هذه البطاقة يلغيها. | R36: كل كشط أو تغيير في هذه البطاقة يلغيها. | AH36: كل كشط أو تغيير في هذه البطاقة يلغيها. | AX36: كل كشط أو تغيير في هذه البطاقة يلغيها.
I37: 5- تشجيع الابناء على المشاركة فى النشاط المدرسي لانه متمم للعملية التعليمية. | Y37: 5- تشجيع الابناء على المشاركة فى النشاط المدرسي لانه متمم للعملية التعليمية. | AO37: 5- تشجيع الابناء على المشاركة فى النشاط المدرسي لانه متمم للعملية التعليمية. | BE37: 5- تشجيع الابناء على المشاركة فى النشاط المدرسي لانه متمم للعملية التعليمية.
A41: بطاقة تقدير الدرجات للصــــف | D41: =ادخال1!$L$4 -> الثالث | F41: من التعليم الأساسي | O41: =O1+1 -> 2 | Q41: بطاقة تقدير الدرجات للصــــف | T41: =ادخال1!$L$4 -> الثالث | V41: من التعليم الأساسي | AE41: =AE1+1 -> 7 | AG41: بطاقة تقدير الدرجات للصــــف | AJ41: =ادخال1!$L$4 -> الثالث | AL41: من التعليم الأساسي | AU41: =AU1+1 -> 12 | AW41: بطاقة تقدير الدرجات للصــــف | AZ41: =ادخال1!$L$4 -> الثالث | BB41: من التعليم الأساسي | BK41: =BK1+1 -> 17
A42: المدرسة/ | B42: =ادخال1!$B$5 -> سهول العلم للتعليم الخاص | H42: الاسم | J42: =M56 -> إيلاف نورالدين عياد حسين | Q42: المدرسة/ | R42: =ادخال1!$B$5 -> سهول العلم للتعليم الخاص | X42: الاسم | Z42: =AC56 -> عبدالقدوس عزالدين سالم ادريدر | AG42: المدرسة/ | AH42: =ادخال1!$B$5 -> سهول العلم للتعليم الخاص | AN42: الاسم | AP42: =AS56 -> مناف عبد اللطيف ضويلة القنوش | AW42: المدرسة/ | AX42: =ادخال1!$B$5 -> سهول العلم للتعليم الخاص | BD42: الاسم | BF42: =BI56 -> 0
A43: الفترات | B43: عدد الحصص | C43: الفترة الأولي 30 % | E43: الفترة الثانية 30 % | G43: الفترة الثالثة 40% | I43: النتيجة النهائيــة 100% | M43: ملاحظــات عن نتيجة التلميذ خلال كل فترة : | Q43: الفترات | R43: عدد الحصص | S43: الفترة الأولي 30 % | U43: الفترة الثانية 30 % | W43: الفترة الثالثة 40% | Y43: النتيجة النهائيــة 100% | AC43: ملاحظــات عن نتيجة التلميذ خلال كل فترة : | AG43: الفترات | AH43: عدد الحصص | AI43: الفترة الأولي 30 % | AK43: الفترة الثانية 30 % | AM43: الفترة الثالثة 40% | AO43: النتيجة النهائيــة 100% | AS43: ملاحظــات عن نتيجة التلميذ خلال كل فترة : | AW43: الفترات | AX43: عدد الحصص | AY43: الفترة الأولي 30 % | BA43: الفترة الثانية 30 % | BC43: الفترة الثالثة 40% | BE43: النتيجة النهائيــة 100% | BI43: ملاحظــات عن نتيجة التلميذ خلال كل فترة :
A44: المواد الدراسية | C44: الدرجة الكبرى | D44: درجة التلميذ | E44: الدرجة الكبرى | F44: درجة التلميذ | G44: الدرجة الكبرى | H44: درجة التلميذ | I44: النهاية الكبرى | J44: النهاية الصغري | K44: درجة التلميذ | M44: الأولي : | N44: =IF(D51=0,"",IF(AND(D45>=C45*0.4,D46>=C46*0.4,D47>=C47*0.4,D48>=C48*0.4,D49>=C49*0.4),LOOKUP(D51,$BO$15:$BP$19),"ضعيف ويحتاج الى اهتمام في المواد")) -> ممتاز | Q44: المواد الدراسية | S44: الدرجة الكبرى | T44: درجة التلميذ | U44: الدرجة الكبرى | V44: درجة التلميذ | W44: الدرجة الكبرى | X44: درجة التلميذ | Y44: النهاية الكبرى | Z44: النهاية الصغري | AA44: درجة التلميذ | AC44: الأولي : | AD44: =IF(T51=0,"",IF(AND(T45>=S45*0.4,T46>=S46*0.4,T47>=S47*0.4,T48>=S48*0.4,T49>=S49*0.4),LOOKUP(T51,$BO$15:$BP$19),"ضعيف ويحتاج الى اهتمام في المواد")) -> ممتاز | AG44: المواد الدراسية | AI44: الدرجة الكبرى | AJ44: درجة التلميذ | AK44: الدرجة الكبرى | AL44: درجة التلميذ | AM44: الدرجة الكبرى | AN44: درجة التلميذ | AO44: النهاية الكبرى | AP44: النهاية الصغري | AQ44: درجة التلميذ | AS44: الأولي : | AT44: =IF(AJ51=0,"",IF(AND(AJ45>=AI45*0.4,AJ46>=AI46*0.4,AJ47>=AI47*0.4,AJ48>=AI48*0.4,AJ49>=AI49*0.4),LOOKUP(AJ51,$BO$15:$BP$19),"ضعيف ويحتاج الى اهتمام في المواد")) -> ممتاز | AW44: المواد الدراسية | AY44: الدرجة الكبرى | AZ44: درجة التلميذ | BA44: الدرجة الكبرى | BB44: درجة التلميذ | BC44: الدرجة الكبرى | BD44: درجة التلميذ | BE44: النهاية الكبرى | BF44: النهاية الصغري | BG44: درجة التلميذ | BI44: الأولي : | BJ44: =IF(AZ51=0,"",IF(AND(AZ45>=AY45*0.4,AZ46>=AY46*0.4,AZ47>=AY47*0.4,AZ48>=AY48*0.4,AZ49>=AY49*0.4),LOOKUP(AZ51,$BO$15:$BP$19),"ضعيف ويحتاج الى اهتمام في المواد"))
A45: =ادخال1!$F$9 -> التربية الإسلامية | B45: =ادخال1!$F$7 -> 3 | C45: =40*B45*0.3 -> 36 | D45: =IFERROR(VLOOKUP(M56,اسماء,5,0),"") -> 36 | E45: =40*B45*0.3 -> 36 | F45: =IFERROR(VLOOKUP(M56,اسماء,16,0),"") -> 0 | G45: =40*B45*0.4 -> 48 | H45: =IFERROR(VLOOKUP(M56,اسماء,27,0),"") -> 0 | I45: =SUM(C45,E45,G45) -> 120 | J45: =0.4*I45 -> 48 | K45: =SUM(D45,F45,H45) -> 36 | M45: =IF(D45=0,"",IF(D45<C45*0.4,A45,"")) | N45: =IF(D46=0,"",IF(D46<C46*0.4,A46,"")) | O45: =IF(D47=0,"",IF(D47<C47*0.4,A47,"")) | Q45: =ادخال1!$F$9 -> التربية الإسلامية | R45: =ادخال1!$F$7 -> 3 | S45: =40*R45*0.3 -> 36 | T45: =IFERROR(VLOOKUP(AC56,اسماء,5,0),"") -> 29 | U45: =40*R45*0.3 -> 36 | V45: =IFERROR(VLOOKUP(AC56,اسماء,16,0),"") -> 0 | W45: =40*R45*0.4 -> 48 | X45: =IFERROR(VLOOKUP(AC56,اسماء,27,0),"") -> 0 | Y45: =SUM(S45,U45,W45) -> 120 | Z45: =0.4*Y45 -> 48 | AA45: =SUM(T45,V45,X45) -> 29 | AC45: =IF(T45=0,"",IF(T45<S45*0.4,Q45,"")) | AD45: =IF(T46=0,"",IF(T46<S46*0.4,Q46,"")) | AE45: =IF(T47=0,"",IF(T47<S47*0.4,Q47,"")) | AG45: =ادخال1!$F$9 -> التربية الإسلامية | AH45: =ادخال1!$F$7 -> 3 | AI45: =40*AH45*0.3 -> 36 | AJ45: =IFERROR(VLOOKUP(AS56,اسماء,5,0),"") -> 35 | AK45: =40*AH45*0.3 -> 36 | AL45: =IFERROR(VLOOKUP(AS56,اسماء,16,0),"") -> 0 | AM45: =40*AH45*0.4 -> 48 | AN45: =IFERROR(VLOOKUP(AS56,اسماء,27,0),"") -> 0 | AO45: =SUM(AI45,AK45,AM45) -> 120 | AP45: =0.4*AO45 -> 48 | AQ45: =SUM(AJ45,AL45,AN45) -> 35 | AS45: =IF(AJ45=0,"",IF(AJ45<AI45*0.4,AG45,"")) | AT45: =IF(AJ46=0,"",IF(AJ46<AI46*0.4,AG46,"")) | AU45: =IF(AJ47=0,"",IF(AJ47<AI47*0.4,AG47,"")) | AW45: =ادخال1!$F$9 -> التربية الإسلامية | AX45: =ادخال1!$F$7 -> 3 | AY45: =40*AX45*0.3 -> 36 | AZ45: =IFERROR(VLOOKUP(BI56,اسماء,5,0),"") | BA45: =40*AX45*0.3 -> 36 | BB45: =IFERROR(VLOOKUP(BI56,اسماء,16,0),"") | BC45: =40*AX45*0.4 -> 48 | BD45: =IFERROR(VLOOKUP(BI56,اسماء,27,0),"") | BE45: =SUM(AY45,BA45,BC45) -> 120 | BF45: =0.4*BE45 -> 48 | BG45: =SUM(AZ45,BB45,BD45) -> 0 | BI45: =IF(AZ45=0,"",IF(AZ45<AY45*0.4,AW45,"")) | BJ45: =IF(AZ46=0,"",IF(AZ46<AY46*0.4,AW46,"")) | BK45: =IF(AZ47=0,"",IF(AZ47<AY47*0.4,AW47,""))
A46: =ادخال1!$G$9 -> اللغة العربية | B46: =ادخال1!$G$7 -> 6 | C46: =40*B46*0.3 -> 72 | D46: =IFERROR(VLOOKUP(M56,اسماء,6,0),"") -> 69 | E46: =40*B46*0.3 -> 72 | F46: =IFERROR(VLOOKUP(M56,اسماء,17,0),"") -> 0 | G46: =40*B46*0.4 -> 96 | H46: =IFERROR(VLOOKUP(M56,اسماء,28,0),"") -> 0 | I46: =SUM(C46,E46,G46) -> 240 | J46: =0.4*I46 -> 96 | K46: =SUM(D46,F46,H46) -> 69 | M46: =IF(D48=0,"",IF(D48<C48*0.4,A48,"")) | N46: =IF(D49=0,"",IF(D49<C49*0.4,A49,"")) | O46: =IF(D50=0,"",IF(D50<C50*0.4,A50,"")) | Q46: =ادخال1!$G$9 -> اللغة العربية | R46: =ادخال1!$G$7 -> 6 | S46: =40*R46*0.3 -> 72 | T46: =IFERROR(VLOOKUP(AC56,اسماء,6,0),"") -> 64 | U46: =40*R46*0.3 -> 72 | V46: =IFERROR(VLOOKUP(AC56,اسماء,17,0),"") -> 0 | W46: =40*R46*0.4 -> 96 | X46: =IFERROR(VLOOKUP(AC56,اسماء,28,0),"") -> 0 | Y46: =SUM(S46,U46,W46) -> 240 | Z46: =0.4*Y46 -> 96 | AA46: =SUM(T46,V46,X46) -> 64 | AC46: =IF(T48=0,"",IF(T48<S48*0.4,Q48,"")) | AD46: =IF(T49=0,"",IF(T49<S49*0.4,Q49,"")) | AE46: =IF(T50=0,"",IF(T50<S50*0.4,Q50,"")) | AG46: =ادخال1!$G$9 -> اللغة العربية | AH46: =ادخال1!$G$7 -> 6 | AI46: =40*AH46*0.3 -> 72 | AJ46: =IFERROR(VLOOKUP(AS56,اسماء,6,0),"") -> 70 | AK46: =40*AH46*0.3 -> 72 | AL46: =IFERROR(VLOOKUP(AS56,اسماء,17,0),"") -> 0 | AM46: =40*AH46*0.4 -> 96 | AN46: =IFERROR(VLOOKUP(AS56,اسماء,28,0),"") -> 0 | AO46: =SUM(AI46,AK46,AM46) -> 240 | AP46: =0.4*AO46 -> 96 | AQ46: =SUM(AJ46,AL46,AN46) -> 70 | AS46: =IF(AJ48=0,"",IF(AJ48<AI48*0.4,AG48,"")) | AT46: =IF(AJ49=0,"",IF(AJ49<AI49*0.4,AG49,"")) | AU46: =IF(AJ50=0,"",IF(AJ50<AI50*0.4,AG50,"")) | AW46: =ادخال1!$G$9 -> اللغة العربية | AX46: =ادخال1!$G$7 -> 6 | AY46: =40*AX46*0.3 -> 72 | AZ46: =IFERROR(VLOOKUP(BI56,اسماء,6,0),"") | BA46: =40*AX46*0.3 -> 72 | BB46: =IFERROR(VLOOKUP(BI56,اسماء,17,0),"") | BC46: =40*AX46*0.4 -> 96 | BD46: =IFERROR(VLOOKUP(BI56,اسماء,28,0),"") | BE46: =SUM(AY46,BA46,BC46) -> 240 | BF46: =0.4*BE46 -> 96 | BG46: =SUM(AZ46,BB46,BD46) -> 0 | BI46: =IF(AZ48=0,"",IF(AZ48<AY48*0.4,AW48,"")) | BJ46: =IF(AZ49=0,"",IF(AZ49<AY49*0.4,AW49,"")) | BK46: =IF(AZ50=0,"",IF(AZ50<AY50*0.4,AW50,""))
A47: =ادخال1!$H$9 -> اللغة الإنجليزية | B47: =ادخال1!$H$7 -> 3 | C47: =40*B47*0.3 -> 36 | D47: =IFERROR(VLOOKUP(M56,اسماء,7,0),"") -> 32 | E47: =40*B47*0.3 -> 36 | F47: =IFERROR(VLOOKUP(M56,اسماء,18,0),"") -> 0 | G47: =40*B47*0.4 -> 48 | H47: =IFERROR(VLOOKUP(M56,اسماء,29,0),"") -> 0 | I47: =SUM(C47,E47,G47) -> 120 | J47: =0.4*I47 -> 48 | K47: =SUM(D47,F47,H47) -> 32 | M47: الثانية : | N47: =IF(F51=0,"",IF(AND(F45>=E45*0.4,F46>=E46*0.4,F47>=E47*0.4,F48>=E48*0.4,F49>=E49*0.4),LOOKUP(F51,'الصحيفة النهائية'!$BO$15:$BP$19),"ضعيف ويحتاج الى اهتمام في المواد")) | Q47: =ادخال1!$H$9 -> اللغة الإنجليزية | R47: =ادخال1!$H$7 -> 3 | S47: =40*R47*0.3 -> 36 | T47: =IFERROR(VLOOKUP(AC56,اسماء,7,0),"") -> 29 | U47: =40*R47*0.3 -> 36 | V47: =IFERROR(VLOOKUP(AC56,اسماء,18,0),"") -> 0 | W47: =40*R47*0.4 -> 48 | X47: =IFERROR(VLOOKUP(AC56,اسماء,29,0),"") -> 0 | Y47: =SUM(S47,U47,W47) -> 120 | Z47: =0.4*Y47 -> 48 | AA47: =SUM(T47,V47,X47) -> 29 | AC47: الثانية : | AD47: =IF(V51=0,"",IF(AND(V45>=U45*0.4,V46>=U46*0.4,V47>=U47*0.4,V48>=U48*0.4,V49>=U49*0.4),LOOKUP(V51,'الصحيفة النهائية'!$BO$15:$BP$19),"ضعيف ويحتاج الى اهتمام في المواد")) | AG47: =ادخال1!$H$9 -> اللغة الإنجليزية | AH47: =ادخال1!$H$7 -> 3 | AI47: =40*AH47*0.3 -> 36 | AJ47: =IFERROR(VLOOKUP(AS56,اسماء,7,0),"") -> 36 | AK47: =40*AH47*0.3 -> 36 | AL47: =IFERROR(VLOOKUP(AS56,اسماء,18,0),"") -> 0 | AM47: =40*AH47*0.4 -> 48 | AN47: =IFERROR(VLOOKUP(AS56,اسماء,29,0),"") -> 0 | AO47: =SUM(AI47,AK47,AM47) -> 120 | AP47: =0.4*AO47 -> 48 | AQ47: =SUM(AJ47,AL47,AN47) -> 36 | AS47: الثانية : | AT47: =IF(AL51=0,"",IF(AND(AL45>=AK45*0.4,AL46>=AK46*0.4,AL47>=AK47*0.4,AL48>=AK48*0.4,AL49>=AK49*0.4),LOOKUP(AL51,'الصحيفة النهائية'!$BO$15:$BP$19),"ضعيف ويحتاج الى اهتمام في المواد")) | AW47: =ادخال1!$H$9 -> اللغة الإنجليزية | AX47: =ادخال1!$H$7 -> 3 | AY47: =40*AX47*0.3 -> 36 | AZ47: =IFERROR(VLOOKUP(BI56,اسماء,7,0),"") | BA47: =40*AX47*0.3 -> 36 | BB47: =IFERROR(VLOOKUP(BI56,اسماء,18,0),"") | BC47: =40*AX47*0.4 -> 48 | BD47: =IFERROR(VLOOKUP(BI56,اسماء,29,0),"") | BE47: =SUM(AY47,BA47,BC47) -> 120 | BF47: =0.4*BE47 -> 48 | BG47: =SUM(AZ47,BB47,BD47) -> 0 | BI47: الثانية : | BJ47: =IF(BB51=0,"",IF(AND(BB45>=BA45*0.4,BB46>=BA46*0.4,BB47>=BA47*0.4,BB48>=BA48*0.4,BB49>=BA49*0.4),LOOKUP(BB51,'الصحيفة النهائية'!$BO$15:$BP$19),"ضعيف ويحتاج الى اهتمام في المواد"))
A48: =ادخال1!$I$9 -> الحاسوب | B48: =ادخال1!$I$7 -> 1 | C48: =40*B48*0.3 -> 12 | D48: =IFERROR(VLOOKUP(M56,اسماء,8,0),"") -> 12 | E48: =40*B48*0.3 -> 12 | F48: =IFERROR(VLOOKUP(M56,اسماء,19,0),"") -> 0 | G48: =40*B48*0.4 -> 16 | H48: =IFERROR(VLOOKUP(M56,اسماء,30,0),"") -> 0 | I48: =SUM(C48,E48,G48) -> 40 | J48: =0.4*I48 -> 16 | K48: =SUM(D48,F48,H48) -> 12 | M48: =IF(F45=0,"",IF(F45<E45*0.4,A45,"")) | N48: =IF(F46=0,"",IF(F46<E46*0.4,A46,"")) | O48: =IF(F47=0,"",IF(F47<E47*0.4,A47,"")) | Q48: =ادخال1!$I$9 -> الحاسوب | R48: =ادخال1!$I$7 -> 1 | S48: =40*R48*0.3 -> 12 | T48: =IFERROR(VLOOKUP(AC56,اسماء,8,0),"") -> 11 | U48: =40*R48*0.3 -> 12 | V48: =IFERROR(VLOOKUP(AC56,اسماء,19,0),"") -> 0 | W48: =40*R48*0.4 -> 16 | X48: =IFERROR(VLOOKUP(AC56,اسماء,30,0),"") -> 0 | Y48: =SUM(S48,U48,W48) -> 40 | Z48: =0.4*Y48 -> 16 | AA48: =SUM(T48,V48,X48) -> 11 | AC48: =IF(V45=0,"",IF(V45<U45*0.4,Q45,"")) | AD48: =IF(V46=0,"",IF(V46<U46*0.4,Q46,"")) | AE48: =IF(V47=0,"",IF(V47<U47*0.4,Q47,"")) | AG48: =ادخال1!$I$9 -> الحاسوب | AH48: =ادخال1!$I$7 -> 1 | AI48: =40*AH48*0.3 -> 12 | AJ48: =IFERROR(VLOOKUP(AS56,اسماء,8,0),"") -> 12 | AK48: =40*AH48*0.3 -> 12 | AL48: =IFERROR(VLOOKUP(AS56,اسماء,19,0),"") -> 0 | AM48: =40*AH48*0.4 -> 16 | AN48: =IFERROR(VLOOKUP(AS56,اسماء,30,0),"") -> 0 | AO48: =SUM(AI48,AK48,AM48) -> 40 | AP48: =0.4*AO48 -> 16 | AQ48: =SUM(AJ48,AL48,AN48) -> 12 | AS48: =IF(AL45=0,"",IF(AL45<AK45*0.4,AG45,"")) | AT48: =IF(AL46=0,"",IF(AL46<AK46*0.4,AG46,"")) | AU48: =IF(AL47=0,"",IF(AL47<AK47*0.4,AG47,"")) | AW48: =ادخال1!$I$9 -> الحاسوب | AX48: =ادخال1!$I$7 -> 1 | AY48: =40*AX48*0.3 -> 12 | AZ48: =IFERROR(VLOOKUP(BI56,اسماء,8,0),"") | BA48: =40*AX48*0.3 -> 12 | BB48: =IFERROR(VLOOKUP(BI56,اسماء,19,0),"") | BC48: =40*AX48*0.4 -> 16 | BD48: =IFERROR(VLOOKUP(BI56,اسماء,30,0),"") | BE48: =SUM(AY48,BA48,BC48) -> 40 | BF48: =0.4*BE48 -> 16 | BG48: =SUM(AZ48,BB48,BD48) -> 0 | BI48: =IF(BB45=0,"",IF(BB45<BA45*0.4,AW45,"")) | BJ48: =IF(BB46=0,"",IF(BB46<BA46*0.4,AW46,"")) | BK48: =IF(BB47=0,"",IF(BB47<BA47*0.4,AW47,""))
A49: =ادخال1!$J$9 -> الرياضيات | B49: =ادخال1!$J$7 -> 5 | C49: =40*B49*0.3 -> 60 | D49: =IFERROR(VLOOKUP(M56,اسماء,9,0),"") -> 59 | E49: =40*B49*0.3 -> 60 | F49: =IFERROR(VLOOKUP(M56,اسماء,20,0),"") -> 0 | G49: =40*B49*0.4 -> 80 | H49: =IFERROR(VLOOKUP(M56,اسماء,31,0),"") -> 0 | I49: =SUM(C49,E49,G49) -> 200 | J49: =0.4*I49 -> 80 | K49: =SUM(D49,F49,H49) -> 59 | M49: =IF(F48=0,"",IF(F48<E48*0.4,A48,"")) | N49: =IF(F49=0,"",IF(F49<E49*0.4,A49,"")) | O49: =IF(F50=0,"",IF(F50<E50*0.4,A50,"")) | Q49: =ادخال1!$J$9 -> الرياضيات | R49: =ادخال1!$J$7 -> 5 | S49: =40*R49*0.3 -> 60 | T49: =IFERROR(VLOOKUP(AC56,اسماء,9,0),"") -> 55 | U49: =40*R49*0.3 -> 60 | V49: =IFERROR(VLOOKUP(AC56,اسماء,20,0),"") -> 0 | W49: =40*R49*0.4 -> 80 | X49: =IFERROR(VLOOKUP(AC56,اسماء,31,0),"") -> 0 | Y49: =SUM(S49,U49,W49) -> 200 | Z49: =0.4*Y49 -> 80 | AA49: =SUM(T49,V49,X49) -> 55 | AC49: =IF(V48=0,"",IF(V48<U48*0.4,Q48,"")) | AD49: =IF(V49=0,"",IF(V49<U49*0.4,Q49,"")) | AE49: =IF(V50=0,"",IF(V50<U50*0.4,Q50,"")) | AG49: =ادخال1!$J$9 -> الرياضيات | AH49: =ادخال1!$J$7 -> 5 | AI49: =40*AH49*0.3 -> 60 | AJ49: =IFERROR(VLOOKUP(AS56,اسماء,9,0),"") -> 51 | AK49: =40*AH49*0.3 -> 60 | AL49: =IFERROR(VLOOKUP(AS56,اسماء,20,0),"") -> 0 | AM49: =40*AH49*0.4 -> 80 | AN49: =IFERROR(VLOOKUP(AS56,اسماء,31,0),"") -> 0 | AO49: =SUM(AI49,AK49,AM49) -> 200 | AP49: =0.4*AO49 -> 80 | AQ49: =SUM(AJ49,AL49,AN49) -> 51 | AS49: =IF(AL48=0,"",IF(AL48<AK48*0.4,AG48,"")) | AT49: =IF(AL49=0,"",IF(AL49<AK49*0.4,AG49,"")) | AU49: =IF(AL50=0,"",IF(AL50<AK50*0.4,AG50,"")) | AW49: =ادخال1!$J$9 -> الرياضيات | AX49: =ادخال1!$J$7 -> 5 | AY49: =40*AX49*0.3 -> 60 | AZ49: =IFERROR(VLOOKUP(BI56,اسماء,9,0),"") | BA49: =40*AX49*0.3 -> 60 | BB49: =IFERROR(VLOOKUP(BI56,اسماء,20,0),"") | BC49: =40*AX49*0.4 -> 80 | BD49: =IFERROR(VLOOKUP(BI56,اسماء,31,0),"") | BE49: =SUM(AY49,BA49,BC49) -> 200 | BF49: =0.4*BE49 -> 80 | BG49: =SUM(AZ49,BB49,BD49) -> 0 | BI49: =IF(BB48=0,"",IF(BB48<BA48*0.4,AW48,"")) | BJ49: =IF(BB49=0,"",IF(BB49<BA49*0.4,AW49,"")) | BK49: =IF(BB50=0,"",IF(BB50<BA50*0.4,AW50,""))
A50: =ادخال1!$K$9 -> العلوم | B50: =ادخال1!$K$7 -> 3 | C50: =40*B50*0.3 -> 36 | D50: =IFERROR(VLOOKUP(M56,اسماء,10,0),"") -> 36 | E50: =40*B50*0.3 -> 36 | F50: =IFERROR(VLOOKUP(M56,اسماء,21,0),"") -> 0 | G50: =40*B50*0.4 -> 48 | H50: =IFERROR(VLOOKUP(M56,اسماء,32,0),"") -> 0 | I50: =SUM(C50,E50,G50) -> 120 | J50: =0.4*I50 -> 48 | K50: =SUM(D50,F50,H50) -> 36 | M50: =IF(F49=0,"",IF(F49<E49*0.4,A49,"")) | N50: =IF(F50=0,"",IF(F50<E50*0.4,A50,"")) | Q50: =ادخال1!$K$9 -> العلوم | R50: =ادخال1!$K$7 -> 3 | S50: =40*R50*0.3 -> 36 | T50: =IFERROR(VLOOKUP(AC56,اسماء,10,0),"") -> 36 | U50: =40*R50*0.3 -> 36 | V50: =IFERROR(VLOOKUP(AC56,اسماء,21,0),"") -> 0 | W50: =40*R50*0.4 -> 48 | X50: =IFERROR(VLOOKUP(AC56,اسماء,32,0),"") -> 0 | Y50: =SUM(S50,U50,W50) -> 120 | Z50: =0.4*Y50 -> 48 | AA50: =SUM(T50,V50,X50) -> 36 | AC50: =IF(V49=0,"",IF(V49<U49*0.4,Q49,"")) | AD50: =IF(V50=0,"",IF(V50<U50*0.4,Q50,"")) | AG50: =ادخال1!$K$9 -> العلوم | AH50: =ادخال1!$K$7 -> 3 | AI50: =40*AH50*0.3 -> 36 | AJ50: =IFERROR(VLOOKUP(AS56,اسماء,10,0),"") -> 35 | AK50: =40*AH50*0.3 -> 36 | AL50: =IFERROR(VLOOKUP(AS56,اسماء,21,0),"") -> 0 | AM50: =40*AH50*0.4 -> 48 | AN50: =IFERROR(VLOOKUP(AS56,اسماء,32,0),"") -> 0 | AO50: =SUM(AI50,AK50,AM50) -> 120 | AP50: =0.4*AO50 -> 48 | AQ50: =SUM(AJ50,AL50,AN50) -> 35 | AS50: =IF(AL49=0,"",IF(AL49<AK49*0.4,AG49,"")) | AT50: =IF(AL50=0,"",IF(AL50<AK50*0.4,AG50,"")) | AW50: =ادخال1!$K$9 -> العلوم | AX50: =ادخال1!$K$7 -> 3 | AY50: =40*AX50*0.3 -> 36 | AZ50: =IFERROR(VLOOKUP(BI56,اسماء,10,0),"") | BA50: =40*AX50*0.3 -> 36 | BB50: =IFERROR(VLOOKUP(BI56,اسماء,21,0),"") | BC50: =40*AX50*0.4 -> 48 | BD50: =IFERROR(VLOOKUP(BI56,اسماء,32,0),"") | BE50: =SUM(AY50,BA50,BC50) -> 120 | BF50: =0.4*BE50 -> 48 | BG50: =SUM(AZ50,BB50,BD50) -> 0 | BI50: =IF(BB49=0,"",IF(BB49<BA49*0.4,AW49,"")) | BJ50: =IF(BB50=0,"",IF(BB50<BA50*0.4,AW50,""))
A51: المجموع العـام | C51: =SUM(C45:C49) -> 216 | D51: =SUM(D45:D50) -> 244 | E51: =SUM(E45:E49) -> 216 | F51: =SUM(F45:F50) -> 0 | G51: =SUM(G45:G49) -> 288 | H51: =SUM(H45:H50) -> 0 | I51: =SUM(I45:I49) -> 720 | K51: =IF(AND(K45>=J45,K46>=J46,K47>=J47,K48>=J48,K49>=J49,K50>=J50),SUM(K45:K50),0) -> 0 | M51: الثالثة: | N51: =IF(H51=0,"",IF(AND(H45>=G45*0.4,H46>=G46*0.4,H47>=G47*0.4,H48>=G48*0.4,H49>=G49*0.4),LOOKUP(H51,'الصحيفة النهائية'!$BO$8:$BP$13),"ضعيف ويحتاج الى اهتمام في المواد")) | Q51: المجموع العـام | S51: =SUM(S45:S49) -> 216 | T51: =SUM(T45:T50) -> 224 | U51: =SUM(U45:U49) -> 216 | V51: =SUM(V45:V50) -> 0 | W51: =SUM(W45:W49) -> 288 | X51: =SUM(X45:X50) -> 0 | Y51: =SUM(Y45:Y49) -> 720 | AA51: =IF(AND(AA45>=Z45,AA46>=Z46,AA47>=Z47,AA48>=Z48,AA49>=Z49,AA50>=Z50),SUM(AA45:AA50),0) -> 0 | AC51: الثالثة: | AD51: =IF(X51=0,"",IF(AND(X45>=W45*0.4,X46>=W46*0.4,X47>=W47*0.4,X48>=W48*0.4,X49>=W49*0.4),LOOKUP(X51,'الصحيفة النهائية'!$BO$8:$BP$13),"ضعيف ويحتاج الى اهتمام في المواد")) | AG51: المجموع العـام | AI51: =SUM(AI45:AI49) -> 216 | AJ51: =SUM(AJ45:AJ50) -> 239 | AK51: =SUM(AK45:AK49) -> 216 | AL51: =SUM(AL45:AL50) -> 0 | AM51: =SUM(AM45:AM49) -> 288 | AN51: =SUM(AN45:AN50) -> 0 | AO51: =SUM(AO45:AO49) -> 720 | AQ51: =IF(AND(AQ45>=AP45,AQ46>=AP46,AQ47>=AP47,AQ48>=AP48,AQ49>=AP49,AQ50>=AP50),SUM(AQ45:AQ50),0) -> 0 | AS51: الثالثة: | AT51: =IF(AN51=0,"",IF(AND(AN45>=AM45*0.4,AN46>=AM46*0.4,AN47>=AM47*0.4,AN48>=AM48*0.4,AN49>=AM49*0.4),LOOKUP(AN51,'الصحيفة النهائية'!$BO$8:$BP$13),"ضعيف ويحتاج الى اهتمام في المواد")) | AW51: المجموع العـام | AY51: =SUM(AY45:AY49) -> 216 | AZ51: =SUM(AZ45:AZ50) -> 0 | BA51: =SUM(BA45:BA49) -> 216 | BB51: =SUM(BB45:BB50) -> 0 | BC51: =SUM(BC45:BC49) -> 288 | BD51: =SUM(BD45:BD50) -> 0 | BE51: =SUM(BE45:BE49) -> 720 | BG51: =IF(AND(BG45>=BF45,BG46>=BF46,BG47>=BF47,BG48>=BF48,BG49>=BF49,BG50>=BF50),SUM(BG45:BG50),0) -> 0 | BI51: الثالثة: | BJ51: =IF(BD51=0,"",IF(AND(BD45>=BC45*0.4,BD46>=BC46*0.4,BD47>=BC47*0.4,BD48>=BC48*0.4,BD49>=BC49*0.4),LOOKUP(BD51,'الصحيفة النهائية'!$BO$8:$BP$13),"ضعيف ويحتاج الى اهتمام في المواد"))
A52: الرقم الوطني | C52: =IFERROR(VLOOKUP(M56,اسماء,65,0),"") -> 220170565774 | D52: =IFERROR(VLOOKUP(H59,اسماء,8,0),"") | E52: =IFERROR(VLOOKUP(I59,اسماء,8,0),"") | F52: =IFERROR(VLOOKUP(J59,اسماء,8,0),"") | G52: =IFERROR(VLOOKUP(K59,اسماء,8,0),"") | H52: تقدير النتيجة النهائية | J52: =IF(K51=0,"",IF(AND(K45>=J45*0.4,K46>=J46*0.4,K47>=J47*0.4,K48>=J48*0.4,K49>=J49*0.4,K50>=J50*0.4),LOOKUP(K51,'الصحيفة النهائية'!$BO$2:$BP$6),"ضعيف ويحتاج الى اهتمام في المواد")) | M52: =IF(H45=0,"",IF(H45<G45*0.4,A45,"")) | N52: =IF(H46=0,"",IF(H46<G46*0.4,A46,"")) | O52: =IF(H47=0,"",IF(H47<G47*0.4,A47,"")) | Q52: الرقم الوطني | S52: =IFERROR(VLOOKUP(AC56,اسماء,65,0),"") -> 120170679056 | T52: =IFERROR(VLOOKUP(X59,اسماء,8,0),"") | U52: =IFERROR(VLOOKUP(Y59,اسماء,8,0),"") | V52: =IFERROR(VLOOKUP(Z59,اسماء,8,0),"") | W52: =IFERROR(VLOOKUP(AA59,اسماء,8,0),"") | X52: تقدير النتيجة النهائية | Z52: =IF(AA51=0,"",IF(AND(AA45>=Z45*0.4,AA46>=Z46*0.4,AA47>=Z47*0.4,AA48>=Z48*0.4,AA49>=Z49*0.4,AA50>=Z50*0.4),LOOKUP(AA51,'الصحيفة النهائية'!$BO$2:$BP$6),"ضعيف ويحتاج الى اهتمام في المواد")) | AC52: =IF(X45=0,"",IF(X45<W45*0.4,Q45,"")) | AD52: =IF(X46=0,"",IF(X46<W46*0.4,Q46,"")) | AE52: =IF(X47=0,"",IF(X47<W47*0.4,Q47,"")) | AG52: الرقم الوطني | AI52: =IFERROR(VLOOKUP(AS56,اسماء,65,0),"") -> 120170156010 | AJ52: =IFERROR(VLOOKUP(AN59,اسماء,8,0),"") | AK52: =IFERROR(VLOOKUP(AO59,اسماء,8,0),"") | AL52: =IFERROR(VLOOKUP(AP59,اسماء,8,0),"") | AM52: =IFERROR(VLOOKUP(AQ59,اسماء,8,0),"") | AN52: تقدير النتيجة النهائية | AP52: =IF(AQ51=0,"",IF(AND(AQ45>=AP45*0.4,AQ46>=AP46*0.4,AQ47>=AP47*0.4,AQ48>=AP48*0.4,AQ49>=AP49*0.4,AQ50>=AP50*0.4),LOOKUP(AQ51,'الصحيفة النهائية'!$BO$2:$BP$6),"ضعيف ويحتاج الى اهتمام في المواد")) | AS52: =IF(AN45=0,"",IF(AN45<AM45*0.4,AG45,"")) | AT52: =IF(AN46=0,"",IF(AN46<AM46*0.4,AG46,"")) | AU52: =IF(AN47=0,"",IF(AN47<AM47*0.4,AG47,"")) | AW52: الرقم الوطني | AY52: =IFERROR(VLOOKUP(BI56,اسماء,65,0),"") | AZ52: =IFERROR(VLOOKUP(BD59,اسماء,8,0),"") | BA52: =IFERROR(VLOOKUP(BE59,اسماء,8,0),"") | BB52: =IFERROR(VLOOKUP(BF59,اسماء,8,0),"") | BC52: =IFERROR(VLOOKUP(BG59,اسماء,8,0),"") | BD52: تقدير النتيجة النهائية | BF52: =IF(BG51=0,"",IF(AND(BG45>=BF45*0.4,BG46>=BF46*0.4,BG47>=BF47*0.4,BG48>=BF48*0.4,BG49>=BF49*0.4,BG50>=BF50*0.4),LOOKUP(BG51,'الصحيفة النهائية'!$BO$2:$BP$6),"ضعيف ويحتاج الى اهتمام في المواد")) | BI52: =IF(BD45=0,"",IF(BD45<BC45*0.4,AW45,"")) | BJ52: =IF(BD46=0,"",IF(BD46<BC46*0.4,AW46,"")) | BK52: =IF(BD47=0,"",IF(BD47<BC47*0.4,AW47,""))
A53: =ادخال1!$M$8 -> التربية الفنية | B53: =ادخال1!$M$7 -> 1 | C53: =IFERROR(VLOOKUP(M56,اسماء,12,0),"") -> جيد جداً | E53: =IFERROR(VLOOKUP(M56,اسماء,13,0),"") -> جيد جداً | G53: =IFERROR(VLOOKUP(M56,اسماء,14,0),"") -> 0 | M53: =IF(H48=0,"",IF(H48<G48*0.4,A48,"")) | N53: =IF(H49=0,"",IF(H49<G49*0.4,A49,"")) | Q53: =ادخال1!$M$8 -> التربية الفنية | R53: =ادخال1!$M$7 -> 1 | S53: =IFERROR(VLOOKUP(AC56,اسماء,12,0),"") -> جيد جداً | U53: =IFERROR(VLOOKUP(AC56,اسماء,13,0),"") -> جيد جداً | W53: =IFERROR(VLOOKUP(AC56,اسماء,14,0),"") -> 0 | AC53: =IF(X48=0,"",IF(X48<W48*0.4,Q48,"")) | AD53: =IF(X49=0,"",IF(X49<W49*0.4,Q49,"")) | AG53: =ادخال1!$M$8 -> التربية الفنية | AH53: =ادخال1!$M$7 -> 1 | AI53: =IFERROR(VLOOKUP(AS56,اسماء,12,0),"") -> جيد جداً | AK53: =IFERROR(VLOOKUP(AS56,اسماء,13,0),"") -> جيد جداً | AM53: =IFERROR(VLOOKUP(AS56,اسماء,14,0),"") -> 0 | AS53: =IF(AN48=0,"",IF(AN48<AM48*0.4,AG48,"")) | AT53: =IF(AN49=0,"",IF(AN49<AM49*0.4,AG49,"")) | AW53: =ادخال1!$M$8 -> التربية الفنية | AX53: =ادخال1!$M$7 -> 1 | AY53: =IFERROR(VLOOKUP(BI56,اسماء,12,0),"") | BA53: =IFERROR(VLOOKUP(BI56,اسماء,13,0),"") | BC53: =IFERROR(VLOOKUP(BI56,اسماء,14,0),"") | BI53: =IF(BD48=0,"",IF(BD48<BC48*0.4,AW48,"")) | BJ53: =IF(BD49=0,"",IF(BD49<BC49*0.4,AW49,""))
A54: =ادخال1!$N$8 -> التربية البدنية | B54: =ادخال1!$N$7 -> 2 | C54: =IFERROR(VLOOKUP(M56,اسماء,23,0),"") -> 0 | E54: =IFERROR(VLOOKUP(M56,اسماء,24,0),"") -> 0 | G54: =IFERROR(VLOOKUP(M56,اسماء,25,0),"") -> 0 | Q54: =ادخال1!$N$8 -> التربية البدنية | R54: =ادخال1!$N$7 -> 2 | S54: =IFERROR(VLOOKUP(AC56,اسماء,23,0),"") -> 0 | U54: =IFERROR(VLOOKUP(AC56,اسماء,24,0),"") -> 0 | W54: =IFERROR(VLOOKUP(AC56,اسماء,25,0),"") -> 0 | AG54: =ادخال1!$N$8 -> التربية البدنية | AH54: =ادخال1!$N$7 -> 2 | AI54: =IFERROR(VLOOKUP(AS56,اسماء,23,0),"") -> 0 | AK54: =IFERROR(VLOOKUP(AS56,اسماء,24,0),"") -> 0 | AM54: =IFERROR(VLOOKUP(AS56,اسماء,25,0),"") -> 0 | AW54: =ادخال1!$N$8 -> التربية البدنية | AX54: =ادخال1!$N$7 -> 2 | AY54: =IFERROR(VLOOKUP(BI56,اسماء,23,0),"") | BA54: =IFERROR(VLOOKUP(BI56,اسماء,24,0),"") | BC54: =IFERROR(VLOOKUP(BI56,اسماء,25,0),"")
A55: =ادخال1!$O$8 -> مكتبة | B55: =ادخال1!O47 -> 0 | C55: =IFERROR(VLOOKUP(M56,اسماء,34,0),"") -> 0 | E55: =IFERROR(VLOOKUP(M56,اسماء,35,0),"") -> 0 | G55: =IFERROR(VLOOKUP(M56,اسماء,36,0),"") -> 0 | I55: النتيجة النهائية | M55: بناء على الدرجات المبينة فى هذه البطاقة يعد التلميذ : | Q55: =ادخال1!$O$8 -> مكتبة | R55: =ادخال1!AE47 -> 0 | S55: =IFERROR(VLOOKUP(AC56,اسماء,34,0),"") -> 0 | U55: =IFERROR(VLOOKUP(AC56,اسماء,35,0),"") -> 0 | W55: =IFERROR(VLOOKUP(AC56,اسماء,36,0),"") -> 0 | Y55: النتيجة النهائية | AC55: بناء على الدرجات المبينة فى هذه البطاقة يعد التلميذ : | AG55: =ادخال1!$O$8 -> مكتبة | AH55: =ادخال1!AU47 -> 4.7e-06 | AI55: =IFERROR(VLOOKUP(AS56,اسماء,34,0),"") -> 0 | AK55: =IFERROR(VLOOKUP(AS56,اسماء,35,0),"") -> 0 | AM55: =IFERROR(VLOOKUP(AS56,اسماء,36,0),"") -> 0 | AO55: النتيجة النهائية | AS55: بناء على الدرجات المبينة فى هذه البطاقة يعد التلميذ : | AW55: =ادخال1!$O$8 -> مكتبة | AX55: =ادخال1!BK47 -> 0 | AY55: =IFERROR(VLOOKUP(BI56,اسماء,34,0),"") | BA55: =IFERROR(VLOOKUP(BI56,اسماء,35,0),"") | BC55: =IFERROR(VLOOKUP(BI56,اسماء,36,0),"") | BE55: النتيجة النهائية | BI55: بناء على الدرجات المبينة فى هذه البطاقة يعد التلميذ :
A56: الســــــلوك | C56: =IFERROR(VLOOKUP(M56,اسماء,37,0),"") -> 0 | E56: =IFERROR(VLOOKUP(M56,اسماء,38,0),"") -> 0 | G56: =IFERROR(VLOOKUP(M56,اسماء,39,0),"") -> 0 | I56: =IFERROR(VLOOKUP(M56,اسماء,42,0),"") -> 0 | M56: =INDEX(عمود2,MATCH(O41,عمود1)) -> إيلاف نورالدين عياد حسين | Q56: الســــــلوك | S56: =IFERROR(VLOOKUP(AC56,اسماء,37,0),"") -> 0 | U56: =IFERROR(VLOOKUP(AC56,اسماء,38,0),"") -> 0 | W56: =IFERROR(VLOOKUP(AC56,اسماء,39,0),"") -> 0 | Y56: =IFERROR(VLOOKUP(AC56,اسماء,42,0),"") -> 0 | AC56: =INDEX(عمود2,MATCH(AE41,عمود1)) -> عبدالقدوس عزالدين سالم ادريدر | AG56: الســــــلوك | AI56: =IFERROR(VLOOKUP(AS56,اسماء,37,0),"") -> 0 | AK56: =IFERROR(VLOOKUP(AS56,اسماء,38,0),"") -> 0 | AM56: =IFERROR(VLOOKUP(AS56,اسماء,39,0),"") -> 0 | AO56: =IFERROR(VLOOKUP(AS56,اسماء,42,0),"") -> 0 | AS56: =INDEX(عمود2,MATCH(AU41,عمود1)) -> مناف عبد اللطيف ضويلة القنوش | AW56: الســــــلوك | AY56: =IFERROR(VLOOKUP(BI56,اسماء,37,0),"") | BA56: =IFERROR(VLOOKUP(BI56,اسماء,38,0),"") | BC56: =IFERROR(VLOOKUP(BI56,اسماء,39,0),"") | BE56: =IFERROR(VLOOKUP(BI56,اسماء,42,0),"") | BI56: =INDEX(عمود2,MATCH(BK41,عمود1)) -> 0
A57: غياب مشروع | C57: =IFERROR(VLOOKUP(M56,اسماء,40,0),"") -> 0 | E57: =IFERROR(VLOOKUP(M56,اسماء,42,0),"") -> 0 | G57: =IFERROR(VLOOKUP(M56,اسماء,44,0),"") -> 0 | M57: =IF(I56="غائب","يبقى سنة اخرى في الصف",IF(K51>0,"ناجحاً ومنقولاً الى الصف ","يرحل الى الصف")) -> يرحل الى الصف | Q57: غياب مشروع | S57: =IFERROR(VLOOKUP(AC56,اسماء,40,0),"") -> 0 | U57: =IFERROR(VLOOKUP(AC56,اسماء,42,0),"") -> 0 | W57: =IFERROR(VLOOKUP(AC56,اسماء,44,0),"") -> 0 | AC57: =IF(Y56="غائب","يبقى سنة اخرى في الصف",IF(AA51>0,"ناجحاً ومنقولاً الى الصف ","يرحل الى الصف")) -> يرحل الى الصف | AG57: غياب مشروع | AI57: =IFERROR(VLOOKUP(AS56,اسماء,40,0),"") -> 0 | AK57: =IFERROR(VLOOKUP(AS56,اسماء,42,0),"") -> 0 | AM57: =IFERROR(VLOOKUP(AS56,اسماء,44,0),"") -> 0 | AS57: =IF(AO56="غائب","يبقى سنة اخرى في الصف",IF(AQ51>0,"ناجحاً ومنقولاً الى الصف ","يرحل الى الصف")) -> يرحل الى الصف | AW57: غياب مشروع | AY57: =IFERROR(VLOOKUP(BI56,اسماء,40,0),"") | BA57: =IFERROR(VLOOKUP(BI56,اسماء,42,0),"") | BC57: =IFERROR(VLOOKUP(BI56,اسماء,44,0),"") | BI57: =IF(BE56="غائب","يبقى سنة اخرى في الصف",IF(BG51>0,"ناجحاً ومنقولاً الى الصف ","يرحل الى الصف")) -> يرحل الى الصف
A58: غياب غير مشروع | C58: =IFERROR(VLOOKUP(M56,اسماء,41,0),"") -> 0 | E58: =IFERROR(VLOOKUP(M56,اسماء,43,0),"") -> 0 | G58: =IFERROR(VLOOKUP(M56,اسماء,45,0),"") -> 0 | M58: =IF(I56="غائب",D41,IF(D41="الأول","الثاني",IF(D41="الثاني","الثالث",IF(D41="الثالث","الرابع",IF(D41="الرابع","الخامس",IF(D41="الخامس","السادس")))))) -> الرابع | Q58: غياب غير مشروع | S58: =IFERROR(VLOOKUP(AC56,اسماء,41,0),"") -> 0 | U58: =IFERROR(VLOOKUP(AC56,اسماء,43,0),"") -> 0 | W58: =IFERROR(VLOOKUP(AC56,اسماء,45,0),"") -> 0 | AC58: =IF(Y56="غائب",T41,IF(T41="الأول","الثاني",IF(T41="الثاني","الثالث",IF(T41="الثالث","الرابع",IF(T41="الرابع","الخامس",IF(T41="الخامس","السادس")))))) -> الرابع | AG58: غياب غير مشروع | AI58: =IFERROR(VLOOKUP(AS56,اسماء,41,0),"") -> 0 | AK58: =IFERROR(VLOOKUP(AS56,اسماء,43,0),"") -> 0 | AM58: =IFERROR(VLOOKUP(AS56,اسماء,45,0),"") -> 0 | AS58: =IF(AO56="غائب",AJ41,IF(AJ41="الأول","الثاني",IF(AJ41="الثاني","الثالث",IF(AJ41="الثالث","الرابع",IF(AJ41="الرابع","الخامس",IF(AJ41="الخامس","السادس")))))) -> الرابع | AW58: غياب غير مشروع | AY58: =IFERROR(VLOOKUP(BI56,اسماء,41,0),"") | BA58: =IFERROR(VLOOKUP(BI56,اسماء,43,0),"") | BC58: =IFERROR(VLOOKUP(BI56,اسماء,45,0),"") | BI58: =IF(BE56="غائب",AZ41,IF(AZ41="الأول","الثاني",IF(AZ41="الثاني","الثالث",IF(AZ41="الثالث","الرابع",IF(AZ41="الرابع","الخامس",IF(AZ41="الخامس","السادس")))))) -> الرابع
A60: التوقيعــــات | B60: الفترة الاولى | D60: الفترة الثانية | G60: الفترة الثالثة | I60: اعتماد النتيجة النهائيـــة للتلميــذ | Q60: التوقيعــــات | R60: الفترة الاولى | T60: الفترة الثانية | W60: الفترة الثالثة | Y60: اعتماد النتيجة النهائيـــة للتلميــذ | AG60: التوقيعــــات | AH60: الفترة الاولى | AJ60: الفترة الثانية | AM60: الفترة الثالثة | AO60: اعتماد النتيجة النهائيـــة للتلميــذ | AW60: التوقيعــــات | AX60: الفترة الاولى | AZ60: الفترة الثانية | BC60: الفترة الثالثة | BE60: اعتماد النتيجة النهائيـــة للتلميــذ
A61: رائد الفصل | I61: مدير المدرسة/ | K61: =ادخال1!$BJ$5 -> د. عبدالرحمن خليفة العريبي | Q61: رائد الفصل | Y61: مدير المدرسة/ | AA61: =ادخال1!$BJ$5 -> د. عبدالرحمن خليفة العريبي | AG61: رائد الفصل | AO61: مدير المدرسة/ | AQ61: =ادخال1!$BJ$5 -> د. عبدالرحمن خليفة العريبي | AW61: رائد الفصل | BE61: مدير المدرسة/ | BG61: =ادخال1!$BJ$5 -> د. عبدالرحمن خليفة العريبي
A62: مدير المدرسة | I62: التاريخ | M62: =TODAY() -> 46009 | Q62: مدير المدرسة | Y62: التاريخ | AC62: =TODAY() -> 46009 | AG62: مدير المدرسة | AO62: التاريخ | AS62: =TODAY() -> 46009 | AW62: مدير المدرسة | BE62: التاريخ | BI62: =TODAY() -> 46009
A63: ولى الامر | I63: الختـــم | Q63: ولى الامر | Y63: الختـــم | AG63: ولى الامر | AO63: الختـــم | AW63: ولى الامر | BE63: الختـــم
A64: ملاحظات هامــة : | I64: توجيهات الى أولياء الآمــــور : | Q64: ملاحظات هامــة : | Y64: توجيهات الى أولياء الآمــــور : | AG64: ملاحظات هامــة : | AO64: توجيهات الى أولياء الآمــــور : | AW64: ملاحظات هامــة : | BE64: توجيهات الى أولياء الآمــــور :
A65: 1- تحسب درجـــــات كل فترة عن طريق الاختبارات التحريرية والشفهية والمتابعة اليومية ويخصص للفترة الاولى 30 % وللفترة الثانيــة 30 % وللفترة الثالثــة 40 % من درجة النهائية الكبرى للمادة . | I65: لما كان توثيق الصلة بين المدرسة والمنزل أمراً ضرورياً لتؤدي المدرسة رسالتها على الوجه الأكمل فـــــى تنميــة قدرات أبنائنا وترشيد سلوكهم واستثمار طاقاتهم لـــــذا يطلب من الأخوة أولياء الأمور الاستجابة للتوجيهات التالية : | Q65: 1- تحسب درجـــــات كل فترة عن طريق الاختبارات التحريرية والشفهية والمتابعة اليومية ويخصص للفترة الاولى 30 % وللفترة الثانيــة 30 % وللفترة الثالثــة 40 % من درجة النهائية الكبرى للمادة . | Y65: لما كان توثيق الصلة بين المدرسة والمنزل أمراً ضرورياً لتؤدي المدرسة رسالتها على الوجه الأكمل فـــــى تنميــة قدرات أبنائنا وترشيد سلوكهم واستثمار طاقاتهم لـــــذا يطلب من الأخوة أولياء الأمور الاستجابة للتوجيهات التالية : | AG65: 1- تحسب درجـــــات كل فترة عن طريق الاختبارات التحريرية والشفهية والمتابعة اليومية ويخصص للفترة الاولى 30 % وللفترة الثانيــة 30 % وللفترة الثالثــة 40 % من درجة النهائية الكبرى للمادة . | AO65: لما كان توثيق الصلة بين المدرسة والمنزل أمراً ضرورياً لتؤدي المدرسة رسالتها على الوجه الأكمل فـــــى تنميــة قدرات أبنائنا وترشيد سلوكهم واستثمار طاقاتهم لـــــذا يطلب من الأخوة أولياء الأمور الاستجابة للتوجيهات التالية : | AW65: 1- تحسب درجـــــات كل فترة عن طريق الاختبارات التحريرية والشفهية والمتابعة اليومية ويخصص للفترة الاولى 30 % وللفترة الثانيــة 30 % وللفترة الثالثــة 40 % من درجة النهائية الكبرى للمادة . | BE65: لما كان توثيق الصلة بين المدرسة والمنزل أمراً ضرورياً لتؤدي المدرسة رسالتها على الوجه الأكمل فـــــى تنميــة قدرات أبنائنا وترشيد سلوكهم واستثمار طاقاتهم لـــــذا يطلب من الأخوة أولياء الأمور الاستجابة للتوجيهات التالية :
A69: 2- يشتراط لنجاح التلميذ الحصول على النهاية الصغري المقررة لكل مادة على الاقل. | Q69: 2- يشتراط لنجاح التلميذ الحصول على النهاية الصغري المقررة لكل مادة على الاقل. | AG69: 2- يشتراط لنجاح التلميذ الحصول على النهاية الصغري المقررة لكل مادة على الاقل. | AW69: 2- يشتراط لنجاح التلميذ الحصول على النهاية الصغري المقررة لكل مادة على الاقل.
I70: 1- تنظيم أوقات ابنائهم خارج المدرسة ومتابعة واجباتهم اليومية . | Y70: 1- تنظيم أوقات ابنائهم خارج المدرسة ومتابعة واجباتهم اليومية . | AO70: 1- تنظيم أوقات ابنائهم خارج المدرسة ومتابعة واجباتهم اليومية . | BE70: 1- تنظيم أوقات ابنائهم خارج المدرسة ومتابعة واجباتهم اليومية .
I71: 2- الحضور للمدرسة من وقت لآخر والاستفسار عن سلوك أبنائهم ومستواهم التحصيلي ،ودراسة ما قد يعترضهم من مشكلات. | Y71: 2- الحضور للمدرسة من وقت لآخر والاستفسار عن سلوك أبنائهم ومستواهم التحصيلي ،ودراسة ما قد يعترضهم من مشكلات. | AO71: 2- الحضور للمدرسة من وقت لآخر والاستفسار عن سلوك أبنائهم ومستواهم التحصيلي ،ودراسة ما قد يعترضهم من مشكلات. | BE71: 2- الحضور للمدرسة من وقت لآخر والاستفسار عن سلوك أبنائهم ومستواهم التحصيلي ،ودراسة ما قد يعترضهم من مشكلات.
B73: تنبيه:- | I73: 3- إفادة المدرسة بأسباب الغياب أولاً بأول. | R73: تنبيه:- | Y73: 3- إفادة المدرسة بأسباب الغياب أولاً بأول. | AH73: تنبيه:- | AO73: 3- إفادة المدرسة بأسباب الغياب أولاً بأول. | AX73: تنبيه:- | BE73: 3- إفادة المدرسة بأسباب الغياب أولاً بأول.
B74: يجب إعطاء هذه البطاقة للتلميذ فى نهاية كل فترة | I74: 4- الإسراع عند مرض التلميذ لعرضه على الطبيب المختص والالتزام بتعليمات. | R74: يجب إعطاء هذه البطاقة للتلميذ فى نهاية كل فترة | Y74: 4- الإسراع عند مرض التلميذ لعرضه على الطبيب المختص والالتزام بتعليمات. | AH74: يجب إعطاء هذه البطاقة للتلميذ فى نهاية كل فترة | AO74: 4- الإسراع عند مرض التلميذ لعرضه على الطبيب المختص والالتزام بتعليمات. | AX74: يجب إعطاء هذه البطاقة للتلميذ فى نهاية كل فترة | BE74: 4- الإسراع عند مرض التلميذ لعرضه على الطبيب المختص والالتزام بتعليمات.
B75: كل كشط أو تغيير في هذه البطاقة يلغيها. | R75: كل كشط أو تغيير في هذه البطاقة يلغيها. | AH75: كل كشط أو تغيير في هذه البطاقة يلغيها. | AX75: كل كشط أو تغيير في هذه البطاقة يلغيها.
I76: 5- تشجيع الابناء على المشاركة فى النشاط المدرسي لانه متمم للعملية التعليمية. | Y76: 5- تشجيع الابناء على المشاركة فى النشاط المدرسي لانه متمم للعملية التعليمية. | AO76: 5- تشجيع الابناء على المشاركة فى النشاط المدرسي لانه متمم للعملية التعليمية. | BE76: 5- تشجيع الابناء على المشاركة فى النشاط المدرسي لانه متمم للعملية التعليمية.
A80: بطاقة تقدير الدرجات للصــــف | D80: =ادخال1!$L$4 -> الثالث | F80: من التعليم الأساسي | O80: =O41+1 -> 3 | Q80: بطاقة تقدير الدرجات للصــــف | T80: =ادخال1!$L$4 -> الثالث | V80: من التعليم الأساسي | AE80: =AE41+1 -> 8 | AG80: بطاقة تقدير الدرجات للصــــف | AJ80: =ادخال1!$L$4 -> الثالث | AL80: من التعليم الأساسي | AU80: =AU41+1 -> 13 | AW80: بطاقة تقدير الدرجات للصــــف | AZ80: =ادخال1!$L$4 -> الثالث | BB80: من التعليم الأساسي | BK80: =BK41+1 -> 18
A81: المدرسة/ | B81: =ادخال1!$B$5 -> سهول العلم للتعليم الخاص | H81: الاسم | J81: =M95 -> الحارث مبروك محمد الزوي | Q81: المدرسة/ | R81: =ادخال1!$B$5 -> سهول العلم للتعليم الخاص | X81: الاسم | Z81: =AC95 -> على عبد السلام شعبان بي | AG81: المدرسة/ | AH81: =ادخال1!$B$5 -> سهول العلم للتعليم الخاص | AN81: الاسم | AP81: =AS95 -> يزن عبد السلام على الأطوش | AW81: المدرسة/ | AX81: =ادخال1!$B$5 -> سهول العلم للتعليم الخاص | BD81: الاسم | BF81: =BI95 -> 0
A82: الفترات | B82: عدد الحصص | C82: الفترة الأولي 30 % | E82: الفترة الثانية 30 % | G82: الفترة الثالثة 40% | I82: النتيجة النهائيــة 100% | M82: ملاحظــات عن نتيجة التلميذ خلال كل فترة : | Q82: الفترات | R82: عدد الحصص | S82: الفترة الأولي 30 % | U82: الفترة الثانية 30 % | W82: الفترة الثالثة 40% | Y82: النتيجة النهائيــة 100% | AC82: ملاحظــات عن نتيجة التلميذ خلال كل فترة : | AG82: الفترات | AH82: عدد الحصص | AI82: الفترة الأولي 30 % | AK82: الفترة الثانية 30 % | AM82: الفترة الثالثة 40% | AO82: النتيجة النهائيــة 100% | AS82: ملاحظــات عن نتيجة التلميذ خلال كل فترة : | AW82: الفترات | AX82: عدد الحصص | AY82: الفترة الأولي 30 % | BA82: الفترة الثانية 30 % | BC82: الفترة الثالثة 40% | BE82: النتيجة النهائيــة 100% | BI82: ملاحظــات عن نتيجة التلميذ خلال كل فترة :
A83: المواد الدراسية | C83: الدرجة الكبرى | D83: درجة التلميذ | E83: الدرجة الكبرى | F83: درجة التلميذ | G83: الدرجة الكبرى | H83: درجة التلميذ | I83: النهاية الكبرى | J83: النهاية الصغري | K83: درجة التلميذ | M83: الأولي : | N83: =IF(D90=0,"",IF(AND(D84>=C84*0.4,D85>=C85*0.4,D86>=C86*0.4,D87>=C87*0.4,D88>=C88*0.4),LOOKUP(D90,$BO$15:$BP$19),"ضعيف ويحتاج الى اهتمام في المواد")) -> ممتاز | Q83: المواد الدراسية | S83: الدرجة الكبرى | T83: درجة التلميذ | U83: الدرجة الكبرى | V83: درجة التلميذ | W83: الدرجة الكبرى | X83: درجة التلميذ | Y83: النهاية الكبرى | Z83: النهاية الصغري | AA83: درجة التلميذ | AC83: الأولي : | AD83: =IF(T90=0,"",IF(AND(T84>=S84*0.4,T85>=S85*0.4,T86>=S86*0.4,T87>=S87*0.4,T88>=S88*0.4),LOOKUP(T90,$BO$15:$BP$19),"ضعيف ويحتاج الى اهتمام في المواد")) -> جيدجداً | AG83: المواد الدراسية | AI83: الدرجة الكبرى | AJ83: درجة التلميذ | AK83: الدرجة الكبرى | AL83: درجة التلميذ | AM83: الدرجة الكبرى | AN83: درجة التلميذ | AO83: النهاية الكبرى | AP83: النهاية الصغري | AQ83: درجة التلميذ | AS83: الأولي : | AT83: =IF(AJ90=0,"",IF(AND(AJ84>=AI84*0.4,AJ85>=AI85*0.4,AJ86>=AI86*0.4,AJ87>=AI87*0.4,AJ88>=AI88*0.4),LOOKUP(AJ90,$BO$15:$BP$19),"ضعيف ويحتاج الى اهتمام في المواد")) -> ممتاز | AW83: المواد الدراسية | AY83: الدرجة الكبرى | AZ83: درجة التلميذ | BA83: الدرجة الكبرى | BB83: درجة التلميذ | BC83: الدرجة الكبرى | BD83: درجة التلميذ | BE83: النهاية الكبرى | BF83: النهاية الصغري | BG83: درجة التلميذ | BI83: الأولي : | BJ83: =IF(AZ90=0,"",IF(AND(AZ84>=AY84*0.4,AZ85>=AY85*0.4,AZ86>=AY86*0.4,AZ87>=AY87*0.4,AZ88>=AY88*0.4),LOOKUP(AZ90,$BO$15:$BP$19),"ضعيف ويحتاج الى اهتمام في المواد"))
A84: =ادخال1!$F$9 -> التربية الإسلامية | B84: =ادخال1!$F$7 -> 3 | C84: =40*B84*0.3 -> 36 | D84: =IFERROR(VLOOKUP(M95,اسماء,5,0),"") -> 36 | E84: =40*B84*0.3 -> 36 | F84: =IFERROR(VLOOKUP(M95,اسماء,16,0),"") -> 0 | G84: =40*B84*0.4 -> 48 | H84: =IFERROR(VLOOKUP(M95,اسماء,27,0),"") -> 0 | I84: =SUM(C84,E84,G84) -> 120 | J84: =0.4*I84 -> 48 | K84: =SUM(D84,F84,H84) -> 36 | M84: =IF(D84=0,"",IF(D84<C84*0.4,A84,"")) | N84: =IF(D85=0,"",IF(D85<C85*0.4,A85,"")) | O84: =IF(D86=0,"",IF(D86<C86*0.4,A86,"")) | Q84: =ادخال1!$F$9 -> التربية الإسلامية | R84: =ادخال1!$F$7 -> 3 | S84: =40*R84*0.3 -> 36 | T84: =IFERROR(VLOOKUP(AC95,اسماء,5,0),"") -> 28 | U84: =40*R84*0.3 -> 36 | V84: =IFERROR(VLOOKUP(AC95,اسماء,16,0),"") -> 0 | W84: =40*R84*0.4 -> 48 | X84: =IFERROR(VLOOKUP(AC95,اسماء,27,0),"") -> 0 | Y84: =SUM(S84,U84,W84) -> 120 | Z84: =0.4*Y84 -> 48 | AA84: =SUM(T84,V84,X84) -> 28 | AC84: =IF(T84=0,"",IF(T84<S84*0.4,Q84,"")) | AD84: =IF(T85=0,"",IF(T85<S85*0.4,Q85,"")) | AE84: =IF(T86=0,"",IF(T86<S86*0.4,Q86,"")) | AG84: =ادخال1!$F$9 -> التربية الإسلامية | AH84: =ادخال1!$F$7 -> 3 | AI84: =40*AH84*0.3 -> 36 | AJ84: =IFERROR(VLOOKUP(AS95,اسماء,5,0),"") -> 36 | AK84: =40*AH84*0.3 -> 36 | AL84: =IFERROR(VLOOKUP(AS95,اسماء,16,0),"") -> 0 | AM84: =40*AH84*0.4 -> 48 | AN84: =IFERROR(VLOOKUP(AS95,اسماء,27,0),"") -> 0 | AO84: =SUM(AI84,AK84,AM84) -> 120 | AP84: =0.4*AO84 -> 48 | AQ84: =SUM(AJ84,AL84,AN84) -> 36 | AS84: =IF(AJ84=0,"",IF(AJ84<AI84*0.4,AG84,"")) | AT84: =IF(AJ85=0,"",IF(AJ85<AI85*0.4,AG85,"")) | AU84: =IF(AJ86=0,"",IF(AJ86<AI86*0.4,AG86,"")) | AW84: =ادخال1!$F$9 -> التربية الإسلامية | AX84: =ادخال1!$F$7 -> 3 | AY84: =40*AX84*0.3 -> 36 | AZ84: =IFERROR(VLOOKUP(BI95,اسماء,5,0),"") | BA84: =40*AX84*0.3 -> 36 | BB84: =IFERROR(VLOOKUP(BI95,اسماء,16,0),"") | BC84: =40*AX84*0.4 -> 48 | BD84: =IFERROR(VLOOKUP(BI95,اسماء,27,0),"") | BE84: =SUM(AY84,BA84,BC84) -> 120 | BF84: =0.4*BE84 -> 48 | BG84: =SUM(AZ84,BB84,BD84) -> 0 | BI84: =IF(AZ84=0,"",IF(AZ84<AY84*0.4,AW84,"")) | BJ84: =IF(AZ85=0,"",IF(AZ85<AY85*0.4,AW85,"")) | BK84: =IF(AZ86=0,"",IF(AZ86<AY86*0.4,AW86,""))
