Workbook
Name اسماء: ادخال1!$B$11:$EY$524
Name الترتيب1: ادخال1!$BA$11:$BB$410
Name الترتيب2: ادخال1!$BG$11:$BH$409
Name الترتيب3: ادخال1!$BL$11:$BM$411
Name عمود1: ادخال1!$A$11:$A$409
Name عمود2: ادخال1!$B$11:$B$409
Name مستجد: ادخال1!$CQ$3:$CQ$4
Name مسلسل: ادخال1!$A$11:$B$409

Sheet بيانات الصحيفة 
A1: 15 | B1: دولة ليبيا | P1: =A1-5 -> 10 | Q1: دولة ليبيا | AE1: =P1-5 -> 5 | AF1: دولة ليبيا | AT1: =AE1-5 -> 0 | AU1: دولة ليبيا
A2: وزارة التعليم | P2: وزارة التعليم | AE2: وزارة التعليم | AT2: وزارة التعليم
A3: المركز الوطني للامتحانات | P3: المركز الوطني للامتحانات | AE3: المركز الوطني للامتحانات | AT3: المركز الوطني للامتحانات
A4: بطاقة تقدير الدرجات لمرحلة التعليم | K4: =ادخال1!$CM$7 -> الاساسي | P4: بطاقة تقدير الدرجات لمرحلة التعليم | Z4: =ادخال1!$CM$7 -> الاساسي | AE4: بطاقة تقدير الدرجات لمرحلة التعليم | AO4: =ادخال1!$CM$7 -> الاساسي | AT4: بطاقة تقدير الدرجات لمرحلة التعليم | BD4: =ادخال1!$CM$7 -> الاساسي
A5: للصف | G5: =ادخال1!$CK$5 -> الرابع | P5: للصف | V5: =ادخال1!$CK$5 -> الرابع | AE5: للصف | AK5: =ادخال1!$CK$5 -> الرابع | AT5: للصف | AZ5: =ادخال1!$CK$5 -> الرابع
A6: العام الدراسي | B6: =ادخال1!$CJ$8 -> 1447ـ/1448 هـ | F6: هجرية | H6: الموافق | J6: =ادخال1!$CK$8 -> 2026 /2025 | N6: ميلادية | P6: العام الدراسي | Q6: =ادخال1!$CJ$8 -> 1447ـ/1448 هـ | U6: هجرية | W6: الموافق | Y6: =ادخال1!$CK$8 -> 2026 /2025 | AC6: ميلادية | AE6: العام الدراسي | AF6: =ادخال1!$CJ$8 -> 1447ـ/1448 هـ | AJ6: هجرية | AL6: الموافق | AN6: =ادخال1!$CK$8 -> 2026 /2025 | AR6: ميلادية | AT6: العام الدراسي | AU6: =ادخال1!$CJ$8 -> 1447ـ/1448 هـ | AY6: هجرية | BA6: الموافق | BC6: =ادخال1!$CK$8 -> 2026 /2025 | BG6: ميلادية
A7: شؤون التعليم بمنطقة | B7: =ادخال1!$CK$4 -> تاجوراء | P7: شؤون التعليم بمنطقة | Q7: =ادخال1!$CK$4 -> تاجوراء | AE7: شؤون التعليم بمنطقة | AF7: =ادخال1!$CK$4 -> تاجوراء | AT7: شؤون التعليم بمنطقة | AU7: =ادخال1!$CK$4 -> تاجوراء
A8: مدرســــــــــــــــــــــة | B8: =ادخال1!$B$5 -> سهول العلم للتعليم الخاص | J8: الكــــائنة بـ : | M8: =ادخال1!$CI$8 -> تاجوراء | P8: مدرســــــــــــــــــــــة | Q8: =ادخال1!$CI$6 -> سهول العلم للتعليم الخاص | Y8: الكــــائنة بـ : | AB8: =ادخال1!$CI$8 -> تاجوراء | AE8: مدرســــــــــــــــــــــة | AF8: =ادخال1!$CI$6 -> سهول العلم للتعليم الخاص | AN8: الكــــائنة بـ : | AQ8: =ادخال1!$CI$8 -> تاجوراء | AT8: مدرســــــــــــــــــــــة | AU8: =ادخال1!$CI$6 -> سهول العلم للتعليم الخاص | BC8: الكــــائنة بـ : | BF8: =ادخال1!$CI$8 -> تاجوراء
A9: اسم التلميذ بالكـــامل | B9: =IFERROR(VLOOKUP(A1,مسلسل,2,0),0) -> مصطفى طارق فتحي الختال | C9: =IFERROR(VLOOKUP(B9,مسلسل,2,0),0) -> 0 | D9: =IFERROR(VLOOKUP(C9,مسلسل,2,0),0) -> 0 | E9: =IFERROR(VLOOKUP(D9,مسلسل,2,0),0) -> 0 | F9: =IFERROR(VLOOKUP(E9,مسلسل,2,0),0) -> 0 | G9: =IFERROR(VLOOKUP(F9,مسلسل,2,0),0) -> 0 | H9: =IFERROR(VLOOKUP(G9,مسلسل,2,0),0) -> 0 | I9: =IFERROR(VLOOKUP(H9,مسلسل,2,0),0) -> 0 | J9: اللقــــــــب | M9: =IFERROR(VLOOKUP(B9,اسماء,72,0),"") -> الختال | P9: اسم التلميذ بالكـــامل | Q9: =IFERROR(VLOOKUP(P1,مسلسل,2,0),0) -> عبد السميع محمد الهادي موسى | R9: =IFERROR(VLOOKUP(Q9,مسلسل,2,0),0) -> 0 | S9: =IFERROR(VLOOKUP(R9,مسلسل,2,0),0) -> 0 | T9: =IFERROR(VLOOKUP(S9,مسلسل,2,0),0) -> 0 | U9: =IFERROR(VLOOKUP(T9,مسلسل,2,0),0) -> 0 | V9: =IFERROR(VLOOKUP(U9,مسلسل,2,0),0) -> 0 | W9: =IFERROR(VLOOKUP(V9,مسلسل,2,0),0) -> 0 | X9: =IFERROR(VLOOKUP(W9,مسلسل,2,0),0) -> 0 | Y9: اللقــــــــب | AB9: =IFERROR(VLOOKUP(Q9,اسماء,72,0),"") -> موسى | AE9: اسم التلميذ بالكـــامل | AF9: =IFERROR(VLOOKUP(AE1,مسلسل,2,0),0) -> حور حمدي عبدالهادي ديهوم | AG9: =IFERROR(VLOOKUP(AF9,مسلسل,2,0),0) -> 0 | AH9: =IFERROR(VLOOKUP(AG9,مسلسل,2,0),0) -> 0 | AI9: =IFERROR(VLOOKUP(AH9,مسلسل,2,0),0) -> 0 | AJ9: =IFERROR(VLOOKUP(AI9,مسلسل,2,0),0) -> 0 | AK9: =IFERROR(VLOOKUP(AJ9,مسلسل,2,0),0) -> 0 | AL9: =IFERROR(VLOOKUP(AK9,مسلسل,2,0),0) -> 0 | AM9: =IFERROR(VLOOKUP(AL9,مسلسل,2,0),0) -> 0 | AN9: اللقــــــــب | AQ9: =IFERROR(VLOOKUP(AF9,اسماء,72,0),"") -> ديهوم | AT9: اسم التلميذ بالكـــامل | AU9: =IFERROR(VLOOKUP(AT1,مسلسل,2,0),0) -> 0 | AV9: =IFERROR(VLOOKUP(AU9,مسلسل,2,0),0) -> 0 | AW9: =IFERROR(VLOOKUP(AV9,مسلسل,2,0),0) -> 0 | AX9: =IFERROR(VLOOKUP(AW9,مسلسل,2,0),0) -> 0 | AY9: =IFERROR(VLOOKUP(AX9,مسلسل,2,0),0) -> 0 | AZ9: =IFERROR(VLOOKUP(AY9,مسلسل,2,0),0) -> 0 | BA9: =IFERROR(VLOOKUP(AZ9,مسلسل,2,0),0) -> 0 | BB9: =IFERROR(VLOOKUP(BA9,مسلسل,2,0),0) -> 0 | BC9: اللقــــــــب | BF9: =IFERROR(VLOOKUP(AU9,اسماء,72,0),"")
A10: مكان وتاريخ الميلاد | B10: =IFERROR(VLOOKUP(B9,اسماء,85,0),"") -> ليبي | E10: =IFERROR(VLOOKUP(B9,اسماء,2,0),"") -> 42569 | I10: اسم الوالدة بالكامل | M10: =IFERROR(VLOOKUP(B9,اسماء,3,0),"") -> صبرية محمد الصادق | P10: مكان وتاريخ الميلاد | Q10: =IFERROR(VLOOKUP(Q9,اسماء,85,0),"") -> ليبي | T10: =IFERROR(VLOOKUP(Q9,اسماء,2,0),"") -> 42626 | X10: اسم الوالدة بالكامل | AB10: =IFERROR(VLOOKUP(Q9,اسماء,3,0),"") -> مريم علي حسين علي | AE10: مكان وتاريخ الميلاد | AF10: =IFERROR(VLOOKUP(AF9,اسماء,85,0),"") -> ليبية | AI10: =IFERROR(VLOOKUP(AF9,اسماء,2,0),"") -> 42569 | AM10: اسم الوالدة بالكامل | AQ10: =IFERROR(VLOOKUP(AF9,اسماء,3,0),"") -> هدى حسين مسعود | AT10: مكان وتاريخ الميلاد | AU10: =IFERROR(VLOOKUP(AU9,اسماء,85,0),"") | AX10: =IFERROR(VLOOKUP(AU9,اسماء,2,0),"") | BB10: اسم الوالدة بالكامل | BF10: =IFERROR(VLOOKUP(AU9,اسماء,3,0),"")
A11: الرقم الوطنــــــــــي | B11: =IFERROR(VLOOKUP(B9,اسماء,73,0),"") -> 5 | C11: =IFERROR(VLOOKUP(B9,اسماء,74,0),"") -> 6 | D11: =IFERROR(VLOOKUP(B9,اسماء,75,0),"") -> 4 | E11: =IFERROR(VLOOKUP(B9,اسماء,76,0),"") -> 4 | F11: =IFERROR(VLOOKUP(B9,اسماء,77,0),"") -> 5 | G11: =IFERROR(VLOOKUP(B9,اسماء,78,0),"") -> 4 | H11: 0 | I11: 6 | J11: 1 | K11: =IFERROR(VLOOKUP(B9,اسماء,82,0),"") -> 0 | L11: =IFERROR(VLOOKUP(B9,اسماء,83,0),"") -> 2 | M11: =IFERROR(VLOOKUP(B9,اسماء,84,0),"") -> 1 | P11: الرقم الوطنــــــــــي | Q11: =IFERROR(VLOOKUP(Q9,اسماء,73,0),"") -> 9 | R11: =IFERROR(VLOOKUP(Q9,اسماء,74,0),"") -> 5 | S11: =IFERROR(VLOOKUP(Q9,اسماء,75,0),"") -> 0 | T11: =IFERROR(VLOOKUP(Q9,اسماء,76,0),"") -> 2 | U11: =IFERROR(VLOOKUP(Q9,اسماء,77,0),"") -> 7 | V11: =IFERROR(VLOOKUP(Q9,اسماء,78,0),"") -> 5 | W11: =IFERROR(VLOOKUP(Q9,اسماء,78,0),"") -> 5 | X11: =IFERROR(VLOOKUP(Q9,اسماء,79,0),"") -> 0 | Y11: =IFERROR(VLOOKUP(Q9,اسماء,80,0),"") -> 6 | Z11: =IFERROR(VLOOKUP(Q9,اسماء,82,0),"") -> 0 | AA11: =IFERROR(VLOOKUP(Q9,اسماء,83,0),"") -> 2 | AB11: =IFERROR(VLOOKUP(Q9,اسماء,84,0),"") -> 1 | AE11: الرقم الوطنــــــــــي | AF11: =IFERROR(VLOOKUP(AF9,اسماء,73,0),"") -> 4 | AG11: =IFERROR(VLOOKUP(AF9,اسماء,74,0),"") -> 4 | AH11: =IFERROR(VLOOKUP(AF9,اسماء,75,0),"") -> 4 | AI11: =IFERROR(VLOOKUP(AF9,اسماء,76,0),"") -> 4 | AJ11: =IFERROR(VLOOKUP(AF9,اسماء,77,0),"") -> 7 | AK11: =IFERROR(VLOOKUP(AF9,اسماء,78,0),"") -> 4 | AL11: =IFERROR(VLOOKUP(AF9,اسماء,78,0),"") -> 4 | AM11: =IFERROR(VLOOKUP(AF9,اسماء,79,0),"") -> 0 | AN11: =IFERROR(VLOOKUP(AF9,اسماء,80,0),"") -> 6 | AO11: =IFERROR(VLOOKUP(AF9,اسماء,82,0),"") -> 0 | AP11: =IFERROR(VLOOKUP(AF9,اسماء,83,0),"") -> 2 | AQ11: =IFERROR(VLOOKUP(AF9,اسماء,84,0),"") -> 2 | AT11: الرقم الوطنــــــــــي | AU11: =IFERROR(VLOOKUP(AU9,اسماء,73,0),"") | AV11: =IFERROR(VLOOKUP(AU9,اسماء,74,0),"") | AW11: =IFERROR(VLOOKUP(AU9,اسماء,75,0),"") | AX11: =IFERROR(VLOOKUP(AU9,اسماء,76,0),"") | AY11: =IFERROR(VLOOKUP(AU9,اسماء,77,0),"") | AZ11: =IFERROR(VLOOKUP(AU9,اسماء,78,0),"") | BA11: =IFERROR(VLOOKUP(AU9,اسماء,78,0),"") | BB11: =IFERROR(VLOOKUP(AU9,اسماء,79,0),"") | BC11: =IFERROR(VLOOKUP(AU9,اسماء,80,0),"") | BD11: =IFERROR(VLOOKUP(AU9,اسماء,82,0),"") | BE11: =IFERROR(VLOOKUP(AU9,اسماء,83,0),"") | BF11: =IFERROR(VLOOKUP(AU9,اسماء,84,0),"")
A12: جنسيـــــة التلمــــيذ | B12: =IFERROR(VLOOKUP(B9,اسماء,86,0),"") -> ليبي | G12: مستجد/ | I12: معيد | K12: =IFERROR(VLOOKUP(B9,اسماء,87,0),"") -> مستجد | P12: جنسيـــــة التلمــــيذ | Q12: =IFERROR(VLOOKUP(Q9,اسماء,86,0),"") -> ليبي | V12: مستجد/ | X12: معيد | Z12: =IFERROR(VLOOKUP(Q9,اسماء,87,0),"") -> مستجد | AE12: جنسيـــــة التلمــــيذ | AF12: =IFERROR(VLOOKUP(AF9,اسماء,86,0),"") -> ليبية | AK12: مستجد/ | AM12: معيد | AO12: =IFERROR(VLOOKUP(AF9,اسماء,87,0),"") -> مستجد | AT12: جنسيـــــة التلمــــيذ | AU12: =IFERROR(VLOOKUP(AU9,اسماء,86,0),"") | AZ12: مستجد/ | BB12: معيد | BD12: =IFERROR(VLOOKUP(AU9,اسماء,87,0),"")
A13: رائــــــد الصــــــف | B13: =IFERROR(VLOOKUP(B9,اسماء,89,0),"") -> سلسبيل الكاسح | G13: صفة القيد | K13: =IFERROR(VLOOKUP(B9,اسماء,88,0),"") -> نظامي | P13: رائــــــد الصــــــف | Q13: =IFERROR(VLOOKUP(Q9,اسماء,89,0),"") -> سلسبيل الكاسح | V13: صفة القيد | Z13: =IFERROR(VLOOKUP(Q9,اسماء,88,0),"") -> نظامي | AE13: رائــــــد الصــــــف | AF13: =IFERROR(VLOOKUP(AF9,اسماء,89,0),"") -> سلسبيل الكاسح | AK13: صفة القيد | AO13: =IFERROR(VLOOKUP(AF9,اسماء,88,0),"") -> نظامي | AT13: رائــــــد الصــــــف | AU13: =IFERROR(VLOOKUP(AU9,اسماء,89,0),"") | AZ13: صفة القيد | BD13: =IFERROR(VLOOKUP(AU9,اسماء,88,0),"")
A14: (يكتب اسم التلميذ مطابقاً لشهادة الميلاد) | P14: (يكتب اسم التلميذ مطابقاً لشهادة الميلاد) | AE14: (يكتب اسم التلميذ مطابقاً لشهادة الميلاد) | AT14: (يكتب اسم التلميذ مطابقاً لشهادة الميلاد)
A15: الانتقـــــــــال | P15: الانتقـــــــــال | AE15: الانتقـــــــــال | AT15: الانتقـــــــــال
A16: بناء على طلب ولي أمر التلميذ فإن إدارة هذه المدرسة توافق على انتقاله إلــــــى | P16: بناء على طلب ولي أمر التلميذ فإن إدارة هذه المدرسة توافق على انتقاله إلــــــى | AE16: بناء على طلب ولي أمر التلميذ فإن إدارة هذه المدرسة توافق على انتقاله إلــــــى | AT16: بناء على طلب ولي أمر التلميذ فإن إدارة هذه المدرسة توافق على انتقاله إلــــــى
A17: مدرســــــة | P17: مدرســــــة | AE17: مدرســــــة | AT17: مدرســــــة
A18: يعتمد مديرالمدرسة | N18: يعتمد مكتب الامتحانات | P18: يعتمد مديرالمدرسة | AC18: يعتمد مكتب الامتحانات | AE18: يعتمد مديرالمدرسة | AR18: يعتمد مكتب الامتحانات | AT18: يعتمد مديرالمدرسة | BG18: يعتمد مكتب الامتحانات
A23: =A1-1 -> 14 | B23: دولة ليبيا | P23: =A23-5 -> 9 | Q23: دولة ليبيا | AE23: =P23-5 -> 4 | AF23: دولة ليبيا | AT23: =AE23-5 -> -1 | AU23: دولة ليبيا
A24: وزارة التعليم | P24: وزارة التعليم | AE24: وزارة التعليم | AT24: وزارة التعليم
A25: المركز الوطني للامتحانات | P25: المركز الوطني للامتحانات | AE25: المركز الوطني للامتحانات | AT25: المركز الوطني للامتحانات
A26: بطاقة تقدير الدرجات لمرحلة التعليم | K26: =ادخال1!$CM$7 -> الاساسي | P26: بطاقة تقدير الدرجات لمرحلة التعليم | Z26: =ادخال1!$CM$7 -> الاساسي | AE26: بطاقة تقدير الدرجات لمرحلة التعليم | AO26: =ادخال1!$CM$7 -> الاساسي | AT26: بطاقة تقدير الدرجات لمرحلة التعليم | BD26: =ادخال1!$CM$7 -> الاساسي
A27: للصف | G27: =ادخال1!$CK$5 -> الرابع | P27: للصف | V27: =ادخال1!$CK$5 -> الرابع | AE27: للصف | AK27: =ادخال1!$CK$5 -> الرابع | AT27: للصف | AZ27: =ادخال1!$CK$5 -> الرابع
A28: العام الدراسي | B28: =ادخال1!$CJ$8 -> 1447ـ/1448 هـ | F28: هجرية | H28: الموافق | J28: =ادخال1!$CK$8 -> 2026 /2025 | N28: ميلادية | P28: العام الدراسي | Q28: =ادخال1!$CJ$8 -> 1447ـ/1448 هـ | U28: هجرية | W28: الموافق | Y28: =ادخال1!$CK$8 -> 2026 /2025 | AC28: ميلادية | AE28: العام الدراسي | AF28: =ادخال1!$CJ$8 -> 1447ـ/1448 هـ | AJ28: هجرية | AL28: الموافق | AN28: =ادخال1!$CK$8 -> 2026 /2025 | AR28: ميلادية | AT28: العام الدراسي | AU28: =ادخال1!$CJ$8 -> 1447ـ/1448 هـ | AY28: هجرية | BA28: الموافق | BC28: =ادخال1!$CK$8 -> 2026 /2025 | BG28: ميلادية
A29: شؤون التعليم بمنطقة | B29: =ادخال1!$CK$4 -> تاجوراء | P29: شؤون التعليم بمنطقة | Q29: =ادخال1!$CK$4 -> تاجوراء | AE29: شؤون التعليم بمنطقة | AF29: =ادخال1!$CK$4 -> تاجوراء | AT29: شؤون التعليم بمنطقة | AU29: =ادخال1!$CK$4 -> تاجوراء
A30: مدرســــــــــــــــــــــة | B30: =ادخال1!$CI$6 -> سهول العلم للتعليم الخاص | J30: الكــــائنة بـ : | M30: =ادخال1!$CI$8 -> تاجوراء | P30: مدرســــــــــــــــــــــة | Q30: =ادخال1!$CI$6 -> سهول العلم للتعليم الخاص | Y30: الكــــائنة بـ : | AB30: =ادخال1!$CI$8 -> تاجوراء | AE30: مدرســــــــــــــــــــــة | AF30: =ادخال1!$CI$6 -> سهول العلم للتعليم الخاص | AN30: الكــــائنة بـ : | AQ30: =ادخال1!$CI$8 -> تاجوراء | AT30: مدرســــــــــــــــــــــة | AU30: =ادخال1!$CI$6 -> سهول العلم للتعليم الخاص | BC30: الكــــائنة بـ : | BF30: =ادخال1!$CI$8 -> تاجوراء
A31: اسم التلميذ بالكـــامل | B31: =IFERROR(VLOOKUP(A23,مسلسل,2,0),0) -> محمد مجدي عبدالله سليمان | C31: =IFERROR(VLOOKUP(B31,مسلسل,2,0),0) -> 0 | D31: =IFERROR(VLOOKUP(C31,مسلسل,2,0),0) -> 0 | E31: =IFERROR(VLOOKUP(D31,مسلسل,2,0),0) -> 0 | F31: =IFERROR(VLOOKUP(E31,مسلسل,2,0),0) -> 0 | G31: =IFERROR(VLOOKUP(F31,مسلسل,2,0),0) -> 0 | H31: =IFERROR(VLOOKUP(G31,مسلسل,2,0),0) -> 0 | I31: =IFERROR(VLOOKUP(H31,مسلسل,2,0),0) -> 0 | J31: اللقــــــــب | M31: =IFERROR(VLOOKUP(B31,اسماء,72,0),"") -> سليمان | P31: اسم التلميذ بالكـــامل | Q31: =IFERROR(VLOOKUP(P23,مسلسل,2,0),0) -> سوار وليد مصطفي الورشفاني | R31: =IFERROR(VLOOKUP(Q31,مسلسل,2,0),0) -> 0 | S31: =IFERROR(VLOOKUP(R31,مسلسل,2,0),0) -> 0 | T31: =IFERROR(VLOOKUP(S31,مسلسل,2,0),0) -> 0 | U31: =IFERROR(VLOOKUP(T31,مسلسل,2,0),0) -> 0 | V31: =IFERROR(VLOOKUP(U31,مسلسل,2,0),0) -> 0 | W31: =IFERROR(VLOOKUP(V31,مسلسل,2,0),0) -> 0 | X31: =IFERROR(VLOOKUP(W31,مسلسل,2,0),0) -> 0 | Y31: اللقــــــــب | AB31: =IFERROR(VLOOKUP(Q31,اسماء,72,0),"") -> الورشفاني | AE31: اسم التلميذ بالكـــامل | AF31: =IFERROR(VLOOKUP(AE23,مسلسل,2,0),0) -> جنان عبدالسلام محمد الجوادي | AG31: =IFERROR(VLOOKUP(AF31,مسلسل,2,0),0) -> 0 | AH31: =IFERROR(VLOOKUP(AG31,مسلسل,2,0),0) -> 0 | AI31: =IFERROR(VLOOKUP(AH31,مسلسل,2,0),0) -> 0 | AJ31: =IFERROR(VLOOKUP(AI31,مسلسل,2,0),0) -> 0 | AK31: =IFERROR(VLOOKUP(AJ31,مسلسل,2,0),0) -> 0 | AL31: =IFERROR(VLOOKUP(AK31,مسلسل,2,0),0) -> 0 | AM31: =IFERROR(VLOOKUP(AL31,مسلسل,2,0),0) -> 0 | AN31: اللقــــــــب | AQ31: =IFERROR(VLOOKUP(AF31,اسماء,72,0),"") -> الجوادي | AT31: اسم التلميذ بالكـــامل | AU31: =IFERROR(VLOOKUP(AT23,مسلسل,2,0),0) -> 0 | AV31: =IFERROR(VLOOKUP(AU31,مسلسل,2,0),0) -> 0 | AW31: =IFERROR(VLOOKUP(AV31,مسلسل,2,0),0) -> 0 | AX31: =IFERROR(VLOOKUP(AW31,مسلسل,2,0),0) -> 0 | AY31: =IFERROR(VLOOKUP(AX31,مسلسل,2,0),0) -> 0 | AZ31: =IFERROR(VLOOKUP(AY31,مسلسل,2,0),0) -> 0 | BA31: =IFERROR(VLOOKUP(AZ31,مسلسل,2,0),0) -> 0 | BB31: =IFERROR(VLOOKUP(BA31,مسلسل,2,0),0) -> 0 | BC31: اللقــــــــب | BF31: =IFERROR(VLOOKUP(AU31,اسماء,72,0),"")
A32: مكان وتاريخ الميلاد | B32: =IFERROR(VLOOKUP(B31,اسماء,85,0),"") -> ليبي | E32: =IFERROR(VLOOKUP(B31,اسماء,2,0),"") -> 42656 | I32: اسم الوالدة بالكامل | M32: =IFERROR(VLOOKUP(B31,اسماء,3,0),"") -> أميرة بشير سالم | P32: مكان وتاريخ الميلاد | Q32: =IFERROR(VLOOKUP(Q31,اسماء,85,0),"") -> ليبية | T32: =IFERROR(VLOOKUP(Q31,اسماء,2,0),"") -> 42527 | X32: اسم الوالدة بالكامل | AB32: =IFERROR(VLOOKUP(Q31,اسماء,3,0),"") -> إيمان علي سالم | AE32: مكان وتاريخ الميلاد | AF32: =IFERROR(VLOOKUP(AF31,اسماء,85,0),"") -> ليبية | AI32: =IFERROR(VLOOKUP(AF31,اسماء,2,0),"") -> 42705 | AM32: اسم الوالدة بالكامل | AQ32: =IFERROR(VLOOKUP(AF31,اسماء,3,0),"") -> هدى زيدام علي الجماعي | AT32: مكان وتاريخ الميلاد | AU32: =IFERROR(VLOOKUP(AU31,اسماء,85,0),"") | AX32: =IFERROR(VLOOKUP(AU31,اسماء,2,0),"") | BB32: اسم الوالدة بالكامل | BF32: =IFERROR(VLOOKUP(AU31,اسماء,3,0),"")
A33: الرقم الوطنــــــــــي | B33: =IFERROR(VLOOKUP(B31,اسماء,73,0),"") -> 8 | C33: =IFERROR(VLOOKUP(B31,اسماء,74,0),"") -> 8 | D33: =IFERROR(VLOOKUP(B31,اسماء,75,0),"") -> 7 | E33: =IFERROR(VLOOKUP(B31,اسماء,76,0),"") -> 4 | F33: =IFERROR(VLOOKUP(B31,اسماء,77,0),"") -> 7 | G33: =IFERROR(VLOOKUP(B31,اسماء,78,0),"") -> 6 | H33: =IFERROR(VLOOKUP(B31,اسماء,78,0),"") -> 6 | I33: =IFERROR(VLOOKUP(B31,اسماء,79,0),"") -> 0 | J33: =IFERROR(VLOOKUP(B31,اسماء,80,0),"") -> 6 | K33: =IFERROR(VLOOKUP(B31,اسماء,82,0),"") -> 0 | L33: =IFERROR(VLOOKUP(B31,اسماء,83,0),"") -> 2 | M33: =IFERROR(VLOOKUP(B31,اسماء,84,0),"") -> 1 | P33: الرقم الوطنــــــــــي | Q33: =IFERROR(VLOOKUP(Q31,اسماء,73,0),"") | R33: =IFERROR(VLOOKUP(Q31,اسماء,74,0),"") | S33: =IFERROR(VLOOKUP(Q31,اسماء,75,0),"") | T33: =IFERROR(VLOOKUP(Q31,اسماء,76,0),"") | U33: =IFERROR(VLOOKUP(Q31,اسماء,77,0),"") | V33: =IFERROR(VLOOKUP(Q31,اسماء,78,0),"") | W33: =IFERROR(VLOOKUP(Q31,اسماء,78,0),"") | X33: =IFERROR(VLOOKUP(Q31,اسماء,79,0),"") | Y33: =IFERROR(VLOOKUP(Q31,اسماء,80,0),"") | Z33: =IFERROR(VLOOKUP(Q31,اسماء,82,0),"") | AA33: =IFERROR(VLOOKUP(Q31,اسماء,83,0),"") | AB33: =IFERROR(VLOOKUP(Q31,اسماء,84,0),"") | AE33: الرقم الوطنــــــــــي | AF33: =IFERROR(VLOOKUP(AF31,اسماء,73,0),"") -> 5 | AG33: =IFERROR(VLOOKUP(AF31,اسماء,74,0),"") -> 0 | AH33: =IFERROR(VLOOKUP(AF31,اسماء,75,0),"") -> 1 | AI33: =IFERROR(VLOOKUP(AF31,اسماء,76,0),"") -> 8 | AJ33: =IFERROR(VLOOKUP(AF31,اسماء,77,0),"") -> 4 | AK33: =IFERROR(VLOOKUP(AF31,اسماء,78,0),"") -> 9 | AL33: =IFERROR(VLOOKUP(AF31,اسماء,78,0),"") -> 9 | AM33: =IFERROR(VLOOKUP(AF31,اسماء,79,0),"") -> 0 | AN33: =IFERROR(VLOOKUP(AF31,اسماء,80,0),"") -> 6 | AO33: =IFERROR(VLOOKUP(AF31,اسماء,82,0),"") -> 0 | AP33: =IFERROR(VLOOKUP(AF31,اسماء,83,0),"") -> 2 | AQ33: =IFERROR(VLOOKUP(AF31,اسماء,84,0),"") -> 2 | AT33: الرقم الوطنــــــــــي | AU33: =IFERROR(VLOOKUP(AU31,اسماء,73,0),"") | AV33: =IFERROR(VLOOKUP(AU31,اسماء,74,0),"") | AW33: =IFERROR(VLOOKUP(AU31,اسماء,75,0),"") | AX33: =IFERROR(VLOOKUP(AU31,اسماء,76,0),"") | AY33: =IFERROR(VLOOKUP(AU31,اسماء,77,0),"") | AZ33: =IFERROR(VLOOKUP(AU31,اسماء,78,0),"") | BA33: =IFERROR(VLOOKUP(AU31,اسماء,78,0),"") | BB33: =IFERROR(VLOOKUP(AU31,اسماء,79,0),"") | BC33: =IFERROR(VLOOKUP(AU31,اسماء,80,0),"") | BD33: =IFERROR(VLOOKUP(AU31,اسماء,82,0),"") | BE33: =IFERROR(VLOOKUP(AU31,اسماء,83,0),"") | BF33: =IFERROR(VLOOKUP(AU31,اسماء,84,0),"")
A34: جنسيـــــة التلمــــيذ | B34: =IFERROR(VLOOKUP(B31,اسماء,86,0),"") -> ليبي | G34: مستجد/ | I34: معيد | K34: =IFERROR(VLOOKUP(B31,اسماء,87,0),"") -> مستجد | P34: جنسيـــــة التلمــــيذ | Q34: =IFERROR(VLOOKUP(Q31,اسماء,86,0),"") -> ليبية | V34: مستجد/ | X34: معيد | Z34: =IFERROR(VLOOKUP(Q31,اسماء,87,0),"") -> مستجد | AE34: جنسيـــــة التلمــــيذ | AF34: =IFERROR(VLOOKUP(AF31,اسماء,86,0),"") -> ليبية | AK34: مستجد/ | AM34: معيد | AO34: =IFERROR(VLOOKUP(AF31,اسماء,87,0),"") -> مستجد | AT34: جنسيـــــة التلمــــيذ | AU34: =IFERROR(VLOOKUP(AU31,اسماء,86,0),"") | AZ34: مستجد/ | BB34: معيد | BD34: =IFERROR(VLOOKUP(AU31,اسماء,87,0),"")
A35: رائــــــد الصــــــف | B35: =IFERROR(VLOOKUP(B31,اسماء,89,0),"") -> سلسبيل الكاسح | G35: صفة القيد | K35: =IFERROR(VLOOKUP(B31,اسماء,88,0),"") -> نظامي | P35: رائــــــد الصــــــف | Q35: =IFERROR(VLOOKUP(Q31,اسماء,89,0),"") -> سلسبيل الكاسح | V35: صفة القيد | Z35: =IFERROR(VLOOKUP(Q31,اسماء,88,0),"") -> نظامي | AE35: رائــــــد الصــــــف | AF35: =IFERROR(VLOOKUP(AF31,اسماء,89,0),"") -> سلسبيل الكاسح | AK35: صفة القيد | AO35: =IFERROR(VLOOKUP(AF31,اسماء,88,0),"") -> نظامي | AT35: رائــــــد الصــــــف | AU35: =IFERROR(VLOOKUP(AU31,اسماء,89,0),"") | AZ35: صفة القيد | BD35: =IFERROR(VLOOKUP(AU31,اسماء,88,0),"")
A36: (يكتب اسم التلميذ مطابقاً لشهادة الميلاد) | P36: (يكتب اسم التلميذ مطابقاً لشهادة الميلاد) | AE36: (يكتب اسم التلميذ مطابقاً لشهادة الميلاد) | AT36: (يكتب اسم التلميذ مطابقاً لشهادة الميلاد)
A37: الانتقـــــــــال | P37: الانتقـــــــــال | AE37: الانتقـــــــــال | AT37: الانتقـــــــــال
A38: بناء على طلب ولي أمر التلميذ فإن إدارة هذه المدرسة توافق على انتقاله إلــــــى | P38: بناء على طلب ولي أمر التلميذ فإن إدارة هذه المدرسة توافق على انتقاله إلــــــى | AE38: بناء على طلب ولي أمر التلميذ فإن إدارة هذه المدرسة توافق على انتقاله إلــــــى | AT38: بناء على طلب ولي أمر التلميذ فإن إدارة هذه المدرسة توافق على انتقاله إلــــــى
A39: مدرســــــة | P39: مدرســــــة | AE39: مدرســــــة | AT39: مدرســــــة
A40: يعتمد مديرالمدرسة | N40: يعتمد مكتب الامتحانات | P40: يعتمد مديرالمدرسة | AC40: يعتمد مكتب الامتحانات | AE40: يعتمد مديرالمدرسة | AR40: يعتمد مكتب الامتحانات | AT40: يعتمد مديرالمدرسة | BG40: يعتمد مكتب الامتحانات
A45: =A23-1 -> 13 | B45: دولة ليبيا | P45: =A45-5 -> 8 | Q45: دولة ليبيا | AE45: =P45-5 -> 3 | AF45: دولة ليبيا | AT45: =AE45-5 -> -2 | AU45: دولة ليبيا
A46: وزارة التعليم | P46: وزارة التعليم | AE46: وزارة التعليم | AT46: وزارة التعليم
A47: المركز الوطني للامتحانات | P47: المركز الوطني للامتحانات | AE47: المركز الوطني للامتحانات | AT47: المركز الوطني للامتحانات
A48: بطاقة تقدير الدرجات لمرحلة التعليم | K48: =ادخال1!$CM$7 -> الاساسي | P48: بطاقة تقدير الدرجات لمرحلة التعليم | Z48: =ادخال1!$CM$7 -> الاساسي | AE48: بطاقة تقدير الدرجات لمرحلة التعليم | AO48: =ادخال1!$CM$7 -> الاساسي | AT48: بطاقة تقدير الدرجات لمرحلة التعليم | BD48: =ادخال1!$CM$7 -> الاساسي
A49: للصف | G49: =ادخال1!$CK$5 -> الرابع | P49: للصف | V49: =ادخال1!$CK$5 -> الرابع | AE49: للصف | AK49: =ادخال1!$CK$5 -> الرابع | AT49: للصف | AZ49: =ادخال1!$CK$5 -> الرابع
A50: العام الدراسي | B50: =ادخال1!$CJ$8 -> 1447ـ/1448 هـ | F50: هجرية | H50: الموافق | J50: =ادخال1!$CK$8 -> 2026 /2025 | N50: ميلادية | P50: العام الدراسي | Q50: =ادخال1!$CJ$8 -> 1447ـ/1448 هـ | U50: هجرية | W50: الموافق | Y50: =ادخال1!$CK$8 -> 2026 /2025 | AC50: ميلادية | AE50: العام الدراسي | AF50: =ادخال1!$CJ$8 -> 1447ـ/1448 هـ | AJ50: هجرية | AL50: الموافق | AN50: =ادخال1!$CK$8 -> 2026 /2025 | AR50: ميلادية | AT50: العام الدراسي | AU50: =ادخال1!$CJ$8 -> 1447ـ/1448 هـ | AY50: هجرية | BA50: الموافق | BC50: =ادخال1!$CK$8 -> 2026 /2025 | BG50: ميلادية
A51: شؤون التعليم بمنطقة | B51: =ادخال1!$CK$4 -> تاجوراء | P51: شؤون التعليم بمنطقة | Q51: =ادخال1!$CK$4 -> تاجوراء | AE51: شؤون التعليم بمنطقة | AF51: =ادخال1!$CK$4 -> تاجوراء | AT51: شؤون التعليم بمنطقة | AU51: =ادخال1!$CK$4 -> تاجوراء
A52: مدرســــــــــــــــــــــة | B52: =ادخال1!$CI$6 -> سهول العلم للتعليم الخاص | J52: الكــــائنة بـ : | M52: =ادخال1!$CI$8 -> تاجوراء | P52: مدرســــــــــــــــــــــة | Q52: =ادخال1!$CI$6 -> سهول العلم للتعليم الخاص | Y52: الكــــائنة بـ : | AB52: =ادخال1!$CI$8 -> تاجوراء | AE52: مدرســــــــــــــــــــــة | AF52: =ادخال1!$CI$6 -> سهول العلم للتعليم الخاص | AN52: الكــــائنة بـ : | AQ52: =ادخال1!$CI$8 -> تاجوراء | AT52: مدرســــــــــــــــــــــة | AU52: =ادخال1!$CI$6 -> سهول العلم للتعليم الخاص | BC52: الكــــائنة بـ : | BF52: =ادخال1!$CI$8 -> تاجوراء
A53: اسم التلميذ بالكـــامل | B53: =IFERROR(VLOOKUP(A45,مسلسل,2,0),0) -> كنان حسني محمد محمد سمالوس | C53: =IFERROR(VLOOKUP(B53,مسلسل,2,0),0) -> 0 | D53: =IFERROR(VLOOKUP(C53,مسلسل,2,0),0) -> 0 | E53: =IFERROR(VLOOKUP(D53,مسلسل,2,0),0) -> 0 | F53: =IFERROR(VLOOKUP(E53,مسلسل,2,0),0) -> 0 | G53: =IFERROR(VLOOKUP(F53,مسلسل,2,0),0) -> 0 | H53: =IFERROR(VLOOKUP(G53,مسلسل,2,0),0) -> 0 | I53: =IFERROR(VLOOKUP(H53,مسلسل,2,0),0) -> 0 | J53: اللقــــــــب | M53: =IFERROR(VLOOKUP(B53,اسماء,72,0),"") -> سمالوس | P53: اسم التلميذ بالكـــامل | Q53: =IFERROR(VLOOKUP(P45,مسلسل,2,0),0) -> سفيان عبدالباسط اللافي محمد | R53: =IFERROR(VLOOKUP(Q53,مسلسل,2,0),0) -> 0 | S53: =IFERROR(VLOOKUP(R53,مسلسل,2,0),0) -> 0 | T53: =IFERROR(VLOOKUP(S53,مسلسل,2,0),0) -> 0 | U53: =IFERROR(VLOOKUP(T53,مسلسل,2,0),0) -> 0 | V53: =IFERROR(VLOOKUP(U53,مسلسل,2,0),0) -> 0 | W53: =IFERROR(VLOOKUP(V53,مسلسل,2,0),0) -> 0 | X53: =IFERROR(VLOOKUP(W53,مسلسل,2,0),0) -> 0 | Y53: اللقــــــــب | AB53: =IFERROR(VLOOKUP(Q53,اسماء,72,0),"") -> محمد | AE53: اسم التلميذ بالكـــامل | AF53: =IFERROR(VLOOKUP(AE45,مسلسل,2,0),0) -> إلين محمد النفاتي الهليب | AG53: =IFERROR(VLOOKUP(AF53,مسلسل,2,0),0) -> 0 | AH53: =IFERROR(VLOOKUP(AG53,مسلسل,2,0),0) -> 0 | AI53: =IFERROR(VLOOKUP(AH53,مسلسل,2,0),0) -> 0 | AJ53: =IFERROR(VLOOKUP(AI53,مسلسل,2,0),0) -> 0 | AK53: =IFERROR(VLOOKUP(AJ53,مسلسل,2,0),0) -> 0 | AL53: =IFERROR(VLOOKUP(AK53,مسلسل,2,0),0) -> 0 | AM53: =IFERROR(VLOOKUP(AL53,مسلسل,2,0),0) -> 0 | AN53: اللقــــــــب | AQ53: =IFERROR(VLOOKUP(AF53,اسماء,72,0),"") -> الهليب | AT53: اسم التلميذ بالكـــامل | AU53: =IFERROR(VLOOKUP(AT45,مسلسل,2,0),0) -> 0 | AV53: =IFERROR(VLOOKUP(AU53,مسلسل,2,0),0) -> 0 | AW53: =IFERROR(VLOOKUP(AV53,مسلسل,2,0),0) -> 0 | AX53: =IFERROR(VLOOKUP(AW53,مسلسل,2,0),0) -> 0 | AY53: =IFERROR(VLOOKUP(AX53,مسلسل,2,0),0) -> 0 | AZ53: =IFERROR(VLOOKUP(AY53,مسلسل,2,0),0) -> 0 | BA53: =IFERROR(VLOOKUP(AZ53,مسلسل,2,0),0) -> 0 | BB53: =IFERROR(VLOOKUP(BA53,مسلسل,2,0),0) -> 0 | BC53: اللقــــــــب | BF53: =IFERROR(VLOOKUP(AU53,اسماء,72,0),"")
A54: مكان وتاريخ الميلاد | B54: =IFERROR(VLOOKUP(B53,اسماء,85,0),"") -> ليبي | E54: =IFERROR(VLOOKUP(B53,اسماء,2,0),"") -> 42712 | I54: اسم الوالدة بالكامل | M54: =IFERROR(VLOOKUP(B53,اسماء,3,0),"") -> سمية محمد الطاهر أبوالخير | P54: مكان وتاريخ الميلاد | Q54: =IFERROR(VLOOKUP(Q53,اسماء,85,0),"") -> ليبي | T54: =IFERROR(VLOOKUP(Q53,اسماء,2,0),"") -> 42418 | X54: اسم الوالدة بالكامل | AB54: =IFERROR(VLOOKUP(Q53,اسماء,3,0),"") -> حليمة علي محمد زريق | AE54: مكان وتاريخ الميلاد | AF54: =IFERROR(VLOOKUP(AF53,اسماء,85,0),"") -> ليبية | AI54: =IFERROR(VLOOKUP(AF53,اسماء,2,0),"") -> 42436 | AM54: اسم الوالدة بالكامل | AQ54: =IFERROR(VLOOKUP(AF53,اسماء,3,0),"") -> فاطمة النفاتي الهروال | AT54: مكان وتاريخ الميلاد | AU54: =IFERROR(VLOOKUP(AU53,اسماء,85,0),"") | AX54: =IFERROR(VLOOKUP(AU53,اسماء,2,0),"") | BB54: اسم الوالدة بالكامل | BF54: =IFERROR(VLOOKUP(AU53,اسماء,3,0),"")
A55: الرقم الوطنــــــــــي | B55: =IFERROR(VLOOKUP(B53,اسماء,73,0),"") -> 3 | C55: =IFERROR(VLOOKUP(B53,اسماء,74,0),"") -> 2 | D55: =IFERROR(VLOOKUP(B53,اسماء,75,0),"") -> 5 | E55: =IFERROR(VLOOKUP(B53,اسماء,76,0),"") -> 9 | F55: =IFERROR(VLOOKUP(B53,اسماء,77,0),"") -> 0 | G55: =IFERROR(VLOOKUP(B53,اسماء,78,0),"") -> 0 | H55: =IFERROR(VLOOKUP(B53,اسماء,78,0),"") -> 0 | I55: =IFERROR(VLOOKUP(B53,اسماء,79,0),"") -> 1 | J55: =IFERROR(VLOOKUP(B53,اسماء,80,0),"") -> 6 | K55: =IFERROR(VLOOKUP(B53,اسماء,82,0),"") -> 0 | L55: =IFERROR(VLOOKUP(B53,اسماء,83,0),"") -> 2 | M55: =IFERROR(VLOOKUP(B53,اسماء,84,0),"") -> 1 | P55: الرقم الوطنــــــــــي | Q55: =IFERROR(VLOOKUP(Q53,اسماء,73,0),"") -> 5 | R55: =IFERROR(VLOOKUP(Q53,اسماء,74,0),"") -> 3 | S55: =IFERROR(VLOOKUP(Q53,اسماء,75,0),"") -> 2 | T55: =IFERROR(VLOOKUP(Q53,اسماء,76,0),"") -> 1 | U55: =IFERROR(VLOOKUP(Q53,اسماء,77,0),"") -> 8 | V55: =IFERROR(VLOOKUP(Q53,اسماء,78,0),"") -> 0 | W55: =IFERROR(VLOOKUP(Q53,اسماء,78,0),"") -> 0 | X55: =IFERROR(VLOOKUP(Q53,اسماء,79,0),"") -> 1 | Y55: =IFERROR(VLOOKUP(Q53,اسماء,80,0),"") -> 6 | Z55: =IFERROR(VLOOKUP(Q53,اسماء,82,0),"") -> 0 | AA55: =IFERROR(VLOOKUP(Q53,اسماء,83,0),"") -> 2 | AB55: =IFERROR(VLOOKUP(Q53,اسماء,84,0),"") -> 1 | AE55: الرقم الوطنــــــــــي | AF55: =IFERROR(VLOOKUP(AF53,اسماء,73,0),"") -> 2 | AG55: =IFERROR(VLOOKUP(AF53,اسماء,74,0),"") -> 6 | AH55: =IFERROR(VLOOKUP(AF53,اسماء,75,0),"") -> 1 | AI55: =IFERROR(VLOOKUP(AF53,اسماء,76,0),"") -> 0 | AJ55: =IFERROR(VLOOKUP(AF53,اسماء,77,0),"") -> 1 | AK55: =IFERROR(VLOOKUP(AF53,اسماء,78,0),"") -> 2 | AL55: =IFERROR(VLOOKUP(AF53,اسماء,78,0),"") -> 2 | AM55: =IFERROR(VLOOKUP(AF53,اسماء,79,0),"") -> 1 | AN55: =IFERROR(VLOOKUP(AF53,اسماء,80,0),"") -> 6 | AO55: =IFERROR(VLOOKUP(AF53,اسماء,82,0),"") -> 0 | AP55: =IFERROR(VLOOKUP(AF53,اسماء,83,0),"") -> 2 | AQ55: =IFERROR(VLOOKUP(AF53,اسماء,84,0),"") -> 2 | AT55: الرقم الوطنــــــــــي | AU55: =IFERROR(VLOOKUP(AU53,اسماء,73,0),"") | AV55: =IFERROR(VLOOKUP(AU53,اسماء,74,0),"") | AW55: =IFERROR(VLOOKUP(AU53,اسماء,75,0),"") | AX55: =IFERROR(VLOOKUP(AU53,اسماء,76,0),"") | AY55: =IFERROR(VLOOKUP(AU53,اسماء,77,0),"") | AZ55: =IFERROR(VLOOKUP(AU53,اسماء,78,0),"") | BA55: =IFERROR(VLOOKUP(AU53,اسماء,78,0),"") | BB55: =IFERROR(VLOOKUP(AU53,اسماء,79,0),"") | BC55: =IFERROR(VLOOKUP(AU53,اسماء,80,0),"") | BD55: =IFERROR(VLOOKUP(AU53,اسماء,82,0),"") | BE55: =IFERROR(VLOOKUP(AU53,اسماء,83,0),"") | BF55: =IFERROR(VLOOKUP(AU53,اسماء,84,0),"")
A56: جنسيـــــة التلمــــيذ | B56: =IFERROR(VLOOKUP(B53,اسماء,86,0),"") -> ليبي | G56: مستجد/ | I56: معيد | K56: =IFERROR(VLOOKUP(B53,اسماء,87,0),"") -> مستجد | P56: جنسيـــــة التلمــــيذ | Q56: =IFERROR(VLOOKUP(Q53,اسماء,86,0),"") -> ليبي | V56: مستجد/ | X56: معيد | Z56: =IFERROR(VLOOKUP(Q53,اسماء,87,0),"") -> مستجد | AE56: جنسيـــــة التلمــــيذ | AF56: =IFERROR(VLOOKUP(AF53,اسماء,86,0),"") -> ليبية | AK56: مستجد/ | AM56: معيد | AO56: =IFERROR(VLOOKUP(AF53,اسماء,87,0),"") -> مستجد | AT56: جنسيـــــة التلمــــيذ | AU56: =IFERROR(VLOOKUP(AU53,اسماء,86,0),"") | AZ56: مستجد/ | BB56: معيد | BD56: =IFERROR(VLOOKUP(AU53,اسماء,87,0),"")
A57: رائــــــد الصــــــف | B57: =IFERROR(VLOOKUP(B53,اسماء,89,0),"") -> سلسبيل الكاسح | G57: صفة القيد | K57: =IFERROR(VLOOKUP(B53,اسماء,88,0),"") -> نظامي | P57: رائــــــد الصــــــف | Q57: =IFERROR(VLOOKUP(Q53,اسماء,89,0),"") -> سلسبيل الكاسح | V57: صفة القيد | Z57: =IFERROR(VLOOKUP(Q53,اسماء,88,0),"") -> نظامي | AE57: رائــــــد الصــــــف | AF57: =IFERROR(VLOOKUP(AF53,اسماء,89,0),"") -> سلسبيل الكاسح | AK57: صفة القيد | AO57: =IFERROR(VLOOKUP(AF53,اسماء,88,0),"") -> نظامي | AT57: رائــــــد الصــــــف | AU57: =IFERROR(VLOOKUP(AU53,اسماء,89,0),"") | AZ57: صفة القيد | BD57: =IFERROR(VLOOKUP(AU53,اسماء,88,0),"")
A58: (يكتب اسم التلميذ مطابقاً لشهادة الميلاد) | P58: (يكتب اسم التلميذ مطابقاً لشهادة الميلاد) | AE58: (يكتب اسم التلميذ مطابقاً لشهادة الميلاد) | AT58: (يكتب اسم التلميذ مطابقاً لشهادة الميلاد)
A59: الانتقـــــــــال | P59: الانتقـــــــــال | AE59: الانتقـــــــــال | AT59: الانتقـــــــــال
A60: بناء على طلب ولي أمر التلميذ فإن إدارة هذه المدرسة توافق على انتقاله إلــــــى | P60: بناء على طلب ولي أمر التلميذ فإن إدارة هذه المدرسة توافق على انتقاله إلــــــى | AE60: بناء على طلب ولي أمر التلميذ فإن إدارة هذه المدرسة توافق على انتقاله إلــــــى | AT60: بناء على طلب ولي أمر التلميذ فإن إدارة هذه المدرسة توافق على انتقاله إلــــــى
A61: مدرســــــة | P61: مدرســــــة | AE61: مدرســــــة | AT61: مدرســــــة
A62: يعتمد مديرالمدرسة | N62: يعتمد مكتب الامتحانات | P62: يعتمد مديرالمدرسة | AC62: يعتمد مكتب الامتحانات | AE62: يعتمد مديرالمدرسة | AR62: يعتمد مكتب الامتحانات | AT62: يعتمد مديرالمدرسة | BG62: يعتمد مكتب الامتحانات
A67: =A45-1 -> 12 | B67: دولة ليبيا | P67: =A67-5 -> 7 | Q67: دولة ليبيا | AE67: =P67-5 -> 2 | AF67: دولة ليبيا | AT67: =AE67-5 -> -3 | AU67: دولة ليبيا
A68: وزارة التعليم | P68: وزارة التعليم | AE68: وزارة التعليم | AT68: وزارة التعليم
A69: المركز الوطني للامتحانات | P69: المركز الوطني للامتحانات | AE69: المركز الوطني للامتحانات | AT69: المركز الوطني للامتحانات
A70: بطاقة تقدير الدرجات لمرحلة التعليم | K70: =ادخال1!$CM$7 -> الاساسي | P70: بطاقة تقدير الدرجات لمرحلة التعليم | Z70: =ادخال1!$CM$7 -> الاساسي | AE70: بطاقة تقدير الدرجات لمرحلة التعليم | AO70: =ادخال1!$CM$7 -> الاساسي | AT70: بطاقة تقدير الدرجات لمرحلة التعليم | BD70: =ادخال1!$CM$7 -> الاساسي
A71: للصف | G71: =ادخال1!$CK$5 -> الرابع | P71: للصف | V71: =ادخال1!$CK$5 -> الرابع | AE71: للصف | AK71: =ادخال1!$CK$5 -> الرابع | AT71: للصف | AZ71: =ادخال1!$CK$5 -> الرابع
A72: العام الدراسي | B72: =ادخال1!$CJ$8 -> 1447ـ/1448 هـ | F72: هجرية | H72: الموافق | J72: =ادخال1!$CK$8 -> 2026 /2025 | N72: ميلادية | P72: العام الدراسي | Q72: =ادخال1!$CJ$8 -> 1447ـ/1448 هـ | U72: هجرية | W72: الموافق | Y72: =ادخال1!$CK$8 -> 2026 /2025 | AC72: ميلادية | AE72: العام الدراسي | AF72: =ادخال1!$CJ$8 -> 1447ـ/1448 هـ | AJ72: هجرية | AL72: الموافق | AN72: =ادخال1!$CK$8 -> 2026 /2025 | AR72: ميلادية | AT72: العام الدراسي | AU72: =ادخال1!$CJ$8 -> 1447ـ/1448 هـ | AY72: هجرية | BA72: الموافق | BC72: =ادخال1!$CK$8 -> 2026 /2025 | BG72: ميلادية
A73: شؤون التعليم بمنطقة | B73: =ادخال1!$CK$4 -> تاجوراء | P73: شؤون التعليم بمنطقة | Q73: =ادخال1!$CK$4 -> تاجوراء | AE73: شؤون التعليم بمنطقة | AF73: =ادخال1!$CK$4 -> تاجوراء | AT73: شؤون التعليم بمنطقة | AU73: =ادخال1!$CK$4 -> تاجوراء
A74: مدرســــــــــــــــــــــة | B74: =ادخال1!$CI$6 -> سهول العلم للتعليم الخاص | J74: الكــــائنة بـ : | M74: =ادخال1!$CI$8 -> تاجوراء | P74: مدرســــــــــــــــــــــة | Q74: =ادخال1!$CI$6 -> سهول العلم للتعليم الخاص | Y74: الكــــائنة بـ : | AB74: =ادخال1!$CI$8 -> تاجوراء | AE74: مدرســــــــــــــــــــــة | AF74: =ادخال1!$CI$6 -> سهول العلم للتعليم الخاص | AN74: الكــــائنة بـ : | AQ74: =ادخال1!$CI$8 -> تاجوراء | AT74: مدرســــــــــــــــــــــة | AU74: =ادخال1!$CI$6 -> سهول العلم للتعليم الخاص | BC74: الكــــائنة بـ : | BF74: =ادخال1!$CI$8 -> تاجوراء
A75: اسم التلميذ بالكـــامل | B75: =IFERROR(VLOOKUP(A67,مسلسل,2,0),0) -> عبد الوهاب علي عبد الوهاب بودجاجة | C75: =IFERROR(VLOOKUP(B75,مسلسل,2,0),0) -> 0 | D75: =IFERROR(VLOOKUP(C75,مسلسل,2,0),0) -> 0 | E75: =IFERROR(VLOOKUP(D75,مسلسل,2,0),0) -> 0 | F75: =IFERROR(VLOOKUP(E75,مسلسل,2,0),0) -> 0 | G75: =IFERROR(VLOOKUP(F75,مسلسل,2,0),0) -> 0 | H75: =IFERROR(VLOOKUP(G75,مسلسل,2,0),0) -> 0 | I75: =IFERROR(VLOOKUP(H75,مسلسل,2,0),0) -> 0 | J75: اللقــــــــب | M75: =IFERROR(VLOOKUP(B75,اسماء,72,0),"") -> بودجاجة | P75: اسم التلميذ بالكـــامل | Q75: =IFERROR(VLOOKUP(P67,مسلسل,2,0),0) -> سالم عمر سالم التائب | R75: =IFERROR(VLOOKUP(Q75,مسلسل,2,0),0) -> 0 | S75: =IFERROR(VLOOKUP(R75,مسلسل,2,0),0) -> 0 | T75: =IFERROR(VLOOKUP(S75,مسلسل,2,0),0) -> 0 | U75: =IFERROR(VLOOKUP(T75,مسلسل,2,0),0) -> 0 | V75: =IFERROR(VLOOKUP(U75,مسلسل,2,0),0) -> 0 | W75: =IFERROR(VLOOKUP(V75,مسلسل,2,0),0) -> 0 | X75: =IFERROR(VLOOKUP(W75,مسلسل,2,0),0) -> 0 | Y75: اللقــــــــب | AB75: =IFERROR(VLOOKUP(Q75,اسماء,72,0),"") -> التائب | AE75: اسم التلميذ بالكـــامل | AF75: =IFERROR(VLOOKUP(AE67,مسلسل,2,0),0) -> أدم أحمد الفرجاني الترهوني | AG75: =IFERROR(VLOOKUP(AF75,مسلسل,2,0),0) -> 0 | AH75: =IFERROR(VLOOKUP(AG75,مسلسل,2,0),0) -> 0 | AI75: =IFERROR(VLOOKUP(AH75,مسلسل,2,0),0) -> 0 | AJ75: =IFERROR(VLOOKUP(AI75,مسلسل,2,0),0) -> 0 | AK75: =IFERROR(VLOOKUP(AJ75,مسلسل,2,0),0) -> 0 | AL75: =IFERROR(VLOOKUP(AK75,مسلسل,2,0),0) -> 0 | AM75: =IFERROR(VLOOKUP(AL75,مسلسل,2,0),0) -> 0 | AN75: اللقــــــــب | AQ75: =IFERROR(VLOOKUP(AF75,اسماء,72,0),"") -> الترهوني | AT75: اسم التلميذ بالكـــامل | AU75: =IFERROR(VLOOKUP(AT67,مسلسل,2,0),0) -> 0 | AV75: =IFERROR(VLOOKUP(AU75,مسلسل,2,0),0) -> 0 | AW75: =IFERROR(VLOOKUP(AV75,مسلسل,2,0),0) -> 0 | AX75: =IFERROR(VLOOKUP(AW75,مسلسل,2,0),0) -> 0 | AY75: =IFERROR(VLOOKUP(AX75,مسلسل,2,0),0) -> 0 | AZ75: =IFERROR(VLOOKUP(AY75,مسلسل,2,0),0) -> 0 | BA75: =IFERROR(VLOOKUP(AZ75,مسلسل,2,0),0) -> 0 | BB75: =IFERROR(VLOOKUP(BA75,مسلسل,2,0),0) -> 0 | BC75: اللقــــــــب | BF75: =IFERROR(VLOOKUP(AU75,اسماء,72,0),"")
A76: مكان وتاريخ الميلاد | B76: =IFERROR(VLOOKUP(B75,اسماء,85,0),"") -> ليبي | E76: =IFERROR(VLOOKUP(B75,اسماء,2,0),"") -> 42597 | I76: اسم الوالدة بالكامل | M76: =IFERROR(VLOOKUP(B75,اسماء,3,0),"") -> بشرى عبداللطيف بو غرارة | P76: مكان وتاريخ الميلاد | Q76: =IFERROR(VLOOKUP(Q75,اسماء,85,0),"") -> ليبي | T76: =IFERROR(VLOOKUP(Q75,اسماء,2,0),"") -> 42537 | X76: اسم الوالدة بالكامل | AB76: =IFERROR(VLOOKUP(Q75,اسماء,3,0),"") -> منية حسن عويدات | AE76: مكان وتاريخ الميلاد | AF76: =IFERROR(VLOOKUP(AF75,اسماء,85,0),"") -> ليبي | AI76: =IFERROR(VLOOKUP(AF75,اسماء,2,0),"") -> 42371 | AM76: اسم الوالدة بالكامل | AQ76: =IFERROR(VLOOKUP(AF75,اسماء,3,0),"") -> ريمة عثمان احمد مسعود | AT76: مكان وتاريخ الميلاد | AU76: =IFERROR(VLOOKUP(AU75,اسماء,85,0),"") | AX76: =IFERROR(VLOOKUP(AU75,اسماء,2,0),"") | BB76: اسم الوالدة بالكامل | BF76: =IFERROR(VLOOKUP(AU75,اسماء,3,0),"")
A77: الرقم الوطنــــــــــي | B77: =IFERROR(VLOOKUP(B75,اسماء,73,0),"") -> 3 | C77: =IFERROR(VLOOKUP(B75,اسماء,74,0),"") -> 5 | D77: =IFERROR(VLOOKUP(B75,اسماء,75,0),"") -> 1 | E77: =IFERROR(VLOOKUP(B75,اسماء,76,0),"") -> 8 | F77: =IFERROR(VLOOKUP(B75,اسماء,77,0),"") -> 4 | G77: =IFERROR(VLOOKUP(B75,اسماء,78,0),"") -> 0 | H77: =IFERROR(VLOOKUP(B75,اسماء,78,0),"") -> 0 | I77: =IFERROR(VLOOKUP(B75,اسماء,79,0),"") -> 1 | J77: =IFERROR(VLOOKUP(B75,اسماء,80,0),"") -> 6 | K77: =IFERROR(VLOOKUP(B75,اسماء,82,0),"") -> 0 | L77: =IFERROR(VLOOKUP(B75,اسماء,83,0),"") -> 2 | M77: =IFERROR(VLOOKUP(B75,اسماء,84,0),"") -> 1 | P77: الرقم الوطنــــــــــي | Q77: =IFERROR(VLOOKUP(Q75,اسماء,73,0),"") -> 3 | R77: =IFERROR(VLOOKUP(Q75,اسماء,74,0),"") -> 1 | S77: =IFERROR(VLOOKUP(Q75,اسماء,75,0),"") -> 9 | T77: =IFERROR(VLOOKUP(Q75,اسماء,76,0),"") -> 0 | U77: =IFERROR(VLOOKUP(Q75,اسماء,77,0),"") -> 3 | V77: =IFERROR(VLOOKUP(Q75,اسماء,78,0),"") -> 3 | W77: =IFERROR(VLOOKUP(Q75,اسماء,78,0),"") -> 3 | X77: =IFERROR(VLOOKUP(Q75,اسماء,79,0),"") -> 1 | Y77: =IFERROR(VLOOKUP(Q75,اسماء,80,0),"") -> 6 | Z77: =IFERROR(VLOOKUP(Q75,اسماء,82,0),"") -> 0 | AA77: =IFERROR(VLOOKUP(Q75,اسماء,83,0),"") -> 2 | AB77: =IFERROR(VLOOKUP(Q75,اسماء,84,0),"") -> 1 | AE77: الرقم الوطنــــــــــي | AF77: =IFERROR(VLOOKUP(AF75,اسماء,73,0),"") -> 9 | AG77: =IFERROR(VLOOKUP(AF75,اسماء,74,0),"") -> 1 | AH77: =IFERROR(VLOOKUP(AF75,اسماء,75,0),"") -> 5 | AI77: =IFERROR(VLOOKUP(AF75,اسماء,76,0),"") -> 7 | AJ77: =IFERROR(VLOOKUP(AF75,اسماء,77,0),"") -> 6 | AK77: =IFERROR(VLOOKUP(AF75,اسماء,78,0),"") -> 0 | AL77: =IFERROR(VLOOKUP(AF75,اسماء,78,0),"") -> 0 | AM77: =IFERROR(VLOOKUP(AF75,اسماء,79,0),"") -> 0 | AN77: =IFERROR(VLOOKUP(AF75,اسماء,80,0),"") -> 6 | AO77: =IFERROR(VLOOKUP(AF75,اسماء,82,0),"") -> 0 | AP77: =IFERROR(VLOOKUP(AF75,اسماء,83,0),"") -> 2 | AQ77: =IFERROR(VLOOKUP(AF75,اسماء,84,0),"") -> 1 | AT77: الرقم الوطنــــــــــي | AU77: =IFERROR(VLOOKUP(AU75,اسماء,73,0),"") | AV77: =IFERROR(VLOOKUP(AU75,اسماء,74,0),"") | AW77: =IFERROR(VLOOKUP(AU75,اسماء,75,0),"") | AX77: =IFERROR(VLOOKUP(AU75,اسماء,76,0),"") | AY77: =IFERROR(VLOOKUP(AU75,اسماء,77,0),"") | AZ77: =IFERROR(VLOOKUP(AU75,اسماء,78,0),"") | BA77: =IFERROR(VLOOKUP(AU75,اسماء,78,0),"") | BB77: =IFERROR(VLOOKUP(AU75,اسماء,79,0),"") | BC77: =IFERROR(VLOOKUP(AU75,اسماء,80,0),"") | BD77: =IFERROR(VLOOKUP(AU75,اسماء,82,0),"") | BE77: =IFERROR(VLOOKUP(AU75,اسماء,83,0),"") | BF77: =IFERROR(VLOOKUP(AU75,اسماء,84,0),"")
A78: جنسيـــــة التلمــــيذ | B78: =IFERROR(VLOOKUP(B75,اسماء,86,0),"") -> ليبي | G78: مستجد/ | I78: معيد | K78: =IFERROR(VLOOKUP(B75,اسماء,87,0),"") -> مستجد | P78: جنسيـــــة التلمــــيذ | Q78: =IFERROR(VLOOKUP(Q75,اسماء,86,0),"") -> ليبي | V78: مستجد/ | X78: معيد | Z78: =IFERROR(VLOOKUP(Q75,اسماء,87,0),"") -> مستجد | AE78: جنسيـــــة التلمــــيذ | AF78: =IFERROR(VLOOKUP(AF75,اسماء,86,0),"") -> ليبي | AK78: مستجد/ | AM78: معيد | AO78: =IFERROR(VLOOKUP(AF75,اسماء,87,0),"") -> مستجد | AT78: جنسيـــــة التلمــــيذ | AU78: =IFERROR(VLOOKUP(AU75,اسماء,86,0),"") | AZ78: مستجد/ | BB78: معيد | BD78: =IFERROR(VLOOKUP(AU75,اسماء,87,0),"")
A79: رائــــــد الصــــــف | B79: =IFERROR(VLOOKUP(B75,اسماء,89,0),"") -> سلسبيل الكاسح | G79: صفة القيد | K79: =IFERROR(VLOOKUP(B75,اسماء,88,0),"") -> نظامي | P79: رائــــــد الصــــــف | Q79: =IFERROR(VLOOKUP(Q75,اسماء,89,0),"") -> سلسبيل الكاسح | V79: صفة القيد | Z79: =IFERROR(VLOOKUP(Q75,اسماء,88,0),"") -> نظامي | AE79: رائــــــد الصــــــف | AF79: =IFERROR(VLOOKUP(AF75,اسماء,89,0),"") -> سلسبيل الكاسح | AK79: صفة القيد | AO79: =IFERROR(VLOOKUP(AF75,اسماء,88,0),"") -> نظامي | AT79: رائــــــد الصــــــف | AU79: =IFERROR(VLOOKUP(AU75,اسماء,89,0),"") | AZ79: صفة القيد | BD79: =IFERROR(VLOOKUP(AU75,اسماء,88,0),"")
A80: (يكتب اسم التلميذ مطابقاً لشهادة الميلاد) | P80: (يكتب اسم التلميذ مطابقاً لشهادة الميلاد) | AE80: (يكتب اسم التلميذ مطابقاً لشهادة الميلاد) | AT80: (يكتب اسم التلميذ مطابقاً لشهادة الميلاد)
A81: الانتقـــــــــال | P81: الانتقـــــــــال | AE81: الانتقـــــــــال | AT81: الانتقـــــــــال
A82: بناء على طلب ولي أمر التلميذ فإن إدارة هذه المدرسة توافق على انتقاله إلــــــى | P82: بناء على طلب ولي أمر التلميذ فإن إدارة هذه المدرسة توافق على انتقاله إلــــــى | AE82: بناء على طلب ولي أمر التلميذ فإن إدارة هذه المدرسة توافق على انتقاله إلــــــى | AT82: بناء على طلب ولي أمر التلميذ فإن إدارة هذه المدرسة توافق على انتقاله إلــــــى
A83: مدرســــــة | P83: مدرســــــة | AE83: مدرســــــة | AT83: مدرســــــة
A84: يعتمد مديرالمدرسة | N84: يعتمد مكتب الامتحانات | P84: يعتمد مديرالمدرسة | AC84: يعتمد مكتب الامتحانات | AE84: يعتمد مديرالمدرسة | AR84: يعتمد مكتب الامتحانات | AT84: يعتمد مديرالمدرسة | BG84: يعتمد مكتب الامتحانات
A89: =A67-1 -> 11 | B89: دولة ليبيا | P89: =A89-5 -> 6 | Q89: دولة ليبيا | AE89: =P89-5 -> 1 | AF89: دولة ليبيا | AT89: =AE89-5 -> -4 | AU89: دولة ليبيا
A90: وزارة التعليم | P90: وزارة التعليم | AE90: وزارة التعليم | AT90: وزارة التعليم
A91: المركز الوطني للامتحانات | P91: المركز الوطني للامتحانات | AE91: المركز الوطني للامتحانات | AT91: المركز الوطني للامتحانات
A92: بطاقة تقدير الدرجات لمرحلة التعليم | K92: =ادخال1!$CM$7 -> الاساسي | P92: بطاقة تقدير الدرجات لمرحلة التعليم | Z92: =ادخال1!$CM$7 -> الاساسي | AE92: بطاقة تقدير الدرجات لمرحلة التعليم | AO92: =ادخال1!$CM$7 -> الاساسي | AT92: بطاقة تقدير الدرجات لمرحلة التعليم | BD92: =ادخال1!$CM$7 -> الاساسي
A93: للصف | G93: =ادخال1!$CK$5 -> الرابع | P93: للصف | V93: =ادخال1!$CK$5 -> الرابع | AE93: للصف | AK93: =ادخال1!$CK$5 -> الرابع | AT93: للصف | AZ93: =ادخال1!$CK$5 -> الرابع
A94: العام الدراسي | B94: =ادخال1!$CJ$8 -> 1447ـ/1448 هـ | F94: هجرية | H94: الموافق | J94: =ادخال1!$CK$8 -> 2026 /2025 | N94: ميلادية | P94: العام الدراسي | Q94: =ادخال1!$CJ$8 -> 1447ـ/1448 هـ | U94: هجرية | W94: الموافق | Y94: =ادخال1!$CK$8 -> 2026 /2025 | AC94: ميلادية | AE94: العام الدراسي | AF94: =ادخال1!$CJ$8 -> 1447ـ/1448 هـ | AJ94: هجرية | AL94: الموافق | AN94: =ادخال1!$CK$8 -> 2026 /2025 | AR94: ميلادية | AT94: العام الدراسي | AU94: =ادخال1!$CJ$8 -> 1447ـ/1448 هـ | AY94: هجرية | BA94: الموافق | BC94: =ادخال1!$CK$8 -> 2026 /2025 | BG94: ميلادية
A95: شؤون التعليم بمنطقة | B95: =ادخال1!$CK$4 -> تاجوراء | P95: شؤون التعليم بمنطقة | Q95: =ادخال1!$CK$4 -> تاجوراء | AE95: شؤون التعليم بمنطقة | AF95: =ادخال1!$CK$4 -> تاجوراء | AT95: شؤون التعليم بمنطقة | AU95: =ادخال1!$CK$4 -> تاجوراء
A96: مدرســــــــــــــــــــــة | B96: =ادخال1!$CI$6 -> سهول العلم للتعليم الخاص | J96: الكــــائنة بـ : | M96: =ادخال1!$CI$8 -> تاجوراء | P96: مدرســــــــــــــــــــــة | Q96: =ادخال1!$CI$6 -> سهول العلم للتعليم الخاص | Y96: الكــــائنة بـ : | AB96: =ادخال1!$CI$8 -> تاجوراء | AE96: مدرســــــــــــــــــــــة | AF96: =ادخال1!$CI$6 -> سهول العلم للتعليم الخاص | AN96: الكــــائنة بـ : | AQ96: =ادخال1!$CI$8 -> تاجوراء | AT96: مدرســــــــــــــــــــــة | AU96: =ادخال1!$CI$6 -> سهول العلم للتعليم الخاص | BC96: الكــــائنة بـ : | BF96: =ادخال1!$CI$8 -> تاجوراء
A97: اسم التلميذ بالكـــامل | B97: =IFERROR(VLOOKUP(A89,مسلسل,2,0),0) -> عبد العزيز عبدالله محمد المغربي | C97: =IFERROR(VLOOKUP(B97,مسلسل,2,0),0) -> 0 | D97: =IFERROR(VLOOKUP(C97,مسلسل,2,0),0) -> 0 | E97: =IFERROR(VLOOKUP(D97,مسلسل,2,0),0) -> 0 | F97: =IFERROR(VLOOKUP(E97,مسلسل,2,0),0) -> 0 | G97: =IFERROR(VLOOKUP(F97,مسلسل,2,0),0) -> 0 | H97: =IFERROR(VLOOKUP(G97,مسلسل,2,0),0) -> 0 | I97: =IFERROR(VLOOKUP(H97,مسلسل,2,0),0) -> 0 | J97: اللقــــــــب | M97: =IFERROR(VLOOKUP(B97,اسماء,72,0),"") -> المغربي | P97: اسم التلميذ بالكـــامل | Q97: =IFERROR(VLOOKUP(P89,مسلسل,2,0),0) -> خديجة خليل محمد علي | R97: =IFERROR(VLOOKUP(Q97,مسلسل,2,0),0) -> 0 | S97: =IFERROR(VLOOKUP(R97,مسلسل,2,0),0) -> 0 | T97: =IFERROR(VLOOKUP(S97,مسلسل,2,0),0) -> 0 | U97: =IFERROR(VLOOKUP(T97,مسلسل,2,0),0) -> 0 | V97: =IFERROR(VLOOKUP(U97,مسلسل,2,0),0) -> 0 | W97: =IFERROR(VLOOKUP(V97,مسلسل,2,0),0) -> 0 | X97: =IFERROR(VLOOKUP(W97,مسلسل,2,0),0) -> 0 | Y97: اللقــــــــب | AB97: =IFERROR(VLOOKUP(Q97,اسماء,72,0),"") -> على | AE97: اسم التلميذ بالكـــامل | AF97: =IFERROR(VLOOKUP(AE89,مسلسل,2,0),0) -> أحمد نورالدين أحمد الذيب | AG97: =IFERROR(VLOOKUP(AF97,مسلسل,2,0),0) -> 0 | AH97: =IFERROR(VLOOKUP(AG97,مسلسل,2,0),0) -> 0 | AI97: =IFERROR(VLOOKUP(AH97,مسلسل,2,0),0) -> 0 | AJ97: =IFERROR(VLOOKUP(AI97,مسلسل,2,0),0) -> 0 | AK97: =IFERROR(VLOOKUP(AJ97,مسلسل,2,0),0) -> 0 | AL97: =IFERROR(VLOOKUP(AK97,مسلسل,2,0),0) -> 0 | AM97: =IFERROR(VLOOKUP(AL97,مسلسل,2,0),0) -> 0 | AN97: اللقــــــــب | AQ97: =IFERROR(VLOOKUP(AF97,اسماء,72,0),"") -> الذيب | AT97: اسم التلميذ بالكـــامل | AU97: =IFERROR(VLOOKUP(AT89,مسلسل,2,0),0) -> 0 | AV97: =IFERROR(VLOOKUP(AU97,مسلسل,2,0),0) -> 0 | AW97: =IFERROR(VLOOKUP(AV97,مسلسل,2,0),0) -> 0 | AX97: =IFERROR(VLOOKUP(AW97,مسلسل,2,0),0) -> 0 | AY97: =IFERROR(VLOOKUP(AX97,مسلسل,2,0),0) -> 0 | AZ97: =IFERROR(VLOOKUP(AY97,مسلسل,2,0),0) -> 0 | BA97: =IFERROR(VLOOKUP(AZ97,مسلسل,2,0),0) -> 0 | BB97: =IFERROR(VLOOKUP(BA97,مسلسل,2,0),0) -> 0 | BC97: اللقــــــــب | BF97: =IFERROR(VLOOKUP(AU97,اسماء,72,0),"")
A98: مكان وتاريخ الميلاد | B98: =IFERROR(VLOOKUP(B97,اسماء,85,0),"") -> ليبي | E98: =IFERROR(VLOOKUP(B97,اسماء,2,0),"") -> 42393 | I98: اسم الوالدة بالكامل | M98: =IFERROR(VLOOKUP(B97,اسماء,3,0),"") -> زينب إبراهيم النقراط | P98: مكان وتاريخ الميلاد | Q98: =IFERROR(VLOOKUP(Q97,اسماء,85,0),"") -> ليبي | T98: =IFERROR(VLOOKUP(Q97,اسماء,2,0),"") -> 42564 | X98: اسم الوالدة بالكامل | AB98: =IFERROR(VLOOKUP(Q97,اسماء,3,0),"") -> انتصار على على | AE98: مكان وتاريخ الميلاد | AF98: =IFERROR(VLOOKUP(AF97,اسماء,85,0),"") -> ليبي | AI98: =IFERROR(VLOOKUP(AF97,اسماء,2,0),"") -> 42388 | AM98: اسم الوالدة بالكامل | AQ98: =IFERROR(VLOOKUP(AF97,اسماء,3,0),"") -> امنه صالح المعداني | AT98: مكان وتاريخ الميلاد | AU98: =IFERROR(VLOOKUP(AU97,اسماء,85,0),"") | AX98: =IFERROR(VLOOKUP(AU97,اسماء,2,0),"") | BB98: اسم الوالدة بالكامل | BF98: =IFERROR(VLOOKUP(AU97,اسماء,3,0),"")
A99: الرقم الوطنــــــــــي | B99: =IFERROR(VLOOKUP(B97,اسماء,73,0),"") -> 9 | C99: =IFERROR(VLOOKUP(B97,اسماء,74,0),"") -> 8 | D99: =IFERROR(VLOOKUP(B97,اسماء,75,0),"") -> 1 | E99: =IFERROR(VLOOKUP(B97,اسماء,76,0),"") -> 1 | F99: =IFERROR(VLOOKUP(B97,اسماء,77,0),"") -> 4 | G99: =IFERROR(VLOOKUP(B97,اسماء,78,0),"") -> 1 | H99: =IFERROR(VLOOKUP(B97,اسماء,78,0),"") -> 1 | I99: =IFERROR(VLOOKUP(B97,اسماء,79,0),"") -> 0 | J99: =IFERROR(VLOOKUP(B97,اسماء,80,0),"") -> 6 | K99: =IFERROR(VLOOKUP(B97,اسماء,82,0),"") -> 0 | L99: =IFERROR(VLOOKUP(B97,اسماء,83,0),"") -> 2 | M99: =IFERROR(VLOOKUP(B97,اسماء,84,0),"") -> 1 | P99: الرقم الوطنــــــــــي | Q99: =IFERROR(VLOOKUP(Q97,اسماء,73,0),"") -> 7 | R99: =IFERROR(VLOOKUP(Q97,اسماء,74,0),"") -> 2 | S99: =IFERROR(VLOOKUP(Q97,اسماء,75,0),"") -> 7 | T99: =IFERROR(VLOOKUP(Q97,اسماء,76,0),"") -> 1 | U99: =IFERROR(VLOOKUP(Q97,اسماء,77,0),"") -> 1 | V99: =IFERROR(VLOOKUP(Q97,اسماء,78,0),"") -> 3 | W99: =IFERROR(VLOOKUP(Q97,اسماء,78,0),"") -> 3 | X99: =IFERROR(VLOOKUP(Q97,اسماء,79,0),"") -> 0 | Y99: =IFERROR(VLOOKUP(Q97,اسماء,80,0),"") -> 6 | Z99: =IFERROR(VLOOKUP(Q97,اسماء,82,0),"") -> 0 | AA99: =IFERROR(VLOOKUP(Q97,اسماء,83,0),"") -> 2 | AB99: =IFERROR(VLOOKUP(Q97,اسماء,84,0),"") -> 2 | AE99: الرقم الوطنــــــــــي | AF99: =IFERROR(VLOOKUP(AF97,اسماء,73,0),"") -> 2 | AG99: =IFERROR(VLOOKUP(AF97,اسماء,74,0),"") -> 2 | AH99: =IFERROR(VLOOKUP(AF97,اسماء,75,0),"") -> 8 | AI99: =IFERROR(VLOOKUP(AF97,اسماء,76,0),"") -> 4 | AJ99: =IFERROR(VLOOKUP(AF97,اسماء,77,0),"") -> 7 | AK99: =IFERROR(VLOOKUP(AF97,اسماء,78,0),"") -> 2 | AL99: =IFERROR(VLOOKUP(AF97,اسماء,78,0),"") -> 2 | AM99: =IFERROR(VLOOKUP(AF97,اسماء,79,0),"") -> 1 | AN99: =IFERROR(VLOOKUP(AF97,اسماء,80,0),"") -> 6 | AO99: =IFERROR(VLOOKUP(AF97,اسماء,82,0),"") -> 0 | AP99: =IFERROR(VLOOKUP(AF97,اسماء,83,0),"") -> 2 | AQ99: =IFERROR(VLOOKUP(AF97,اسماء,84,0),"") -> 1 | AT99: الرقم الوطنــــــــــي | AU99: =IFERROR(VLOOKUP(AU97,اسماء,73,0),"") | AV99: =IFERROR(VLOOKUP(AU97,اسماء,74,0),"") | AW99: =IFERROR(VLOOKUP(AU97,اسماء,75,0),"") | AX99: =IFERROR(VLOOKUP(AU97,اسماء,76,0),"") | AY99: =IFERROR(VLOOKUP(AU97,اسماء,77,0),"") | AZ99: =IFERROR(VLOOKUP(AU97,اسماء,78,0),"") | BA99: =IFERROR(VLOOKUP(AU97,اسماء,78,0),"") | BB99: =IFERROR(VLOOKUP(AU97,اسماء,79,0),"") | BC99: =IFERROR(VLOOKUP(AU97,اسماء,80,0),"") | BD99: =IFERROR(VLOOKUP(AU97,اسماء,82,0),"") | BE99: =IFERROR(VLOOKUP(AU97,اسماء,83,0),"") | BF99: =IFERROR(VLOOKUP(AU97,اسماء,84,0),"")
A100: جنسيـــــة التلمــــيذ | B100: =IFERROR(VLOOKUP(B97,اسماء,86,0),"") -> ليبي | G100: مستجد/ | I100: معيد | K100: =IFERROR(VLOOKUP(B97,اسماء,87,0),"") -> مستجد | P100: جنسيـــــة التلمــــيذ | Q100: =IFERROR(VLOOKUP(Q97,اسماء,86,0),"") -> ليبية | V100: مستجد/ | X100: معيد | Z100: =IFERROR(VLOOKUP(Q97,اسماء,87,0),"") -> مستجد | AE100: جنسيـــــة التلمــــيذ | AF100: =IFERROR(VLOOKUP(AF97,اسماء,86,0),"") -> ليبي | AK100: مستجد/ | AM100: معيد | AO100: =IFERROR(VLOOKUP(AF97,اسماء,87,0),"") -> مستجد | AT100: جنسيـــــة التلمــــيذ | AU100: =IFERROR(VLOOKUP(AU97,اسماء,86,0),"") | AZ100: مستجد/ | BB100: معيد | BD100: =IFERROR(VLOOKUP(AU97,اسماء,87,0),"")
A101: رائــــــد الصــــــف | B101: =IFERROR(VLOOKUP(B97,اسماء,89,0),"") -> سلسبيل الكاسح | G101: صفة القيد | K101: =IFERROR(VLOOKUP(B97,اسماء,88,0),"") -> نظامي | P101: رائــــــد الصــــــف | Q101: =IFERROR(VLOOKUP(Q97,اسماء,89,0),"") -> سلسبيل الكاسح | V101: صفة القيد | Z101: =IFERROR(VLOOKUP(Q97,اسماء,88,0),"") -> نظامي | AE101: رائــــــد الصــــــف | AF101: =IFERROR(VLOOKUP(AF97,اسماء,89,0),"") -> سلسبيل الكاسح | AK101: صفة القيد | AO101: =IFERROR(VLOOKUP(AF97,اسماء,88,0),"") -> نظامي | AT101: رائــــــد الصــــــف | AU101: =IFERROR(VLOOKUP(AU97,اسماء,89,0),"") | AZ101: صفة القيد | BD101: =IFERROR(VLOOKUP(AU97,اسماء,88,0),"")
A102: (يكتب اسم التلميذ مطابقاً لشهادة الميلاد) | P102: (يكتب اسم التلميذ مطابقاً لشهادة الميلاد) | AE102: (يكتب اسم التلميذ مطابقاً لشهادة الميلاد) | AT102: (يكتب اسم التلميذ مطابقاً لشهادة الميلاد)
A103: الانتقـــــــــال | P103: الانتقـــــــــال | AE103: الانتقـــــــــال | AT103: الانتقـــــــــال
A104: بناء على طلب ولي أمر التلميذ فإن إدارة هذه المدرسة توافق على انتقاله إلــــــى | P104: بناء على طلب ولي أمر التلميذ فإن إدارة هذه المدرسة توافق على انتقاله إلــــــى | AE104: بناء على طلب ولي أمر التلميذ فإن إدارة هذه المدرسة توافق على انتقاله إلــــــى | AT104: بناء على طلب ولي أمر التلميذ فإن إدارة هذه المدرسة توافق على انتقاله إلــــــى
A105: مدرســــــة | P105: مدرســــــة | AE105: مدرســــــة | AT105: مدرســــــة
A106: يعتمد مديرالمدرسة | N106: يعتمد مكتب الامتحانات | P106: يعتمد مديرالمدرسة | AC106: يعتمد مكتب الامتحانات | AE106: يعتمد مديرالمدرسة | AR106: يعتمد مكتب الامتحانات | AT106: يعتمد مديرالمدرسة | BG106: يعتمد مكتب الامتحانات

Sheet الرئيسية

Sheet صحيفة الفترات
A1: بطاقة تقدير الدرجات للصــــف | D1: =ادخال1!$N$4 -> الرابع | F1: من التعليم الأساسي | J1: 15 | L1: بطاقة تقدير الدرجات للصــــف | O1: =ادخال1!$N$4 -> الرابع | Q1: من التعليم الأساسي | U1: 15 | W1: بطاقة تقدير الدرجات للصــــف | Z1: =ادخال1!$N$4 -> الرابع | AB1: من التعليم الأساسي | AF1: =U1+5 -> 20 | AH1: بطاقة تقدير الدرجات للصــــف | AK1: =ادخال1!$N$4 -> الرابع | AM1: من التعليم الأساسي | AQ1: =AF1+5 -> 25
A2: المدرسة/ | B2: =ادخال1!$B$5 -> سهول العلم للتعليم الخاص | F2: الاسم | G2: =H17 -> مصطفى طارق فتحي الختال | M2: =ادخال1!$B$5 -> سهول العلم للتعليم الخاص | Q2: الاسم | R2: =S17 -> مصطفى طارق فتحي الختال | W2: المدرسة/ | X2: =ادخال1!$B$5 -> سهول العلم للتعليم الخاص | AB2: الاسم | AC2: =AD17 -> 0 | AH2: المدرسة/ | AI2: =ادخال1!$B$5 -> سهول العلم للتعليم الخاص | AM2: الاسم | AN2: =AO17 -> 0
A3: الفترات | B3: عدد الحصص | C3: الفترة الأولي 30 % | E3: الفترة الثانية 30 % | H3: ملاحظــات عن نتيجة التلميذ خلال كل فترة : | L3: الفترات | M3: عدد الحصص | N3: الفترة الأولي 30 % | P3: الفترة الثانية 30 % | S3: ملاحظــات عن نتيجة التلميذ خلال كل فترة : | W3: الفترات | X3: عدد الحصص | Y3: الفترة الأولي 30 % | AA3: الفترة الثانية 30 % | AD3: ملاحظــات عن نتيجة التلميذ خلال كل فترة : | AH3: الفترات | AI3: عدد الحصص | AJ3: الفترة الأولي 30 % | AL3: الفترة الثانية 30 % | AO3: ملاحظــات عن نتيجة التلميذ خلال كل فترة :
A4: المواد الدراسية | C4: الدرجة الكبرى | D4: درجة التلميذ | E4: الدرجة الكبرى | F4: درجة التلميذ | H4: الأولي : | I4: =IF(D13=0,"",IF(AND(D5>=C5*0.4,D6>=C6*0.4,D10>=C10*0.4,D11>=C11*0.4,D12>=C12*0.4,D7>=C7*0.4,D8>=C8*0.4,D9>=C9*0.4),LOOKUP(D13,'النتيجة النهائية'!$AF$6:$AG$10),"ضعيف ويحتاج الى اهتمام في المواد")) -> مقبول | L4: المواد الدراسية | N4: الدرجة الكبرى | O4: درجة التلميذ | P4: الدرجة الكبرى | Q4: درجة التلميذ | S4: الأولي : | T4: =IF(O13=0,"",IF(AND(O5>=N5*0.4,O6>=N6*0.4,O10>=N10*0.4,O11>=N11*0.4,O12>=N12*0.4,O7>=N7*0.4,O8>=N8*0.4,O9>=N9*0.4),LOOKUP(O13,'النتيجة النهائية'!$AF$6:$AG$10),"ضعيف ويحتاج الى اهتمام في المواد")) -> مقبول | W4: المواد الدراسية | Y4: الدرجة الكبرى | Z4: درجة التلميذ | AA4: الدرجة الكبرى | AB4: درجة التلميذ | AD4: الأولي : | AE4: =IF(Z13=0,"",IF(AND(Z5>=Y5*0.4,Z6>=Y6*0.4,Z10>=Y10*0.4,Z11>=Y11*0.4,Z12>=Y12*0.4,Z7>=Y7*0.4,Z8>=Y8*0.4,Z9>=Y9*0.4),LOOKUP(Z13,'النتيجة النهائية'!$AF$6:$AG$10),"ضعيف ويحتاج الى اهتمام في المواد")) | AH4: المواد الدراسية | AJ4: الدرجة الكبرى | AK4: درجة التلميذ | AL4: الدرجة الكبرى | AM4: درجة التلميذ | AO4: الأولي : | AP4: =IF(AK13=0,"",IF(AND(AK5>=AJ5*0.4,AK6>=AJ6*0.4,AK10>=AJ10*0.4,AK11>=AJ11*0.4,AK12>=AJ12*0.4,AK7>=AJ7*0.4,AK8>=AJ8*0.4,AK9>=AJ9*0.4),LOOKUP(AK13,'النتيجة النهائية'!$AF$6:$AG$10),"ضعيف ويحتاج الى اهتمام في المواد"))
A5: =ادخال1!$F$9 -> التربية الإسلامية | B5: =ادخال1!$F$7 -> 3 | C5: =40*B5*0.3 -> 36 | D5: =IFERROR(VLOOKUP(H17,اسماء,5,0),"") -> 24 | E5: =40*B5*0.3 -> 36 | F5: =IFERROR(VLOOKUP(H17,اسماء,18,0),"") -> 0 | H5: =IF(D5=0,"",IF(D5<C5*0.4,A5,"")) | I5: =IF(D6=0,"",IF(D6<C6*0.4,A6,"")) | J5: =IF(D7=0,"",IF(D7<C7*0.4,A7,"")) | L5: =ادخال1!$F$9 -> التربية الإسلامية | M5: =ادخال1!$F$7 -> 3 | N5: =40*M5*0.3 -> 36 | O5: =IFERROR(VLOOKUP(S17,اسماء,5,0),"") -> 24 | P5: =40*M5*0.3 -> 36 | Q5: =IFERROR(VLOOKUP(S17,اسماء,18,0),"") -> 0 | S5: =IF(O5=0,"",IF(O5<N5*0.4,L5,"")) | T5: =IF(O6=0,"",IF(O6<N6*0.4,L6,"")) | U5: =IF(O7=0,"",IF(O7<N7*0.4,L7,"")) | W5: =ادخال1!$F$9 -> التربية الإسلامية | X5: =ادخال1!$F$7 -> 3 | Y5: =40*X5*0.3 -> 36 | Z5: =IFERROR(VLOOKUP(AD17,اسماء,5,0),"") | AA5: =40*X5*0.3 -> 36 | AB5: =IFERROR(VLOOKUP(AD17,اسماء,18,0),"") | AD5: =IF(Z5=0,"",IF(Z5<Y5*0.4,W5,"")) | AE5: =IF(Z6=0,"",IF(Z6<Y6*0.4,W6,"")) | AF5: =IF(Z7=0,"",IF(Z7<Y7*0.4,W7,"")) | AH5: =ادخال1!$F$9 -> التربية الإسلامية | AI5: =ادخال1!$F$7 -> 3 | AJ5: =40*AI5*0.3 -> 36 | AK5: =IFERROR(VLOOKUP(AO17,اسماء,5,0),"") | AL5: =40*AI5*0.3 -> 36 | AM5: =IFERROR(VLOOKUP(AO17,اسماء,18,0),"") | AO5: =IF(AK5=0,"",IF(AK5<AJ5*0.4,AH5,"")) | AP5: =IF(AK6=0,"",IF(AK6<AJ6*0.4,AH6,"")) | AQ5: =IF(AK7=0,"",IF(AK7<AJ7*0.4,AH7,""))
A6: =ادخال1!$G$9 -> اللغة العربية | B6: =ادخال1!$G$7 -> 4 | C6: =40*B6*0.3 -> 48 | D6: =IFERROR(VLOOKUP(H17,اسماء,6,0),"") -> 24 | E6: =40*B6*0.3 -> 48 | F6: =IFERROR(VLOOKUP(H17,اسماء,19,0),"") -> 0 | H6: =IF(D8=0,"",IF(D10<C10*0.4,A8,"")) | I6: =IF(D12=0,"",IF(D12<C12*0.4,A9,"")) | J6: =IF(D9=0,"",IF(D9<C9*0.4,A10,"")) | L6: =ادخال1!$G$9 -> اللغة العربية | M6: =ادخال1!$G$7 -> 4 | N6: =40*M6*0.3 -> 48 | O6: =IFERROR(VLOOKUP(S17,اسماء,6,0),"") -> 24 | P6: =40*M6*0.3 -> 48 | Q6: =IFERROR(VLOOKUP(S17,اسماء,19,0),"") -> 0 | S6: =IF(O10=0,"",IF(O10<N10*0.4,L8,"")) | T6: =IF(O12=0,"",IF(O12<N12*0.4,L9,"")) | U6: =IF(O9=0,"",IF(O9<N9*0.4,L10,"")) | W6: =ادخال1!$G$9 -> اللغة العربية | X6: =ادخال1!$G$7 -> 4 | Y6: =40*X6*0.3 -> 48 | Z6: =IFERROR(VLOOKUP(AD17,اسماء,6,0),"") | AA6: =40*X6*0.3 -> 48 | AB6: =IFERROR(VLOOKUP(AD17,اسماء,19,0),"") | AD6: =IF(Z10=0,"",IF(Z10<Y10*0.4,W8,"")) | AE6: =IF(Z12=0,"",IF(Z12<Y12*0.4,W9,"")) | AF6: =IF(Z9=0,"",IF(Z9<Y9*0.4,W10,"")) | AH6: =ادخال1!$G$9 -> اللغة العربية | AI6: =ادخال1!$G$7 -> 4 | AJ6: =40*AI6*0.3 -> 48 | AK6: =IFERROR(VLOOKUP(AO17,اسماء,6,0),"") | AL6: =40*AI6*0.3 -> 48 | AM6: =IFERROR(VLOOKUP(AO17,اسماء,19,0),"") | AO6: =IF(AK10=0,"",IF(AK10<AJ10*0.4,AH8,"")) | AP6: =IF(AK12=0,"",IF(AK12<AJ12*0.4,AH9,"")) | AQ6: =IF(AK9=0,"",IF(AK9<AJ9*0.4,AH10,""))
A7: =ادخال1!$H$9 -> الكتابة | B7: =ادخال1!$H$7 -> 2 | C7: =40*B7*0.3 -> 24 | D7: =IFERROR(VLOOKUP(H17,اسماء,7,0),"") -> 15 | E7: =40*B7*0.3 -> 24 | F7: =IFERROR(VLOOKUP(H17,اسماء,20,0),"") -> 0 | H7: =IF(D11=0,"",IF(D11<C11*0.4,A11,"")) | I7: =IF(D12=0,"",IF(D12<C12*0.4,A12,"")) | L7: =ادخال1!$H$9 -> الكتابة | M7: =ادخال1!$H$7 -> 2 | N7: =40*M7*0.3 -> 24 | O7: =IFERROR(VLOOKUP(S17,اسماء,7,0),"") -> 15 | P7: =40*M7*0.3 -> 24 | Q7: =IFERROR(VLOOKUP(S17,اسماء,20,0),"") -> 0 | S7: =IF(O11=0,"",IF(O11<N11*0.4,L11,"")) | T7: =IF(O12=0,"",IF(O12<N12*0.4,L12,"")) | W7: =ادخال1!$H$9 -> الكتابة | X7: =ادخال1!$H$7 -> 2 | Y7: =40*X7*0.3 -> 24 | Z7: =IFERROR(VLOOKUP(AD17,اسماء,7,0),"") | AA7: =40*X7*0.3 -> 24 | AB7: =IFERROR(VLOOKUP(AD17,اسماء,20,0),"") | AD7: =IF(Z11=0,"",IF(Z11<Y11*0.4,W11,"")) | AE7: =IF(Z12=0,"",IF(Z12<Y12*0.4,W12,"")) | AH7: =ادخال1!$H$9 -> الكتابة | AI7: =ادخال1!$H$7 -> 2 | AJ7: =40*AI7*0.3 -> 24 | AK7: =IFERROR(VLOOKUP(AO17,اسماء,7,0),"") | AL7: =40*AI7*0.3 -> 24 | AM7: =IFERROR(VLOOKUP(AO17,اسماء,20,0),"") | AO7: =IF(AK11=0,"",IF(AK11<AJ11*0.4,AH11,"")) | AP7: =IF(AK12=0,"",IF(AK12<AJ12*0.4,AH12,""))
A8: =ادخال1!$I$9 -> اللغة الإنجليزية | B8: =ادخال1!$I$7 -> 3 | C8: =40*B8*0.3 -> 36 | D8: =IFERROR(VLOOKUP(H17,اسماء,8,0),"") -> 28 | E8: =40*B8*0.3 -> 36 | F8: =IFERROR(VLOOKUP(H17,اسماء,21,0),"") -> 0 | H8: الثانية :- | I8: =IF(F13=0,"",IF(AND(F5>=E5*0.4,F6>=E6*0.4,F10>=E10*0.4,F11>=E11*0.4,F12>=E12*0.4,F7>=E7*0.4,F8>=E8*0.4,F9>=E9*0.4),LOOKUP(F13,'النتيجة النهائية'!$AF$6:$AG$10),"ضعيف ويحتاج الى اهتمام في المواد")) | L8: =ادخال1!$I$9 -> اللغة الإنجليزية | M8: =ادخال1!$I$7 -> 3 | N8: =40*M8*0.3 -> 36 | O8: =IFERROR(VLOOKUP(S17,اسماء,8,0),"") -> 28 | P8: =40*M8*0.3 -> 36 | Q8: =IFERROR(VLOOKUP(S17,اسماء,21,0),"") -> 0 | S8: الثانية :- | T8: =IF(Q13=0,"",IF(AND(Q5>=P5*0.4,Q6>=P6*0.4,Q10>=P10*0.4,Q11>=P11*0.4,Q12>=P12*0.4,Q7>=P7*0.4,Q8>=P8*0.4,Q9>=P9*0.4),LOOKUP(Q13,'النتيجة النهائية'!$AF$6:$AG$10),"ضعيف ويحتاج الى اهتمام في المواد")) | W8: =ادخال1!$I$9 -> اللغة الإنجليزية | X8: =ادخال1!$I$7 -> 3 | Y8: =40*X8*0.3 -> 36 | Z8: =IFERROR(VLOOKUP(AD17,اسماء,8,0),"") | AA8: =40*X8*0.3 -> 36 | AB8: =IFERROR(VLOOKUP(AD17,اسماء,21,0),"") | AD8: الثانية :- | AE8: =IF(AB13=0,"",IF(AND(AB5>=AA5*0.4,AB6>=AA6*0.4,AB10>=AA10*0.4,AB11>=AA11*0.4,AB12>=AA12*0.4,AB7>=AA7*0.4,AB8>=AA8*0.4,AB9>=AA9*0.4),LOOKUP(AB13,'النتيجة النهائية'!$AF$6:$AG$10),"ضعيف ويحتاج الى اهتمام في المواد")) | AH8: =ادخال1!$I$9 -> اللغة الإنجليزية | AI8: =ادخال1!$I$7 -> 3 | AJ8: =40*AI8*0.3 -> 36 | AK8: =IFERROR(VLOOKUP(AO17,اسماء,8,0),"") | AL8: =40*AI8*0.3 -> 36 | AM8: =IFERROR(VLOOKUP(AO17,اسماء,21,0),"") | AO8: الثانية :- | AP8: =IF(AM13=0,"",IF(AND(AM5>=AL5*0.4,AM6>=AL6*0.4,AM10>=AL10*0.4,AM11>=AL11*0.4,AM12>=AL12*0.4,AM7>=AL7*0.4,AM8>=AL8*0.4,AM9>=AL9*0.4),LOOKUP(AM13,'النتيجة النهائية'!$AF$6:$AG$10),"ضعيف ويحتاج الى اهتمام في المواد"))
A9: =ادخال1!$J$9 -> الحاسوب | B9: =ادخال1!$J$7 -> 1 | C9: =40*B9*0.3 -> 12 | D9: =IFERROR(VLOOKUP(H17,اسماء,9,0),"") -> 9 | E9: =40*B9*0.3 -> 12 | F9: =IFERROR(VLOOKUP(H17,اسماء,22,0),"") -> 0 | L9: =ادخال1!$J$9 -> الحاسوب | M9: =ادخال1!$J$7 -> 1 | N9: =40*M9*0.3 -> 12 | O9: =IFERROR(VLOOKUP(S17,اسماء,9,0),"") -> 9 | P9: =40*M9*0.3 -> 12 | Q9: =IFERROR(VLOOKUP(S17,اسماء,22,0),"") -> 0 | W9: =ادخال1!$J$9 -> الحاسوب | X9: =ادخال1!$J$7 -> 1 | Y9: =40*X9*0.3 -> 12 | Z9: =IFERROR(VLOOKUP(AD17,اسماء,9,0),"") | AA9: =40*X9*0.3 -> 12 | AB9: =IFERROR(VLOOKUP(AD17,اسماء,22,0),"") | AH9: =ادخال1!$J$9 -> الحاسوب | AI9: =ادخال1!$J$7 -> 1 | AJ9: =40*AI9*0.3 -> 12 | AK9: =IFERROR(VLOOKUP(AO17,اسماء,9,0),"") | AL9: =40*AI9*0.3 -> 12 | AM9: =IFERROR(VLOOKUP(AO17,اسماء,22,0),"")
A10: =ادخال1!$K$9 -> الرياضيات | B10: =ادخال1!$K$7 -> 5 | C10: =40*B10*0.3 -> 60 | D10: =IFERROR(VLOOKUP(H17,اسماء,10,0),"") -> 30 | E10: =40*B10*0.3 -> 60 | F10: =IFERROR(VLOOKUP(H17,اسماء,23,0),"") -> 0 | H10: =IF(F5=0,"",IF(F5<E5*0.4,A5,"")) | I10: =IF(F6=0,"",IF(F6<E6*0.4,A6,"")) | J10: =IF(F7=0,"",IF(F7<E7*0.4,A7,"")) | L10: =ادخال1!$K$9 -> الرياضيات | M10: =ادخال1!$K$7 -> 5 | N10: =40*M10*0.3 -> 60 | O10: =IFERROR(VLOOKUP(S17,اسماء,10,0),"") -> 30 | P10: =40*M10*0.3 -> 60 | Q10: =IFERROR(VLOOKUP(S17,اسماء,23,0),"") -> 0 | S10: =IF(Q5=0,"",IF(Q5<P5*0.4,L5,"")) | T10: =IF(Q6=0,"",IF(Q6<P6*0.4,L6,"")) | U10: =IF(Q7=0,"",IF(Q7<P7*0.4,L7,"")) | W10: =ادخال1!$K$9 -> الرياضيات | X10: =ادخال1!$K$7 -> 5 | Y10: =40*X10*0.3 -> 60 | Z10: =IFERROR(VLOOKUP(AD17,اسماء,10,0),"") | AA10: =40*X10*0.3 -> 60 | AB10: =IFERROR(VLOOKUP(AD17,اسماء,23,0),"") | AD10: =IF(AB5=0,"",IF(AB5<AA5*0.4,W5,"")) | AE10: =IF(AB6=0,"",IF(AB6<AA6*0.4,W6,"")) | AF10: =IF(AB7=0,"",IF(AB7<AA7*0.4,W7,"")) | AH10: =ادخال1!$K$9 -> الرياضيات | AI10: =ادخال1!$K$7 -> 5 | AJ10: =40*AI10*0.3 -> 60 | AK10: =IFERROR(VLOOKUP(AO17,اسماء,10,0),"") | AL10: =40*AI10*0.3 -> 60 | AM10: =IFERROR(VLOOKUP(AO17,اسماء,23,0),"") | AO10: =IF(AM5=0,"",IF(AM5<AL5*0.4,AH5,"")) | AP10: =IF(AM6=0,"",IF(AM6<AL6*0.4,AH6,"")) | AQ10: =IF(AM7=0,"",IF(AM7<AL7*0.4,AH7,""))
A11: =ادخال1!$L$9 -> العلوم | B11: =ادخال1!$L$7 -> 3 | C11: =40*B11*0.3 -> 36 | D11: =IFERROR(VLOOKUP(H17,اسماء,11,0),"") -> 35 | E11: =40*B11*0.3 -> 36 | F11: =IFERROR(VLOOKUP(H17,اسماء,24,0),"") -> 0 | H11: =IF(F8=0,"",IF(F8<E8*0.4,A8,"")) | I11: =IF(F9=0,"",IF(F9<E9*0.4,A9,"")) | J11: =IF(F10=0,"",IF(F10<E10*0.4,A10,"")) | L11: =ادخال1!$L$9 -> العلوم | M11: =ادخال1!$L$7 -> 3 | N11: =40*M11*0.3 -> 36 | O11: =IFERROR(VLOOKUP(S17,اسماء,11,0),"") -> 35 | P11: =40*M11*0.3 -> 36 | Q11: =IFERROR(VLOOKUP(S17,اسماء,24,0),"") -> 0 | S11: =IF(Q8=0,"",IF(Q8<P8*0.4,L8,"")) | T11: =IF(Q9=0,"",IF(Q9<P9*0.4,L9,"")) | U11: =IF(Q10=0,"",IF(Q10<P10*0.4,L10,"")) | W11: =ادخال1!$L$9 -> العلوم | X11: =ادخال1!$L$7 -> 3 | Y11: =40*X11*0.3 -> 36 | Z11: =IFERROR(VLOOKUP(AD17,اسماء,11,0),"") | AA11: =40*X11*0.3 -> 36 | AB11: =IFERROR(VLOOKUP(AD17,اسماء,24,0),"") | AD11: =IF(AB8=0,"",IF(AB8<AA8*0.4,W8,"")) | AE11: =IF(AB9=0,"",IF(AB9<AA9*0.4,W9,"")) | AF11: =IF(AB10=0,"",IF(AB10<AA10*0.4,W10,"")) | AH11: =ادخال1!$L$9 -> العلوم | AI11: =ادخال1!$L$7 -> 3 | AJ11: =40*AI11*0.3 -> 36 | AK11: =IFERROR(VLOOKUP(AO17,اسماء,11,0),"") | AL11: =40*AI11*0.3 -> 36 | AM11: =IFERROR(VLOOKUP(AO17,اسماء,24,0),"") | AO11: =IF(AM8=0,"",IF(AM8<AL8*0.4,AH8,"")) | AP11: =IF(AM9=0,"",IF(AM9<AL9*0.4,AH9,"")) | AQ11: =IF(AM10=0,"",IF(AM10<AL10*0.4,AH10,""))
A12: =ادخال1!$M$9 -> الاجتماعيات | B12: =ادخال1!$M$7 -> 2 | C12: =40*B12*0.3 -> 24 | D12: =IFERROR(VLOOKUP(H17,اسماء,12,0),"") -> 14 | E12: =40*B12*0.3 -> 24 | F12: =IFERROR(VLOOKUP(H17,اسماء,25,0),"") -> 0 | H12: =IF(F11=0,"",IF(F11<E11*0.4,A11,"")) | I12: =IF(F12=0,"",IF(F12<E12*0.4,A12,"")) | L12: =ادخال1!$M$9 -> الاجتماعيات | M12: =ادخال1!$M$7 -> 2 | N12: =40*M12*0.3 -> 24 | O12: =IFERROR(VLOOKUP(S17,اسماء,12,0),"") -> 14 | P12: =40*M12*0.3 -> 24 | Q12: =IFERROR(VLOOKUP(S17,اسماء,25,0),"") -> 0 | S12: =IF(Q11=0,"",IF(Q11<P11*0.4,L11,"")) | T12: =IF(Q12=0,"",IF(Q12<P12*0.4,L12,"")) | W12: =ادخال1!$M$9 -> الاجتماعيات | X12: =ادخال1!$M$7 -> 2 | Y12: =40*X12*0.3 -> 24 | Z12: =IFERROR(VLOOKUP(AD17,اسماء,12,0),"") | AA12: =40*X12*0.3 -> 24 | AB12: =IFERROR(VLOOKUP(AD17,اسماء,25,0),"") | AD12: =IF(AB11=0,"",IF(AB11<AA11*0.4,W11,"")) | AE12: =IF(AB12=0,"",IF(AB12<AA12*0.4,W12,"")) | AH12: =ادخال1!$M$9 -> الاجتماعيات | AI12: =ادخال1!$M$7 -> 2 | AJ12: =40*AI12*0.3 -> 24 | AK12: =IFERROR(VLOOKUP(AO17,اسماء,12,0),"") | AL12: =40*AI12*0.3 -> 24 | AM12: =IFERROR(VLOOKUP(AO17,اسماء,25,0),"") | AO12: =IF(AM11=0,"",IF(AM11<AL11*0.4,AH11,"")) | AP12: =IF(AM12=0,"",IF(AM12<AL12*0.4,AH12,""))
A13: المجموع العـام | C13: =SUM(C5:C12) -> 276 | D13: =SUM(D5:D12) -> 179 | E13: =SUM(E5:E12) -> 276 | F13: =SUM(F5:F12) -> 0 | H13: مدير المدرسة/ | I13: =ادخال1!$BP$5 -> د.عبدالرحمن خليفة العريبي | L13: المجموع العـام | N13: =SUM(N5:N12) -> 276 | O13: =SUM(O5:O12) -> 179 | P13: =SUM(P5:P12) -> 276 | Q13: =SUM(Q5:Q12) -> 0 | S13: مدير المدرسة/ | T13: =ادخال1!$BP$5 -> د.عبدالرحمن خليفة العريبي | W13: المجموع العـام | Y13: =SUM(Y5:Y12) -> 276 | Z13: =SUM(Z5:Z12) -> 0 | AA13: =SUM(AA5:AA12) -> 276 | AB13: =SUM(AB5:AB12) -> 0 | AD13: مدير المدرسة/ | AE13: =ادخال1!$BP$5 -> د.عبدالرحمن خليفة العريبي | AH13: المجموع العـام | AJ13: =SUM(AJ5:AJ12) -> 276 | AK13: =SUM(AK5:AK12) -> 0 | AL13: =SUM(AL5:AL12) -> 276 | AM13: =SUM(AM5:AM12) -> 0 | AO13: مدير المدرسة/ | AP13: =ادخال1!$BP$5 -> د.عبدالرحمن خليفة العريبي
A14: =ادخال1!$O$8 -> التربية الفنية | B14: =ادخال1!$O$7 -> 1 | C14: =IFERROR(VLOOKUP(H17,اسماء,14,0),"") -> جيد جداً | E14: =IFERROR(VLOOKUP(H17,اسماء,27,0),"") -> 0 | H14: التاريخ | I14: =TODAY() -> 46035 | L14: =ادخال1!$O$8 -> التربية الفنية | M14: =ادخال1!$O$7 -> 1 | N14: =IFERROR(VLOOKUP(S17,اسماء,14,0),"") -> جيد جداً | P14: =IFERROR(VLOOKUP(S17,اسماء,27,0),"") -> 0 | S14: التاريخ | T14: =TODAY() -> 46035 | W14: =ادخال1!$O$8 -> التربية الفنية | X14: =ادخال1!$O$7 -> 1 | Y14: =IFERROR(VLOOKUP(AD17,اسماء,14,0),"") | AA14: =IFERROR(VLOOKUP(AD17,اسماء,27,0),"") | AD14: التاريخ | AE14: =TODAY() -> 46035 | AH14: =ادخال1!$O$8 -> التربية الفنية | AI14: =ادخال1!$O$7 -> 1 | AJ14: =IFERROR(VLOOKUP(AO17,اسماء,14,0),"") | AL14: =IFERROR(VLOOKUP(AO17,اسماء,27,0),"") | AO14: التاريخ | AP14: =TODAY() -> 46035
A15: =ادخال1!$P$8 -> التربية البدنية | B15: =ادخال1!$P$7 -> 2 | C15: =IFERROR(VLOOKUP(H17,اسماء,15,0),"") -> جيد جداً | E15: =IFERROR(VLOOKUP(H17,اسماء,28,0),"") -> 0 | L15: =ادخال1!$P$8 -> التربية البدنية | M15: =ادخال1!$P$7 -> 2 | N15: =IFERROR(VLOOKUP(S17,اسماء,15,0),"") -> جيد جداً | P15: =IFERROR(VLOOKUP(S17,اسماء,28,0),"") -> 0 | W15: =ادخال1!$P$8 -> التربية البدنية | X15: =ادخال1!$P$7 -> 2 | Y15: =IFERROR(VLOOKUP(AD17,اسماء,15,0),"") | AA15: =IFERROR(VLOOKUP(AD17,اسماء,28,0),"") | AH15: =ادخال1!$P$8 -> التربية البدنية | AI15: =ادخال1!$P$7 -> 2 | AJ15: =IFERROR(VLOOKUP(AO17,اسماء,15,0),"") | AL15: =IFERROR(VLOOKUP(AO17,اسماء,28,0),"")
A16: =ادخال1!$Q$8 -> التربية الموسيقية | B16: =ادخال1!$Q$7 -> 1 | C16: =IFERROR(VLOOKUP(H18,اسماء,16,0),"") | E16: =IFERROR(VLOOKUP(H18,اسماء,29,0),"") | L16: =ادخال1!$Q$8 -> التربية الموسيقية | M16: =ادخال1!$Q$7 -> 1 | N16: =IFERROR(VLOOKUP(S18,اسماء,16,0),"") | P16: =IFERROR(VLOOKUP(S18,اسماء,29,0),"") | W16: =ادخال1!$Q$8 -> التربية الموسيقية | X16: =ادخال1!$Q$7 -> 1 | Y16: =IFERROR(VLOOKUP(AD18,اسماء,16,0),"") | AA16: =IFERROR(VLOOKUP(AD18,اسماء,29,0),"") | AH16: =ادخال1!$Q$8 -> التربية الموسيقية | AI16: =ادخال1!$Q$7 -> 1 | AJ16: =IFERROR(VLOOKUP(AO18,اسماء,16,0),"") | AL16: =IFERROR(VLOOKUP(AO18,اسماء,29,0),"")
A17: الرقم الوطني | B17: =IFERROR(VLOOKUP(H17,اسماء,71,0),"") -> 120160454465 | C17: =IFERROR(VLOOKUP(G22,اسماء,8,0),"") | D17: =IFERROR(VLOOKUP(H22,اسماء,8,0),"") | E17: =IFERROR(VLOOKUP(I22,اسماء,8,0),"") | H17: =INDEX(عمود2,MATCH(J1,عمود1)) -> مصطفى طارق فتحي الختال | L17: الرقم الوطني | M17: =IFERROR(VLOOKUP(S17,اسماء,71,0),"") -> 120160454465 | N17: =IFERROR(VLOOKUP(R22,اسماء,8,0),"") | O17: =IFERROR(VLOOKUP(S22,اسماء,8,0),"") | P17: =IFERROR(VLOOKUP(T22,اسماء,8,0),"") | S17: =INDEX(عمود2,MATCH(U1,عمود1)) -> مصطفى طارق فتحي الختال | W17: الرقم الوطني | X17: =IFERROR(VLOOKUP(AD17,اسماء,71,0),"") | Y17: =IFERROR(VLOOKUP(AC22,اسماء,8,0),"") | Z17: =IFERROR(VLOOKUP(AD22,اسماء,8,0),"") | AA17: =IFERROR(VLOOKUP(AE22,اسماء,8,0),"") | AD17: =INDEX(عمود2,MATCH(AF1,عمود1)) -> 0 | AH17: الرقم الوطني | AI17: =IFERROR(VLOOKUP(AO17,اسماء,71,0),"") | AJ17: =IFERROR(VLOOKUP(AN22,اسماء,8,0),"") | AK17: =IFERROR(VLOOKUP(AO22,اسماء,8,0),"") | AL17: =IFERROR(VLOOKUP(AP22,اسماء,8,0),"") | AO17: =INDEX(عمود2,MATCH(AQ1,عمود1)) -> 0
A18: الســــــلوك | C18: =IFERROR(VLOOKUP(H17,اسماء,31,0),"") -> 0 | E18: =IFERROR(VLOOKUP(H17,اسماء,32,0),"") -> 0 | H18: كل كشط أو تغيير في هذه البطاقة يلغيها. | L18: الســــــلوك | N18: =IFERROR(VLOOKUP(S17,اسماء,31,0),"") -> 0 | P18: =IFERROR(VLOOKUP(S17,اسماء,32,0),"") -> 0 | S18: كل كشط أو تغيير في هذه البطاقة يلغيها. | W18: الســــــلوك | Y18: =IFERROR(VLOOKUP(AD17,اسماء,31,0),"") | AA18: =IFERROR(VLOOKUP(AD17,اسماء,32,0),"") | AD18: كل كشط أو تغيير في هذه البطاقة يلغيها. | AH18: الســــــلوك | AJ18: =IFERROR(VLOOKUP(AO17,اسماء,31,0),"") | AL18: =IFERROR(VLOOKUP(AO17,اسماء,32,0),"") | AO18: كل كشط أو تغيير في هذه البطاقة يلغيها.
A19: غياب مشروع | C19: =IFERROR(VLOOKUP(H17,اسماء,34,0),"") -> 0 | E19: =IFERROR(VLOOKUP(H17,اسماء,36,0),"") -> 0 | L19: غياب مشروع | N19: =IFERROR(VLOOKUP(S17,اسماء,34,0),"") -> 0 | P19: =IFERROR(VLOOKUP(S17,اسماء,36,0),"") -> 0 | W19: غياب مشروع | Y19: =IFERROR(VLOOKUP(AD17,اسماء,34,0),"") | AA19: =IFERROR(VLOOKUP(AD17,اسماء,36,0),"") | AH19: غياب مشروع | AJ19: =IFERROR(VLOOKUP(AO17,اسماء,34,0),"") | AL19: =IFERROR(VLOOKUP(AO17,اسماء,36,0),"")
A20: غياب غير مشروع | C20: =IFERROR(VLOOKUP(H17,اسماء,35,0),"") -> 0 | E20: =IFERROR(VLOOKUP(H17,اسماء,37,0),"") -> 0 | L20: غياب غير مشروع | N20: =IFERROR(VLOOKUP(S17,اسماء,35,0),"") -> 0 | P20: =IFERROR(VLOOKUP(S17,اسماء,37,0),"") -> 0 | W20: غياب غير مشروع | Y20: =IFERROR(VLOOKUP(AD17,اسماء,35,0),"") | AA20: =IFERROR(VLOOKUP(AD17,اسماء,37,0),"") | AH20: غياب غير مشروع | AJ20: =IFERROR(VLOOKUP(AO17,اسماء,35,0),"") | AL20: =IFERROR(VLOOKUP(AO17,اسماء,37,0),"")
A22: التوقيعــــات | B22: رائــد الصف | D22: مديـر المدرسة | H22: ولي الامر | L22: التوقيعــــات | M22: رائــد الصف | O22: مديـر المدرسة | S22: ولي الامر | W22: التوقيعــــات | X22: رائــد الصف | Z22: مديـر المدرسة | AD22: ولي الامر | AH22: التوقيعــــات | AI22: رائــد الصف | AK22: مديـر المدرسة | AO22: ولي الامر
A23: الفترة الاولى | L23: الفترة الاولى | W23: الفترة الاولى | AH23: الفترة الاولى
A24: الفترة الثانية | L24: الفترة الثانية | W24: الفترة الثانية | AH24: الفترة الثانية
A26: بطاقة تقدير الدرجات للصــــف | D26: =ادخال1!$N$4 -> الرابع | F26: من التعليم الأساسي | J26: =J1+1 -> 16 | L26: بطاقة تقدير الدرجات للصــــف | O26: =ادخال1!$N$4 -> الرابع | Q26: من التعليم الأساسي | U26: =J26+5 -> 21 | W26: بطاقة تقدير الدرجات للصــــف | Z26: =ادخال1!$N$4 -> الرابع | AB26: من التعليم الأساسي | AF26: =U26+5 -> 26 | AH26: بطاقة تقدير الدرجات للصــــف | AK26: =ادخال1!$N$4 -> الرابع | AM26: من التعليم الأساسي | AQ26: =AF26+5 -> 31
A27: المدرسة/ | B27: =ادخال1!$B$5 -> سهول العلم للتعليم الخاص | F27: الاسم | G27: =H42 -> معاوية عز الدين محمد أحفيظان | L27: المدرسة/ | M27: =ادخال1!$B$5 -> سهول العلم للتعليم الخاص | Q27: الاسم | R27: =S42 -> 0 | W27: المدرسة/ | X27: =ادخال1!$B$5 -> سهول العلم للتعليم الخاص | AB27: الاسم | AC27: =AD42 -> 0 | AH27: المدرسة/ | AI27: =ادخال1!$B$5 -> سهول العلم للتعليم الخاص | AM27: الاسم | AN27: =AO42 -> 0
A28: الفترات | B28: عدد الحصص | C28: الفترة الأولي 30 % | E28: الفترة الثانية 30 % | H28: ملاحظــات عن نتيجة التلميذ خلال كل فترة : | L28: الفترات | M28: عدد الحصص | N28: الفترة الأولي 30 % | P28: الفترة الثانية 30 % | S28: ملاحظــات عن نتيجة التلميذ خلال كل فترة : | W28: الفترات | X28: عدد الحصص | Y28: الفترة الأولي 30 % | AA28: الفترة الثانية 30 % | AD28: ملاحظــات عن نتيجة التلميذ خلال كل فترة : | AH28: الفترات | AI28: عدد الحصص | AJ28: الفترة الأولي 30 % | AL28: الفترة الثانية 30 % | AO28: ملاحظــات عن نتيجة التلميذ خلال كل فترة :
A29: المواد الدراسية | C29: الدرجة الكبرى | D29: درجة التلميذ | E29: الدرجة الكبرى | F29: درجة التلميذ | H29: الأولي : | I29: =IF(D38=0,"",IF(AND(D30>=C30*0.4,D31>=C31*0.4,D35>=C35*0.4,D36>=C36*0.4,D37>=C37*0.4,D32>=C32*0.4,D33>=C33*0.4,D34>=C34*0.4),LOOKUP(D38,'النتيجة النهائية'!$AF$6:$AG$10),"ضعيف ويحتاج الى اهتمام في المواد")) -> ممتاز | L29: المواد الدراسية | N29: الدرجة الكبرى | O29: درجة التلميذ | P29: الدرجة الكبرى | Q29: درجة التلميذ | S29: الأولي : | T29: =IF(O38=0,"",IF(AND(O30>=N30*0.4,O31>=N31*0.4,O35>=N35*0.4,O36>=N36*0.4,O37>=N37*0.4,O32>=N32*0.4,O33>=N33*0.4,O34>=N34*0.4),LOOKUP(O38,'النتيجة النهائية'!$AF$6:$AG$10),"ضعيف ويحتاج الى اهتمام في المواد")) | W29: المواد الدراسية | Y29: الدرجة الكبرى | Z29: درجة التلميذ | AA29: الدرجة الكبرى | AB29: درجة التلميذ | AD29: الأولي : | AE29: =IF(Z38=0,"",IF(AND(Z30>=Y30*0.4,Z31>=Y31*0.4,Z35>=Y35*0.4,Z36>=Y36*0.4,Z37>=Y37*0.4,Z32>=Y32*0.4,Z33>=Y33*0.4,Z34>=Y34*0.4),LOOKUP(Z38,'النتيجة النهائية'!$AF$6:$AG$10),"ضعيف ويحتاج الى اهتمام في المواد")) | AH29: المواد الدراسية | AJ29: الدرجة الكبرى | AK29: درجة التلميذ | AL29: الدرجة الكبرى | AM29: درجة التلميذ | AO29: الأولي : | AP29: =IF(AK38=0,"",IF(AND(AK30>=AJ30*0.4,AK31>=AJ31*0.4,AK35>=AJ35*0.4,AK36>=AJ36*0.4,AK37>=AJ37*0.4,AK32>=AJ32*0.4,AK33>=AJ33*0.4,AK34>=AJ34*0.4),LOOKUP(AK38,'النتيجة النهائية'!$AF$6:$AG$10),"ضعيف ويحتاج الى اهتمام في المواد"))
A30: =ادخال1!$F$9 -> التربية الإسلامية | B30: =ادخال1!$F$7 -> 3 | C30: =40*B30*0.3 -> 36 | D30: =IFERROR(VLOOKUP(H42,اسماء,5,0),"") -> 36 | E30: =40*B30*0.3 -> 36 | F30: =IFERROR(VLOOKUP(H42,اسماء,18,0),"") -> 0 | H30: =IF(D30=0,"",IF(D30<C30*0.4,A30,"")) | I30: =IF(D31=0,"",IF(D31<C31*0.4,A31,"")) | J30: =IF(D32=0,"",IF(D32<C32*0.4,A32,"")) | L30: =ادخال1!$F$9 -> التربية الإسلامية | M30: =ادخال1!$F$7 -> 3 | N30: =40*M30*0.3 -> 36 | O30: =IFERROR(VLOOKUP(S42,اسماء,5,0),"") | P30: =40*M30*0.3 -> 36 | Q30: =IFERROR(VLOOKUP(S42,اسماء,18,0),"") | S30: =IF(O30=0,"",IF(O30<N30*0.4,L30,"")) | T30: =IF(O31=0,"",IF(O31<N31*0.4,L31,"")) | U30: =IF(O32=0,"",IF(O32<N32*0.4,L32,"")) | W30: =ادخال1!$F$9 -> التربية الإسلامية | X30: =ادخال1!$F$7 -> 3 | Y30: =40*X30*0.3 -> 36 | Z30: =IFERROR(VLOOKUP(AD42,اسماء,5,0),"") | AA30: =40*X30*0.3 -> 36 | AB30: =IFERROR(VLOOKUP(AD42,اسماء,18,0),"") | AD30: =IF(Z30=0,"",IF(Z30<Y30*0.4,W30,"")) | AE30: =IF(Z31=0,"",IF(Z31<Y31*0.4,W31,"")) | AF30: =IF(Z32=0,"",IF(Z32<Y32*0.4,W32,"")) | AH30: =ادخال1!$F$9 -> التربية الإسلامية | AI30: =ادخال1!$F$7 -> 3 | AJ30: =40*AI30*0.3 -> 36 | AK30: =IFERROR(VLOOKUP(AO42,اسماء,5,0),"") | AL30: =40*AI30*0.3 -> 36 | AM30: =IFERROR(VLOOKUP(AO42,اسماء,18,0),"") | AO30: =IF(AK30=0,"",IF(AK30<AJ30*0.4,AH30,"")) | AP30: =IF(AK31=0,"",IF(AK31<AJ31*0.4,AH31,"")) | AQ30: =IF(AK32=0,"",IF(AK32<AJ32*0.4,AH32,""))
A31: =ادخال1!$G$9 -> اللغة العربية | B31: =ادخال1!$G$7 -> 4 | C31: =40*B31*0.3 -> 48 | D31: =IFERROR(VLOOKUP(H42,اسماء,6,0),"") -> 48 | E31: =40*B31*0.3 -> 48 | F31: =IFERROR(VLOOKUP(H42,اسماء,19,0),"") -> 0 | H31: =IF(D35=0,"",IF(D35<C35*0.4,A33,"")) | I31: =IF(D37=0,"",IF(D37<C37*0.4,A34,"")) | J31: =IF(D34=0,"",IF(D34<C34*0.4,A35,"")) | L31: =ادخال1!$G$9 -> اللغة العربية | M31: =ادخال1!$G$7 -> 4 | N31: =40*M31*0.3 -> 48 | O31: =IFERROR(VLOOKUP(S42,اسماء,6,0),"") | P31: =40*M31*0.3 -> 48 | Q31: =IFERROR(VLOOKUP(S42,اسماء,19,0),"") | S31: =IF(O35=0,"",IF(O35<N35*0.4,L33,"")) | T31: =IF(O37=0,"",IF(O37<N37*0.4,L34,"")) | U31: =IF(O34=0,"",IF(O34<N34*0.4,L35,"")) | W31: =ادخال1!$G$9 -> اللغة العربية | X31: =ادخال1!$G$7 -> 4 | Y31: =40*X31*0.3 -> 48 | Z31: =IFERROR(VLOOKUP(AD42,اسماء,6,0),"") | AA31: =40*X31*0.3 -> 48 | AB31: =IFERROR(VLOOKUP(AD42,اسماء,19,0),"") | AD31: =IF(Z35=0,"",IF(Z35<Y35*0.4,W33,"")) | AE31: =IF(Z37=0,"",IF(Z37<Y37*0.4,W34,"")) | AF31: =IF(Z34=0,"",IF(Z34<Y34*0.4,W35,"")) | AH31: =ادخال1!$G$9 -> اللغة العربية | AI31: =ادخال1!$G$7 -> 4 | AJ31: =40*AI31*0.3 -> 48 | AK31: =IFERROR(VLOOKUP(AO42,اسماء,6,0),"") | AL31: =40*AI31*0.3 -> 48 | AM31: =IFERROR(VLOOKUP(AO42,اسماء,19,0),"") | AO31: =IF(AK35=0,"",IF(AK35<AJ35*0.4,AH33,"")) | AP31: =IF(AK37=0,"",IF(AK37<AJ37*0.4,AH34,"")) | AQ31: =IF(AK34=0,"",IF(AK34<AJ34*0.4,AH35,""))
A32: =ادخال1!$H$9 -> الكتابة | B32: =ادخال1!$H$7 -> 2 | C32: =40*B32*0.3 -> 24 | D32: =IFERROR(VLOOKUP(H42,اسماء,7,0),"") -> 23 | E32: =40*B32*0.3 -> 24 | F32: =IFERROR(VLOOKUP(H42,اسماء,20,0),"") -> 0 | H32: =IF(D36=0,"",IF(D36<C36*0.4,A36,"")) | I32: =IF(D37=0,"",IF(D37<C37*0.4,A37,"")) | L32: =ادخال1!$H$9 -> الكتابة | M32: =ادخال1!$H$7 -> 2 | N32: =40*M32*0.3 -> 24 | O32: =IFERROR(VLOOKUP(S42,اسماء,7,0),"") | P32: =40*M32*0.3 -> 24 | Q32: =IFERROR(VLOOKUP(S42,اسماء,20,0),"") | S32: =IF(O36=0,"",IF(O36<N36*0.4,L36,"")) | T32: =IF(O37=0,"",IF(O37<N37*0.4,L37,"")) | W32: =ادخال1!$H$9 -> الكتابة | X32: =ادخال1!$H$7 -> 2 | Y32: =40*X32*0.3 -> 24 | Z32: =IFERROR(VLOOKUP(AD42,اسماء,7,0),"") | AA32: =40*X32*0.3 -> 24 | AB32: =IFERROR(VLOOKUP(AD42,اسماء,20,0),"") | AD32: =IF(Z36=0,"",IF(Z36<Y36*0.4,W36,"")) | AE32: =IF(Z37=0,"",IF(Z37<Y37*0.4,W37,"")) | AH32: =ادخال1!$H$9 -> الكتابة | AI32: =ادخال1!$H$7 -> 2 | AJ32: =40*AI32*0.3 -> 24 | AK32: =IFERROR(VLOOKUP(AO42,اسماء,7,0),"") | AL32: =40*AI32*0.3 -> 24 | AM32: =IFERROR(VLOOKUP(AO42,اسماء,20,0),"") | AO32: =IF(AK36=0,"",IF(AK36<AJ36*0.4,AH36,"")) | AP32: =IF(AK37=0,"",IF(AK37<AJ37*0.4,AH37,""))
A33: =ادخال1!$I$9 -> اللغة الإنجليزية | B33: =ادخال1!$I$7 -> 3 | C33: =40*B33*0.3 -> 36 | D33: =IFERROR(VLOOKUP(H42,اسماء,8,0),"") -> 32 | E33: =40*B33*0.3 -> 36 | F33: =IFERROR(VLOOKUP(H42,اسماء,21,0),"") -> 0 | H33: الثانية :- | I33: =IF(F38=0,"",IF(AND(F30>=E30*0.4,F31>=E31*0.4,F35>=E35*0.4,F36>=E36*0.4,F37>=E37*0.4,F32>=E32*0.4,F33>=E33*0.4,F34>=E34*0.4),LOOKUP(F38,'النتيجة النهائية'!$AF$6:$AG$10),"ضعيف ويحتاج الى اهتمام في المواد")) | L33: =ادخال1!$I$9 -> اللغة الإنجليزية | M33: =ادخال1!$I$7 -> 3 | N33: =40*M33*0.3 -> 36 | O33: =IFERROR(VLOOKUP(S42,اسماء,8,0),"") | P33: =40*M33*0.3 -> 36 | Q33: =IFERROR(VLOOKUP(S42,اسماء,21,0),"") | S33: الثانية :- | T33: =IF(Q38=0,"",IF(AND(Q30>=P30*0.4,Q31>=P31*0.4,Q35>=P35*0.4,Q36>=P36*0.4,Q37>=P37*0.4,Q32>=P32*0.4,Q33>=P33*0.4,Q34>=P34*0.4),LOOKUP(Q38,'النتيجة النهائية'!$AF$6:$AG$10),"ضعيف ويحتاج الى اهتمام في المواد")) | W33: =ادخال1!$I$9 -> اللغة الإنجليزية | X33: =ادخال1!$I$7 -> 3 | Y33: =40*X33*0.3 -> 36 | Z33: =IFERROR(VLOOKUP(AD42,اسماء,8,0),"") | AA33: =40*X33*0.3 -> 36 | AB33: =IFERROR(VLOOKUP(AD42,اسماء,21,0),"") | AD33: الثانية :- | AE33: =IF(AB38=0,"",IF(AND(AB30>=AA30*0.4,AB31>=AA31*0.4,AB35>=AA35*0.4,AB36>=AA36*0.4,AB37>=AA37*0.4,AB32>=AA32*0.4,AB33>=AA33*0.4,AB34>=AA34*0.4),LOOKUP(AB38,'النتيجة النهائية'!$AF$6:$AG$10),"ضعيف ويحتاج الى اهتمام في المواد")) | AH33: =ادخال1!$I$9 -> اللغة الإنجليزية | AI33: =ادخال1!$I$7 -> 3 | AJ33: =40*AI33*0.3 -> 36 | AK33: =IFERROR(VLOOKUP(AO42,اسماء,8,0),"") | AL33: =40*AI33*0.3 -> 36 | AM33: =IFERROR(VLOOKUP(AO42,اسماء,21,0),"") | AO33: الثانية :- | AP33: =IF(AM38=0,"",IF(AND(AM30>=AL30*0.4,AM31>=AL31*0.4,AM35>=AL35*0.4,AM36>=AL36*0.4,AM37>=AL37*0.4,AM32>=AL32*0.4,AM33>=AL33*0.4,AM34>=AL34*0.4),LOOKUP(AM38,'النتيجة النهائية'!$AF$6:$AG$10),"ضعيف ويحتاج الى اهتمام في المواد"))
A34: =ادخال1!$J$9 -> الحاسوب | B34: =ادخال1!$J$7 -> 1 | C34: =40*B34*0.3 -> 12 | D34: =IFERROR(VLOOKUP(H42,اسماء,9,0),"") -> 12 | E34: =40*B34*0.3 -> 12 | F34: =IFERROR(VLOOKUP(H42,اسماء,22,0),"") -> 0 | L34: =ادخال1!$J$9 -> الحاسوب | M34: =ادخال1!$J$7 -> 1 | N34: =40*M34*0.3 -> 12 | O34: =IFERROR(VLOOKUP(S42,اسماء,9,0),"") | P34: =40*M34*0.3 -> 12 | Q34: =IFERROR(VLOOKUP(S42,اسماء,22,0),"") | W34: =ادخال1!$J$9 -> الحاسوب | X34: =ادخال1!$J$7 -> 1 | Y34: =40*X34*0.3 -> 12 | Z34: =IFERROR(VLOOKUP(AD42,اسماء,9,0),"") | AA34: =40*X34*0.3 -> 12 | AB34: =IFERROR(VLOOKUP(AD42,اسماء,22,0),"") | AH34: =ادخال1!$J$9 -> الحاسوب | AI34: =ادخال1!$J$7 -> 1 | AJ34: =40*AI34*0.3 -> 12 | AK34: =IFERROR(VLOOKUP(AO42,اسماء,9,0),"") | AL34: =40*AI34*0.3 -> 12 | AM34: =IFERROR(VLOOKUP(AO42,اسماء,22,0),"")
A35: =ادخال1!$K$9 -> الرياضيات | B35: =ادخال1!$K$7 -> 5 | C35: =40*B35*0.3 -> 60 | D35: =IFERROR(VLOOKUP(H42,اسماء,10,0),"") -> 52 | E35: =40*B35*0.3 -> 60 | F35: =IFERROR(VLOOKUP(H42,اسماء,23,0),"") -> 0 | H35: =IF(F30=0,"",IF(F30<E30*0.4,A30,"")) | I35: =IF(F31=0,"",IF(F31<E31*0.4,A31,"")) | J35: =IF(F32=0,"",IF(F32<E32*0.4,A32,"")) | L35: =ادخال1!$K$9 -> الرياضيات | M35: =ادخال1!$K$7 -> 5 | N35: =40*M35*0.3 -> 60 | O35: =IFERROR(VLOOKUP(S42,اسماء,10,0),"") | P35: =40*M35*0.3 -> 60 | Q35: =IFERROR(VLOOKUP(S42,اسماء,23,0),"") | S35: =IF(Q30=0,"",IF(Q30<P30*0.4,L30,"")) | T35: =IF(Q31=0,"",IF(Q31<P31*0.4,L31,"")) | U35: =IF(Q32=0,"",IF(Q32<P32*0.4,L32,"")) | W35: =ادخال1!$K$9 -> الرياضيات | X35: =ادخال1!$K$7 -> 5 | Y35: =40*X35*0.3 -> 60 | Z35: =IFERROR(VLOOKUP(AD42,اسماء,10,0),"") | AA35: =40*X35*0.3 -> 60 | AB35: =IFERROR(VLOOKUP(AD42,اسماء,23,0),"") | AD35: =IF(AB30=0,"",IF(AB30<AA30*0.4,W30,"")) | AE35: =IF(AB31=0,"",IF(AB31<AA31*0.4,W31,"")) | AF35: =IF(AB32=0,"",IF(AB32<AA32*0.4,W32,"")) | AH35: =ادخال1!$K$9 -> الرياضيات | AI35: =ادخال1!$K$7 -> 5 | AJ35: =40*AI35*0.3 -> 60 | AK35: =IFERROR(VLOOKUP(AO42,اسماء,10,0),"") | AL35: =40*AI35*0.3 -> 60 | AM35: =IFERROR(VLOOKUP(AO42,اسماء,23,0),"") | AO35: =IF(AM30=0,"",IF(AM30<AL30*0.4,AH30,"")) | AP35: =IF(AM31=0,"",IF(AM31<AL31*0.4,AH31,"")) | AQ35: =IF(AM32=0,"",IF(AM32<AL32*0.4,AH32,""))
A36: =ادخال1!$L$9 -> العلوم | B36: =ادخال1!$L$7 -> 3 | C36: =40*B36*0.3 -> 36 | D36: =IFERROR(VLOOKUP(H42,اسماء,11,0),"") -> 36 | E36: =40*B36*0.3 -> 36 | F36: =IFERROR(VLOOKUP(H42,اسماء,24,0),"") -> 0 | H36: =IF(F33=0,"",IF(F33<E33*0.4,A33,"")) | I36: =IF(F34=0,"",IF(F34<E34*0.4,A34,"")) | J36: =IF(F35=0,"",IF(F35<E35*0.4,A35,"")) | L36: =ادخال1!$L$9 -> العلوم | M36: =ادخال1!$L$7 -> 3 | N36: =40*M36*0.3 -> 36 | O36: =IFERROR(VLOOKUP(S42,اسماء,11,0),"") | P36: =40*M36*0.3 -> 36 | Q36: =IFERROR(VLOOKUP(S42,اسماء,24,0),"") | S36: =IF(Q33=0,"",IF(Q33<P33*0.4,L33,"")) | T36: =IF(Q34=0,"",IF(Q34<P34*0.4,L34,"")) | U36: =IF(Q35=0,"",IF(Q35<P35*0.4,L35,"")) | W36: =ادخال1!$L$9 -> العلوم | X36: =ادخال1!$L$7 -> 3 | Y36: =40*X36*0.3 -> 36 | Z36: =IFERROR(VLOOKUP(AD42,اسماء,11,0),"") | AA36: =40*X36*0.3 -> 36 | AB36: =IFERROR(VLOOKUP(AD42,اسماء,24,0),"") | AD36: =IF(AB33=0,"",IF(AB33<AA33*0.4,W33,"")) | AE36: =IF(AB34=0,"",IF(AB34<AA34*0.4,W34,"")) | AF36: =IF(AB35=0,"",IF(AB35<AA35*0.4,W35,"")) | AH36: =ادخال1!$L$9 -> العلوم | AI36: =ادخال1!$L$7 -> 3 | AJ36: =40*AI36*0.3 -> 36 | AK36: =IFERROR(VLOOKUP(AO42,اسماء,11,0),"") | AL36: =40*AI36*0.3 -> 36 | AM36: =IFERROR(VLOOKUP(AO42,اسماء,24,0),"") | AO36: =IF(AM33=0,"",IF(AM33<AL33*0.4,AH33,"")) | AP36: =IF(AM34=0,"",IF(AM34<AL34*0.4,AH34,"")) | AQ36: =IF(AM35=0,"",IF(AM35<AL35*0.4,AH35,""))
A37: =ادخال1!$M$9 -> الاجتماعيات | B37: =ادخال1!$M$7 -> 2 | C37: =40*B37*0.3 -> 24 | D37: =IFERROR(VLOOKUP(H42,اسماء,12,0),"") -> 24 | E37: =40*B37*0.3 -> 24 | F37: =IFERROR(VLOOKUP(H42,اسماء,25,0),"") -> 0 | H37: =IF(F36=0,"",IF(F36<E36*0.4,A36,"")) | I37: =IF(F37=0,"",IF(F37<E37*0.4,A37,"")) | L37: =ادخال1!$M$9 -> الاجتماعيات | M37: =ادخال1!$M$7 -> 2 | N37: =40*M37*0.3 -> 24 | O37: =IFERROR(VLOOKUP(S42,اسماء,12,0),"") | P37: =40*M37*0.3 -> 24 | Q37: =IFERROR(VLOOKUP(S42,اسماء,25,0),"") | S37: =IF(Q36=0,"",IF(Q36<P36*0.4,L36,"")) | T37: =IF(Q37=0,"",IF(Q37<P37*0.4,L37,"")) | W37: =ادخال1!$M$9 -> الاجتماعيات | X37: =ادخال1!$M$7 -> 2 | Y37: =40*X37*0.3 -> 24 | Z37: =IFERROR(VLOOKUP(AD42,اسماء,12,0),"") | AA37: =40*X37*0.3 -> 24 | AB37: =IFERROR(VLOOKUP(AD42,اسماء,25,0),"") | AD37: =IF(AB36=0,"",IF(AB36<AA36*0.4,W36,"")) | AE37: =IF(AB37=0,"",IF(AB37<AA37*0.4,W37,"")) | AH37: =ادخال1!$M$9 -> الاجتماعيات | AI37: =ادخال1!$M$7 -> 2 | AJ37: =40*AI37*0.3 -> 24 | AK37: =IFERROR(VLOOKUP(AO42,اسماء,12,0),"") | AL37: =40*AI37*0.3 -> 24 | AM37: =IFERROR(VLOOKUP(AO42,اسماء,25,0),"") | AO37: =IF(AM36=0,"",IF(AM36<AL36*0.4,AH36,"")) | AP37: =IF(AM37=0,"",IF(AM37<AL37*0.4,AH37,""))
A38: المجموع العـام | C38: =SUM(C30:C37) -> 276 | D38: =SUM(D30:D37) -> 263 | E38: =SUM(E30:E37) -> 276 | F38: =SUM(F30:F37) -> 0 | H38: مدير المدرسة/ | I38: =ادخال1!$BP$5 -> د.عبدالرحمن خليفة العريبي | L38: المجموع العـام | N38: =SUM(N30:N37) -> 276 | O38: =SUM(O30:O37) -> 0 | P38: =SUM(P30:P37) -> 276 | Q38: =SUM(Q30:Q37) -> 0 | S38: مدير المدرسة/ | T38: =ادخال1!$BP$5 -> د.عبدالرحمن خليفة العريبي | W38: المجموع العـام | Y38: =SUM(Y30:Y37) -> 276 | Z38: =SUM(Z30:Z37) -> 0 | AA38: =SUM(AA30:AA37) -> 276 | AB38: =SUM(AB30:AB37) -> 0 | AD38: مدير المدرسة/ | AE38: =ادخال1!$BP$5 -> د.عبدالرحمن خليفة العريبي | AH38: المجموع العـام | AJ38: =SUM(AJ30:AJ37) -> 276 | AK38: =SUM(AK30:AK37) -> 0 | AL38: =SUM(AL30:AL37) -> 276 | AM38: =SUM(AM30:AM37) -> 0 | AO38: مدير المدرسة/ | AP38: =ادخال1!$BP$5 -> د.عبدالرحمن خليفة العريبي
A39: =ادخال1!$O$8 -> التربية الفنية | B39: =ادخال1!$O$7 -> 1 | C39: =IFERROR(VLOOKUP(H42,اسماء,14,0),"") -> جيد جداً | E39: =IFERROR(VLOOKUP(H42,اسماء,27,0),"") -> 0 | H39: التاريخ | I39: =TODAY() -> 46035 | L39: =ادخال1!$O$8 -> التربية الفنية | M39: =ادخال1!$O$7 -> 1 | N39: =IFERROR(VLOOKUP(S42,اسماء,14,0),"") | P39: =IFERROR(VLOOKUP(S42,اسماء,27,0),"") | S39: التاريخ | T39: =TODAY() -> 46035 | W39: =ادخال1!$O$8 -> التربية الفنية | X39: =ادخال1!$O$7 -> 1 | Y39: =IFERROR(VLOOKUP(AD42,اسماء,14,0),"") | AA39: =IFERROR(VLOOKUP(AD42,اسماء,27,0),"") | AD39: التاريخ | AE39: =TODAY() -> 46035 | AH39: =ادخال1!$O$8 -> التربية الفنية | AI39: =ادخال1!$O$7 -> 1 | AJ39: =IFERROR(VLOOKUP(AO42,اسماء,14,0),"") | AL39: =IFERROR(VLOOKUP(AO42,اسماء,27,0),"") | AO39: التاريخ | AP39: =TODAY() -> 46035
A40: =ادخال1!$P$8 -> التربية البدنية | B40: =ادخال1!$P$7 -> 2 | C40: =IFERROR(VLOOKUP(H42,اسماء,15,0),"") -> جيد جداً | E40: =IFERROR(VLOOKUP(H42,اسماء,28,0),"") -> 0 | L40: =ادخال1!$P$8 -> التربية البدنية | M40: =ادخال1!$P$7 -> 2 | N40: =IFERROR(VLOOKUP(S42,اسماء,15,0),"") | P40: =IFERROR(VLOOKUP(S42,اسماء,28,0),"") | W40: =ادخال1!$P$8 -> التربية البدنية | X40: =ادخال1!$P$7 -> 2 | Y40: =IFERROR(VLOOKUP(AD42,اسماء,15,0),"") | AA40: =IFERROR(VLOOKUP(AD42,اسماء,28,0),"") | AH40: =ادخال1!$P$8 -> التربية البدنية | AI40: =ادخال1!$P$7 -> 2 | AJ40: =IFERROR(VLOOKUP(AO42,اسماء,15,0),"") | AL40: =IFERROR(VLOOKUP(AO42,اسماء,28,0),"")
A41: =ادخال1!$Q$8 -> التربية الموسيقية | B41: =ادخال1!$Q$7 -> 1 | C41: =IFERROR(VLOOKUP(H43,اسماء,16,0),"") | E41: =IFERROR(VLOOKUP(H43,اسماء,29,0),"") | L41: =ادخال1!$Q$8 -> التربية الموسيقية | M41: =ادخال1!$Q$7 -> 1 | N41: =IFERROR(VLOOKUP(S43,اسماء,16,0),"") | P41: =IFERROR(VLOOKUP(S43,اسماء,29,0),"") | W41: =ادخال1!$Q$8 -> التربية الموسيقية | X41: =ادخال1!$Q$7 -> 1 | Y41: =IFERROR(VLOOKUP(AD43,اسماء,16,0),"") | AA41: =IFERROR(VLOOKUP(AD43,اسماء,29,0),"") | AH41: =ادخال1!$Q$8 -> التربية الموسيقية | AI41: =ادخال1!$Q$7 -> 1 | AJ41: =IFERROR(VLOOKUP(AO43,اسماء,16,0),"") | AL41: =IFERROR(VLOOKUP(AO43,اسماء,29,0),"")
A42: الرقم الوطني | B42: =IFERROR(VLOOKUP(H42,اسماء,71,0),"") -> 120160386388 | C42: =IFERROR(VLOOKUP(G47,اسماء,8,0),"") | D42: =IFERROR(VLOOKUP(H47,اسماء,8,0),"") | E42: =IFERROR(VLOOKUP(I47,اسماء,8,0),"") | H42: =INDEX(عمود2,MATCH(J26,عمود1)) -> معاوية عز الدين محمد أحفيظان | L42: الرقم الوطني | M42: =IFERROR(VLOOKUP(S42,اسماء,71,0),"") | N42: =IFERROR(VLOOKUP(R47,اسماء,8,0),"") | O42: =IFERROR(VLOOKUP(S47,اسماء,8,0),"") | P42: =IFERROR(VLOOKUP(T47,اسماء,8,0),"") | S42: =INDEX(عمود2,MATCH(U26,عمود1)) -> 0 | W42: الرقم الوطني | X42: =IFERROR(VLOOKUP(AD42,اسماء,71,0),"") | Y42: =IFERROR(VLOOKUP(AC47,اسماء,8,0),"") | Z42: =IFERROR(VLOOKUP(AD47,اسماء,8,0),"") | AA42: =IFERROR(VLOOKUP(AE47,اسماء,8,0),"") | AD42: =INDEX(عمود2,MATCH(AF26,عمود1)) -> 0 | AH42: الرقم الوطني | AI42: =IFERROR(VLOOKUP(AO42,اسماء,71,0),"") | AJ42: =IFERROR(VLOOKUP(AN47,اسماء,8,0),"") | AK42: =IFERROR(VLOOKUP(AO47,اسماء,8,0),"") | AL42: =IFERROR(VLOOKUP(AP47,اسماء,8,0),"") | AO42: =INDEX(عمود2,MATCH(AQ26,عمود1)) -> 0
A43: الســــــلوك | C43: =IFERROR(VLOOKUP(H42,اسماء,31,0),"") -> 0 | E43: =IFERROR(VLOOKUP(H42,اسماء,32,0),"") -> 0 | H43: كل كشط أو تغيير في هذه البطاقة يلغيها. | L43: الســــــلوك | N43: =IFERROR(VLOOKUP(S42,اسماء,31,0),"") | P43: =IFERROR(VLOOKUP(S42,اسماء,32,0),"") | S43: كل كشط أو تغيير في هذه البطاقة يلغيها. | W43: الســــــلوك | Y43: =IFERROR(VLOOKUP(AD42,اسماء,31,0),"") | AA43: =IFERROR(VLOOKUP(AD42,اسماء,32,0),"") | AD43: كل كشط أو تغيير في هذه البطاقة يلغيها. | AH43: الســــــلوك | AJ43: =IFERROR(VLOOKUP(AO42,اسماء,31,0),"") | AL43: =IFERROR(VLOOKUP(AO42,اسماء,32,0),"") | AO43: كل كشط أو تغيير في هذه البطاقة يلغيها.
A44: غياب مشروع | C44: =IFERROR(VLOOKUP(H42,اسماء,34,0),"") -> 0 | E44: =IFERROR(VLOOKUP(H42,اسماء,36,0),"") -> 0 | L44: غياب مشروع | N44: =IFERROR(VLOOKUP(S42,اسماء,34,0),"") | P44: =IFERROR(VLOOKUP(S42,اسماء,36,0),"") | W44: غياب مشروع | Y44: =IFERROR(VLOOKUP(AD42,اسماء,34,0),"") | AA44: =IFERROR(VLOOKUP(AD42,اسماء,36,0),"") | AH44: غياب مشروع | AJ44: =IFERROR(VLOOKUP(AO42,اسماء,34,0),"") | AL44: =IFERROR(VLOOKUP(AO42,اسماء,36,0),"")
A45: غياب غير مشروع | C45: =IFERROR(VLOOKUP(H42,اسماء,35,0),"") -> 0 | E45: =IFERROR(VLOOKUP(H42,اسماء,37,0),"") -> 0 | L45: غياب غير مشروع | N45: =IFERROR(VLOOKUP(S42,اسماء,35,0),"") | P45: =IFERROR(VLOOKUP(S42,اسماء,37,0),"") | W45: غياب غير مشروع | Y45: =IFERROR(VLOOKUP(AD42,اسماء,35,0),"") | AA45: =IFERROR(VLOOKUP(AD42,اسماء,37,0),"") | AH45: غياب غير مشروع | AJ45: =IFERROR(VLOOKUP(AO42,اسماء,35,0),"") | AL45: =IFERROR(VLOOKUP(AO42,اسماء,37,0),"")
A47: بطاقة تقدير الدرجات للصــــف | D47: =ادخال1!$N$4 -> الرابع | F47: من التعليم الأساسي | J47: =J26+1 -> 17 | L47: بطاقة تقدير الدرجات للصــــف | O47: =ادخال1!$N$4 -> الرابع | Q47: من التعليم الأساسي | U47: =J47+5 -> 22 | W47: بطاقة تقدير الدرجات للصــــف | Z47: =ادخال1!$N$4 -> الرابع | AB47: من التعليم الأساسي | AF47: =U47+5 -> 27 | AH47: بطاقة تقدير الدرجات للصــــف | AK47: =ادخال1!$N$4 -> الرابع | AM47: من التعليم الأساسي | AQ47: =AF47+5 -> 32
A48: المدرسة/ | B48: =ادخال1!$B$5 -> سهول العلم للتعليم الخاص | F48: الاسم | G48: =H63 -> ميّار صالح محمد ديماس | L48: المدرسة/ | M48: =ادخال1!$B$5 -> سهول العلم للتعليم الخاص | Q48: الاسم | R48: =S63 -> 0 | W48: المدرسة/ | X48: =ادخال1!$B$5 -> سهول العلم للتعليم الخاص | AB48: الاسم | AC48: =AD63 -> 0 | AH48: المدرسة/ | AI48: =ادخال1!$B$5 -> سهول العلم للتعليم الخاص | AM48: الاسم | AN48: =AO63 -> 0
A49: الفترات | B49: عدد الحصص | C49: الفترة الأولي 30 % | E49: الفترة الثانية 30 % | H49: ملاحظــات عن نتيجة التلميذ خلال كل فترة : | L49: الفترات | M49: عدد الحصص | N49: الفترة الأولي 30 % | P49: الفترة الثانية 30 % | S49: ملاحظــات عن نتيجة التلميذ خلال كل فترة : | W49: الفترات | X49: عدد الحصص | Y49: الفترة الأولي 30 % | AA49: الفترة الثانية 30 % | AD49: ملاحظــات عن نتيجة التلميذ خلال كل فترة : | AH49: الفترات | AI49: عدد الحصص | AJ49: الفترة الأولي 30 % | AL49: الفترة الثانية 30 % | AO49: ملاحظــات عن نتيجة التلميذ خلال كل فترة :
A50: المواد الدراسية | C50: الدرجة الكبرى | D50: درجة التلميذ | E50: الدرجة الكبرى | F50: درجة التلميذ | H50: الأولي : | I50: =IF(D59=0,"",IF(AND(D51>=C51*0.4,D52>=C52*0.4,D56>=C56*0.4,D57>=C57*0.4,D58>=C58*0.4,D53>=C53*0.4,D54>=C54*0.4,D55>=C55*0.4),LOOKUP(D59,'النتيجة النهائية'!$AF$6:$AG$10),"ضعيف ويحتاج الى اهتمام في المواد")) -> ممتاز | L50: المواد الدراسية | N50: الدرجة الكبرى | O50: درجة التلميذ | P50: الدرجة الكبرى | Q50: درجة التلميذ | S50: الأولي : | T50: =IF(O59=0,"",IF(AND(O51>=N51*0.4,O52>=N52*0.4,O56>=N56*0.4,O57>=N57*0.4,O58>=N58*0.4,O53>=N53*0.4,O54>=N54*0.4,O55>=N55*0.4),LOOKUP(O59,'النتيجة النهائية'!$AF$6:$AG$10),"ضعيف ويحتاج الى اهتمام في المواد")) | W50: المواد الدراسية | Y50: الدرجة الكبرى | Z50: درجة التلميذ | AA50: الدرجة الكبرى | AB50: درجة التلميذ | AD50: الأولي : | AE50: =IF(Z59=0,"",IF(AND(Z51>=Y51*0.4,Z52>=Y52*0.4,Z56>=Y56*0.4,Z57>=Y57*0.4,Z58>=Y58*0.4,Z53>=Y53*0.4,Z54>=Y54*0.4,Z55>=Y55*0.4),LOOKUP(Z59,'النتيجة النهائية'!$AF$6:$AG$10),"ضعيف ويحتاج الى اهتمام في المواد")) | AH50: المواد الدراسية | AJ50: الدرجة الكبرى | AK50: درجة التلميذ | AL50: الدرجة الكبرى | AM50: درجة التلميذ | AO50: الأولي : | AP50: =IF(AK59=0,"",IF(AND(AK51>=AJ51*0.4,AK52>=AJ52*0.4,AK56>=AJ56*0.4,AK57>=AJ57*0.4,AK58>=AJ58*0.4,AK53>=AJ53*0.4,AK54>=AJ54*0.4,AK55>=AJ55*0.4),LOOKUP(AK59,'النتيجة النهائية'!$AF$6:$AG$10),"ضعيف ويحتاج الى اهتمام في المواد"))
A51: =ادخال1!$F$9 -> التربية الإسلامية | B51: =ادخال1!$F$7 -> 3 | C51: =40*B51*0.3 -> 36 | D51: =IFERROR(VLOOKUP(H63,اسماء,5,0),"") -> 36 | E51: =40*B51*0.3 -> 36 | F51: =IFERROR(VLOOKUP(H63,اسماء,18,0),"") -> 0 | H51: =IF(D51=0,"",IF(D51<C51*0.4,A51,"")) | I51: =IF(D52=0,"",IF(D52<C52*0.4,A52,"")) | J51: =IF(D53=0,"",IF(D53<C53*0.4,A53,"")) | L51: =ادخال1!$F$9 -> التربية الإسلامية | M51: =ادخال1!$F$7 -> 3 | N51: =40*M51*0.3 -> 36 | O51: =IFERROR(VLOOKUP(S63,اسماء,5,0),"") | P51: =40*M51*0.3 -> 36 | Q51: =IFERROR(VLOOKUP(S63,اسماء,18,0),"") | S51: =IF(O51=0,"",IF(O51<N51*0.4,L51,"")) | T51: =IF(O52=0,"",IF(O52<N52*0.4,L52,"")) | U51: =IF(O53=0,"",IF(O53<N53*0.4,L53,"")) | W51: =ادخال1!$F$9 -> التربية الإسلامية | X51: =ادخال1!$F$7 -> 3 | Y51: =40*X51*0.3 -> 36 | Z51: =IFERROR(VLOOKUP(AD63,اسماء,5,0),"") | AA51: =40*X51*0.3 -> 36 | AB51: =IFERROR(VLOOKUP(AD63,اسماء,18,0),"") | AD51: =IF(Z51=0,"",IF(Z51<Y51*0.4,W51,"")) | AE51: =IF(Z52=0,"",IF(Z52<Y52*0.4,W52,"")) | AF51: =IF(Z53=0,"",IF(Z53<Y53*0.4,W53,"")) | AH51: =ادخال1!$F$9 -> التربية الإسلامية | AI51: =ادخال1!$F$7 -> 3 | AJ51: =40*AI51*0.3 -> 36 | AK51: =IFERROR(VLOOKUP(AO63,اسماء,5,0),"") | AL51: =40*AI51*0.3 -> 36 | AM51: =IFERROR(VLOOKUP(AO63,اسماء,18,0),"") | AO51: =IF(AK51=0,"",IF(AK51<AJ51*0.4,AH51,"")) | AP51: =IF(AK52=0,"",IF(AK52<AJ52*0.4,AH52,"")) | AQ51: =IF(AK53=0,"",IF(AK53<AJ53*0.4,AH53,""))
A52: =ادخال1!$G$9 -> اللغة العربية | B52: =ادخال1!$G$7 -> 4 | C52: =40*B52*0.3 -> 48 | D52: =IFERROR(VLOOKUP(H63,اسماء,6,0),"") -> 48 | E52: =40*B52*0.3 -> 48 | F52: =IFERROR(VLOOKUP(H63,اسماء,19,0),"") -> 0 | H52: =IF(D56=0,"",IF(D56<C56*0.4,A54,"")) | I52: =IF(D58=0,"",IF(D58<C58*0.4,A55,"")) | J52: =IF(D55=0,"",IF(D55<C55*0.4,A56,"")) | L52: =ادخال1!$G$9 -> اللغة العربية | M52: =ادخال1!$G$7 -> 4 | N52: =40*M52*0.3 -> 48 | O52: =IFERROR(VLOOKUP(S63,اسماء,6,0),"") | P52: =40*M52*0.3 -> 48 | Q52: =IFERROR(VLOOKUP(S63,اسماء,19,0),"") | S52: =IF(O56=0,"",IF(O56<N56*0.4,L54,"")) | T52: =IF(O58=0,"",IF(O58<N58*0.4,L55,"")) | U52: =IF(O55=0,"",IF(O55<N55*0.4,L56,"")) | W52: =ادخال1!$G$9 -> اللغة العربية | X52: =ادخال1!$G$7 -> 4 | Y52: =40*X52*0.3 -> 48 | Z52: =IFERROR(VLOOKUP(AD63,اسماء,6,0),"") | AA52: =40*X52*0.3 -> 48 | AB52: =IFERROR(VLOOKUP(AD63,اسماء,19,0),"") | AD52: =IF(Z56=0,"",IF(Z56<Y56*0.4,W54,"")) | AE52: =IF(Z58=0,"",IF(Z58<Y58*0.4,W55,"")) | AF52: =IF(Z55=0,"",IF(Z55<Y55*0.4,W56,"")) | AH52: =ادخال1!$G$9 -> اللغة العربية | AI52: =ادخال1!$G$7 -> 4 | AJ52: =40*AI52*0.3 -> 48 | AK52: =IFERROR(VLOOKUP(AO63,اسماء,6,0),"") | AL52: =40*AI52*0.3 -> 48 | AM52: =IFERROR(VLOOKUP(AO63,اسماء,19,0),"") | AO52: =IF(AK56=0,"",IF(AK56<AJ56*0.4,AH54,"")) | AP52: =IF(AK58=0,"",IF(AK58<AJ58*0.4,AH55,"")) | AQ52: =IF(AK55=0,"",IF(AK55<AJ55*0.4,AH56,""))
A53: =ادخال1!$H$9 -> الكتابة | B53: =ادخال1!$H$7 -> 2 | C53: =40*B53*0.3 -> 24 | D53: =IFERROR(VLOOKUP(H63,اسماء,7,0),"") -> 23 | E53: =40*B53*0.3 -> 24 | F53: =IFERROR(VLOOKUP(H63,اسماء,20,0),"") -> 0 | H53: =IF(D57=0,"",IF(D57<C57*0.4,A57,"")) | I53: =IF(D58=0,"",IF(D58<C58*0.4,A58,"")) | L53: =ادخال1!$H$9 -> الكتابة | M53: =ادخال1!$H$7 -> 2 | N53: =40*M53*0.3 -> 24 | O53: =IFERROR(VLOOKUP(S63,اسماء,7,0),"") | P53: =40*M53*0.3 -> 24 | Q53: =IFERROR(VLOOKUP(S63,اسماء,20,0),"") | S53: =IF(O57=0,"",IF(O57<N57*0.4,L57,"")) | T53: =IF(O58=0,"",IF(O58<N58*0.4,L58,"")) | W53: =ادخال1!$H$9 -> الكتابة | X53: =ادخال1!$H$7 -> 2 | Y53: =40*X53*0.3 -> 24 | Z53: =IFERROR(VLOOKUP(AD63,اسماء,7,0),"") | AA53: =40*X53*0.3 -> 24 | AB53: =IFERROR(VLOOKUP(AD63,اسماء,20,0),"") | AD53: =IF(Z57=0,"",IF(Z57<Y57*0.4,W57,"")) | AE53: =IF(Z58=0,"",IF(Z58<Y58*0.4,W58,"")) | AH53: =ادخال1!$H$9 -> الكتابة | AI53: =ادخال1!$H$7 -> 2 | AJ53: =40*AI53*0.3 -> 24 | AK53: =IFERROR(VLOOKUP(AO63,اسماء,7,0),"") | AL53: =40*AI53*0.3 -> 24 | AM53: =IFERROR(VLOOKUP(AO63,اسماء,20,0),"") | AO53: =IF(AK57=0,"",IF(AK57<AJ57*0.4,AH57,"")) | AP53: =IF(AK58=0,"",IF(AK58<AJ58*0.4,AH58,""))
A54: =ادخال1!$I$9 -> اللغة الإنجليزية | B54: =ادخال1!$I$7 -> 3 | C54: =40*B54*0.3 -> 36 | D54: =IFERROR(VLOOKUP(H63,اسماء,8,0),"") -> 36 | E54: =40*B54*0.3 -> 36 | F54: =IFERROR(VLOOKUP(H63,اسماء,21,0),"") -> 0 | H54: الثانية :- | I54: =IF(F59=0,"",IF(AND(F51>=E51*0.4,F52>=E52*0.4,F56>=E56*0.4,F57>=E57*0.4,F58>=E58*0.4,F53>=E53*0.4,F54>=E54*0.4,F55>=E55*0.4),LOOKUP(F59,'النتيجة النهائية'!$AF$6:$AG$10),"ضعيف ويحتاج الى اهتمام في المواد")) | L54: =ادخال1!$I$9 -> اللغة الإنجليزية | M54: =ادخال1!$I$7 -> 3 | N54: =40*M54*0.3 -> 36 | O54: =IFERROR(VLOOKUP(S63,اسماء,8,0),"") | P54: =40*M54*0.3 -> 36 | Q54: =IFERROR(VLOOKUP(S63,اسماء,21,0),"") | S54: الثانية :- | T54: =IF(Q59=0,"",IF(AND(Q51>=P51*0.4,Q52>=P52*0.4,Q56>=P56*0.4,Q57>=P57*0.4,Q58>=P58*0.4,Q53>=P53*0.4,Q54>=P54*0.4,Q55>=P55*0.4),LOOKUP(Q59,'النتيجة النهائية'!$AF$6:$AG$10),"ضعيف ويحتاج الى اهتمام في المواد")) | W54: =ادخال1!$I$9 -> اللغة الإنجليزية | X54: =ادخال1!$I$7 -> 3 | Y54: =40*X54*0.3 -> 36 | Z54: =IFERROR(VLOOKUP(AD63,اسماء,8,0),"") | AA54: =40*X54*0.3 -> 36 | AB54: =IFERROR(VLOOKUP(AD63,اسماء,21,0),"") | AD54: الثانية :- | AE54: =IF(AB59=0,"",IF(AND(AB51>=AA51*0.4,AB52>=AA52*0.4,AB56>=AA56*0.4,AB57>=AA57*0.4,AB58>=AA58*0.4,AB53>=AA53*0.4,AB54>=AA54*0.4,AB55>=AA55*0.4),LOOKUP(AB59,'النتيجة النهائية'!$AF$6:$AG$10),"ضعيف ويحتاج الى اهتمام في المواد")) | AH54: =ادخال1!$I$9 -> اللغة الإنجليزية | AI54: =ادخال1!$I$7 -> 3 | AJ54: =40*AI54*0.3 -> 36 | AK54: =IFERROR(VLOOKUP(AO63,اسماء,8,0),"") | AL54: =40*AI54*0.3 -> 36 | AM54: =IFERROR(VLOOKUP(AO63,اسماء,21,0),"") | AO54: الثانية :- | AP54: =IF(AM59=0,"",IF(AND(AM51>=AL51*0.4,AM52>=AL52*0.4,AM56>=AL56*0.4,AM57>=AL57*0.4,AM58>=AL58*0.4,AM53>=AL53*0.4,AM54>=AL54*0.4,AM55>=AL55*0.4),LOOKUP(AM59,'النتيجة النهائية'!$AF$6:$AG$10),"ضعيف ويحتاج الى اهتمام في المواد"))
A55: =ادخال1!$J$9 -> الحاسوب | B55: =ادخال1!$J$7 -> 1 | C55: =40*B55*0.3 -> 12 | D55: =IFERROR(VLOOKUP(H63,اسماء,9,0),"") -> 12 | E55: =40*B55*0.3 -> 12 | F55: =IFERROR(VLOOKUP(H63,اسماء,22,0),"") -> 0 | L55: =ادخال1!$J$9 -> الحاسوب | M55: =ادخال1!$J$7 -> 1 | N55: =40*M55*0.3 -> 12 | O55: =IFERROR(VLOOKUP(S63,اسماء,9,0),"") | P55: =40*M55*0.3 -> 12 | Q55: =IFERROR(VLOOKUP(S63,اسماء,22,0),"") | W55: =ادخال1!$J$9 -> الحاسوب | X55: =ادخال1!$J$7 -> 1 | Y55: =40*X55*0.3 -> 12 | Z55: =IFERROR(VLOOKUP(AD63,اسماء,9,0),"") | AA55: =40*X55*0.3 -> 12 | AB55: =IFERROR(VLOOKUP(AD63,اسماء,22,0),"") | AH55: =ادخال1!$J$9 -> الحاسوب | AI55: =ادخال1!$J$7 -> 1 | AJ55: =40*AI55*0.3 -> 12 | AK55: =IFERROR(VLOOKUP(AO63,اسماء,9,0),"") | AL55: =40*AI55*0.3 -> 12 | AM55: =IFERROR(VLOOKUP(AO63,اسماء,22,0),"")
A56: =ادخال1!$K$9 -> الرياضيات | B56: =ادخال1!$K$7 -> 5 | C56: =40*B56*0.3 -> 60 | D56: =IFERROR(VLOOKUP(H63,اسماء,10,0),"") -> 57 | E56: =40*B56*0.3 -> 60 | F56: =IFERROR(VLOOKUP(H63,اسماء,23,0),"") -> 0 | H56: =IF(F51=0,"",IF(F51<E51*0.4,A51,"")) | I56: =IF(F52=0,"",IF(F52<E52*0.4,A52,"")) | J56: =IF(F53=0,"",IF(F53<E53*0.4,A53,"")) | L56: =ادخال1!$K$9 -> الرياضيات | M56: =ادخال1!$K$7 -> 5 | N56: =40*M56*0.3 -> 60 | O56: =IFERROR(VLOOKUP(S63,اسماء,10,0),"") | P56: =40*M56*0.3 -> 60 | Q56: =IFERROR(VLOOKUP(S63,اسماء,23,0),"") | S56: =IF(Q51=0,"",IF(Q51<P51*0.4,L51,"")) | T56: =IF(Q52=0,"",IF(Q52<P52*0.4,L52,"")) | U56: =IF(Q53=0,"",IF(Q53<P53*0.4,L53,"")) | W56: =ادخال1!$K$9 -> الرياضيات | X56: =ادخال1!$K$7 -> 5 | Y56: =40*X56*0.3 -> 60 | Z56: =IFERROR(VLOOKUP(AD63,اسماء,10,0),"") | AA56: =40*X56*0.3 -> 60 | AB56: =IFERROR(VLOOKUP(AD63,اسماء,23,0),"") | AD56: =IF(AB51=0,"",IF(AB51<AA51*0.4,W51,"")) | AE56: =IF(AB52=0,"",IF(AB52<AA52*0.4,W52,"")) | AF56: =IF(AB53=0,"",IF(AB53<AA53*0.4,W53,"")) | AH56: =ادخال1!$K$9 -> الرياضيات | AI56: =ادخال1!$K$7 -> 5 | AJ56: =40*AI56*0.3 -> 60 | AK56: =IFERROR(VLOOKUP(AO63,اسماء,10,0),"") | AL56: =40*AI56*0.3 -> 60 | AM56: =IFERROR(VLOOKUP(AO63,اسماء,23,0),"") | AO56: =IF(AM51=0,"",IF(AM51<AL51*0.4,AH51,"")) | AP56: =IF(AM52=0,"",IF(AM52<AL52*0.4,AH52,"")) | AQ56: =IF(AM53=0,"",IF(AM53<AL53*0.4,AH53,""))
A57: =ادخال1!$L$9 -> العلوم | B57: =ادخال1!$L$7 -> 3 | C57: =40*B57*0.3 -> 36 | D57: =IFERROR(VLOOKUP(H63,اسماء,11,0),"") -> 36 | E57: =40*B57*0.3 -> 36 | F57: =IFERROR(VLOOKUP(H63,اسماء,24,0),"") -> 0 | H57: =IF(F54=0,"",IF(F54<E54*0.4,A54,"")) | I57: =IF(F55=0,"",IF(F55<E55*0.4,A55,"")) | J57: =IF(F56=0,"",IF(F56<E56*0.4,A56,"")) | L57: =ادخال1!$L$9 -> العلوم | M57: =ادخال1!$L$7 -> 3 | N57: =40*M57*0.3 -> 36 | O57: =IFERROR(VLOOKUP(S63,اسماء,11,0),"") | P57: =40*M57*0.3 -> 36 | Q57: =IFERROR(VLOOKUP(S63,اسماء,24,0),"") | S57: =IF(Q54=0,"",IF(Q54<P54*0.4,L54,"")) | T57: =IF(Q55=0,"",IF(Q55<P55*0.4,L55,"")) | U57: =IF(Q56=0,"",IF(Q56<P56*0.4,L56,"")) | W57: =ادخال1!$L$9 -> العلوم | X57: =ادخال1!$L$7 -> 3 | Y57: =40*X57*0.3 -> 36 | Z57: =IFERROR(VLOOKUP(AD63,اسماء,11,0),"") | AA57: =40*X57*0.3 -> 36 | AB57: =IFERROR(VLOOKUP(AD63,اسماء,24,0),"") | AD57: =IF(AB54=0,"",IF(AB54<AA54*0.4,W54,"")) | AE57: =IF(AB55=0,"",IF(AB55<AA55*0.4,W55,"")) | AF57: =IF(AB56=0,"",IF(AB56<AA56*0.4,W56,"")) | AH57: =ادخال1!$L$9 -> العلوم | AI57: =ادخال1!$L$7 -> 3 | AJ57: =40*AI57*0.3 -> 36 | AK57: =IFERROR(VLOOKUP(AO63,اسماء,11,0),"") | AL57: =40*AI57*0.3 -> 36 | AM57: =IFERROR(VLOOKUP(AO63,اسماء,24,0),"") | AO57: =IF(AM54=0,"",IF(AM54<AL54*0.4,AH54,"")) | AP57: =IF(AM55=0,"",IF(AM55<AL55*0.4,AH55,"")) | AQ57: =IF(AM56=0,"",IF(AM56<AL56*0.4,AH56,""))
A58: =ادخال1!$M$9 -> الاجتماعيات | B58: =ادخال1!$M$7 -> 2 | C58: =40*B58*0.3 -> 24 | D58: =IFERROR(VLOOKUP(H63,اسماء,12,0),"") -> 24 | E58: =40*B58*0.3 -> 24 | F58: =IFERROR(VLOOKUP(H63,اسماء,25,0),"") -> 0 | H58: =IF(F57=0,"",IF(F57<E57*0.4,A57,"")) | I58: =IF(F58=0,"",IF(F58<E58*0.4,A58,"")) | L58: =ادخال1!$M$9 -> الاجتماعيات | M58: =ادخال1!$M$7 -> 2 | N58: =40*M58*0.3 -> 24 | O58: =IFERROR(VLOOKUP(S63,اسماء,12,0),"") | P58: =40*M58*0.3 -> 24 | Q58: =IFERROR(VLOOKUP(S63,اسماء,25,0),"") | S58: =IF(Q57=0,"",IF(Q57<P57*0.4,L57,"")) | T58: =IF(Q58=0,"",IF(Q58<P58*0.4,L58,"")) | W58: =ادخال1!$M$9 -> الاجتماعيات | X58: =ادخال1!$M$7 -> 2 | Y58: =40*X58*0.3 -> 24 | Z58: =IFERROR(VLOOKUP(AD63,اسماء,12,0),"") | AA58: =40*X58*0.3 -> 24 | AB58: =IFERROR(VLOOKUP(AD63,اسماء,25,0),"") | AD58: =IF(AB57=0,"",IF(AB57<AA57*0.4,W57,"")) | AE58: =IF(AB58=0,"",IF(AB58<AA58*0.4,W58,"")) | AH58: =ادخال1!$M$9 -> الاجتماعيات | AI58: =ادخال1!$M$7 -> 2 | AJ58: =40*AI58*0.3 -> 24 | AK58: =IFERROR(VLOOKUP(AO63,اسماء,12,0),"") | AL58: =40*AI58*0.3 -> 24 | AM58: =IFERROR(VLOOKUP(AO63,اسماء,25,0),"") | AO58: =IF(AM57=0,"",IF(AM57<AL57*0.4,AH57,"")) | AP58: =IF(AM58=0,"",IF(AM58<AL58*0.4,AH58,""))
A59: المجموع العـام | C59: =SUM(C51:C58) -> 276 | D59: =SUM(D51:D58) -> 272 | E59: =SUM(E51:E58) -> 276 | F59: =SUM(F51:F58) -> 0 | H59: مدير المدرسة/ | I59: =ادخال1!$BP$5 -> د.عبدالرحمن خليفة العريبي | L59: المجموع العـام | N59: =SUM(N51:N58) -> 276 | O59: =SUM(O51:O58) -> 0 | P59: =SUM(P51:P58) -> 276 | Q59: =SUM(Q51:Q58) -> 0 | S59: مدير المدرسة/ | T59: =ادخال1!$BP$5 -> د.عبدالرحمن خليفة العريبي | W59: المجموع العـام | Y59: =SUM(Y51:Y58) -> 276 | Z59: =SUM(Z51:Z58) -> 0 | AA59: =SUM(AA51:AA58) -> 276 | AB59: =SUM(AB51:AB58) -> 0 | AD59: مدير المدرسة/ | AE59: =ادخال1!$BP$5 -> د.عبدالرحمن خليفة العريبي | AH59: المجموع العـام | AJ59: =SUM(AJ51:AJ58) -> 276 | AK59: =SUM(AK51:AK58) -> 0 | AL59: =SUM(AL51:AL58) -> 276 | AM59: =SUM(AM51:AM58) -> 0 | AO59: مدير المدرسة/ | AP59: =ادخال1!$BP$5 -> د.عبدالرحمن خليفة العريبي
A60: =ادخال1!$O$8 -> التربية الفنية | B60: =ادخال1!$O$7 -> 1 | C60: =IFERROR(VLOOKUP(H63,اسماء,14,0),"") -> جيد جداً | E60: =IFERROR(VLOOKUP(H63,اسماء,27,0),"") -> 0 | H60: التاريخ | I60: =TODAY() -> 46035 | L60: =ادخال1!$O$8 -> التربية الفنية | M60: =ادخال1!$O$7 -> 1 | N60: =IFERROR(VLOOKUP(S63,اسماء,14,0),"") | P60: =IFERROR(VLOOKUP(S63,اسماء,27,0),"") | S60: التاريخ | T60: =TODAY() -> 46035 | W60: =ادخال1!$O$8 -> التربية الفنية | X60: =ادخال1!$O$7 -> 1 | Y60: =IFERROR(VLOOKUP(AD63,اسماء,14,0),"") | AA60: =IFERROR(VLOOKUP(AD63,اسماء,27,0),"") | AD60: التاريخ | AE60: =TODAY() -> 46035 | AH60: =ادخال1!$O$8 -> التربية الفنية | AI60: =ادخال1!$O$7 -> 1 | AJ60: =IFERROR(VLOOKUP(AO63,اسماء,14,0),"") | AL60: =IFERROR(VLOOKUP(AO63,اسماء,27,0),"") | AO60: التاريخ | AP60: =TODAY() -> 46035
A61: =ادخال1!$P$8 -> التربية البدنية | B61: =ادخال1!$P$7 -> 2 | C61: =IFERROR(VLOOKUP(H63,اسماء,15,0),"") -> جيد جداً | E61: =IFERROR(VLOOKUP(H63,اسماء,28,0),"") -> 0 | L61: =ادخال1!$P$8 -> التربية البدنية | M61: =ادخال1!$P$7 -> 2 | N61: =IFERROR(VLOOKUP(S63,اسماء,15,0),"") | P61: =IFERROR(VLOOKUP(S63,اسماء,28,0),"") | W61: =ادخال1!$P$8 -> التربية البدنية | X61: =ادخال1!$P$7 -> 2 | Y61: =IFERROR(VLOOKUP(AD63,اسماء,15,0),"") | AA61: =IFERROR(VLOOKUP(AD63,اسماء,28,0),"") | AH61: =ادخال1!$P$8 -> التربية البدنية | AI61: =ادخال1!$P$7 -> 2 | AJ61: =IFERROR(VLOOKUP(AO63,اسماء,15,0),"") | AL61: =IFERROR(VLOOKUP(AO63,اسماء,28,0),"")
A62: =ادخال1!$Q$8 -> التربية الموسيقية | B62: =ادخال1!$Q$7 -> 1 | C62: =IFERROR(VLOOKUP(H64,اسماء,16,0),"") | E62: =IFERROR(VLOOKUP(H64,اسماء,29,0),"") | L62: =ادخال1!$Q$8 -> التربية الموسيقية | M62: =ادخال1!$Q$7 -> 1 | N62: =IFERROR(VLOOKUP(S64,اسماء,16,0),"") | P62: =IFERROR(VLOOKUP(S64,اسماء,29,0),"") | W62: =ادخال1!$Q$8 -> التربية الموسيقية | X62: =ادخال1!$Q$7 -> 1 | Y62: =IFERROR(VLOOKUP(AD64,اسماء,16,0),"") | AA62: =IFERROR(VLOOKUP(AD64,اسماء,29,0),"") | AH62: =ادخال1!$Q$8 -> التربية الموسيقية | AI62: =ادخال1!$Q$7 -> 1 | AJ62: =IFERROR(VLOOKUP(AO64,اسماء,16,0),"") | AL62: =IFERROR(VLOOKUP(AO64,اسماء,29,0),"")
A63: الرقم الوطني | B63: =IFERROR(VLOOKUP(H63,اسماء,71,0),"") -> 0 | C63: =IFERROR(VLOOKUP(G68,اسماء,8,0),"") | D63: =IFERROR(VLOOKUP(H68,اسماء,8,0),"") | E63: =IFERROR(VLOOKUP(I68,اسماء,8,0),"") | H63: =INDEX(عمود2,MATCH(J47,عمود1)) -> ميّار صالح محمد ديماس | L63: الرقم الوطني | M63: =IFERROR(VLOOKUP(S63,اسماء,71,0),"") | N63: =IFERROR(VLOOKUP(R68,اسماء,8,0),"") | O63: =IFERROR(VLOOKUP(S68,اسماء,8,0),"") | P63: =IFERROR(VLOOKUP(T68,اسماء,8,0),"") | S63: =INDEX(عمود2,MATCH(U47,عمود1)) -> 0 | W63: الرقم الوطني | X63: =IFERROR(VLOOKUP(AD63,اسماء,71,0),"") | Y63: =IFERROR(VLOOKUP(AC68,اسماء,8,0),"") | Z63: =IFERROR(VLOOKUP(AD68,اسماء,8,0),"") | AA63: =IFERROR(VLOOKUP(AE68,اسماء,8,0),"") | AD63: =INDEX(عمود2,MATCH(AF47,عمود1)) -> 0 | AH63: الرقم الوطني | AI63: =IFERROR(VLOOKUP(AO63,اسماء,71,0),"") | AJ63: =IFERROR(VLOOKUP(AN68,اسماء,8,0),"") | AK63: =IFERROR(VLOOKUP(AO68,اسماء,8,0),"") | AL63: =IFERROR(VLOOKUP(AP68,اسماء,8,0),"") | AO63: =INDEX(عمود2,MATCH(AQ47,عمود1)) -> 0
A64: الســــــلوك | C64: =IFERROR(VLOOKUP(H63,اسماء,31,0),"") -> 0 | E64: =IFERROR(VLOOKUP(H63,اسماء,32,0),"") -> 0 | H64: كل كشط أو تغيير في هذه البطاقة يلغيها. | L64: الســــــلوك | N64: =IFERROR(VLOOKUP(S63,اسماء,31,0),"") | P64: =IFERROR(VLOOKUP(S63,اسماء,32,0),"") | S64: كل كشط أو تغيير في هذه البطاقة يلغيها. | W64: الســــــلوك | Y64: =IFERROR(VLOOKUP(AD63,اسماء,31,0),"") | AA64: =IFERROR(VLOOKUP(AD63,اسماء,32,0),"") | AD64: كل كشط أو تغيير في هذه البطاقة يلغيها. | AH64: الســــــلوك | AJ64: =IFERROR(VLOOKUP(AO63,اسماء,31,0),"") | AL64: =IFERROR(VLOOKUP(AO63,اسماء,32,0),"") | AO64: كل كشط أو تغيير في هذه البطاقة يلغيها.
A65: غياب مشروع | C65: =IFERROR(VLOOKUP(H63,اسماء,34,0),"") -> 0 | E65: =IFERROR(VLOOKUP(H63,اسماء,36,0),"") -> 0 | L65: غياب مشروع | N65: =IFERROR(VLOOKUP(S63,اسماء,34,0),"") | P65: =IFERROR(VLOOKUP(S63,اسماء,36,0),"") | W65: غياب مشروع | Y65: =IFERROR(VLOOKUP(AD63,اسماء,34,0),"") | AA65: =IFERROR(VLOOKUP(AD63,اسماء,36,0),"") | AH65: غياب مشروع | AJ65: =IFERROR(VLOOKUP(AO63,اسماء,34,0),"") | AL65: =IFERROR(VLOOKUP(AO63,اسماء,36,0),"")
A66: غياب غير مشروع | C66: =IFERROR(VLOOKUP(H63,اسماء,35,0),"") -> 0 | E66: =IFERROR(VLOOKUP(H63,اسماء,37,0),"") -> 0 | L66: غياب غير مشروع | N66: =IFERROR(VLOOKUP(S63,اسماء,35,0),"") | P66: =IFERROR(VLOOKUP(S63,اسماء,37,0),"") | W66: غياب غير مشروع | Y66: =IFERROR(VLOOKUP(AD63,اسماء,35,0),"") | AA66: =IFERROR(VLOOKUP(AD63,اسماء,37,0),"") | AH66: غياب غير مشروع | AJ66: =IFERROR(VLOOKUP(AO63,اسماء,35,0),"") | AL66: =IFERROR(VLOOKUP(AO63,اسماء,37,0),"")
A68: بطاقة تقدير الدرجات للصــــف | D68: =ادخال1!$N$4 -> الرابع | F68: من التعليم الأساسي | J68: =J47+1 -> 18 | L68: بطاقة تقدير الدرجات للصــــف | O68: =ادخال1!$N$4 -> الرابع | Q68: من التعليم الأساسي | U68: =J68+5 -> 23 | W68: بطاقة تقدير الدرجات للصــــف | Z68: =ادخال1!$N$4 -> الرابع | AB68: من التعليم الأساسي | AF68: =U68+5 -> 28 | AH68: بطاقة تقدير الدرجات للصــــف | AK68: =ادخال1!$N$4 -> الرابع | AM68: من التعليم الأساسي | AQ68: =AF68+5 -> 33
A69: المدرسة/ | B69: =ادخال1!$B$5 -> سهول العلم للتعليم الخاص | F69: الاسم | G69: =H84 -> 0 | L69: المدرسة/ | M69: =ادخال1!$B$5 -> سهول العلم للتعليم الخاص | Q69: الاسم | R69: =S84 -> 0 | W69: المدرسة/ | X69: =ادخال1!$B$5 -> سهول العلم للتعليم الخاص | AB69: الاسم | AC69: =AD84 -> 0 | AH69: المدرسة/ | AI69: =ادخال1!$B$5 -> سهول العلم للتعليم الخاص | AM69: الاسم | AN69: =AO84 -> 0
A70: الفترات | B70: عدد الحصص | C70: الفترة الأولي 30 % | E70: الفترة الثانية 30 % | H70: ملاحظــات عن نتيجة التلميذ خلال كل فترة : | L70: الفترات | M70: عدد الحصص | N70: الفترة الأولي 30 % | P70: الفترة الثانية 30 % | S70: ملاحظــات عن نتيجة التلميذ خلال كل فترة : | W70: الفترات | X70: عدد الحصص | Y70: الفترة الأولي 30 % | AA70: الفترة الثانية 30 % | AD70: ملاحظــات عن نتيجة التلميذ خلال كل فترة : | AH70: الفترات | AI70: عدد الحصص | AJ70: الفترة الأولي 30 % | AL70: الفترة الثانية 30 % | AO70: ملاحظــات عن نتيجة التلميذ خلال كل فترة :
A71: المواد الدراسية | C71: الدرجة الكبرى | D71: درجة التلميذ | E71: الدرجة الكبرى | F71: درجة التلميذ | H71: الأولي : | I71: =IF(D80=0,"",IF(AND(D72>=C72*0.4,D73>=C73*0.4,D77>=C77*0.4,D78>=C78*0.4,D79>=C79*0.4,D74>=C74*0.4,D75>=C75*0.4,D76>=C76*0.4),LOOKUP(D80,'النتيجة النهائية'!$AF$6:$AG$10),"ضعيف ويحتاج الى اهتمام في المواد")) | L71: المواد الدراسية | N71: الدرجة الكبرى | O71: درجة التلميذ | P71: الدرجة الكبرى | Q71: درجة التلميذ | S71: الأولي : | T71: =IF(O80=0,"",IF(AND(O72>=N72*0.4,O73>=N73*0.4,O77>=N77*0.4,O78>=N78*0.4,O79>=N79*0.4,O74>=N74*0.4,O75>=N75*0.4,O76>=N76*0.4),LOOKUP(O80,'النتيجة النهائية'!$AF$6:$AG$10),"ضعيف ويحتاج الى اهتمام في المواد")) | W71: المواد الدراسية | Y71: الدرجة الكبرى | Z71: درجة التلميذ | AA71: الدرجة الكبرى | AB71: درجة التلميذ | AD71: الأولي : | AE71: =IF(Z80=0,"",IF(AND(Z72>=Y72*0.4,Z73>=Y73*0.4,Z77>=Y77*0.4,Z78>=Y78*0.4,Z79>=Y79*0.4,Z74>=Y74*0.4,Z75>=Y75*0.4,Z76>=Y76*0.4),LOOKUP(Z80,'النتيجة النهائية'!$AF$6:$AG$10),"ضعيف ويحتاج الى اهتمام في المواد")) | AH71: المواد الدراسية | AJ71: الدرجة الكبرى | AK71: درجة التلميذ | AL71: الدرجة الكبرى | AM71: درجة التلميذ | AO71: الأولي : | AP71: =IF(AK80=0,"",IF(AND(AK72>=AJ72*0.4,AK73>=AJ73*0.4,AK77>=AJ77*0.4,AK78>=AJ78*0.4,AK79>=AJ79*0.4,AK74>=AJ74*0.4,AK75>=AJ75*0.4,AK76>=AJ76*0.4),LOOKUP(AK80,'النتيجة النهائية'!$AF$6:$AG$10),"ضعيف ويحتاج الى اهتمام في المواد"))
A72: =ادخال1!$F$9 -> التربية الإسلامية | B72: =ادخال1!$F$7 -> 3 | C72: =40*B72*0.3 -> 36 | D72: =IFERROR(VLOOKUP(H84,اسماء,5,0),"") | E72: =40*B72*0.3 -> 36 | F72: =IFERROR(VLOOKUP(H84,اسماء,18,0),"") | H72: =IF(D72=0,"",IF(D72<C72*0.4,A72,"")) | I72: =IF(D73=0,"",IF(D73<C73*0.4,A73,"")) | J72: =IF(D74=0,"",IF(D74<C74*0.4,A74,"")) | L72: =ادخال1!$F$9 -> التربية الإسلامية | M72: =ادخال1!$F$7 -> 3 | N72: =40*M72*0.3 -> 36 | O72: =IFERROR(VLOOKUP(S84,اسماء,5,0),"") | P72: =40*M72*0.3 -> 36 | Q72: =IFERROR(VLOOKUP(S84,اسماء,18,0),"") | S72: =IF(O72=0,"",IF(O72<N72*0.4,L72,"")) | T72: =IF(O73=0,"",IF(O73<N73*0.4,L73,"")) | U72: =IF(O74=0,"",IF(O74<N74*0.4,L74,"")) | W72: =ادخال1!$F$9 -> التربية الإسلامية | X72: =ادخال1!$F$7 -> 3 | Y72: =40*X72*0.3 -> 36 | Z72: =IFERROR(VLOOKUP(AD84,اسماء,5,0),"") | AA72: =40*X72*0.3 -> 36 | AB72: =IFERROR(VLOOKUP(AD84,اسماء,18,0),"") | AD72: =IF(Z72=0,"",IF(Z72<Y72*0.4,W72,"")) | AE72: =IF(Z73=0,"",IF(Z73<Y73*0.4,W73,"")) | AF72: =IF(Z74=0,"",IF(Z74<Y74*0.4,W74,"")) | AH72: =ادخال1!$F$9 -> التربية الإسلامية | AI72: =ادخال1!$F$7 -> 3 | AJ72: =40*AI72*0.3 -> 36 | AK72: =IFERROR(VLOOKUP(AO84,اسماء,5,0),"") | AL72: =40*AI72*0.3 -> 36 | AM72: =IFERROR(VLOOKUP(AO84,اسماء,18,0),"") | AO72: =IF(AK72=0,"",IF(AK72<AJ72*0.4,AH72,"")) | AP72: =IF(AK73=0,"",IF(AK73<AJ73*0.4,AH73,"")) | AQ72: =IF(AK74=0,"",IF(AK74<AJ74*0.4,AH74,""))
A73: =ادخال1!$G$9 -> اللغة العربية | B73: =ادخال1!$G$7 -> 4 | C73: =40*B73*0.3 -> 48 | D73: =IFERROR(VLOOKUP(H84,اسماء,6,0),"") | E73: =40*B73*0.3 -> 48 | F73: =IFERROR(VLOOKUP(H84,اسماء,19,0),"") | H73: =IF(D77=0,"",IF(D77<C77*0.4,A75,"")) | I73: =IF(D79=0,"",IF(D79<C79*0.4,A76,"")) | J73: =IF(D76=0,"",IF(D76<C76*0.4,A77,"")) | L73: =ادخال1!$G$9 -> اللغة العربية | M73: =ادخال1!$G$7 -> 4 | N73: =40*M73*0.3 -> 48 | O73: =IFERROR(VLOOKUP(S84,اسماء,6,0),"") | P73: =40*M73*0.3 -> 48 | Q73: =IFERROR(VLOOKUP(S84,اسماء,19,0),"") | S73: =IF(O77=0,"",IF(O77<N77*0.4,L75,"")) | T73: =IF(O79=0,"",IF(O79<N79*0.4,L76,"")) | U73: =IF(O76=0,"",IF(O76<N76*0.4,L77,"")) | W73: =ادخال1!$G$9 -> اللغة العربية | X73: =ادخال1!$G$7 -> 4 | Y73: =40*X73*0.3 -> 48 | Z73: =IFERROR(VLOOKUP(AD84,اسماء,6,0),"") | AA73: =40*X73*0.3 -> 48 | AB73: =IFERROR(VLOOKUP(AD84,اسماء,19,0),"") | AD73: =IF(Z77=0,"",IF(Z77<Y77*0.4,W75,"")) | AE73: =IF(Z79=0,"",IF(Z79<Y79*0.4,W76,"")) | AF73: =IF(Z76=0,"",IF(Z76<Y76*0.4,W77,"")) | AH73: =ادخال1!$G$9 -> اللغة العربية | AI73: =ادخال1!$G$7 -> 4 | AJ73: =40*AI73*0.3 -> 48 | AK73: =IFERROR(VLOOKUP(AO84,اسماء,6,0),"") | AL73: =40*AI73*0.3 -> 48 | AM73: =IFERROR(VLOOKUP(AO84,اسماء,19,0),"") | AO73: =IF(AK77=0,"",IF(AK77<AJ77*0.4,AH75,"")) | AP73: =IF(AK79=0,"",IF(AK79<AJ79*0.4,AH76,"")) | AQ73: =IF(AK76=0,"",IF(AK76<AJ76*0.4,AH77,""))
A74: =ادخال1!$H$9 -> الكتابة | B74: =ادخال1!$H$7 -> 2 | C74: =40*B74*0.3 -> 24 | D74: =IFERROR(VLOOKUP(H84,اسماء,7,0),"") | E74: =40*B74*0.3 -> 24 | F74: =IFERROR(VLOOKUP(H84,اسماء,20,0),"") | H74: =IF(D78=0,"",IF(D78<C78*0.4,A78,"")) | I74: =IF(D79=0,"",IF(D79<C79*0.4,A79,"")) | L74: =ادخال1!$H$9 -> الكتابة | M74: =ادخال1!$H$7 -> 2 | N74: =40*M74*0.3 -> 24 | O74: =IFERROR(VLOOKUP(S84,اسماء,7,0),"") | P74: =40*M74*0.3 -> 24 | Q74: =IFERROR(VLOOKUP(S84,اسماء,20,0),"") | S74: =IF(O78=0,"",IF(O78<N78*0.4,L78,"")) | T74: =IF(O79=0,"",IF(O79<N79*0.4,L79,"")) | W74: =ادخال1!$H$9 -> الكتابة | X74: =ادخال1!$H$7 -> 2 | Y74: =40*X74*0.3 -> 24 | Z74: =IFERROR(VLOOKUP(AD84,اسماء,7,0),"") | AA74: =40*X74*0.3 -> 24 | AB74: =IFERROR(VLOOKUP(AD84,اسماء,20,0),"") | AD74: =IF(Z78=0,"",IF(Z78<Y78*0.4,W78,"")) | AE74: =IF(Z79=0,"",IF(Z79<Y79*0.4,W79,"")) | AH74: =ادخال1!$H$9 -> الكتابة | AI74: =ادخال1!$H$7 -> 2 | AJ74: =40*AI74*0.3 -> 24 | AK74: =IFERROR(VLOOKUP(AO84,اسماء,7,0),"") | AL74: =40*AI74*0.3 -> 24 | AM74: =IFERROR(VLOOKUP(AO84,اسماء,20,0),"") | AO74: =IF(AK78=0,"",IF(AK78<AJ78*0.4,AH78,"")) | AP74: =IF(AK79=0,"",IF(AK79<AJ79*0.4,AH79,""))
A75: =ادخال1!$I$9 -> اللغة الإنجليزية | B75: =ادخال1!$I$7 -> 3 | C75: =40*B75*0.3 -> 36 | D75: =IFERROR(VLOOKUP(H84,اسماء,8,0),"") | E75: =40*B75*0.3 -> 36 | F75: =IFERROR(VLOOKUP(H84,اسماء,21,0),"") | H75: الثانية :- | I75: =IF(F80=0,"",IF(AND(F72>=E72*0.4,F73>=E73*0.4,F77>=E77*0.4,F78>=E78*0.4,F79>=E79*0.4,F74>=E74*0.4,F75>=E75*0.4,F76>=E76*0.4),LOOKUP(F80,'النتيجة النهائية'!$AF$6:$AG$10),"ضعيف ويحتاج الى اهتمام في المواد")) | L75: =ادخال1!$I$9 -> اللغة الإنجليزية | M75: =ادخال1!$I$7 -> 3 | N75: =40*M75*0.3 -> 36 | O75: =IFERROR(VLOOKUP(S84,اسماء,8,0),"") | P75: =40*M75*0.3 -> 36 | Q75: =IFERROR(VLOOKUP(S84,اسماء,21,0),"") | S75: الثانية :- | T75: =IF(Q80=0,"",IF(AND(Q72>=P72*0.4,Q73>=P73*0.4,Q77>=P77*0.4,Q78>=P78*0.4,Q79>=P79*0.4,Q74>=P74*0.4,Q75>=P75*0.4,Q76>=P76*0.4),LOOKUP(Q80,'النتيجة النهائية'!$AF$6:$AG$10),"ضعيف ويحتاج الى اهتمام في المواد")) | W75: =ادخال1!$I$9 -> اللغة الإنجليزية | X75: =ادخال1!$I$7 -> 3 | Y75: =40*X75*0.3 -> 36 | Z75: =IFERROR(VLOOKUP(AD84,اسماء,8,0),"") | AA75: =40*X75*0.3 -> 36 | AB75: =IFERROR(VLOOKUP(AD84,اسماء,21,0),"") | AD75: الثانية :- | AE75: =IF(AB80=0,"",IF(AND(AB72>=AA72*0.4,AB73>=AA73*0.4,AB77>=AA77*0.4,AB78>=AA78*0.4,AB79>=AA79*0.4,AB74>=AA74*0.4,AB75>=AA75*0.4,AB76>=AA76*0.4),LOOKUP(AB80,'النتيجة النهائية'!$AF$6:$AG$10),"ضعيف ويحتاج الى اهتمام في المواد")) | AH75: =ادخال1!$I$9 -> اللغة الإنجليزية | AI75: =ادخال1!$I$7 -> 3 | AJ75: =40*AI75*0.3 -> 36 | AK75: =IFERROR(VLOOKUP(AO84,اسماء,8,0),"") | AL75: =40*AI75*0.3 -> 36 | AM75: =IFERROR(VLOOKUP(AO84,اسماء,21,0),"") | AO75: الثانية :- | AP75: =IF(AM80=0,"",IF(AND(AM72>=AL72*0.4,AM73>=AL73*0.4,AM77>=AL77*0.4,AM78>=AL78*0.4,AM79>=AL79*0.4,AM74>=AL74*0.4,AM75>=AL75*0.4,AM76>=AL76*0.4),LOOKUP(AM80,'النتيجة النهائية'!$AF$6:$AG$10),"ضعيف ويحتاج الى اهتمام في المواد"))
A76: =ادخال1!$J$9 -> الحاسوب | B76: =ادخال1!$J$7 -> 1 | C76: =40*B76*0.3 -> 12 | D76: =IFERROR(VLOOKUP(H84,اسماء,9,0),"") | E76: =40*B76*0.3 -> 12 | F76: =IFERROR(VLOOKUP(H84,اسماء,22,0),"") | L76: =ادخال1!$J$9 -> الحاسوب | M76: =ادخال1!$J$7 -> 1 | N76: =40*M76*0.3 -> 12 | O76: =IFERROR(VLOOKUP(S84,اسماء,9,0),"") | P76: =40*M76*0.3 -> 12 | Q76: =IFERROR(VLOOKUP(S84,اسماء,22,0),"") | W76: =ادخال1!$J$9 -> الحاسوب | X76: =ادخال1!$J$7 -> 1 | Y76: =40*X76*0.3 -> 12 | Z76: =IFERROR(VLOOKUP(AD84,اسماء,9,0),"") | AA76: =40*X76*0.3 -> 12 | AB76: =IFERROR(VLOOKUP(AD84,اسماء,22,0),"") | AH76: =ادخال1!$J$9 -> الحاسوب | AI76: =ادخال1!$J$7 -> 1 | AJ76: =40*AI76*0.3 -> 12 | AK76: =IFERROR(VLOOKUP(AO84,اسماء,9,0),"") | AL76: =40*AI76*0.3 -> 12 | AM76: =IFERROR(VLOOKUP(AO84,اسماء,22,0),"")
A77: =ادخال1!$K$9 -> الرياضيات | B77: =ادخال1!$K$7 -> 5 | C77: =40*B77*0.3 -> 60 | D77: =IFERROR(VLOOKUP(H84,اسماء,10,0),"") | E77: =40*B77*0.3 -> 60 | F77: =IFERROR(VLOOKUP(H84,اسماء,23,0),"") | H77: =IF(F72=0,"",IF(F72<E72*0.4,A72,"")) | I77: =IF(F73=0,"",IF(F73<E73*0.4,A73,"")) | J77: =IF(F74=0,"",IF(F74<E74*0.4,A74,"")) | L77: =ادخال1!$K$9 -> الرياضيات | M77: =ادخال1!$K$7 -> 5 | N77: =40*M77*0.3 -> 60 | O77: =IFERROR(VLOOKUP(S84,اسماء,10,0),"") | P77: =40*M77*0.3 -> 60 | Q77: =IFERROR(VLOOKUP(S84,اسماء,23,0),"") | S77: =IF(Q72=0,"",IF(Q72<P72*0.4,L72,"")) | T77: =IF(Q73=0,"",IF(Q73<P73*0.4,L73,"")) | U77: =IF(Q74=0,"",IF(Q74<P74*0.4,L74,"")) | W77: =ادخال1!$K$9 -> الرياضيات | X77: =ادخال1!$K$7 -> 5 | Y77: =40*X77*0.3 -> 60 | Z77: =IFERROR(VLOOKUP(AD84,اسماء,10,0),"") | AA77: =40*X77*0.3 -> 60 | AB77: =IFERROR(VLOOKUP(AD84,اسماء,23,0),"") | AD77: =IF(AB72=0,"",IF(AB72<AA72*0.4,W72,"")) | AE77: =IF(AB73=0,"",IF(AB73<AA73*0.4,W73,"")) | AF77: =IF(AB74=0,"",IF(AB74<AA74*0.4,W74,"")) | AH77: =ادخال1!$K$9 -> الرياضيات | AI77: =ادخال1!$K$7 -> 5 | AJ77: =40*AI77*0.3 -> 60 | AK77: =IFERROR(VLOOKUP(AO84,اسماء,10,0),"") | AL77: =40*AI77*0.3 -> 60 | AM77: =IFERROR(VLOOKUP(AO84,اسماء,23,0),"") | AO77: =IF(AM72=0,"",IF(AM72<AL72*0.4,AH72,"")) | AP77: =IF(AM73=0,"",IF(AM73<AL73*0.4,AH73,"")) | AQ77: =IF(AM74=0,"",IF(AM74<AL74*0.4,AH74,""))
A78: =ادخال1!$L$9 -> العلوم | B78: =ادخال1!$L$7 -> 3 | C78: =40*B78*0.3 -> 36 | D78: =IFERROR(VLOOKUP(H84,اسماء,11,0),"") | E78: =40*B78*0.3 -> 36 | F78: =IFERROR(VLOOKUP(H84,اسماء,24,0),"") | H78: =IF(F75=0,"",IF(F75<E75*0.4,A75,"")) | I78: =IF(F76=0,"",IF(F76<E76*0.4,A76,"")) | J78: =IF(F77=0,"",IF(F77<E77*0.4,A77,"")) | L78: =ادخال1!$L$9 -> العلوم | M78: =ادخال1!$L$7 -> 3 | N78: =40*M78*0.3 -> 36 | O78: =IFERROR(VLOOKUP(S84,اسماء,11,0),"") | P78: =40*M78*0.3 -> 36 | Q78: =IFERROR(VLOOKUP(S84,اسماء,24,0),"") | S78: =IF(Q75=0,"",IF(Q75<P75*0.4,L75,"")) | T78: =IF(Q76=0,"",IF(Q76<P76*0.4,L76,"")) | U78: =IF(Q77=0,"",IF(Q77<P77*0.4,L77,"")) | W78: =ادخال1!$L$9 -> العلوم | X78: =ادخال1!$L$7 -> 3 | Y78: =40*X78*0.3 -> 36 | Z78: =IFERROR(VLOOKUP(AD84,اسماء,11,0),"") | AA78: =40*X78*0.3 -> 36 | AB78: =IFERROR(VLOOKUP(AD84,اسماء,24,0),"") | AD78: =IF(AB75=0,"",IF(AB75<AA75*0.4,W75,"")) | AE78: =IF(AB76=0,"",IF(AB76<AA76*0.4,W76,"")) | AF78: =IF(AB77=0,"",IF(AB77<AA77*0.4,W77,"")) | AH78: =ادخال1!$L$9 -> العلوم | AI78: =ادخال1!$L$7 -> 3 | AJ78: =40*AI78*0.3 -> 36 | AK78: =IFERROR(VLOOKUP(AO84,اسماء,11,0),"") | AL78: =40*AI78*0.3 -> 36 | AM78: =IFERROR(VLOOKUP(AO84,اسماء,24,0),"") | AO78: =IF(AM75=0,"",IF(AM75<AL75*0.4,AH75,"")) | AP78: =IF(AM76=0,"",IF(AM76<AL76*0.4,AH76,"")) | AQ78: =IF(AM77=0,"",IF(AM77<AL77*0.4,AH77,""))
A79: =ادخال1!$M$9 -> الاجتماعيات | B79: =ادخال1!$M$7 -> 2 | C79: =40*B79*0.3 -> 24 | D79: =IFERROR(VLOOKUP(H84,اسماء,12,0),"") | E79: =40*B79*0.3 -> 24 | F79: =IFERROR(VLOOKUP(H84,اسماء,25,0),"") | H79: =IF(F78=0,"",IF(F78<E78*0.4,A78,"")) | I79: =IF(F79=0,"",IF(F79<E79*0.4,A79,"")) | L79: =ادخال1!$M$9 -> الاجتماعيات | M79: =ادخال1!$M$7 -> 2 | N79: =40*M79*0.3 -> 24 | O79: =IFERROR(VLOOKUP(S84,اسماء,12,0),"") | P79: =40*M79*0.3 -> 24 | Q79: =IFERROR(VLOOKUP(S84,اسماء,25,0),"") | S79: =IF(Q78=0,"",IF(Q78<P78*0.4,L78,"")) | T79: =IF(Q79=0,"",IF(Q79<P79*0.4,L79,"")) | W79: =ادخال1!$M$9 -> الاجتماعيات | X79: =ادخال1!$M$7 -> 2 | Y79: =40*X79*0.3 -> 24 | Z79: =IFERROR(VLOOKUP(AD84,اسماء,12,0),"") | AA79: =40*X79*0.3 -> 24 | AB79: =IFERROR(VLOOKUP(AD84,اسماء,25,0),"") | AD79: =IF(AB78=0,"",IF(AB78<AA78*0.4,W78,"")) | AE79: =IF(AB79=0,"",IF(AB79<AA79*0.4,W79,"")) | AH79: =ادخال1!$M$9 -> الاجتماعيات | AI79: =ادخال1!$M$7 -> 2 | AJ79: =40*AI79*0.3 -> 24 | AK79: =IFERROR(VLOOKUP(AO84,اسماء,12,0),"") | AL79: =40*AI79*0.3 -> 24 | AM79: =IFERROR(VLOOKUP(AO84,اسماء,25,0),"") | AO79: =IF(AM78=0,"",IF(AM78<AL78*0.4,AH78,"")) | AP79: =IF(AM79=0,"",IF(AM79<AL79*0.4,AH79,""))
A80: المجموع العـام | C80: =SUM(C72:C79) -> 276 | D80: =SUM(D72:D79) -> 0 | E80: =SUM(E72:E79) -> 276 | F80: =SUM(F72:F79) -> 0 | H80: مدير المدرسة/ | I80: =ادخال1!$BP$5 -> د.عبدالرحمن خليفة العريبي | L80: المجموع العـام | N80: =SUM(N72:N79) -> 276 | O80: =SUM(O72:O79) -> 0 | P80: =SUM(P72:P79) -> 276 | Q80: =SUM(Q72:Q79) -> 0 | S80: مدير المدرسة/ | T80: =ادخال1!$BP$5 -> د.عبدالرحمن خليفة العريبي | W80: المجموع العـام | Y80: =SUM(Y72:Y79) -> 276 | Z80: =SUM(Z72:Z79) -> 0 | AA80: =SUM(AA72:AA79) -> 276 | AB80: =SUM(AB72:AB79) -> 0 | AD80: مدير المدرسة/ | AE80: =ادخال1!$BP$5 -> د.عبدالرحمن خليفة العريبي | AH80: المجموع العـام | AJ80: =SUM(AJ72:AJ79) -> 276 | AK80: =SUM(AK72:AK79) -> 0 | AL80: =SUM(AL72:AL79) -> 276 | AM80: =SUM(AM72:AM79) -> 0 | AO80: مدير المدرسة/ | AP80: =ادخال1!$BP$5 -> د.عبدالرحمن خليفة العريبي
A81: =ادخال1!$O$8 -> التربية الفنية | B81: =ادخال1!$O$7 -> 1 | C81: =IFERROR(VLOOKUP(H84,اسماء,14,0),"") | E81: =IFERROR(VLOOKUP(H84,اسماء,27,0),"") | H81: التاريخ | I81: =TODAY() -> 46035 | L81: =ادخال1!$O$8 -> التربية الفنية | M81: =ادخال1!$O$7 -> 1 | N81: =IFERROR(VLOOKUP(S84,اسماء,14,0),"") | P81: =IFERROR(VLOOKUP(S84,اسماء,27,0),"") | S81: التاريخ | T81: =TODAY() -> 46035 | W81: =ادخال1!$O$8 -> التربية الفنية | X81: =ادخال1!$O$7 -> 1 | Y81: =IFERROR(VLOOKUP(AD84,اسماء,14,0),"") | AA81: =IFERROR(VLOOKUP(AD84,اسماء,27,0),"") | AD81: التاريخ | AE81: =TODAY() -> 46035 | AH81: =ادخال1!$O$8 -> التربية الفنية | AI81: =ادخال1!$O$7 -> 1 | AJ81: =IFERROR(VLOOKUP(AO84,اسماء,14,0),"") | AL81: =IFERROR(VLOOKUP(AO84,اسماء,27,0),"") | AO81: التاريخ | AP81: =TODAY() -> 46035
A82: =ادخال1!$P$8 -> التربية البدنية | B82: =ادخال1!$P$7 -> 2 | C82: =IFERROR(VLOOKUP(H84,اسماء,15,0),"") | E82: =IFERROR(VLOOKUP(H84,اسماء,28,0),"") | L82: =ادخال1!$P$8 -> التربية البدنية | M82: =ادخال1!$P$7 -> 2 | N82: =IFERROR(VLOOKUP(S84,اسماء,15,0),"") | P82: =IFERROR(VLOOKUP(S84,اسماء,28,0),"") | W82: =ادخال1!$P$8 -> التربية البدنية | X82: =ادخال1!$P$7 -> 2 | Y82: =IFERROR(VLOOKUP(AD84,اسماء,15,0),"") | AA82: =IFERROR(VLOOKUP(AD84,اسماء,28,0),"") | AH82: =ادخال1!$P$8 -> التربية البدنية | AI82: =ادخال1!$P$7 -> 2 | AJ82: =IFERROR(VLOOKUP(AO84,اسماء,15,0),"") | AL82: =IFERROR(VLOOKUP(AO84,اسماء,28,0),"")
A83: =ادخال1!$Q$8 -> التربية الموسيقية | B83: =ادخال1!$Q$7 -> 1 | C83: =IFERROR(VLOOKUP(H85,اسماء,16,0),"") | E83: =IFERROR(VLOOKUP(H85,اسماء,29,0),"") | L83: =ادخال1!$Q$8 -> التربية الموسيقية | M83: =ادخال1!$Q$7 -> 1 | N83: =IFERROR(VLOOKUP(S85,اسماء,16,0),"") | P83: =IFERROR(VLOOKUP(S85,اسماء,29,0),"") | W83: =ادخال1!$Q$8 -> التربية الموسيقية | X83: =ادخال1!$Q$7 -> 1 | Y83: =IFERROR(VLOOKUP(AD85,اسماء,16,0),"") | AA83: =IFERROR(VLOOKUP(AD85,اسماء,29,0),"") | AH83: =ادخال1!$Q$8 -> التربية الموسيقية | AI83: =ادخال1!$Q$7 -> 1 | AJ83: =IFERROR(VLOOKUP(AO85,اسماء,16,0),"") | AL83: =IFERROR(VLOOKUP(AO85,اسماء,29,0),"")
A84: الرقم الوطني | B84: =IFERROR(VLOOKUP(H84,اسماء,71,0),"") | C84: =IFERROR(VLOOKUP(G89,اسماء,8,0),"") | D84: =IFERROR(VLOOKUP(H89,اسماء,8,0),"") | E84: =IFERROR(VLOOKUP(I89,اسماء,8,0),"") | H84: =INDEX(عمود2,MATCH(J68,عمود1)) -> 0 | L84: الرقم الوطني | M84: =IFERROR(VLOOKUP(S84,اسماء,71,0),"") | N84: =IFERROR(VLOOKUP(R89,اسماء,8,0),"") | O84: =IFERROR(VLOOKUP(S89,اسماء,8,0),"") | P84: =IFERROR(VLOOKUP(T89,اسماء,8,0),"") | S84: =INDEX(عمود2,MATCH(U68,عمود1)) -> 0 | W84: الرقم الوطني | X84: =IFERROR(VLOOKUP(AD84,اسماء,71,0),"") | Y84: =IFERROR(VLOOKUP(AC89,اسماء,8,0),"") | Z84: =IFERROR(VLOOKUP(AD89,اسماء,8,0),"") | AA84: =IFERROR(VLOOKUP(AE89,اسماء,8,0),"") | AD84: =INDEX(عمود2,MATCH(AF68,عمود1)) -> 0 | AH84: الرقم الوطني | AI84: =IFERROR(VLOOKUP(AO84,اسماء,71,0),"") | AJ84: =IFERROR(VLOOKUP(AN89,اسماء,8,0),"") | AK84: =IFERROR(VLOOKUP(AO89,اسماء,8,0),"") | AL84: =IFERROR(VLOOKUP(AP89,اسماء,8,0),"") | AO84: =INDEX(عمود2,MATCH(AQ68,عمود1)) -> 0
A85: الســــــلوك | C85: =IFERROR(VLOOKUP(H84,اسماء,31,0),"") | E85: =IFERROR(VLOOKUP(H84,اسماء,32,0),"") | H85: كل كشط أو تغيير في هذه البطاقة يلغيها. | L85: الســــــلوك | N85: =IFERROR(VLOOKUP(S84,اسماء,31,0),"") | P85: =IFERROR(VLOOKUP(S84,اسماء,32,0),"") | S85: كل كشط أو تغيير في هذه البطاقة يلغيها. | W85: الســــــلوك | Y85: =IFERROR(VLOOKUP(AD84,اسماء,31,0),"") | AA85: =IFERROR(VLOOKUP(AD84,اسماء,32,0),"") | AD85: كل كشط أو تغيير في هذه البطاقة يلغيها. | AH85: الســــــلوك | AJ85: =IFERROR(VLOOKUP(AO84,اسماء,31,0),"") | AL85: =IFERROR(VLOOKUP(AO84,اسماء,32,0),"") | AO85: كل كشط أو تغيير في هذه البطاقة يلغيها.
A86: غياب مشروع | C86: =IFERROR(VLOOKUP(H84,اسماء,34,0),"") | E86: =IFERROR(VLOOKUP(H84,اسماء,36,0),"") | L86: غياب مشروع | N86: =IFERROR(VLOOKUP(S84,اسماء,34,0),"") | P86: =IFERROR(VLOOKUP(S84,اسماء,36,0),"") | W86: غياب مشروع | Y86: =IFERROR(VLOOKUP(AD84,اسماء,34,0),"") | AA86: =IFERROR(VLOOKUP(AD84,اسماء,36,0),"") | AH86: غياب مشروع | AJ86: =IFERROR(VLOOKUP(AO84,اسماء,34,0),"") | AL86: =IFERROR(VLOOKUP(AO84,اسماء,36,0),"")
A87: غياب غير مشروع | C87: =IFERROR(VLOOKUP(H84,اسماء,35,0),"") | E87: =IFERROR(VLOOKUP(H84,اسماء,37,0),"") | L87: غياب غير مشروع | N87: =IFERROR(VLOOKUP(S84,اسماء,35,0),"") | P87: =IFERROR(VLOOKUP(S84,اسماء,37,0),"") | W87: غياب غير مشروع | Y87: =IFERROR(VLOOKUP(AD84,اسماء,35,0),"") | AA87: =IFERROR(VLOOKUP(AD84,اسماء,37,0),"") | AH87: غياب غير مشروع | AJ87: =IFERROR(VLOOKUP(AO84,اسماء,35,0),"") | AL87: =IFERROR(VLOOKUP(AO84,اسماء,37,0),"")
A89: بطاقة تقدير الدرجات للصــــف | D89: =ادخال1!$N$4 -> الرابع | F89: من التعليم الأساسي | J89: =J68+1 -> 19 | L89: بطاقة تقدير الدرجات للصــــف | O89: =ادخال1!$N$4 -> الرابع | Q89: من التعليم الأساسي | U89: =J89+5 -> 24 | W89: بطاقة تقدير الدرجات للصــــف | Z89: =ادخال1!$N$4 -> الرابع | AB89: من التعليم الأساسي | AF89: =U89+5 -> 29 | AH89: بطاقة تقدير الدرجات للصــــف | AK89: =ادخال1!$N$4 -> الرابع | AM89: من التعليم الأساسي | AQ89: =AF89+5 -> 34
A90: المدرسة/ | B90: =ادخال1!$B$5 -> سهول العلم للتعليم الخاص | F90: الاسم | G90: =H105 -> 0 | L90: المدرسة/ | M90: =ادخال1!$B$5 -> سهول العلم للتعليم الخاص | Q90: الاسم | R90: =S105 -> 0 | W90: المدرسة/ | X90: =ادخال1!$B$5 -> سهول العلم للتعليم الخاص | AB90: الاسم | AC90: =AD105 -> 0 | AH90: المدرسة/ | AI90: =ادخال1!$B$5 -> سهول العلم للتعليم الخاص | AM90: الاسم | AN90: =AO105 -> 0
A91: الفترات | B91: عدد الحصص | C91: الفترة الأولي 30 % | E91: الفترة الثانية 30 % | H91: ملاحظــات عن نتيجة التلميذ خلال كل فترة : | L91: الفترات | M91: عدد الحصص | N91: الفترة الأولي 30 % | P91: الفترة الثانية 30 % | S91: ملاحظــات عن نتيجة التلميذ خلال كل فترة : | W91: الفترات | X91: عدد الحصص | Y91: الفترة الأولي 30 % | AA91: الفترة الثانية 30 % | AD91: ملاحظــات عن نتيجة التلميذ خلال كل فترة : | AH91: الفترات | AI91: عدد الحصص | AJ91: الفترة الأولي 30 % | AL91: الفترة الثانية 30 % | AO91: ملاحظــات عن نتيجة التلميذ خلال كل فترة :
A92: المواد الدراسية | C92: الدرجة الكبرى | D92: درجة التلميذ | E92: الدرجة الكبرى | F92: درجة التلميذ | H92: الأولي : | I92: =IF(D101=0,"",IF(AND(D93>=C93*0.4,D94>=C94*0.4,D98>=C98*0.4,D99>=C99*0.4,D100>=C100*0.4,D95>=C95*0.4,D96>=C96*0.4,D97>=C97*0.4),LOOKUP(D101,'النتيجة النهائية'!$AF$6:$AG$10),"ضعيف ويحتاج الى اهتمام في المواد")) | L92: المواد الدراسية | N92: الدرجة الكبرى | O92: درجة التلميذ | P92: الدرجة الكبرى | Q92: درجة التلميذ | S92: الأولي : | T92: =IF(O101=0,"",IF(AND(O93>=N93*0.4,O94>=N94*0.4,O98>=N98*0.4,O99>=N99*0.4,O100>=N100*0.4,O95>=N95*0.4,O96>=N96*0.4,O97>=N97*0.4),LOOKUP(O101,'النتيجة النهائية'!$AF$6:$AG$10),"ضعيف ويحتاج الى اهتمام في المواد")) | W92: المواد الدراسية | Y92: الدرجة الكبرى | Z92: درجة التلميذ | AA92: الدرجة الكبرى | AB92: درجة التلميذ | AD92: الأولي : | AE92: =IF(Z101=0,"",IF(AND(Z93>=Y93*0.4,Z94>=Y94*0.4,Z98>=Y98*0.4,Z99>=Y99*0.4,Z100>=Y100*0.4,Z95>=Y95*0.4,Z96>=Y96*0.4,Z97>=Y97*0.4),LOOKUP(Z101,'النتيجة النهائية'!$AF$6:$AG$10),"ضعيف ويحتاج الى اهتمام في المواد")) | AH92: المواد الدراسية | AJ92: الدرجة الكبرى | AK92: درجة التلميذ | AL92: الدرجة الكبرى | AM92: درجة التلميذ | AO92: الأولي : | AP92: =IF(AK101=0,"",IF(AND(AK93>=AJ93*0.4,AK94>=AJ94*0.4,AK98>=AJ98*0.4,AK99>=AJ99*0.4,AK100>=AJ100*0.4,AK95>=AJ95*0.4,AK96>=AJ96*0.4,AK97>=AJ97*0.4),LOOKUP(AK101,'النتيجة النهائية'!$AF$6:$AG$10),"ضعيف ويحتاج الى اهتمام في المواد"))
A93: =ادخال1!$F$9 -> التربية الإسلامية | B93: =ادخال1!$F$7 -> 3 | C93: =40*B93*0.3 -> 36 | D93: =IFERROR(VLOOKUP(H105,اسماء,5,0),"") | E93: =40*B93*0.3 -> 36 | F93: =IFERROR(VLOOKUP(H105,اسماء,18,0),"") | H93: =IF(D93=0,"",IF(D93<C93*0.4,A93,"")) | I93: =IF(D94=0,"",IF(D94<C94*0.4,A94,"")) | J93: =IF(D95=0,"",IF(D95<C95*0.4,A95,"")) | L93: =ادخال1!$F$9 -> التربية الإسلامية | M93: =ادخال1!$F$7 -> 3 | N93: =40*M93*0.3 -> 36 | O93: =IFERROR(VLOOKUP(S105,اسماء,5,0),"") | P93: =40*M93*0.3 -> 36 | Q93: =IFERROR(VLOOKUP(S105,اسماء,18,0),"") | S93: =IF(O93=0,"",IF(O93<N93*0.4,L93,"")) | T93: =IF(O94=0,"",IF(O94<N94*0.4,L94,"")) | U93: =IF(O95=0,"",IF(O95<N95*0.4,L95,"")) | W93: =ادخال1!$F$9 -> التربية الإسلامية | X93: =ادخال1!$F$7 -> 3 | Y93: =40*X93*0.3 -> 36 | Z93: =IFERROR(VLOOKUP(AD105,اسماء,5,0),"") | AA93: =40*X93*0.3 -> 36 | AB93: =IFERROR(VLOOKUP(AD105,اسماء,18,0),"") | AD93: =IF(Z93=0,"",IF(Z93<Y93*0.4,W93,"")) | AE93: =IF(Z94=0,"",IF(Z94<Y94*0.4,W94,"")) | AF93: =IF(Z95=0,"",IF(Z95<Y95*0.4,W95,"")) | AH93: =ادخال1!$F$9 -> التربية الإسلامية | AI93: =ادخال1!$F$7 -> 3 | AJ93: =40*AI93*0.3 -> 36 | AK93: =IFERROR(VLOOKUP(AO105,اسماء,5,0),"") | AL93: =40*AI93*0.3 -> 36 | AM93: =IFERROR(VLOOKUP(AO105,اسماء,18,0),"") | AO93: =IF(AK93=0,"",IF(AK93<AJ93*0.4,AH93,"")) | AP93: =IF(AK94=0,"",IF(AK94<AJ94*0.4,AH94,"")) | AQ93: =IF(AK95=0,"",IF(AK95<AJ95*0.4,AH95,""))
A94: =ادخال1!$G$9 -> اللغة العربية | B94: =ادخال1!$G$7 -> 4 | C94: =40*B94*0.3 -> 48 | D94: =IFERROR(VLOOKUP(H105,اسماء,6,0),"") | E94: =40*B94*0.3 -> 48 | F94: =IFERROR(VLOOKUP(H105,اسماء,19,0),"") | H94: =IF(D98=0,"",IF(D98<C98*0.4,A96,"")) | I94: =IF(D100=0,"",IF(D100<C100*0.4,A97,"")) | J94: =IF(D97=0,"",IF(D97<C97*0.4,A98,"")) | L94: =ادخال1!$G$9 -> اللغة العربية | M94: =ادخال1!$G$7 -> 4 | N94: =40*M94*0.3 -> 48 | O94: =IFERROR(VLOOKUP(S105,اسماء,6,0),"") | P94: =40*M94*0.3 -> 48 | Q94: =IFERROR(VLOOKUP(S105,اسماء,19,0),"") | S94: =IF(O98=0,"",IF(O98<N98*0.4,L96,"")) | T94: =IF(O100=0,"",IF(O100<N100*0.4,L97,"")) | U94: =IF(O97=0,"",IF(O97<N97*0.4,L98,"")) | W94: =ادخال1!$G$9 -> اللغة العربية | X94: =ادخال1!$G$7 -> 4 | Y94: =40*X94*0.3 -> 48 | Z94: =IFERROR(VLOOKUP(AD105,اسماء,6,0),"") | AA94: =40*X94*0.3 -> 48 | AB94: =IFERROR(VLOOKUP(AD105,اسماء,19,0),"") | AD94: =IF(Z98=0,"",IF(Z98<Y98*0.4,W96,"")) | AE94: =IF(Z100=0,"",IF(Z100<Y100*0.4,W97,"")) | AF94: =IF(Z97=0,"",IF(Z97<Y97*0.4,W98,"")) | AH94: =ادخال1!$G$9 -> اللغة العربية | AI94: =ادخال1!$G$7 -> 4 | AJ94: =40*AI94*0.3 -> 48 | AK94: =IFERROR(VLOOKUP(AO105,اسماء,6,0),"") | AL94: =40*AI94*0.3 -> 48 | AM94: =IFERROR(VLOOKUP(AO105,اسماء,19,0),"") | AO94: =IF(AK98=0,"",IF(AK98<AJ98*0.4,AH96,"")) | AP94: =IF(AK100=0,"",IF(AK100<AJ100*0.4,AH97,"")) | AQ94: =IF(AK97=0,"",IF(AK97<AJ97*0.4,AH98,""))
A95: =ادخال1!$H$9 -> الكتابة | B95: =ادخال1!$H$7 -> 2 | C95: =40*B95*0.3 -> 24 | D95: =IFERROR(VLOOKUP(H105,اسماء,7,0),"") | E95: =40*B95*0.3 -> 24 | F95: =IFERROR(VLOOKUP(H105,اسماء,20,0),"") | H95: =IF(D99=0,"",IF(D99<C99*0.4,A99,"")) | I95: =IF(D100=0,"",IF(D100<C100*0.4,A100,"")) | L95: =ادخال1!$H$9 -> الكتابة | M95: =ادخال1!$H$7 -> 2 | N95: =40*M95*0.3 -> 24 | O95: =IFERROR(VLOOKUP(S105,اسماء,7,0),"") | P95: =40*M95*0.3 -> 24 | Q95: =IFERROR(VLOOKUP(S105,اسماء,20,0),"") | S95: =IF(O99=0,"",IF(O99<N99*0.4,L99,"")) | T95: =IF(O100=0,"",IF(O100<N100*0.4,L100,"")) | W95: =ادخال1!$H$9 -> الكتابة | X95: =ادخال1!$H$7 -> 2 | Y95: =40*X95*0.3 -> 24 | Z95: =IFERROR(VLOOKUP(AD105,اسماء,7,0),"") | AA95: =40*X95*0.3 -> 24 | AB95: =IFERROR(VLOOKUP(AD105,اسماء,20,0),"") | AD95: =IF(Z99=0,"",IF(Z99<Y99*0.4,W99,"")) | AE95: =IF(Z100=0,"",IF(Z100<Y100*0.4,W100,"")) | AH95: =ادخال1!$H$9 -> الكتابة | AI95: =ادخال1!$H$7 -> 2 | AJ95: =40*AI95*0.3 -> 24 | AK95: =IFERROR(VLOOKUP(AO105,اسماء,7,0),"") | AL95: =40*AI95*0.3 -> 24 | AM95: =IFERROR(VLOOKUP(AO105,اسماء,20,0),"") | AO95: =IF(AK99=0,"",IF(AK99<AJ99*0.4,AH99,"")) | AP95: =IF(AK100=0,"",IF(AK100<AJ100*0.4,AH100,""))
A96: =ادخال1!$I$9 -> اللغة الإنجليزية | B96: =ادخال1!$I$7 -> 3 | C96: =40*B96*0.3 -> 36 | D96: =IFERROR(VLOOKUP(H105,اسماء,8,0),"") | E96: =40*B96*0.3 -> 36 | F96: =IFERROR(VLOOKUP(H105,اسماء,21,0),"") | H96: الثانية :- | I96: =IF(F101=0,"",IF(AND(F93>=E93*0.4,F94>=E94*0.4,F98>=E98*0.4,F99>=E99*0.4,F100>=E100*0.4,F95>=E95*0.4,F96>=E96*0.4,F97>=E97*0.4),LOOKUP(F101,'النتيجة النهائية'!$AF$6:$AG$10),"ضعيف ويحتاج الى اهتمام في المواد")) | L96: =ادخال1!$I$9 -> اللغة الإنجليزية | M96: =ادخال1!$I$7 -> 3 | N96: =40*M96*0.3 -> 36 | O96: =IFERROR(VLOOKUP(S105,اسماء,8,0),"") | P96: =40*M96*0.3 -> 36 | Q96: =IFERROR(VLOOKUP(S105,اسماء,21,0),"") | S96: الثانية :- | T96: =IF(Q101=0,"",IF(AND(Q93>=P93*0.4,Q94>=P94*0.4,Q98>=P98*0.4,Q99>=P99*0.4,Q100>=P100*0.4,Q95>=P95*0.4,Q96>=P96*0.4,Q97>=P97*0.4),LOOKUP(Q101,'النتيجة النهائية'!$AF$6:$AG$10),"ضعيف ويحتاج الى اهتمام في المواد")) | W96: =ادخال1!$I$9 -> اللغة الإنجليزية | X96: =ادخال1!$I$7 -> 3 | Y96: =40*X96*0.3 -> 36 | Z96: =IFERROR(VLOOKUP(AD105,اسماء,8,0),"") | AA96: =40*X96*0.3 -> 36 | AB96: =IFERROR(VLOOKUP(AD105,اسماء,21,0),"") | AD96: الثانية :- | AE96: =IF(AB101=0,"",IF(AND(AB93>=AA93*0.4,AB94>=AA94*0.4,AB98>=AA98*0.4,AB99>=AA99*0.4,AB100>=AA100*0.4,AB95>=AA95*0.4,AB96>=AA96*0.4,AB97>=AA97*0.4),LOOKUP(AB101,'النتيجة النهائية'!$AF$6:$AG$10),"ضعيف ويحتاج الى اهتمام في المواد")) | AH96: =ادخال1!$I$9 -> اللغة الإنجليزية | AI96: =ادخال1!$I$7 -> 3 | AJ96: =40*AI96*0.3 -> 36 | AK96: =IFERROR(VLOOKUP(AO105,اسماء,8,0),"") | AL96: =40*AI96*0.3 -> 36 | AM96: =IFERROR(VLOOKUP(AO105,اسماء,21,0),"") | AO96: الثانية :- | AP96: =IF(AM101=0,"",IF(AND(AM93>=AL93*0.4,AM94>=AL94*0.4,AM98>=AL98*0.4,AM99>=AL99*0.4,AM100>=AL100*0.4,AM95>=AL95*0.4,AM96>=AL96*0.4,AM97>=AL97*0.4),LOOKUP(AM101,'النتيجة النهائية'!$AF$6:$AG$10),"ضعيف ويحتاج الى اهتمام في المواد"))
A97: =ادخال1!$J$9 -> الحاسوب | B97: =ادخال1!$J$7 -> 1 | C97: =40*B97*0.3 -> 12 | D97: =IFERROR(VLOOKUP(H105,اسماء,9,0),"") | E97: =40*B97*0.3 -> 12 | F97: =IFERROR(VLOOKUP(H105,اسماء,22,0),"") | L97: =ادخال1!$J$9 -> الحاسوب | M97: =ادخال1!$J$7 -> 1 | N97: =40*M97*0.3 -> 12 | O97: =IFERROR(VLOOKUP(S105,اسماء,9,0),"") | P97: =40*M97*0.3 -> 12 | Q97: =IFERROR(VLOOKUP(S105,اسماء,22,0),"") | W97: =ادخال1!$J$9 -> الحاسوب | X97: =ادخال1!$J$7 -> 1 | Y97: =40*X97*0.3 -> 12 | Z97: =IFERROR(VLOOKUP(AD105,اسماء,9,0),"") | AA97: =40*X97*0.3 -> 12 | AB97: =IFERROR(VLOOKUP(AD105,اسماء,22,0),"") | AH97: =ادخال1!$J$9 -> الحاسوب | AI97: =ادخال1!$J$7 -> 1 | AJ97: =40*AI97*0.3 -> 12 | AK97: =IFERROR(VLOOKUP(AO105,اسماء,9,0),"") | AL97: =40*AI97*0.3 -> 12 | AM97: =IFERROR(VLOOKUP(AO105,اسماء,22,0),"")
A98: =ادخال1!$K$9 -> الرياضيات | B98: =ادخال1!$K$7 -> 5 | C98: =40*B98*0.3 -> 60 | D98: =IFERROR(VLOOKUP(H105,اسماء,10,0),"") | E98: =40*B98*0.3 -> 60 | F98: =IFERROR(VLOOKUP(H105,اسماء,23,0),"") | H98: =IF(F93=0,"",IF(F93<E93*0.4,A93,"")) | I98: =IF(F94=0,"",IF(F94<E94*0.4,A94,"")) | J98: =IF(F95=0,"",IF(F95<E95*0.4,A95,"")) | L98: =ادخال1!$K$9 -> الرياضيات | M98: =ادخال1!$K$7 -> 5 | N98: =40*M98*0.3 -> 60 | O98: =IFERROR(VLOOKUP(S105,اسماء,10,0),"") | P98: =40*M98*0.3 -> 60 | Q98: =IFERROR(VLOOKUP(S105,اسماء,23,0),"") | S98: =IF(Q93=0,"",IF(Q93<P93*0.4,L93,"")) | T98: =IF(Q94=0,"",IF(Q94<P94*0.4,L94,"")) | U98: =IF(Q95=0,"",IF(Q95<P95*0.4,L95,"")) | W98: =ادخال1!$K$9 -> الرياضيات | X98: =ادخال1!$K$7 -> 5 | Y98: =40*X98*0.3 -> 60 | Z98: =IFERROR(VLOOKUP(AD105,اسماء,10,0),"") | AA98: =40*X98*0.3 -> 60 | AB98: =IFERROR(VLOOKUP(AD105,اسماء,23,0),"") | AD98: =IF(AB93=0,"",IF(AB93<AA93*0.4,W93,"")) | AE98: =IF(AB94=0,"",IF(AB94<AA94*0.4,W94,"")) | AF98: =IF(AB95=0,"",IF(AB95<AA95*0.4,W95,"")) | AH98: =ادخال1!$K$9 -> الرياضيات | AI98: =ادخال1!$K$7 -> 5 | AJ98: =40*AI98*0.3 -> 60 | AK98: =IFERROR(VLOOKUP(AO105,اسماء,10,0),"") | AL98: =40*AI98*0.3 -> 60 | AM98: =IFERROR(VLOOKUP(AO105,اسماء,23,0),"") | AO98: =IF(AM93=0,"",IF(AM93<AL93*0.4,AH93,"")) | AP98: =IF(AM94=0,"",IF(AM94<AL94*0.4,AH94,"")) | AQ98: =IF(AM95=0,"",IF(AM95<AL95*0.4,AH95,""))
A99: =ادخال1!$L$9 -> العلوم | B99: =ادخال1!$L$7 -> 3 | C99: =40*B99*0.3 -> 36 | D99: =IFERROR(VLOOKUP(H105,اسماء,11,0),"") | E99: =40*B99*0.3 -> 36 | F99: =IFERROR(VLOOKUP(H105,اسماء,24,0),"") | H99: =IF(F96=0,"",IF(F96<E96*0.4,A96,"")) | I99: =IF(F97=0,"",IF(F97<E97*0.4,A97,"")) | J99: =IF(F98=0,"",IF(F98<E98*0.4,A98,"")) | L99: =ادخال1!$L$9 -> العلوم | M99: =ادخال1!$L$7 -> 3 | N99: =40*M99*0.3 -> 36 | O99: =IFERROR(VLOOKUP(S105,اسماء,11,0),"") | P99: =40*M99*0.3 -> 36 | Q99: =IFERROR(VLOOKUP(S105,اسماء,24,0),"") | S99: =IF(Q96=0,"",IF(Q96<P96*0.4,L96,"")) | T99: =IF(Q97=0,"",IF(Q97<P97*0.4,L97,"")) | U99: =IF(Q98=0,"",IF(Q98<P98*0.4,L98,"")) | W99: =ادخال1!$L$9 -> العلوم | X99: =ادخال1!$L$7 -> 3 | Y99: =40*X99*0.3 -> 36 | Z99: =IFERROR(VLOOKUP(AD105,اسماء,11,0),"") | AA99: =40*X99*0.3 -> 36 | AB99: =IFERROR(VLOOKUP(AD105,اسماء,24,0),"") | AD99: =IF(AB96=0,"",IF(AB96<AA96*0.4,W96,"")) | AE99: =IF(AB97=0,"",IF(AB97<AA97*0.4,W97,"")) | AF99: =IF(AB98=0,"",IF(AB98<AA98*0.4,W98,"")) | AH99: =ادخال1!$L$9 -> العلوم | AI99: =ادخال1!$L$7 -> 3 | AJ99: =40*AI99*0.3 -> 36 | AK99: =IFERROR(VLOOKUP(AO105,اسماء,11,0),"") | AL99: =40*AI99*0.3 -> 36 | AM99: =IFERROR(VLOOKUP(AO105,اسماء,24,0),"") | AO99: =IF(AM96=0,"",IF(AM96<AL96*0.4,AH96,"")) | AP99: =IF(AM97=0,"",IF(AM97<AL97*0.4,AH97,"")) | AQ99: =IF(AM98=0,"",IF(AM98<AL98*0.4,AH98,""))
A100: =ادخال1!$M$9 -> الاجتماعيات | B100: =ادخال1!$M$7 -> 2 | C100: =40*B100*0.3 -> 24 | D100: =IFERROR(VLOOKUP(H105,اسماء,12,0),"") | E100: =40*B100*0.3 -> 24 | F100: =IFERROR(VLOOKUP(H105,اسماء,25,0),"") | H100: =IF(F99=0,"",IF(F99<E99*0.4,A99,"")) | I100: =IF(F100=0,"",IF(F100<E100*0.4,A100,"")) | L100: =ادخال1!$M$9 -> الاجتماعيات | M100: =ادخال1!$M$7 -> 2 | N100: =40*M100*0.3 -> 24 | O100: =IFERROR(VLOOKUP(S105,اسماء,12,0),"") | P100: =40*M100*0.3 -> 24 | Q100: =IFERROR(VLOOKUP(S105,اسماء,25,0),"") | S100: =IF(Q99=0,"",IF(Q99<P99*0.4,L99,"")) | T100: =IF(Q100=0,"",IF(Q100<P100*0.4,L100,"")) | W100: =ادخال1!$M$9 -> الاجتماعيات | X100: =ادخال1!$M$7 -> 2 | Y100: =40*X100*0.3 -> 24 | Z100: =IFERROR(VLOOKUP(AD105,اسماء,12,0),"") | AA100: =40*X100*0.3 -> 24 | AB100: =IFERROR(VLOOKUP(AD105,اسماء,25,0),"") | AD100: =IF(AB99=0,"",IF(AB99<AA99*0.4,W99,"")) | AE100: =IF(AB100=0,"",IF(AB100<AA100*0.4,W100,"")) | AH100: =ادخال1!$M$9 -> الاجتماعيات | AI100: =ادخال1!$M$7 -> 2 | AJ100: =40*AI100*0.3 -> 24 | AK100: =IFERROR(VLOOKUP(AO105,اسماء,12,0),"") | AL100: =40*AI100*0.3 -> 24 | AM100: =IFERROR(VLOOKUP(AO105,اسماء,25,0),"") | AO100: =IF(AM99=0,"",IF(AM99<AL99*0.4,AH99,"")) | AP100: =IF(AM100=0,"",IF(AM100<AL100*0.4,AH100,""))
A101: المجموع العـام | C101: =SUM(C93:C100) -> 276 | D101: =SUM(D93:D100) -> 0 | E101: =SUM(E93:E100) -> 276 | F101: =SUM(F93:F100) -> 0 | H101: مدير المدرسة/ | I101: =ادخال1!$BP$5 -> د.عبدالرحمن خليفة العريبي | L101: المجموع العـام | N101: =SUM(N93:N100) -> 276 | O101: =SUM(O93:O100) -> 0 | P101: =SUM(P93:P100) -> 276 | Q101: =SUM(Q93:Q100) -> 0 | S101: مدير المدرسة/ | T101: =ادخال1!$BP$5 -> د.عبدالرحمن خليفة العريبي | W101: المجموع العـام | Y101: =SUM(Y93:Y100) -> 276 | Z101: =SUM(Z93:Z100) -> 0 | AA101: =SUM(AA93:AA100) -> 276 | AB101: =SUM(AB93:AB100) -> 0 | AD101: مدير المدرسة/ | AE101: =ادخال1!$BP$5 -> د.عبدالرحمن خليفة العريبي | AH101: المجموع العـام | AJ101: =SUM(AJ93:AJ100) -> 276 | AK101: =SUM(AK93:AK100) -> 0 | AL101: =SUM(AL93:AL100) -> 276 | AM101: =SUM(AM93:AM100) -> 0 | AO101: مدير المدرسة/ | AP101: =ادخال1!$BP$5 -> د.عبدالرحمن خليفة العريبي
A102: =ادخال1!$O$8 -> التربية الفنية | B102: =ادخال1!$O$7 -> 1 | C102: =IFERROR(VLOOKUP(H105,اسماء,14,0),"") | E102: =IFERROR(VLOOKUP(H105,اسماء,27,0),"") | H102: التاريخ | I102: =TODAY() -> 46035 | L102: =ادخال1!$O$8 -> التربية الفنية | M102: =ادخال1!$O$7 -> 1 | N102: =IFERROR(VLOOKUP(S105,اسماء,14,0),"") | P102: =IFERROR(VLOOKUP(S105,اسماء,27,0),"") | S102: التاريخ | T102: =TODAY() -> 46035 | W102: =ادخال1!$O$8 -> التربية الفنية | X102: =ادخال1!$O$7 -> 1 | Y102: =IFERROR(VLOOKUP(AD105,اسماء,14,0),"") | AA102: =IFERROR(VLOOKUP(AD105,اسماء,27,0),"") | AD102: التاريخ | AE102: =TODAY() -> 46035 | AH102: =ادخال1!$O$8 -> التربية الفنية | AI102: =ادخال1!$O$7 -> 1 | AJ102: =IFERROR(VLOOKUP(AO105,اسماء,14,0),"") | AL102: =IFERROR(VLOOKUP(AO105,اسماء,27,0),"") | AO102: التاريخ | AP102: =TODAY() -> 46035
A103: =ادخال1!$P$8 -> التربية البدنية | B103: =ادخال1!$P$7 -> 2 | C103: =IFERROR(VLOOKUP(H105,اسماء,15,0),"") | E103: =IFERROR(VLOOKUP(H105,اسماء,28,0),"") | L103: =ادخال1!$P$8 -> التربية البدنية | M103: =ادخال1!$P$7 -> 2 | N103: =IFERROR(VLOOKUP(S105,اسماء,15,0),"") | P103: =IFERROR(VLOOKUP(S105,اسماء,28,0),"") | W103: =ادخال1!$P$8 -> التربية البدنية | X103: =ادخال1!$P$7 -> 2 | Y103: =IFERROR(VLOOKUP(AD105,اسماء,15,0),"") | AA103: =IFERROR(VLOOKUP(AD105,اسماء,28,0),"") | AH103: =ادخال1!$P$8 -> التربية البدنية | AI103: =ادخال1!$P$7 -> 2 | AJ103: =IFERROR(VLOOKUP(AO105,اسماء,15,0),"") | AL103: =IFERROR(VLOOKUP(AO105,اسماء,28,0),"")
A104: =ادخال1!$Q$8 -> التربية الموسيقية | B104: =ادخال1!$Q$7 -> 1 | C104: =IFERROR(VLOOKUP(H106,اسماء,16,0),"") | E104: =IFERROR(VLOOKUP(H106,اسماء,29,0),"") | L104: =ادخال1!$Q$8 -> التربية الموسيقية | M104: =ادخال1!$Q$7 -> 1 | N104: =IFERROR(VLOOKUP(S106,اسماء,16,0),"") | P104: =IFERROR(VLOOKUP(S106,اسماء,29,0),"") | W104: =ادخال1!$Q$8 -> التربية الموسيقية | X104: =ادخال1!$Q$7 -> 1 | Y104: =IFERROR(VLOOKUP(AD106,اسماء,16,0),"") | AA104: =IFERROR(VLOOKUP(AD106,اسماء,29,0),"") | AH104: =ادخال1!$Q$8 -> التربية الموسيقية | AI104: =ادخال1!$Q$7 -> 1 | AJ104: =IFERROR(VLOOKUP(AO106,اسماء,16,0),"") | AL104: =IFERROR(VLOOKUP(AO106,اسماء,29,0),"")
A105: الرقم الوطني | B105: =IFERROR(VLOOKUP(H105,اسماء,71,0),"") | C105: =IFERROR(VLOOKUP(G110,اسماء,8,0),"") | D105: =IFERROR(VLOOKUP(H110,اسماء,8,0),"") | E105: =IFERROR(VLOOKUP(I110,اسماء,8,0),"") | H105: =INDEX(عمود2,MATCH(J89,عمود1)) -> 0 | L105: الرقم الوطني | M105: =IFERROR(VLOOKUP(S105,اسماء,71,0),"") | N105: =IFERROR(VLOOKUP(R110,اسماء,8,0),"") | O105: =IFERROR(VLOOKUP(S110,اسماء,8,0),"") | P105: =IFERROR(VLOOKUP(T110,اسماء,8,0),"") | S105: =INDEX(عمود2,MATCH(U89,عمود1)) -> 0 | W105: الرقم الوطني | X105: =IFERROR(VLOOKUP(AD105,اسماء,71,0),"") | Y105: =IFERROR(VLOOKUP(AC110,اسماء,8,0),"") | Z105: =IFERROR(VLOOKUP(AD110,اسماء,8,0),"") | AA105: =IFERROR(VLOOKUP(AE110,اسماء,8,0),"") | AD105: =INDEX(عمود2,MATCH(AF89,عمود1)) -> 0 | AH105: الرقم الوطني | AI105: =IFERROR(VLOOKUP(AO105,اسماء,71,0),"") | AJ105: =IFERROR(VLOOKUP(AN110,اسماء,8,0),"") | AK105: =IFERROR(VLOOKUP(AO110,اسماء,8,0),"") | AL105: =IFERROR(VLOOKUP(AP110,اسماء,8,0),"") | AO105: =INDEX(عمود2,MATCH(AQ89,عمود1)) -> 0
...

Sheet الصحيفة النهائية
A1: بطاقة تقدير الدرجات للصــــف | D1: =ادخال1!$N$4 -> الرابع | F1: من التعليم الأساسي | O1: 1 | Q1: بطاقة تقدير الدرجات للصــــف | T1: =ادخال1!$N$4 -> الرابع | V1: من التعليم الأساسي | AE1: =O1+5 -> 6 | AG1: بطاقة تقدير الدرجات للصــــف | AJ1: =ادخال1!$N$4 -> الرابع | AL1: من التعليم الأساسي | AU1: =AE1+5 -> 11 | AW1: بطاقة تقدير الدرجات للصــــف | AZ1: =ادخال1!$N$4 -> الرابع | BB1: من التعليم الأساسي | BK1: =AU1+5 -> 16 | BN1: =SUM(I5:I11) -> 840
A2: المدرسة/ | B2: =ادخال1!$B$5 -> سهول العلم للتعليم الخاص | H2: الاسم | J2: =M19 -> أحمد نورالدين أحمد الذيب | Q2: المدرسة/ | R2: =ادخال1!$B$5 -> سهول العلم للتعليم الخاص | X2: الاسم | Z2: =AC19 -> خديجة خليل محمد علي | AG2: المدرسة/ | AH2: =ادخال1!$B$5 -> سهول العلم للتعليم الخاص | AN2: الاسم | AP2: =AS19 -> عبد العزيز عبدالله محمد المغربي | AW2: المدرسة/ | AX2: =ادخال1!$B$5 -> سهول العلم للتعليم الخاص | BD2: الاسم | BF2: =BI19 -> معاوية عز الدين محمد أحفيظان | BN2: =BN1*0.3 -> 252 | BO2: 0 | BP2: ضعيف
A3: الفترات | B3: عدد الحصص | C3: الفترة الأولي 30 % | E3: الفترة الثانية 30 % | G3: الفترة الثالثة 40% | I3: النتيجة النهائيــة 100% | M3: ملاحظــات عن نتيجة التلميذ خلال كل فترة : | Q3: الفترات | R3: عدد الحصص | S3: الفترة الأولي 30 % | U3: الفترة الثانية 30 % | W3: الفترة الثالثة 40% | Y3: النتيجة النهائيــة 100% | AC3: ملاحظــات عن نتيجة التلميذ خلال كل فترة : | AG3: الفترات | AH3: عدد الحصص | AI3: الفترة الأولي 30 % | AK3: الفترة الثانية 30 % | AM3: الفترة الثالثة 40% | AO3: النتيجة النهائيــة 100% | AS3: ملاحظــات عن نتيجة التلميذ خلال كل فترة : | AW3: الفترات | AX3: عدد الحصص | AY3: الفترة الأولي 30 % | BA3: الفترة الثانية 30 % | BC3: الفترة الثالثة 40% | BE3: النتيجة النهائيــة 100% | BI3: ملاحظــات عن نتيجة التلميذ خلال كل فترة : | BN3: =BN1*0.4 -> 336 | BO3: =BN3*0.5 -> 168 | BP3: مقبول
A4: المواد الدراسية | C4: الدرجة الكبرى | D4: درجة التلميذ | E4: الدرجة الكبرى | F4: درجة التلميذ | G4: الدرجة الكبرى | H4: درجة التلميذ | I4: النهاية الكبرى | J4: النهاية الصغري | K4: درجة التلميذ | M4: الأولي : | N4: =IF(D13=0,"",IF(AND(D5>=C5*0.4,D6>=C6*0.4,D8>=C8*0.4,D10>=C10*0.4,D11>=C11*0.4),LOOKUP(D13,$BO$18:$BP$22),"ضعيف ويحتاج الى اهتمام في المواد")) -> ممتاز | Q4: المواد الدراسية | S4: الدرجة الكبرى | T4: درجة التلميذ | U4: الدرجة الكبرى | V4: درجة التلميذ | W4: الدرجة الكبرى | X4: درجة التلميذ | Y4: النهاية الكبرى | Z4: النهاية الصغري | AA4: درجة التلميذ | AC4: الأولي : | AD4: =IF(T13=0,"",IF(AND(T5>=S5*0.4,T6>=S6*0.4,T8>=S8*0.4,T10>=S10*0.4,T11>=S11*0.4),LOOKUP(T13,$BO$18:$BP$22),"ضعيف ويحتاج الى اهتمام في المواد")) -> ممتاز | AG4: المواد الدراسية | AI4: الدرجة الكبرى | AJ4: درجة التلميذ | AK4: الدرجة الكبرى | AL4: درجة التلميذ | AM4: الدرجة الكبرى | AN4: درجة التلميذ | AO4: النهاية الكبرى | AP4: النهاية الصغري | AQ4: درجة التلميذ | AS4: الأولي : | AT4: =IF(AJ13=0,"",IF(AND(AJ5>=AI5*0.4,AJ6>=AI6*0.4,AJ8>=AI8*0.4,AJ10>=AI10*0.4,AJ11>=AI11*0.4),LOOKUP(AJ13,$BO$18:$BP$22),"ضعيف ويحتاج الى اهتمام في المواد")) -> ممتاز | AW4: المواد الدراسية | AY4: الدرجة الكبرى | AZ4: درجة التلميذ | BA4: الدرجة الكبرى | BB4: درجة التلميذ | BC4: الدرجة الكبرى | BD4: درجة التلميذ | BE4: النهاية الكبرى | BF4: النهاية الصغري | BG4: درجة التلميذ | BI4: الأولي : | BJ4: =IF(AZ13=0,"",IF(AND(AZ5>=AY5*0.4,AZ6>=AY6*0.4,AZ8>=AY8*0.4,AZ10>=AY10*0.4,AZ11>=AY11*0.4),LOOKUP(AZ13,$BO$18:$BP$22),"ضعيف ويحتاج الى اهتمام في المواد")) -> ممتاز | BO4: =$BN$1*0.65 -> 546 | BP4: جيد
A5: =ادخال1!$F$9 -> التربية الإسلامية | B5: =ادخال1!$F$7 -> 3 | C5: =40*B5*0.3 -> 36 | D5: =IFERROR(VLOOKUP(M19,اسماء,5,0),"") -> 36 | E5: =40*B5*0.3 -> 36 | F5: =IFERROR(VLOOKUP(M19,اسماء,18,0),"") -> 0 | G5: =40*B5*0.4 -> 48 | H5: =IFERROR(VLOOKUP(M19,اسماء,31,0),"") -> 0 | I5: =SUM(C5,E5,G5) -> 120 | J5: =0.4*I5 -> 48 | K5: =SUM(D5,F5,H5) -> 36 | M5: =IF(D5=0,"",IF(D5<C5*0.4,A5,"")) | N5: =IF(D6=0,"",IF(D6<C6*0.4,A6,"")) | O5: =IF(D7=0,"",IF(D7<C7*0.4,A7,"")) | Q5: =ادخال1!$F$9 -> التربية الإسلامية | R5: =ادخال1!$F$7 -> 3 | S5: =40*R5*0.3 -> 36 | T5: =IFERROR(VLOOKUP(AC19,اسماء,5,0),"") -> 30 | U5: =40*R5*0.3 -> 36 | V5: =IFERROR(VLOOKUP(AC19,اسماء,18,0),"") -> 0 | W5: =40*R5*0.4 -> 48 | X5: =IFERROR(VLOOKUP(AC19,اسماء,31,0),"") -> 0 | Y5: =SUM(S5,U5,W5) -> 120 | Z5: =0.4*Y5 -> 48 | AA5: =SUM(T5,V5,X5) -> 30 | AC5: =IF(T5=0,"",IF(T5<S5*0.4,Q5,"")) | AD5: =IF(T6=0,"",IF(T6<S6*0.4,Q6,"")) | AE5: =IF(T7=0,"",IF(T7<S7*0.4,Q7,"")) | AG5: =ادخال1!$F$9 -> التربية الإسلامية | AH5: =ادخال1!$F$7 -> 3 | AI5: =40*AH5*0.3 -> 36 | AJ5: =IFERROR(VLOOKUP(AS19,اسماء,5,0),"") -> 36 | AK5: =40*AH5*0.3 -> 36 | AL5: =IFERROR(VLOOKUP(AS19,اسماء,18,0),"") -> 0 | AM5: =40*AH5*0.4 -> 48 | AN5: =IFERROR(VLOOKUP(AS19,اسماء,31,0),"") -> 0 | AO5: =SUM(AI5,AK5,AM5) -> 120 | AP5: =0.4*AO5 -> 48 | AQ5: =SUM(AJ5,AL5,AN5) -> 36 | AS5: =IF(AJ5=0,"",IF(AJ5<AI5*0.4,AG5,"")) | AT5: =IF(AJ6=0,"",IF(AJ6<AI6*0.4,AG6,"")) | AU5: =IF(AJ7=0,"",IF(AJ7<AI7*0.4,AG7,"")) | AW5: =ادخال1!$F$9 -> التربية الإسلامية | AX5: =ادخال1!$F$7 -> 3 | AY5: =40*AX5*0.3 -> 36 | AZ5: =IFERROR(VLOOKUP(BI19,اسماء,5,0),"") -> 36 | BA5: =40*AX5*0.3 -> 36 | BB5: =IFERROR(VLOOKUP(BI19,اسماء,18,0),"") -> 0 | BC5: =40*AX5*0.4 -> 48 | BD5: =IFERROR(VLOOKUP(BI19,اسماء,31,0),"") -> 0 | BE5: =SUM(AY5,BA5,BC5) -> 120 | BF5: =0.4*BE5 -> 48 | BG5: =SUM(AZ5,BB5,BD5) -> 36 | BI5: =IF(AZ5=0,"",IF(AZ5<AY5*0.4,AW5,"")) | BJ5: =IF(AZ6=0,"",IF(AZ6<AY6*0.4,AW6,"")) | BK5: =IF(AZ7=0,"",IF(AZ7<AY7*0.4,AW7,"")) | BO5: =$BN$1*0.75 -> 630 | BP5: جيدجداً
A6: =ادخال1!$G$9 -> اللغة العربية | B6: =ادخال1!$G$7 -> 4 | C6: =40*B6*0.3 -> 48 | D6: =IFERROR(VLOOKUP(M19,اسماء,6,0),"") -> 48 | E6: =40*B6*0.3 -> 48 | F6: =IFERROR(VLOOKUP(M19,اسماء,19,0),"") -> 0 | G6: =40*B6*0.4 -> 64 | H6: =IFERROR(VLOOKUP(M19,اسماء,32,0),"") -> 0 | I6: =SUM(C6,E6,G6) -> 160 | J6: =0.4*I6 -> 64 | K6: =SUM(D6,F6,H6) -> 48 | M6: =IF(D8=0,"",IF(D8<C8*0.4,A8,"")) | N6: =IF(D9=0,"",IF(D9<C9*0.4,A9,"")) | O6: =IF(D10=0,"",IF(D10<C10*0.4,A10,"")) | Q6: =ادخال1!$G$9 -> اللغة العربية | R6: =ادخال1!$G$7 -> 4 | S6: =40*R6*0.3 -> 48 | T6: =IFERROR(VLOOKUP(AC19,اسماء,6,0),"") -> 47 | U6: =40*R6*0.3 -> 48 | V6: =IFERROR(VLOOKUP(AC19,اسماء,19,0),"") -> 0 | W6: =40*R6*0.4 -> 64 | X6: =IFERROR(VLOOKUP(AC19,اسماء,32,0),"") -> 0 | Y6: =SUM(S6,U6,W6) -> 160 | Z6: =0.4*Y6 -> 64 | AA6: =SUM(T6,V6,X6) -> 47 | AC6: =IF(T8=0,"",IF(T8<S8*0.4,Q8,"")) | AD6: =IF(T9=0,"",IF(T9<S9*0.4,Q9,"")) | AE6: =IF(T10=0,"",IF(T10<S10*0.4,Q10,"")) | AG6: =ادخال1!$G$9 -> اللغة العربية | AH6: =ادخال1!$G$7 -> 4 | AI6: =40*AH6*0.3 -> 48 | AJ6: =IFERROR(VLOOKUP(AS19,اسماء,6,0),"") -> 48 | AK6: =40*AH6*0.3 -> 48 | AL6: =IFERROR(VLOOKUP(AS19,اسماء,19,0),"") -> 0 | AM6: =40*AH6*0.4 -> 64 | AN6: =IFERROR(VLOOKUP(AS19,اسماء,32,0),"") -> 0 | AO6: =SUM(AI6,AK6,AM6) -> 160 | AP6: =0.4*AO6 -> 64 | AQ6: =SUM(AJ6,AL6,AN6) -> 48 | AS6: =IF(AJ8=0,"",IF(AJ8<AI8*0.4,AG8,"")) | AT6: =IF(AJ9=0,"",IF(AJ9<AI9*0.4,AG9,"")) | AU6: =IF(AJ10=0,"",IF(AJ10<AI10*0.4,AG10,"")) | AW6: =ادخال1!$G$9 -> اللغة العربية | AX6: =ادخال1!$G$7 -> 4 | AY6: =40*AX6*0.3 -> 48 | AZ6: =IFERROR(VLOOKUP(BI19,اسماء,6,0),"") -> 48 | BA6: =40*AX6*0.3 -> 48 | BB6: =IFERROR(VLOOKUP(BI19,اسماء,19,0),"") -> 0 | BC6: =40*AX6*0.4 -> 64 | BD6: =IFERROR(VLOOKUP(BI19,اسماء,32,0),"") -> 0 | BE6: =SUM(AY6,BA6,BC6) -> 160 | BF6: =0.4*BE6 -> 64 | BG6: =SUM(AZ6,BB6,BD6) -> 48 | BI6: =IF(AZ8=0,"",IF(AZ8<AY8*0.4,AW8,"")) | BJ6: =IF(AZ9=0,"",IF(AZ9<AY9*0.4,AW9,"")) | BK6: =IF(AZ10=0,"",IF(AZ10<AY10*0.4,AW10,"")) | BO6: =$BN$1*0.85 -> 714 | BP6: ممتاز
A7: =ادخال1!$H$9 -> الكتابة | B7: =ادخال1!$H$7 -> 2 | C7: =40*B7*0.3 -> 24 | D7: =IFERROR(VLOOKUP(M19,اسماء,7,0),"") -> 23 | E7: =40*B7*0.3 -> 24 | F7: =IFERROR(VLOOKUP(M19,اسماء,20,0),"") -> 0 | G7: =40*B7*0.4 -> 32 | H7: =IFERROR(VLOOKUP(M19,اسماء,33,0),"") -> 0 | I7: =SUM(C7,E7,G7) -> 80 | J7: =0.4*I7 -> 32 | K7: =SUM(D7,F7,H7) -> 23 | M7: =IF(D11=0,"",IF(D11<C11*0.4,A11,"")) | N7: =IF(D12=0,"",IF(D12<C12*0.4,A12,"")) | Q7: =ادخال1!$H$9 -> الكتابة | R7: =ادخال1!$H$7 -> 2 | S7: =40*R7*0.3 -> 24 | T7: =IFERROR(VLOOKUP(AC19,اسماء,7,0),"") -> 19 | U7: =40*R7*0.3 -> 24 | V7: =IFERROR(VLOOKUP(AC19,اسماء,20,0),"") -> 0 | W7: =40*R7*0.4 -> 32 | X7: =IFERROR(VLOOKUP(AC19,اسماء,33,0),"") -> 0 | Y7: =SUM(S7,U7,W7) -> 80 | Z7: =0.4*Y7 -> 32 | AA7: =SUM(T7,V7,X7) -> 19 | AC7: =IF(T11=0,"",IF(T11<S11*0.4,Q11,"")) | AD7: =IF(T12=0,"",IF(T12<S12*0.4,Q12,"")) | AG7: =ادخال1!$H$9 -> الكتابة | AH7: =ادخال1!$H$7 -> 2 | AI7: =40*AH7*0.3 -> 24 | AJ7: =IFERROR(VLOOKUP(AS19,اسماء,7,0),"") -> 22 | AK7: =40*AH7*0.3 -> 24 | AL7: =IFERROR(VLOOKUP(AS19,اسماء,20,0),"") -> 0 | AM7: =40*AH7*0.4 -> 32 | AN7: =IFERROR(VLOOKUP(AS19,اسماء,33,0),"") -> 0 | AO7: =SUM(AI7,AK7,AM7) -> 80 | AP7: =0.4*AO7 -> 32 | AQ7: =SUM(AJ7,AL7,AN7) -> 22 | AS7: =IF(AJ11=0,"",IF(AJ11<AI11*0.4,AG11,"")) | AT7: =IF(AJ12=0,"",IF(AJ12<AI12*0.4,AG12,"")) | AW7: =ادخال1!$H$9 -> الكتابة | AX7: =ادخال1!$H$7 -> 2 | AY7: =40*AX7*0.3 -> 24 | AZ7: =IFERROR(VLOOKUP(BI19,اسماء,7,0),"") -> 23 | BA7: =40*AX7*0.3 -> 24 | BB7: =IFERROR(VLOOKUP(BI19,اسماء,20,0),"") -> 0 | BC7: =40*AX7*0.4 -> 32 | BD7: =IFERROR(VLOOKUP(BI19,اسماء,33,0),"") -> 0 | BE7: =SUM(AY7,BA7,BC7) -> 80 | BF7: =0.4*BE7 -> 32 | BG7: =SUM(AZ7,BB7,BD7) -> 23 | BI7: =IF(AZ11=0,"",IF(AZ11<AY11*0.4,AW11,"")) | BJ7: =IF(AZ12=0,"",IF(AZ12<AY12*0.4,AW12,""))
A8: =ادخال1!$I$9 -> اللغة الإنجليزية | B8: =ادخال1!$I$7 -> 3 | C8: =40*B8*0.3 -> 36 | D8: =IFERROR(VLOOKUP(M19,اسماء,8,0),"") -> 36 | E8: =40*B8*0.3 -> 36 | F8: =IFERROR(VLOOKUP(M19,اسماء,21,0),"") -> 0 | G8: =40*B8*0.4 -> 48 | H8: =IFERROR(VLOOKUP(M19,اسماء,34,0),"") -> 0 | I8: =SUM(C8,E8,G8) -> 120 | J8: =0.4*I8 -> 48 | K8: =SUM(D8,F8,H8) -> 36 | M8: الثانية : | N8: =IF(F13=0,"",IF(AND(F5>=E5*0.4,F6>=E6*0.4,F8>=E8*0.4,F10>=E10*0.4,F11>=E11*0.4),LOOKUP(F13,'الصحيفة النهائية'!$BO$18:$BP$22),"ضعيف ويحتاج الى اهتمام في المواد")) | Q8: =ادخال1!$I$9 -> اللغة الإنجليزية | R8: =ادخال1!$I$7 -> 3 | S8: =40*R8*0.3 -> 36 | T8: =IFERROR(VLOOKUP(AC19,اسماء,8,0),"") -> 31 | U8: =40*R8*0.3 -> 36 | V8: =IFERROR(VLOOKUP(AC19,اسماء,21,0),"") -> 0 | W8: =40*R8*0.4 -> 48 | X8: =IFERROR(VLOOKUP(AC19,اسماء,34,0),"") -> 0 | Y8: =SUM(S8,U8,W8) -> 120 | Z8: =0.4*Y8 -> 48 | AA8: =SUM(T8,V8,X8) -> 31 | AC8: الثانية : | AD8: =IF(V13=0,"",IF(AND(V5>=U5*0.4,V6>=U6*0.4,V8>=U8*0.4,V10>=U10*0.4,V11>=U11*0.4),LOOKUP(V13,'الصحيفة النهائية'!$BO$18:$BP$22),"ضعيف ويحتاج الى اهتمام في المواد")) | AG8: =ادخال1!$I$9 -> اللغة الإنجليزية | AH8: =ادخال1!$I$7 -> 3 | AI8: =40*AH8*0.3 -> 36 | AJ8: =IFERROR(VLOOKUP(AS19,اسماء,8,0),"") -> 30 | AK8: =40*AH8*0.3 -> 36 | AL8: =IFERROR(VLOOKUP(AS19,اسماء,21,0),"") -> 0 | AM8: =40*AH8*0.4 -> 48 | AN8: =IFERROR(VLOOKUP(AS19,اسماء,34,0),"") -> 0 | AO8: =SUM(AI8,AK8,AM8) -> 120 | AP8: =0.4*AO8 -> 48 | AQ8: =SUM(AJ8,AL8,AN8) -> 30 | AS8: الثانية : | AT8: =IF(AL13=0,"",IF(AND(AL5>=AK5*0.4,AL6>=AK6*0.4,AL8>=AK8*0.4,AL10>=AK10*0.4,AL11>=AK11*0.4),LOOKUP(AL13,'الصحيفة النهائية'!$BO$18:$BP$22),"ضعيف ويحتاج الى اهتمام في المواد")) | AW8: =ادخال1!$I$9 -> اللغة الإنجليزية | AX8: =ادخال1!$I$7 -> 3 | AY8: =40*AX8*0.3 -> 36 | AZ8: =IFERROR(VLOOKUP(BI19,اسماء,8,0),"") -> 32 | BA8: =40*AX8*0.3 -> 36 | BB8: =IFERROR(VLOOKUP(BI19,اسماء,21,0),"") -> 0 | BC8: =40*AX8*0.4 -> 48 | BD8: =IFERROR(VLOOKUP(BI19,اسماء,34,0),"") -> 0 | BE8: =SUM(AY8,BA8,BC8) -> 120 | BF8: =0.4*BE8 -> 48 | BG8: =SUM(AZ8,BB8,BD8) -> 32 | BI8: الثانية : | BJ8: =IF(BB13=0,"",IF(AND(BB5>=BA5*0.4,BB6>=BA6*0.4,BB8>=BA8*0.4,BB10>=BA10*0.4,BB11>=BA11*0.4),LOOKUP(BB13,'الصحيفة النهائية'!$BO$18:$BP$22),"ضعيف ويحتاج الى اهتمام في المواد"))
A9: =ادخال1!$J$9 -> الحاسوب | B9: =ادخال1!$J$7 -> 1 | C9: =40*B9*0.3 -> 12 | D9: =IFERROR(VLOOKUP(M19,اسماء,9,0),"") -> 12 | E9: =40*B9*0.3 -> 12 | F9: =IFERROR(VLOOKUP(M19,اسماء,22,0),"") -> 0 | G9: =40*B9*0.4 -> 16 | H9: =IFERROR(VLOOKUP(M19,اسماء,35,0),"") -> 0 | I9: =SUM(C9,E9,G9) -> 40 | J9: =0.4*I9 -> 16 | K9: =SUM(D9,F9,H9) -> 12 | M9: =IF(F5=0,"",IF(F5<E5*0.4,A5,"")) | N9: =IF(F6=0,"",IF(F6<E6*0.4,A6,"")) | O9: =IF(F7=0,"",IF(F7<E7*0.4,A7,"")) | Q9: =ادخال1!$J$9 -> الحاسوب | R9: =ادخال1!$J$7 -> 1 | S9: =40*R9*0.3 -> 12 | T9: =IFERROR(VLOOKUP(AC19,اسماء,9,0),"") -> 11 | U9: =40*R9*0.3 -> 12 | V9: =IFERROR(VLOOKUP(AC19,اسماء,22,0),"") -> 0 | W9: =40*R9*0.4 -> 16 | X9: =IFERROR(VLOOKUP(AC19,اسماء,35,0),"") -> 0 | Y9: =SUM(S9,U9,W9) -> 40 | Z9: =0.4*Y9 -> 16 | AA9: =SUM(T9,V9,X9) -> 11 | AC9: =IF(V5=0,"",IF(V5<U5*0.4,Q5,"")) | AD9: =IF(V6=0,"",IF(V6<U6*0.4,Q6,"")) | AE9: =IF(V7=0,"",IF(V7<U7*0.4,Q7,"")) | AG9: =ادخال1!$J$9 -> الحاسوب | AH9: =ادخال1!$J$7 -> 1 | AI9: =40*AH9*0.3 -> 12 | AJ9: =IFERROR(VLOOKUP(AS19,اسماء,9,0),"") -> 12 | AK9: =40*AH9*0.3 -> 12 | AL9: =IFERROR(VLOOKUP(AS19,اسماء,22,0),"") -> 0 | AM9: =40*AH9*0.4 -> 16 | AN9: =IFERROR(VLOOKUP(AS19,اسماء,35,0),"") -> 0 | AO9: =SUM(AI9,AK9,AM9) -> 40 | AP9: =0.4*AO9 -> 16 | AQ9: =SUM(AJ9,AL9,AN9) -> 12 | AS9: =IF(AL5=0,"",IF(AL5<AK5*0.4,AG5,"")) | AT9: =IF(AL6=0,"",IF(AL6<AK6*0.4,AG6,"")) | AU9: =IF(AL7=0,"",IF(AL7<AK7*0.4,AG7,"")) | AW9: =ادخال1!$J$9 -> الحاسوب | AX9: =ادخال1!$J$7 -> 1 | AY9: =40*AX9*0.3 -> 12 | AZ9: =IFERROR(VLOOKUP(BI19,اسماء,9,0),"") -> 12 | BA9: =40*AX9*0.3 -> 12 | BB9: =IFERROR(VLOOKUP(BI19,اسماء,22,0),"") -> 0 | BC9: =40*AX9*0.4 -> 16 | BD9: =IFERROR(VLOOKUP(BI19,اسماء,35,0),"") -> 0 | BE9: =SUM(AY9,BA9,BC9) -> 40 | BF9: =0.4*BE9 -> 16 | BG9: =SUM(AZ9,BB9,BD9) -> 12 | BI9: =IF(BB5=0,"",IF(BB5<BA5*0.4,AW5,"")) | BJ9: =IF(BB6=0,"",IF(BB6<BA6*0.4,AW6,"")) | BK9: =IF(BB7=0,"",IF(BB7<BA7*0.4,AW7,""))
A10: =ادخال1!$K$9 -> الرياضيات | B10: =ادخال1!$K$7 -> 5 | C10: =40*B10*0.3 -> 60 | D10: =IFERROR(VLOOKUP(M19,اسماء,10,0),"") -> 57 | E10: =40*B10*0.3 -> 60 | F10: =IFERROR(VLOOKUP(M19,اسماء,23,0),"") -> 0 | G10: =40*B10*0.4 -> 80 | H10: =IFERROR(VLOOKUP(M19,اسماء,36,0),"") -> 0 | I10: =SUM(C10,E10,G10) -> 200 | J10: =0.4*I10 -> 80 | K10: =SUM(D10,F10,H10) -> 57 | M10: =IF(F8=0,"",IF(F8<E8*0.4,A8,"")) | N10: =IF(F9=0,"",IF(F9<E9*0.4,A9,"")) | O10: =IF(F10=0,"",IF(F10<E10*0.4,A10,"")) | Q10: =ادخال1!$K$9 -> الرياضيات | R10: =ادخال1!$K$7 -> 5 | S10: =40*R10*0.3 -> 60 | T10: =IFERROR(VLOOKUP(AC19,اسماء,10,0),"") -> 52 | U10: =40*R10*0.3 -> 60 | V10: =IFERROR(VLOOKUP(AC19,اسماء,23,0),"") -> 0 | W10: =40*R10*0.4 -> 80 | X10: =IFERROR(VLOOKUP(AC19,اسماء,36,0),"") -> 0 | Y10: =SUM(S10,U10,W10) -> 200 | Z10: =0.4*Y10 -> 80 | AA10: =SUM(T10,V10,X10) -> 52 | AC10: =IF(V8=0,"",IF(V8<U8*0.4,Q8,"")) | AD10: =IF(V9=0,"",IF(V9<U9*0.4,Q9,"")) | AE10: =IF(V10=0,"",IF(V10<U10*0.4,Q10,"")) | AG10: =ادخال1!$K$9 -> الرياضيات | AH10: =ادخال1!$K$7 -> 5 | AI10: =40*AH10*0.3 -> 60 | AJ10: =IFERROR(VLOOKUP(AS19,اسماء,10,0),"") -> 60 | AK10: =40*AH10*0.3 -> 60 | AL10: =IFERROR(VLOOKUP(AS19,اسماء,23,0),"") -> 0 | AM10: =40*AH10*0.4 -> 80 | AN10: =IFERROR(VLOOKUP(AS19,اسماء,36,0),"") -> 0 | AO10: =SUM(AI10,AK10,AM10) -> 200 | AP10: =0.4*AO10 -> 80 | AQ10: =SUM(AJ10,AL10,AN10) -> 60 | AS10: =IF(AL8=0,"",IF(AL8<AK8*0.4,AG8,"")) | AT10: =IF(AL9=0,"",IF(AL9<AK9*0.4,AG9,"")) | AU10: =IF(AL10=0,"",IF(AL10<AK10*0.4,AG10,"")) | AW10: =ادخال1!$K$9 -> الرياضيات | AX10: =ادخال1!$K$7 -> 5 | AY10: =40*AX10*0.3 -> 60 | AZ10: =IFERROR(VLOOKUP(BI19,اسماء,10,0),"") -> 52 | BA10: =40*AX10*0.3 -> 60 | BB10: =IFERROR(VLOOKUP(BI19,اسماء,23,0),"") -> 0 | BC10: =40*AX10*0.4 -> 80 | BD10: =IFERROR(VLOOKUP(BI19,اسماء,36,0),"") -> 0 | BE10: =SUM(AY10,BA10,BC10) -> 200 | BF10: =0.4*BE10 -> 80 | BG10: =SUM(AZ10,BB10,BD10) -> 52 | BI10: =IF(BB8=0,"",IF(BB8<BA8*0.4,AW8,"")) | BJ10: =IF(BB9=0,"",IF(BB9<BA9*0.4,AW9,"")) | BK10: =IF(BB10=0,"",IF(BB10<BA10*0.4,AW10,"")) | BO10: 0 | BP10: ضعيف
A11: =ادخال1!$L$9 -> العلوم | B11: =ادخال1!$L$7 -> 3 | C11: =40*B11*0.3 -> 36 | D11: =IFERROR(VLOOKUP(M19,اسماء,11,0),"") -> 36 | E11: =40*B11*0.3 -> 36 | F11: =IFERROR(VLOOKUP(M19,اسماء,24,0),"") -> 0 | G11: =40*B11*0.4 -> 48 | H11: =IFERROR(VLOOKUP(M19,اسماء,37,0),"") -> 0 | I11: =SUM(C11,E11,G11) -> 120 | J11: =0.4*I11 -> 48 | K11: =SUM(D11,F11,H11) -> 36 | M11: =IF(F11=0,"",IF(F11<E11*0.4,A11,"")) | N11: =IF(F12=0,"",IF(F12<E12*0.4,A12,"")) | Q11: =ادخال1!$L$9 -> العلوم | R11: =ادخال1!$L$7 -> 3 | S11: =40*R11*0.3 -> 36 | T11: =IFERROR(VLOOKUP(AC19,اسماء,11,0),"") -> 30 | U11: =40*R11*0.3 -> 36 | V11: =IFERROR(VLOOKUP(AC19,اسماء,24,0),"") -> 0 | W11: =40*R11*0.4 -> 48 | X11: =IFERROR(VLOOKUP(AC19,اسماء,37,0),"") -> 0 | Y11: =SUM(S11,U11,W11) -> 120 | Z11: =0.4*Y11 -> 48 | AA11: =SUM(T11,V11,X11) -> 30 | AC11: =IF(V11=0,"",IF(V11<U11*0.4,Q11,"")) | AD11: =IF(V12=0,"",IF(V12<U12*0.4,Q12,"")) | AG11: =ادخال1!$L$9 -> العلوم | AH11: =ادخال1!$L$7 -> 3 | AI11: =40*AH11*0.3 -> 36 | AJ11: =IFERROR(VLOOKUP(AS19,اسماء,11,0),"") -> 36 | AK11: =40*AH11*0.3 -> 36 | AL11: =IFERROR(VLOOKUP(AS19,اسماء,24,0),"") -> 0 | AM11: =40*AH11*0.4 -> 48 | AN11: =IFERROR(VLOOKUP(AS19,اسماء,37,0),"") -> 0 | AO11: =SUM(AI11,AK11,AM11) -> 120 | AP11: =0.4*AO11 -> 48 | AQ11: =SUM(AJ11,AL11,AN11) -> 36 | AS11: =IF(AL11=0,"",IF(AL11<AK11*0.4,AG11,"")) | AT11: =IF(AL12=0,"",IF(AL12<AK12*0.4,AG12,"")) | AW11: =ادخال1!$L$9 -> العلوم | AX11: =ادخال1!$L$7 -> 3 | AY11: =40*AX11*0.3 -> 36 | AZ11: =IFERROR(VLOOKUP(BI19,اسماء,11,0),"") -> 36 | BA11: =40*AX11*0.3 -> 36 | BB11: =IFERROR(VLOOKUP(BI19,اسماء,24,0),"") -> 0 | BC11: =40*AX11*0.4 -> 48 | BD11: =IFERROR(VLOOKUP(BI19,اسماء,37,0),"") -> 0 | BE11: =SUM(AY11,BA11,BC11) -> 120 | BF11: =0.4*BE11 -> 48 | BG11: =SUM(AZ11,BB11,BD11) -> 36 | BI11: =IF(BB11=0,"",IF(BB11<BA11*0.4,AW11,"")) | BJ11: =IF(BB12=0,"",IF(BB12<BA12*0.4,AW12,"")) | BO11: =BN3*0.5 -> 168 | BP11: مقبول
A12: =ادخال1!$M$9 -> الاجتماعيات | B12: =ادخال1!$M$7 -> 2 | C12: =40*B12*0.3 -> 24 | D12: =IFERROR(VLOOKUP(M19,اسماء,12,0),"") -> 24 | E12: =40*B12*0.3 -> 24 | F12: =IFERROR(VLOOKUP(M19,اسماء,25,0),"") -> 0 | G12: =40*B12*0.4 -> 32 | H12: =IFERROR(VLOOKUP(M19,اسماء,38,0),"") -> 0 | I12: =SUM(C12,E12,G12) -> 80 | J12: =0.4*I12 -> 32 | K12: =SUM(D12,F12,H12) -> 24 | Q12: =ادخال1!$M$9 -> الاجتماعيات | R12: =ادخال1!$M$7 -> 2 | S12: =40*R12*0.3 -> 24 | T12: =IFERROR(VLOOKUP(AC19,اسماء,12,0),"") -> 24 | U12: =40*R12*0.3 -> 24 | V12: =IFERROR(VLOOKUP(AC19,اسماء,25,0),"") -> 0 | W12: =40*R12*0.4 -> 32 | X12: =IFERROR(VLOOKUP(AC19,اسماء,38,0),"") -> 0 | Y12: =SUM(S12,U12,W12) -> 80 | Z12: =0.4*Y12 -> 32 | AA12: =SUM(T12,V12,X12) -> 24 | AG12: =ادخال1!$M$9 -> الاجتماعيات | AH12: =ادخال1!$M$7 -> 2 | AI12: =40*AH12*0.3 -> 24 | AJ12: =IFERROR(VLOOKUP(AS19,اسماء,12,0),"") -> 24 | AK12: =40*AH12*0.3 -> 24 | AL12: =IFERROR(VLOOKUP(AS19,اسماء,25,0),"") -> 0 | AM12: =40*AH12*0.4 -> 32 | AN12: =IFERROR(VLOOKUP(AS19,اسماء,38,0),"") -> 0 | AO12: =SUM(AI12,AK12,AM12) -> 80 | AP12: =0.4*AO12 -> 32 | AQ12: =SUM(AJ12,AL12,AN12) -> 24 | AW12: =ادخال1!$M$9 -> الاجتماعيات | AX12: =ادخال1!$M$7 -> 2 | AY12: =40*AX12*0.3 -> 24 | AZ12: =IFERROR(VLOOKUP(BI19,اسماء,12,0),"") -> 24 | BA12: =40*AX12*0.3 -> 24 | BB12: =IFERROR(VLOOKUP(BI19,اسماء,25,0),"") -> 0 | BC12: =40*AX12*0.4 -> 32 | BD12: =IFERROR(VLOOKUP(BI19,اسماء,38,0),"") -> 0 | BE12: =SUM(AY12,BA12,BC12) -> 80 | BF12: =0.4*BE12 -> 32 | BG12: =SUM(AZ12,BB12,BD12) -> 24
A13: المجموع العـام | C13: =SUM(C5:C11) -> 252 | D13: =SUM(D5:D11) -> 248 | E13: =SUM(E5:E11) -> 252 | F13: =SUM(F5:F11) -> 0 | G13: =SUM(G5:G11) -> 336 | H13: =SUM(H5:H11) -> 0 | I13: =SUM(I5:I11) -> 840 | K13: =IF(AND(K5>=J5,K6>=J6,K8>=J8,K10>=J10,K11>=J11),SUM(K5:K11),0) -> 0 | M13: تقدير النتيجة النهائية | N13: =IF(K13=0,"",IF(AND(K5>=I5*0.4,K6>=I6*0.4,K7>=I7*0.4,K8>=I8*0.4,K9>=I9*0.4,K10>=I10*0.4,K11>=I11*0.4),LOOKUP(K13,$BO$10:$BP$15),"له دور ثان في ")) | Q13: المجموع العـام | S13: =SUM(S5:S11) -> 252 | T13: =SUM(T5:T11) -> 220 | U13: =SUM(U5:U11) -> 252 | V13: =SUM(V5:V11) -> 0 | W13: =SUM(W5:W11) -> 336 | X13: =SUM(X5:X11) -> 0 | Y13: =SUM(Y5:Y11) -> 840 | AA13: =IF(AND(AA5>=Z5,AA6>=Z6,AA8>=Z8,AA10>=Z10,AA11>=Z11),SUM(AA5:AA11),0) -> 0 | AC13: تقدير النتيجة النهائية | AD13: =IF(AA13=0,"",IF(AND(AA5>=Y5*0.4,AA6>=Y6*0.4,AA7>=Y7*0.4,AA8>=Y8*0.4,AA9>=Y9*0.4,AA10>=Y10*0.4,AA11>=Y11*0.4),LOOKUP(AA13,$BO$10:$BP$15),"له دور ثان في ")) | AG13: المجموع العـام | AI13: =SUM(AI5:AI11) -> 252 | AJ13: =SUM(AJ5:AJ11) -> 244 | AK13: =SUM(AK5:AK11) -> 252 | AL13: =SUM(AL5:AL11) -> 0 | AM13: =SUM(AM5:AM11) -> 336 | AN13: =SUM(AN5:AN11) -> 0 | AO13: =SUM(AO5:AO11) -> 840 | AQ13: =IF(AND(AQ5>=AP5,AQ6>=AP6,AQ8>=AP8,AQ10>=AP10,AQ11>=AP11),SUM(AQ5:AQ11),0) -> 0 | AS13: تقدير النتيجة النهائية | AT13: =IF(AQ13=0,"",IF(AND(AQ5>=AO5*0.4,AQ6>=AO6*0.4,AQ7>=AO7*0.4,AQ8>=AO8*0.4,AQ9>=AO9*0.4,AQ10>=AO10*0.4,AQ11>=AO11*0.4),LOOKUP(AQ13,$BO$10:$BP$15),"له دور ثان في ")) | AW13: المجموع العـام | AY13: =SUM(AY5:AY11) -> 252 | AZ13: =SUM(AZ5:AZ11) -> 239 | BA13: =SUM(BA5:BA11) -> 252 | BB13: =SUM(BB5:BB11) -> 0 | BC13: =SUM(BC5:BC11) -> 336 | BD13: =SUM(BD5:BD11) -> 0 | BE13: =SUM(BE5:BE11) -> 840 | BG13: =IF(AND(BG5>=BF5,BG6>=BF6,BG8>=BF8,BG10>=BF10,BG11>=BF11),SUM(BG5:BG11),0) -> 0 | BI13: تقدير النتيجة النهائية | BJ13: =IF(BG13=0,"",IF(AND(BG5>=BE5*0.4,BG6>=BE6*0.4,BG7>=BE7*0.4,BG8>=BE8*0.4,BG9>=BE9*0.4,BG10>=BE10*0.4,BG11>=BE11*0.4),LOOKUP(BG13,$BO$10:$BP$15),"له دور ثان في ")) | BO13: =BN3*0.65 -> 218.4 | BP13: جيد
A14: الرقم الوطني | M14: =IF(K5=0,"",IF(K5<I5*0.4,A5,"")) -> التربية الإسلامية | N14: =IF(K6=0,"",IF(K6<I6*0.4,A6,"")) -> اللغة العربية | O14: =IF(K7=0,"",IF(K7<I7*0.4,A7,"")) -> الكتابة | Q14: الرقم الوطني | AC14: =IF(AA5=0,"",IF(AA5<Y5*0.4,Q5,"")) -> التربية الإسلامية | AD14: =IF(AA6=0,"",IF(AA6<Y6*0.4,Q6,"")) -> اللغة العربية | AE14: =IF(AA7=0,"",IF(AA7<Y7*0.4,Q7,"")) -> الكتابة | AG14: الرقم الوطني | AS14: =IF(AQ5=0,"",IF(AQ5<AO5*0.4,AG5,"")) -> التربية الإسلامية | AT14: =IF(AQ6=0,"",IF(AQ6<AO6*0.4,AG6,"")) -> اللغة العربية | AU14: =IF(AQ7=0,"",IF(AQ7<AO7*0.4,AG7,"")) -> الكتابة | AW14: الرقم الوطني | BI14: =IF(BG5=0,"",IF(BG5<BE5*0.4,AW5,"")) -> التربية الإسلامية | BJ14: =IF(BG6=0,"",IF(BG6<BE6*0.4,AW6,"")) -> اللغة العربية | BK14: =IF(BG7=0,"",IF(BG7<BE7*0.4,AW7,"")) -> الكتابة | BO14: =BN3*0.75 -> 252 | BP14: جيدجداً
A15: =ادخال1!$O$8 -> التربية الفنية | B15: =ادخال1!$O$7 -> 1 | C15: =IFERROR(VLOOKUP(M19,اسماء,14,0),"") -> جيد جداً | E15: =IFERROR(VLOOKUP(M19,اسماء,27,0),"") -> 0 | G15: =IFERROR(VLOOKUP(M19,اسماء,40,0),"") -> 0 | M15: =IF(K8=0,"",IF(K8<I8*0.4,A8,"")) -> اللغة الإنجليزية | N15: =IF(K9=0,"",IF(K9<I9*0.4,A9,"")) -> الحاسوب | O15: =IF(K10=0,"",IF(K10<I10*0.4,A10,"")) -> الرياضيات | Q15: =ادخال1!$O$8 -> التربية الفنية | R15: =ادخال1!$O$7 -> 1 | S15: =IFERROR(VLOOKUP(AC19,اسماء,14,0),"") -> جيد جداً | U15: =IFERROR(VLOOKUP(AC19,اسماء,27,0),"") -> 0 | W15: =IFERROR(VLOOKUP(AC19,اسماء,40,0),"") -> 0 | AC15: =IF(AA8=0,"",IF(AA8<Y8*0.4,Q8,"")) -> اللغة الإنجليزية | AD15: =IF(AA9=0,"",IF(AA9<Y9*0.4,Q9,"")) -> الحاسوب | AE15: =IF(AA10=0,"",IF(AA10<Y10*0.4,Q10,"")) -> الرياضيات | AG15: =ادخال1!$O$8 -> التربية الفنية | AH15: =ادخال1!$O$7 -> 1 | AI15: =IFERROR(VLOOKUP(AS19,اسماء,14,0),"") -> جيد جداً | AK15: =IFERROR(VLOOKUP(AS19,اسماء,27,0),"") -> 0 | AM15: =IFERROR(VLOOKUP(AS19,اسماء,40,0),"") -> 0 | AS15: =IF(AQ8=0,"",IF(AQ8<AO8*0.4,AG8,"")) -> اللغة الإنجليزية | AT15: =IF(AQ9=0,"",IF(AQ9<AO9*0.4,AG9,"")) -> الحاسوب | AU15: =IF(AQ10=0,"",IF(AQ10<AO10*0.4,AG10,"")) -> الرياضيات | AW15: =ادخال1!$O$8 -> التربية الفنية | AX15: =ادخال1!$O$7 -> 1 | AY15: =IFERROR(VLOOKUP(BI19,اسماء,14,0),"") -> جيد جداً | BA15: =IFERROR(VLOOKUP(BI19,اسماء,27,0),"") -> 0 | BC15: =IFERROR(VLOOKUP(BI19,اسماء,40,0),"") -> 0 | BI15: =IF(BG8=0,"",IF(BG8<BE8*0.4,AW8,"")) -> اللغة الإنجليزية | BJ15: =IF(BG9=0,"",IF(BG9<BE9*0.4,AW9,"")) -> الحاسوب | BK15: =IF(BG10=0,"",IF(BG10<BE10*0.4,AW10,"")) -> الرياضيات | BO15: =BN3*0.85 -> 285.6 | BP15: ممتاز
A16: =ادخال1!$P$8 -> التربية البدنية | B16: =ادخال1!$P$7 -> 2 | C16: =IFERROR(VLOOKUP(M19,اسماء,15,0),"") -> جيد جداً | E16: =IFERROR(VLOOKUP(M19,اسماء,28,0),"") -> 0 | G16: =IFERROR(VLOOKUP(M19,اسماء,41,0),"") -> 0 | M16: =IF(K11=0,"",IF(K11<I11*0.4,A11,"")) -> العلوم | N16: =IF(K12=0,"",IF(K12<I12*0.4,A12,"")) -> الاجتماعيات | Q16: =ادخال1!$P$8 -> التربية البدنية | R16: =ادخال1!$P$7 -> 2 | S16: =IFERROR(VLOOKUP(AC19,اسماء,15,0),"") -> جيد جداً | U16: =IFERROR(VLOOKUP(AC19,اسماء,28,0),"") -> 0 | W16: =IFERROR(VLOOKUP(AC19,اسماء,41,0),"") -> 0 | AC16: =IF(AA11=0,"",IF(AA11<Y11*0.4,Q11,"")) -> العلوم | AD16: =IF(AA12=0,"",IF(AA12<Y12*0.4,Q12,"")) -> الاجتماعيات | AG16: =ادخال1!$P$8 -> التربية البدنية | AH16: =ادخال1!$P$7 -> 2 | AI16: =IFERROR(VLOOKUP(AS19,اسماء,15,0),"") -> جيد جداً | AK16: =IFERROR(VLOOKUP(AS19,اسماء,28,0),"") -> 0 | AM16: =IFERROR(VLOOKUP(AS19,اسماء,41,0),"") -> 0 | AS16: =IF(AQ11=0,"",IF(AQ11<AO11*0.4,AG11,"")) -> العلوم | AT16: =IF(AQ12=0,"",IF(AQ12<AO12*0.4,AG12,"")) -> الاجتماعيات | AW16: =ادخال1!$P$8 -> التربية البدنية | AX16: =ادخال1!$P$7 -> 2 | AY16: =IFERROR(VLOOKUP(BI19,اسماء,15,0),"") -> جيد جداً | BA16: =IFERROR(VLOOKUP(BI19,اسماء,28,0),"") -> 0 | BC16: =IFERROR(VLOOKUP(BI19,اسماء,41,0),"") -> 0 | BI16: =IF(BG11=0,"",IF(BG11<BE11*0.4,AW11,"")) -> العلوم | BJ16: =IF(BG12=0,"",IF(BG12<BE12*0.4,AW12,"")) -> الاجتماعيات
A17: =ادخال1!$Q$8 -> التربية الموسيقية | B17: =ادخال1!$Q$7 -> 1 | C17: =IFERROR(VLOOKUP(M19,اسماء,16,0),"") -> 0 | E17: =IFERROR(VLOOKUP(M19,اسماء,29,0),"") -> 0 | G17: =IFERROR(VLOOKUP(M19,اسماء,42,0),"") -> 0 | Q17: =ادخال1!$Q$8 -> التربية الموسيقية | R17: =ادخال1!$Q$7 -> 1 | S17: =IFERROR(VLOOKUP(AC19,اسماء,16,0),"") -> 0 | U17: =IFERROR(VLOOKUP(AC19,اسماء,29,0),"") -> 0 | W17: =IFERROR(VLOOKUP(AC19,اسماء,42,0),"") -> 0 | AG17: =ادخال1!$Q$8 -> التربية الموسيقية | AH17: =ادخال1!$Q$7 -> 1 | AI17: =IFERROR(VLOOKUP(AS19,اسماء,16,0),"") -> 0 | AK17: =IFERROR(VLOOKUP(AS19,اسماء,29,0),"") -> 0 | AM17: =IFERROR(VLOOKUP(AS19,اسماء,42,0),"") -> 0 | AW17: =ادخال1!$Q$8 -> التربية الموسيقية | AX17: =ادخال1!$Q$7 -> 1 | AY17: =IFERROR(VLOOKUP(BI19,اسماء,16,0),"") -> 0 | BA17: =IFERROR(VLOOKUP(BI19,اسماء,29,0),"") -> 0 | BC17: =IFERROR(VLOOKUP(BI19,اسماء,42,0),"") -> 0
I18: النتيجة النهائية | M18: بناء على الدرجات المبينة فى هذه البطاقة يعد التلميذ : | Y18: النتيجة النهائية | AC18: بناء على الدرجات المبينة فى هذه البطاقة يعد التلميذ : | AO18: النتيجة النهائية | AS18: بناء على الدرجات المبينة فى هذه البطاقة يعد التلميذ : | BE18: النتيجة النهائية | BI18: بناء على الدرجات المبينة فى هذه البطاقة يعد التلميذ : | BO18: 0 | BP18: ضعيف
A19: الســــــلوك | C19: =IFERROR(VLOOKUP(M19,اسماء,43,0),"") -> 0 | E19: =IFERROR(VLOOKUP(M19,اسماء,44,0),"") -> 0 | G19: =IFERROR(VLOOKUP(M19,اسماء,45,0),"") -> 0 | I19: =IFERROR(VLOOKUP(M19,اسماء,42,0),"") -> 0 | M19: =INDEX(عمود2,MATCH(O1,عمود1)) -> أحمد نورالدين أحمد الذيب | Q19: الســــــلوك | S19: =IFERROR(VLOOKUP(AC19,اسماء,43,0),"") -> 0 | U19: =IFERROR(VLOOKUP(AC19,اسماء,44,0),"") -> 0 | W19: =IFERROR(VLOOKUP(AC19,اسماء,45,0),"") -> 0 | Y19: =IFERROR(VLOOKUP(AC19,اسماء,42,0),"") -> 0 | AC19: =INDEX(عمود2,MATCH(AE1,عمود1)) -> خديجة خليل محمد علي | AG19: الســــــلوك | AI19: =IFERROR(VLOOKUP(AS19,اسماء,43,0),"") -> 0 | AK19: =IFERROR(VLOOKUP(AS19,اسماء,44,0),"") -> 0 | AM19: =IFERROR(VLOOKUP(AS19,اسماء,45,0),"") -> 0 | AO19: =IFERROR(VLOOKUP(AS19,اسماء,42,0),"") -> 0 | AS19: =INDEX(عمود2,MATCH(AU1,عمود1)) -> عبد العزيز عبدالله محمد المغربي | AW19: الســــــلوك | AY19: =IFERROR(VLOOKUP(BI19,اسماء,43,0),"") -> 0 | BA19: =IFERROR(VLOOKUP(BI19,اسماء,44,0),"") -> 0 | BC19: =IFERROR(VLOOKUP(BI19,اسماء,45,0),"") -> 0 | BE19: =IFERROR(VLOOKUP(BI19,اسماء,42,0),"") -> 0 | BI19: =INDEX(عمود2,MATCH(BK1,عمود1)) -> معاوية عز الدين محمد أحفيظان | BO19: =BN2*0.5 -> 126 | BP19: مقبول
A20: غياب مشروع | C20: =IFERROR(VLOOKUP(M19,اسماء,46,0),"") -> 0 | E20: =IFERROR(VLOOKUP(M19,اسماء,48,0),"") -> 0 | G20: =IFERROR(VLOOKUP(M19,اسماء,50,0),"") -> 0 | M20: =IF(I19="غائب","يبقى سنة اخرى في الصف",IF(K13>0,"ناجحاً ومنقولاً الى الصف ","له دور ثان")) -> له دور ثان | Q20: غياب مشروع | S20: =IFERROR(VLOOKUP(AC19,اسماء,46,0),"") -> 0 | U20: =IFERROR(VLOOKUP(AC19,اسماء,48,0),"") -> 0 | W20: =IFERROR(VLOOKUP(AC19,اسماء,50,0),"") -> 0 | AC20: =IF(Y19="غائب","يبقى سنة اخرى في الصف",IF(AA13>0,"ناجحاً ومنقولاً الى الصف ","له دور ثان")) -> له دور ثان | AG20: غياب مشروع | AI20: =IFERROR(VLOOKUP(AS19,اسماء,46,0),"") -> 0 | AK20: =IFERROR(VLOOKUP(AS19,اسماء,48,0),"") -> 0 | AM20: =IFERROR(VLOOKUP(AS19,اسماء,50,0),"") -> 0 | AS20: =IF(AO19="غائب","يبقى سنة اخرى في الصف",IF(AQ13>0,"ناجحاً ومنقولاً الى الصف ","له دور ثان")) -> له دور ثان | AW20: غياب مشروع | AY20: =IFERROR(VLOOKUP(BI19,اسماء,46,0),"") -> 0 | BA20: =IFERROR(VLOOKUP(BI19,اسماء,48,0),"") -> 0 | BC20: =IFERROR(VLOOKUP(BI19,اسماء,50,0),"") -> 0 | BI20: =IF(BE19="غائب","يبقى سنة اخرى في الصف",IF(BG13>0,"ناجحاً ومنقولاً الى الصف ","له دور ثان")) -> له دور ثان | BO20: =BN2*0.65 -> 163.8 | BP20: جيد
A21: غياب غير مشروع | C21: =IFERROR(VLOOKUP(M19,اسماء,47,0),"") -> 0 | E21: =IFERROR(VLOOKUP(M19,اسماء,49,0),"") -> 0 | G21: =IFERROR(VLOOKUP(M19,اسماء,51,0),"") -> 0 | M21: =IF(I19="غائب",D1,IF(M20="له دور ثان","",IF(M20="يبقى سنة أخرى بالصف",D1,IF(D1="الرابع","الخامس",IF(D1="الخامس","السادس"))))) | Q21: غياب غير مشروع | S21: =IFERROR(VLOOKUP(AC19,اسماء,47,0),"") -> 0 | U21: =IFERROR(VLOOKUP(AC19,اسماء,49,0),"") -> 0 | W21: =IFERROR(VLOOKUP(AC19,اسماء,51,0),"") -> 0 | AC21: =IF(Y19="غائب",T1,IF(AC20="له دور ثان","",IF(AC20="يبقى سنة أخرى بالصف",T1,IF(T1="الرابع","الخامس",IF(T1="الخامس","السادس"))))) | AG21: غياب غير مشروع | AI21: =IFERROR(VLOOKUP(AS19,اسماء,47,0),"") -> 0 | AK21: =IFERROR(VLOOKUP(AS19,اسماء,49,0),"") -> 0 | AM21: =IFERROR(VLOOKUP(AS19,اسماء,51,0),"") -> 0 | AS21: =IF(AO19="غائب",AJ1,IF(AS20="له دور ثان","",IF(AS20="يبقى سنة أخرى بالصف",AJ1,IF(AJ1="الرابع","الخامس",IF(AJ1="الخامس","السادس"))))) | AW21: غياب غير مشروع | AY21: =IFERROR(VLOOKUP(BI19,اسماء,47,0),"") -> 0 | BA21: =IFERROR(VLOOKUP(BI19,اسماء,49,0),"") -> 0 | BC21: =IFERROR(VLOOKUP(BI19,اسماء,51,0),"") -> 0 | BI21: =IF(BE19="غائب",AZ1,IF(BI20="له دور ثان","",IF(BI20="يبقى سنة أخرى بالصف",AZ1,IF(AZ1="الرابع","الخامس",IF(AZ1="الخامس","السادس"))))) | BO21: =BN2*0.75 -> 189 | BP21: جيدجداً
BO22: =BN2*0.85 -> 214.2 | BP22: ممتاز
A23: التوقيعــــات | B23: الفترة الاولى | D23: الفترة الثانية | G23: الفترة الثالثة | I23: اعتماد النتيجة النهائيـــة للتلميــذ | Q23: التوقيعــــات | R23: الفترة الاولى | T23: الفترة الثانية | W23: الفترة الثالثة | Y23: اعتماد النتيجة النهائيـــة للتلميــذ | AG23: التوقيعــــات | AH23: الفترة الاولى | AJ23: الفترة الثانية | AM23: الفترة الثالثة | AO23: اعتماد النتيجة النهائيـــة للتلميــذ | AW23: التوقيعــــات | AX23: الفترة الاولى | AZ23: الفترة الثانية | BC23: الفترة الثالثة | BE23: اعتماد النتيجة النهائيـــة للتلميــذ
A24: رائد الفصل | I24: مدير المدرسة/ | K24: =ادخال1!$BP$5 -> د.عبدالرحمن خليفة العريبي | Q24: رائد الفصل | Y24: مدير المدرسة/ | AA24: =ادخال1!$BP$5 -> د.عبدالرحمن خليفة العريبي | AG24: رائد الفصل | AO24: مدير المدرسة/ | AQ24: =ادخال1!$BP$5 -> د.عبدالرحمن خليفة العريبي | AW24: رائد الفصل | BE24: مدير المدرسة/ | BG24: =ادخال1!$BP$5 -> د.عبدالرحمن خليفة العريبي
A25: مدير المدرسة | I25: التاريخ | M25: =TODAY() -> 46035 | Q25: مدير المدرسة | Y25: التاريخ | AC25: =TODAY() -> 46035 | AG25: مدير المدرسة | AO25: التاريخ | AS25: =TODAY() -> 46035 | AW25: مدير المدرسة | BE25: التاريخ | BI25: =TODAY() -> 46035
A26: ولى الامر | I26: الختـــم | Q26: ولى الامر | Y26: الختـــم | AG26: ولى الامر | AO26: الختـــم | AW26: ولى الامر | BE26: الختـــم
A28: ملاحظات هامــة : | I28: توجيهات الى أولياء الآمــــور : | Q28: ملاحظات هامــة : | Y28: توجيهات الى أولياء الآمــــور : | AG28: ملاحظات هامــة : | AO28: توجيهات الى أولياء الآمــــور : | AW28: ملاحظات هامــة : | BE28: توجيهات الى أولياء الآمــــور :
A29: 1- تحسب درجـــــات كل فترة عن طريق الاختبارات التحريرية والشفهية والمتابعة اليومية ويخصص للفترة الاولى 30 % وللفترة الثانيــة 30 % وللفترة الثالثــة 40 % من درجة النهائية الكبرى للمادة . | I29: لما كان توثيق الصلة بين المدرسة والمنزل أمراً ضرورياً لتؤدي المدرسة رسالتها على الوجه الأكمل فـــــى تنميــة قدرات أبنائنا وترشيد سلوكهم واستثمار طاقاتهم لـــــذا يطلب من الأخوة أولياء الأمور الاستجابة للتوجيهات التالية : | Q29: 1- تحسب درجـــــات كل فترة عن طريق الاختبارات التحريرية والشفهية والمتابعة اليومية ويخصص للفترة الاولى 30 % وللفترة الثانيــة 30 % وللفترة الثالثــة 40 % من درجة النهائية الكبرى للمادة . | Y29: لما كان توثيق الصلة بين المدرسة والمنزل أمراً ضرورياً لتؤدي المدرسة رسالتها على الوجه الأكمل فـــــى تنميــة قدرات أبنائنا وترشيد سلوكهم واستثمار طاقاتهم لـــــذا يطلب من الأخوة أولياء الأمور الاستجابة للتوجيهات التالية : | AG29: 1- تحسب درجـــــات كل فترة عن طريق الاختبارات التحريرية والشفهية والمتابعة اليومية ويخصص للفترة الاولى 30 % وللفترة الثانيــة 30 % وللفترة الثالثــة 40 % من درجة النهائية الكبرى للمادة . | AO29: لما كان توثيق الصلة بين المدرسة والمنزل أمراً ضرورياً لتؤدي المدرسة رسالتها على الوجه الأكمل فـــــى تنميــة قدرات أبنائنا وترشيد سلوكهم واستثمار طاقاتهم لـــــذا يطلب من الأخوة أولياء الأمور الاستجابة للتوجيهات التالية : | AW29: 1- تحسب درجـــــات كل فترة عن طريق الاختبارات التحريرية والشفهية والمتابعة اليومية ويخصص للفترة الاولى 30 % وللفترة الثانيــة 30 % وللفترة الثالثــة 40 % من درجة النهائية الكبرى للمادة . | BE29: لما كان توثيق الصلة بين المدرسة والمنزل أمراً ضرورياً لتؤدي المدرسة رسالتها على الوجه الأكمل فـــــى تنميــة قدرات أبنائنا وترشيد سلوكهم واستثمار طاقاتهم لـــــذا يطلب من الأخوة أولياء الأمور الاستجابة للتوجيهات التالية :
A33: 2- يشتراط لنجاح التلميذ الحصول على النهاية الصغري المقررة لكل مادة على الاقل. | Q33: 2- يشتراط لنجاح التلميذ الحصول على النهاية الصغري المقررة لكل مادة على الاقل. | AG33: 2- يشتراط لنجاح التلميذ الحصول على النهاية الصغري المقررة لكل مادة على الاقل. | AW33: 2- يشتراط لنجاح التلميذ الحصول على النهاية الصغري المقررة لكل مادة على الاقل.
I34: 1- تنظيم أوقات ابنائهم خارج المدرسة ومتابعة واجباتهم اليومية . | Y34: 1- تنظيم أوقات ابنائهم خارج المدرسة ومتابعة واجباتهم اليومية . | AO34: 1- تنظيم أوقات ابنائهم خارج المدرسة ومتابعة واجباتهم اليومية . | BE34: 1- تنظيم أوقات ابنائهم خارج المدرسة ومتابعة واجباتهم اليومية .
I35: 2- الحضور للمدرسة من وقت لآخر والاستفسار عن سلوك أبنائهم ومستواهم التحصيلي ،ودراسة ما قد يعترضهم من مشكلات. | Y35: 2- الحضور للمدرسة من وقت لآخر والاستفسار عن سلوك أبنائهم ومستواهم التحصيلي ،ودراسة ما قد يعترضهم من مشكلات. | AO35: 2- الحضور للمدرسة من وقت لآخر والاستفسار عن سلوك أبنائهم ومستواهم التحصيلي ،ودراسة ما قد يعترضهم من مشكلات. | BE35: 2- الحضور للمدرسة من وقت لآخر والاستفسار عن سلوك أبنائهم ومستواهم التحصيلي ،ودراسة ما قد يعترضهم من مشكلات.
B37: تنبيه:- | I37: 3- إفادة المدرسة بأسباب الغياب أولاً بأول. | R37: تنبيه:- | Y37: 3- إفادة المدرسة بأسباب الغياب أولاً بأول. | AH37: تنبيه:- | AO37: 3- إفادة المدرسة بأسباب الغياب أولاً بأول. | AX37: تنبيه:- | BE37: 3- إفادة المدرسة بأسباب الغياب أولاً بأول.
B38: يجب إعطاء هذه البطاقة للتلميذ فى نهاية كل فترة | I38: 4- الإسراع عند مرض التلميذ لعرضه على الطبيب المختص والالتزام بتعليمات. | R38: يجب إعطاء هذه البطاقة للتلميذ فى نهاية كل فترة | Y38: 4- الإسراع عند مرض التلميذ لعرضه على الطبيب المختص والالتزام بتعليمات. | AH38: يجب إعطاء هذه البطاقة للتلميذ فى نهاية كل فترة | AO38: 4- الإسراع عند مرض التلميذ لعرضه على الطبيب المختص والالتزام بتعليمات. | AX38: يجب إعطاء هذه البطاقة للتلميذ فى نهاية كل فترة | BE38: 4- الإسراع عند مرض التلميذ لعرضه على الطبيب المختص والالتزام بتعليمات.
B39: كل كشط أو تغيير في هذه البطاقة يلغيها. | R39: كل كشط أو تغيير في هذه البطاقة يلغيها. | AH39: كل كشط أو تغيير في هذه البطاقة يلغيها. | AX39: كل كشط أو تغيير في هذه البطاقة يلغيها.
I40: 5- تشجيع الابناء على المشاركة فى النشاط المدرسي لانه متمم للعملية التعليمية. | Y40: 5- تشجيع الابناء على المشاركة فى النشاط المدرسي لانه متمم للعملية التعليمية. | AO40: 5- تشجيع الابناء على المشاركة فى النشاط المدرسي لانه متمم للعملية التعليمية. | BE40: 5- تشجيع الابناء على المشاركة فى النشاط المدرسي لانه متمم للعملية التعليمية.
A44: بطاقة تقدير الدرجات للصــــف | D44: =ادخال1!$N$4 -> الرابع | F44: من التعليم الأساسي | O44: =O1+1 -> 2 | Q44: بطاقة تقدير الدرجات للصــــف | T44: =ادخال1!$N$4 -> الرابع | V44: من التعليم الأساسي | AE44: =AE1+1 -> 7 | AG44: بطاقة تقدير الدرجات للصــــف | AJ44: =ادخال1!$N$4 -> الرابع | AL44: من التعليم الأساسي | AU44: =AU1+1 -> 12 | AW44: بطاقة تقدير الدرجات للصــــف | AZ44: =ادخال1!$N$4 -> الرابع | BB44: من التعليم الأساسي | BK44: =BK1+1 -> 17
A45: المدرسة/ | B45: =ادخال1!$B$5 -> سهول العلم للتعليم الخاص | H45: الاسم | J45: =M60 -> 0 | Q45: المدرسة/ | R45: =ادخال1!$B$5 -> سهول العلم للتعليم الخاص | X45: الاسم | Z45: =AC60 -> 0 | AG45: المدرسة/ | AH45: =ادخال1!$B$5 -> سهول العلم للتعليم الخاص | AN45: الاسم | AP45: =AS60 -> 0 | AW45: المدرسة/ | AX45: =ادخال1!$B$5 -> سهول العلم للتعليم الخاص | BD45: الاسم | BF45: =BI60 -> 0
A46: الفترات | B46: عدد الحصص | C46: الفترة الأولي 30 % | E46: الفترة الثانية 30 % | G46: الفترة الثالثة 40% | I46: النتيجة النهائيــة 100% | M46: ملاحظــات عن نتيجة التلميذ خلال كل فترة : | Q46: الفترات | R46: عدد الحصص | S46: الفترة الأولي 30 % | U46: الفترة الثانية 30 % | W46: الفترة الثالثة 40% | Y46: النتيجة النهائيــة 100% | AC46: ملاحظــات عن نتيجة التلميذ خلال كل فترة : | AG46: الفترات | AH46: عدد الحصص | AI46: الفترة الأولي 30 % | AK46: الفترة الثانية 30 % | AM46: الفترة الثالثة 40% | AO46: النتيجة النهائيــة 100% | AS46: ملاحظــات عن نتيجة التلميذ خلال كل فترة : | AW46: الفترات | AX46: عدد الحصص | AY46: الفترة الأولي 30 % | BA46: الفترة الثانية 30 % | BC46: الفترة الثالثة 40% | BE46: النتيجة النهائيــة 100% | BI46: ملاحظــات عن نتيجة التلميذ خلال كل فترة :
A47: المواد الدراسية | C47: الدرجة الكبرى | D47: درجة التلميذ | E47: الدرجة الكبرى | F47: درجة التلميذ | G47: الدرجة الكبرى | H47: درجة التلميذ | I47: النهاية الكبرى | J47: النهاية الصغري | K47: درجة التلميذ | M47: الأولي : | N47: =IF(D56=0,"",IF(AND(D48>=C48*0.4,D49>=C49*0.4,D51>=C51*0.4,D53>=C53*0.4,D54>=C54*0.4),LOOKUP(D56,$BO$18:$BP$22),"ضعيف ويحتاج الى اهتمام في المواد")) -> ممتاز | Q47: المواد الدراسية | S47: الدرجة الكبرى | T47: درجة التلميذ | U47: الدرجة الكبرى | V47: درجة التلميذ | W47: الدرجة الكبرى | X47: درجة التلميذ | Y47: النهاية الكبرى | Z47: النهاية الصغري | AA47: درجة التلميذ | AC47: الأولي : | AD47: =IF(T56=0,"",IF(AND(T48>=S48*0.4,T49>=S49*0.4,T51>=S51*0.4,T53>=S53*0.4,T54>=S54*0.4),LOOKUP(T56,$BO$18:$BP$22),"ضعيف ويحتاج الى اهتمام في المواد")) -> جيدجداً | AG47: المواد الدراسية | AI47: الدرجة الكبرى | AJ47: درجة التلميذ | AK47: الدرجة الكبرى | AL47: درجة التلميذ | AM47: الدرجة الكبرى | AN47: درجة التلميذ | AO47: النهاية الكبرى | AP47: النهاية الصغري | AQ47: درجة التلميذ | AS47: الأولي : | AT47: =IF(AJ56=0,"",IF(AND(AJ48>=AI48*0.4,AJ49>=AI49*0.4,AJ51>=AI51*0.4,AJ53>=AI53*0.4,AJ54>=AI54*0.4),LOOKUP(AJ56,$BO$18:$BP$22),"ضعيف ويحتاج الى اهتمام في المواد")) -> ممتاز | AW47: المواد الدراسية | AY47: الدرجة الكبرى | AZ47: درجة التلميذ | BA47: الدرجة الكبرى | BB47: درجة التلميذ | BC47: الدرجة الكبرى | BD47: درجة التلميذ | BE47: النهاية الكبرى | BF47: النهاية الصغري | BG47: درجة التلميذ | BI47: الأولي : | BJ47: =IF(AZ56=0,"",IF(AND(AZ48>=AY48*0.4,AZ49>=AY49*0.4,AZ51>=AY51*0.4,AZ53>=AY53*0.4,AZ54>=AY54*0.4),LOOKUP(AZ56,$BO$18:$BP$22),"ضعيف ويحتاج الى اهتمام في المواد")) -> ممتاز
A48: =ادخال1!$F$9 -> التربية الإسلامية | B48: =ادخال1!$F$7 -> 3 | C48: =40*B48*0.3 -> 36 | D48: =IFERROR(VLOOKUP(M62,اسماء,5,0),"") -> 36 | E48: =40*B48*0.3 -> 36 | F48: =IFERROR(VLOOKUP(M62,اسماء,18,0),"") -> 0 | G48: =40*B48*0.4 -> 48 | H48: =IFERROR(VLOOKUP(M62,اسماء,31,0),"") -> 0 | I48: =SUM(C48,E48,G48) -> 120 | J48: =0.4*I48 -> 48 | K48: =SUM(D48,F48,H48) -> 36 | M48: =IF(D48=0,"",IF(D48<C48*0.4,A48,"")) | N48: =IF(D49=0,"",IF(D49<C49*0.4,A49,"")) | O48: =IF(D50=0,"",IF(D50<C50*0.4,A50,"")) | Q48: =ادخال1!$F$9 -> التربية الإسلامية | R48: =ادخال1!$F$7 -> 3 | S48: =40*R48*0.3 -> 36 | T48: =IFERROR(VLOOKUP(AC62,اسماء,5,0),"") -> 36 | U48: =40*R48*0.3 -> 36 | V48: =IFERROR(VLOOKUP(AC62,اسماء,18,0),"") -> 0 | W48: =40*R48*0.4 -> 48 | X48: =IFERROR(VLOOKUP(AC62,اسماء,31,0),"") -> 0 | Y48: =SUM(S48,U48,W48) -> 120 | Z48: =0.4*Y48 -> 48 | AA48: =SUM(T48,V48,X48) -> 36 | AC48: =IF(T48=0,"",IF(T48<S48*0.4,Q48,"")) | AD48: =IF(T49=0,"",IF(T49<S49*0.4,Q49,"")) | AE48: =IF(T50=0,"",IF(T50<S50*0.4,Q50,"")) | AG48: =ادخال1!$F$9 -> التربية الإسلامية | AH48: =ادخال1!$F$7 -> 3 | AI48: =40*AH48*0.3 -> 36 | AJ48: =IFERROR(VLOOKUP(AS62,اسماء,5,0),"") -> 35 | AK48: =40*AH48*0.3 -> 36 | AL48: =IFERROR(VLOOKUP(AS62,اسماء,18,0),"") -> 0 | AM48: =40*AH48*0.4 -> 48 | AN48: =IFERROR(VLOOKUP(AS62,اسماء,31,0),"") -> 0 | AO48: =SUM(AI48,AK48,AM48) -> 120 | AP48: =0.4*AO48 -> 48 | AQ48: =SUM(AJ48,AL48,AN48) -> 35 | AS48: =IF(AJ48=0,"",IF(AJ48<AI48*0.4,AG48,"")) | AT48: =IF(AJ49=0,"",IF(AJ49<AI49*0.4,AG49,"")) | AU48: =IF(AJ50=0,"",IF(AJ50<AI50*0.4,AG50,"")) | AW48: =ادخال1!$F$9 -> التربية الإسلامية | AX48: =ادخال1!$F$7 -> 3 | AY48: =40*AX48*0.3 -> 36 | AZ48: =IFERROR(VLOOKUP(BI62,اسماء,5,0),"") -> 36 | BA48: =40*AX48*0.3 -> 36 | BB48: =IFERROR(VLOOKUP(BI62,اسماء,18,0),"") -> 0 | BC48: =40*AX48*0.4 -> 48 | BD48: =IFERROR(VLOOKUP(BI62,اسماء,31,0),"") -> 0 | BE48: =SUM(AY48,BA48,BC48) -> 120 | BF48: =0.4*BE48 -> 48 | BG48: =SUM(AZ48,BB48,BD48) -> 36 | BI48: =IF(AZ48=0,"",IF(AZ48<AY48*0.4,AW48,"")) | BJ48: =IF(AZ49=0,"",IF(AZ49<AY49*0.4,AW49,"")) | BK48: =IF(AZ50=0,"",IF(AZ50<AY50*0.4,AW50,""))
A49: =ادخال1!$G$9 -> اللغة العربية | B49: =ادخال1!$G$7 -> 4 | C49: =40*B49*0.3 -> 48 | D49: =IFERROR(VLOOKUP(M62,اسماء,6,0),"") -> 48 | E49: =40*B49*0.3 -> 48 | F49: =IFERROR(VLOOKUP(M62,اسماء,19,0),"") -> 0 | G49: =40*B49*0.4 -> 64 | H49: =IFERROR(VLOOKUP(M62,اسماء,32,0),"") -> 0 | I49: =SUM(C49,E49,G49) -> 160 | J49: =0.4*I49 -> 64 | K49: =SUM(D49,F49,H49) -> 48 | M49: =IF(D51=0,"",IF(D51<C51*0.4,A51,"")) | N49: =IF(D52=0,"",IF(D52<C52*0.4,A52,"")) | O49: =IF(D53=0,"",IF(D53<C53*0.4,A53,"")) | Q49: =ادخال1!$G$9 -> اللغة العربية | R49: =ادخال1!$G$7 -> 4 | S49: =40*R49*0.3 -> 48 | T49: =IFERROR(VLOOKUP(AC62,اسماء,6,0),"") -> 35 | U49: =40*R49*0.3 -> 48 | V49: =IFERROR(VLOOKUP(AC62,اسماء,19,0),"") -> 0 | W49: =40*R49*0.4 -> 64 | X49: =IFERROR(VLOOKUP(AC62,اسماء,32,0),"") -> 0 | Y49: =SUM(S49,U49,W49) -> 160 | Z49: =0.4*Y49 -> 64 | AA49: =SUM(T49,V49,X49) -> 35 | AC49: =IF(T51=0,"",IF(T51<S51*0.4,Q51,"")) | AD49: =IF(T52=0,"",IF(T52<S52*0.4,Q52,"")) | AE49: =IF(T53=0,"",IF(T53<S53*0.4,Q53,"")) | AG49: =ادخال1!$G$9 -> اللغة العربية | AH49: =ادخال1!$G$7 -> 4 | AI49: =40*AH49*0.3 -> 48 | AJ49: =IFERROR(VLOOKUP(AS62,اسماء,6,0),"") -> 46 | AK49: =40*AH49*0.3 -> 48 | AL49: =IFERROR(VLOOKUP(AS62,اسماء,19,0),"") -> 0 | AM49: =40*AH49*0.4 -> 64 | AN49: =IFERROR(VLOOKUP(AS62,اسماء,32,0),"") -> 0 | AO49: =SUM(AI49,AK49,AM49) -> 160 | AP49: =0.4*AO49 -> 64 | AQ49: =SUM(AJ49,AL49,AN49) -> 46 | AS49: =IF(AJ51=0,"",IF(AJ51<AI51*0.4,AG51,"")) | AT49: =IF(AJ52=0,"",IF(AJ52<AI52*0.4,AG52,"")) | AU49: =IF(AJ53=0,"",IF(AJ53<AI53*0.4,AG53,"")) | AW49: =ادخال1!$G$9 -> اللغة العربية | AX49: =ادخال1!$G$7 -> 4 | AY49: =40*AX49*0.3 -> 48 | AZ49: =IFERROR(VLOOKUP(BI62,اسماء,6,0),"") -> 48 | BA49: =40*AX49*0.3 -> 48 | BB49: =IFERROR(VLOOKUP(BI62,اسماء,19,0),"") -> 0 | BC49: =40*AX49*0.4 -> 64 | BD49: =IFERROR(VLOOKUP(BI62,اسماء,32,0),"") -> 0 | BE49: =SUM(AY49,BA49,BC49) -> 160 | BF49: =0.4*BE49 -> 64 | BG49: =SUM(AZ49,BB49,BD49) -> 48 | BI49: =IF(AZ51=0,"",IF(AZ51<AY51*0.4,AW51,"")) | BJ49: =IF(AZ52=0,"",IF(AZ52<AY52*0.4,AW52,"")) | BK49: =IF(AZ53=0,"",IF(AZ53<AY53*0.4,AW53,""))
A50: =ادخال1!$H$9 -> الكتابة | B50: =ادخال1!$H$7 -> 2 | C50: =40*B50*0.3 -> 24 | D50: =IFERROR(VLOOKUP(M62,اسماء,7,0),"") -> 23 | E50: =40*B50*0.3 -> 24 | F50: =IFERROR(VLOOKUP(M62,اسماء,20,0),"") -> 0 | G50: =40*B50*0.4 -> 32 | H50: =IFERROR(VLOOKUP(M62,اسماء,33,0),"") -> 0 | I50: =SUM(C50,E50,G50) -> 80 | J50: =0.4*I50 -> 32 | K50: =SUM(D50,F50,H50) -> 23 | M50: =IF(D54=0,"",IF(D54<C54*0.4,A54,"")) | N50: =IF(D55=0,"",IF(D55<C55*0.4,A55,"")) | Q50: =ادخال1!$H$9 -> الكتابة | R50: =ادخال1!$H$7 -> 2 | S50: =40*R50*0.3 -> 24 | T50: =IFERROR(VLOOKUP(AC62,اسماء,7,0),"") -> 16 | U50: =40*R50*0.3 -> 24 | V50: =IFERROR(VLOOKUP(AC62,اسماء,20,0),"") -> 0 | W50: =40*R50*0.4 -> 32 | X50: =IFERROR(VLOOKUP(AC62,اسماء,33,0),"") -> 0 | Y50: =SUM(S50,U50,W50) -> 80 | Z50: =0.4*Y50 -> 32 | AA50: =SUM(T50,V50,X50) -> 16 | AC50: =IF(T54=0,"",IF(T54<S54*0.4,Q54,"")) | AD50: =IF(T55=0,"",IF(T55<S55*0.4,Q55,"")) | AG50: =ادخال1!$H$9 -> الكتابة | AH50: =ادخال1!$H$7 -> 2 | AI50: =40*AH50*0.3 -> 24 | AJ50: =IFERROR(VLOOKUP(AS62,اسماء,7,0),"") -> 19 | AK50: =40*AH50*0.3 -> 24 | AL50: =IFERROR(VLOOKUP(AS62,اسماء,20,0),"") -> 0 | AM50: =40*AH50*0.4 -> 32 | AN50: =IFERROR(VLOOKUP(AS62,اسماء,33,0),"") -> 0 | AO50: =SUM(AI50,AK50,AM50) -> 80 | AP50: =0.4*AO50 -> 32 | AQ50: =SUM(AJ50,AL50,AN50) -> 19 | AS50: =IF(AJ54=0,"",IF(AJ54<AI54*0.4,AG54,"")) | AT50: =IF(AJ55=0,"",IF(AJ55<AI55*0.4,AG55,"")) | AW50: =ادخال1!$H$9 -> الكتابة | AX50: =ادخال1!$H$7 -> 2 | AY50: =40*AX50*0.3 -> 24 | AZ50: =IFERROR(VLOOKUP(BI62,اسماء,7,0),"") -> 23 | BA50: =40*AX50*0.3 -> 24 | BB50: =IFERROR(VLOOKUP(BI62,اسماء,20,0),"") -> 0 | BC50: =40*AX50*0.4 -> 32 | BD50: =IFERROR(VLOOKUP(BI62,اسماء,33,0),"") -> 0 | BE50: =SUM(AY50,BA50,BC50) -> 80 | BF50: =0.4*BE50 -> 32 | BG50: =SUM(AZ50,BB50,BD50) -> 23 | BI50: =IF(AZ54=0,"",IF(AZ54<AY54*0.4,AW54,"")) | BJ50: =IF(AZ55=0,"",IF(AZ55<AY55*0.4,AW55,""))
A51: =ادخال1!$I$9 -> اللغة الإنجليزية | B51: =ادخال1!$I$7 -> 3 | C51: =40*B51*0.3 -> 36 | D51: =IFERROR(VLOOKUP(M62,اسماء,8,0),"") -> 36 | E51: =40*B51*0.3 -> 36 | F51: =IFERROR(VLOOKUP(M62,اسماء,21,0),"") -> 0 | G51: =40*B51*0.4 -> 48 | H51: =IFERROR(VLOOKUP(M62,اسماء,34,0),"") -> 0 | I51: =SUM(C51,E51,G51) -> 120 | J51: =0.4*I51 -> 48 | K51: =SUM(D51,F51,H51) -> 36 | M51: الثانية : | N51: =IF(F56=0,"",IF(AND(F48>=E48*0.4,F49>=E49*0.4,F51>=E51*0.4,F53>=E53*0.4,F54>=E54*0.4),LOOKUP(F56,'الصحيفة النهائية'!$BO$18:$BP$22),"ضعيف ويحتاج الى اهتمام في المواد")) | Q51: =ادخال1!$I$9 -> اللغة الإنجليزية | R51: =ادخال1!$I$7 -> 3 | S51: =40*R51*0.3 -> 36 | T51: =IFERROR(VLOOKUP(AC62,اسماء,8,0),"") -> 27 | U51: =40*R51*0.3 -> 36 | V51: =IFERROR(VLOOKUP(AC62,اسماء,21,0),"") -> 0 | W51: =40*R51*0.4 -> 48 | X51: =IFERROR(VLOOKUP(AC62,اسماء,34,0),"") -> 0 | Y51: =SUM(S51,U51,W51) -> 120 | Z51: =0.4*Y51 -> 48 | AA51: =SUM(T51,V51,X51) -> 27 | AC51: الثانية : | AD51: =IF(V56=0,"",IF(AND(V48>=U48*0.4,V49>=U49*0.4,V51>=U51*0.4,V53>=U53*0.4,V54>=U54*0.4),LOOKUP(V56,'الصحيفة النهائية'!$BO$18:$BP$22),"ضعيف ويحتاج الى اهتمام في المواد")) | AG51: =ادخال1!$I$9 -> اللغة الإنجليزية | AH51: =ادخال1!$I$7 -> 3 | AI51: =40*AH51*0.3 -> 36 | AJ51: =IFERROR(VLOOKUP(AS62,اسماء,8,0),"") -> 30 | AK51: =40*AH51*0.3 -> 36 | AL51: =IFERROR(VLOOKUP(AS62,اسماء,21,0),"") -> 0 | AM51: =40*AH51*0.4 -> 48 | AN51: =IFERROR(VLOOKUP(AS62,اسماء,34,0),"") -> 0 | AO51: =SUM(AI51,AK51,AM51) -> 120 | AP51: =0.4*AO51 -> 48 | AQ51: =SUM(AJ51,AL51,AN51) -> 30 | AS51: الثانية : | AT51: =IF(AL56=0,"",IF(AND(AL48>=AK48*0.4,AL49>=AK49*0.4,AL51>=AK51*0.4,AL53>=AK53*0.4,AL54>=AK54*0.4),LOOKUP(AL56,'الصحيفة النهائية'!$BO$18:$BP$22),"ضعيف ويحتاج الى اهتمام في المواد")) | AW51: =ادخال1!$I$9 -> اللغة الإنجليزية | AX51: =ادخال1!$I$7 -> 3 | AY51: =40*AX51*0.3 -> 36 | AZ51: =IFERROR(VLOOKUP(BI62,اسماء,8,0),"") -> 36 | BA51: =40*AX51*0.3 -> 36 | BB51: =IFERROR(VLOOKUP(BI62,اسماء,21,0),"") -> 0 | BC51: =40*AX51*0.4 -> 48 | BD51: =IFERROR(VLOOKUP(BI62,اسماء,34,0),"") -> 0 | BE51: =SUM(AY51,BA51,BC51) -> 120 | BF51: =0.4*BE51 -> 48 | BG51: =SUM(AZ51,BB51,BD51) -> 36 | BI51: الثانية : | BJ51: =IF(BB56=0,"",IF(AND(BB48>=BA48*0.4,BB49>=BA49*0.4,BB51>=BA51*0.4,BB53>=BA53*0.4,BB54>=BA54*0.4),LOOKUP(BB56,'الصحيفة النهائية'!$BO$18:$BP$22),"ضعيف ويحتاج الى اهتمام في المواد"))
A52: =ادخال1!$J$9 -> الحاسوب | B52: =ادخال1!$J$7 -> 1 | C52: =40*B52*0.3 -> 12 | D52: =IFERROR(VLOOKUP(M62,اسماء,9,0),"") -> 12 | E52: =40*B52*0.3 -> 12 | F52: =IFERROR(VLOOKUP(M62,اسماء,22,0),"") -> 0 | G52: =40*B52*0.4 -> 16 | H52: =IFERROR(VLOOKUP(M62,اسماء,35,0),"") -> 0 | I52: =SUM(C52,E52,G52) -> 40 | J52: =0.4*I52 -> 16 | K52: =SUM(D52,F52,H52) -> 12 | M52: =IF(F48=0,"",IF(F48<E48*0.4,A48,"")) | N52: =IF(F49=0,"",IF(F49<E49*0.4,A49,"")) | O52: =IF(F50=0,"",IF(F50<E50*0.4,A50,"")) | Q52: =ادخال1!$J$9 -> الحاسوب | R52: =ادخال1!$J$7 -> 1 | S52: =40*R52*0.3 -> 12 | T52: =IFERROR(VLOOKUP(AC62,اسماء,9,0),"") -> 11 | U52: =40*R52*0.3 -> 12 | V52: =IFERROR(VLOOKUP(AC62,اسماء,22,0),"") -> 0 | W52: =40*R52*0.4 -> 16 | X52: =IFERROR(VLOOKUP(AC62,اسماء,35,0),"") -> 0 | Y52: =SUM(S52,U52,W52) -> 40 | Z52: =0.4*Y52 -> 16 | AA52: =SUM(T52,V52,X52) -> 11 | AC52: =IF(V48=0,"",IF(V48<U48*0.4,Q48,"")) | AD52: =IF(V49=0,"",IF(V49<U49*0.4,Q49,"")) | AE52: =IF(V50=0,"",IF(V50<U50*0.4,Q50,"")) | AG52: =ادخال1!$J$9 -> الحاسوب | AH52: =ادخال1!$J$7 -> 1 | AI52: =40*AH52*0.3 -> 12 | AJ52: =IFERROR(VLOOKUP(AS62,اسماء,9,0),"") -> 12 | AK52: =40*AH52*0.3 -> 12 | AL52: =IFERROR(VLOOKUP(AS62,اسماء,22,0),"") -> 0 | AM52: =40*AH52*0.4 -> 16 | AN52: =IFERROR(VLOOKUP(AS62,اسماء,35,0),"") -> 0 | AO52: =SUM(AI52,AK52,AM52) -> 40 | AP52: =0.4*AO52 -> 16 | AQ52: =SUM(AJ52,AL52,AN52) -> 12 | AS52: =IF(AL48=0,"",IF(AL48<AK48*0.4,AG48,"")) | AT52: =IF(AL49=0,"",IF(AL49<AK49*0.4,AG49,"")) | AU52: =IF(AL50=0,"",IF(AL50<AK50*0.4,AG50,"")) | AW52: =ادخال1!$J$9 -> الحاسوب | AX52: =ادخال1!$J$7 -> 1 | AY52: =40*AX52*0.3 -> 12 | AZ52: =IFERROR(VLOOKUP(BI62,اسماء,9,0),"") -> 12 | BA52: =40*AX52*0.3 -> 12 | BB52: =IFERROR(VLOOKUP(BI62,اسماء,22,0),"") -> 0 | BC52: =40*AX52*0.4 -> 16 | BD52: =IFERROR(VLOOKUP(BI62,اسماء,35,0),"") -> 0 | BE52: =SUM(AY52,BA52,BC52) -> 40 | BF52: =0.4*BE52 -> 16 | BG52: =SUM(AZ52,BB52,BD52) -> 12 | BI52: =IF(BB48=0,"",IF(BB48<BA48*0.4,AW48,"")) | BJ52: =IF(BB49=0,"",IF(BB49<BA49*0.4,AW49,"")) | BK52: =IF(BB50=0,"",IF(BB50<BA50*0.4,AW50,""))
A53: =ادخال1!$K$9 -> الرياضيات | B53: =ادخال1!$K$7 -> 5 | C53: =40*B53*0.3 -> 60 | D53: =IFERROR(VLOOKUP(M62,اسماء,10,0),"") -> 59 | E53: =40*B53*0.3 -> 60 | F53: =IFERROR(VLOOKUP(M62,اسماء,23,0),"") -> 0 | G53: =40*B53*0.4 -> 80 | H53: =IFERROR(VLOOKUP(M62,اسماء,36,0),"") -> 0 | I53: =SUM(C53,E53,G53) -> 200 | J53: =0.4*I53 -> 80 | K53: =SUM(D53,F53,H53) -> 59 | M53: =IF(F51=0,"",IF(F51<E51*0.4,A51,"")) | N53: =IF(F52=0,"",IF(F52<E52*0.4,A52,"")) | O53: =IF(F53=0,"",IF(F53<E53*0.4,A53,"")) | Q53: =ادخال1!$K$9 -> الرياضيات | R53: =ادخال1!$K$7 -> 5 | S53: =40*R53*0.3 -> 60 | T53: =IFERROR(VLOOKUP(AC62,اسماء,10,0),"") -> 51 | U53: =40*R53*0.3 -> 60 | V53: =IFERROR(VLOOKUP(AC62,اسماء,23,0),"") -> 0 | W53: =40*R53*0.4 -> 80 | X53: =IFERROR(VLOOKUP(AC62,اسماء,36,0),"") -> 0 | Y53: =SUM(S53,U53,W53) -> 200 | Z53: =0.4*Y53 -> 80 | AA53: =SUM(T53,V53,X53) -> 51 | AC53: =IF(V51=0,"",IF(V51<U51*0.4,Q51,"")) | AD53: =IF(V52=0,"",IF(V52<U52*0.4,Q52,"")) | AE53: =IF(V53=0,"",IF(V53<U53*0.4,Q53,"")) | AG53: =ادخال1!$K$9 -> الرياضيات | AH53: =ادخال1!$K$7 -> 5 | AI53: =40*AH53*0.3 -> 60 | AJ53: =IFERROR(VLOOKUP(AS62,اسماء,10,0),"") -> 44 | AK53: =40*AH53*0.3 -> 60 | AL53: =IFERROR(VLOOKUP(AS62,اسماء,23,0),"") -> 0 | AM53: =40*AH53*0.4 -> 80 | AN53: =IFERROR(VLOOKUP(AS62,اسماء,36,0),"") -> 0 | AO53: =SUM(AI53,AK53,AM53) -> 200 | AP53: =0.4*AO53 -> 80 | AQ53: =SUM(AJ53,AL53,AN53) -> 44 | AS53: =IF(AL51=0,"",IF(AL51<AK51*0.4,AG51,"")) | AT53: =IF(AL52=0,"",IF(AL52<AK52*0.4,AG52,"")) | AU53: =IF(AL53=0,"",IF(AL53<AK53*0.4,AG53,"")) | AW53: =ادخال1!$K$9 -> الرياضيات | AX53: =ادخال1!$K$7 -> 5 | AY53: =40*AX53*0.3 -> 60 | AZ53: =IFERROR(VLOOKUP(BI62,اسماء,10,0),"") -> 57 | BA53: =40*AX53*0.3 -> 60 | BB53: =IFERROR(VLOOKUP(BI62,اسماء,23,0),"") -> 0 | BC53: =40*AX53*0.4 -> 80 | BD53: =IFERROR(VLOOKUP(BI62,اسماء,36,0),"") -> 0 | BE53: =SUM(AY53,BA53,BC53) -> 200 | BF53: =0.4*BE53 -> 80 | BG53: =SUM(AZ53,BB53,BD53) -> 57 | BI53: =IF(BB51=0,"",IF(BB51<BA51*0.4,AW51,"")) | BJ53: =IF(BB52=0,"",IF(BB52<BA52*0.4,AW52,"")) | BK53: =IF(BB53=0,"",IF(BB53<BA53*0.4,AW53,""))
A54: =ادخال1!$L$9 -> العلوم | B54: =ادخال1!$L$7 -> 3 | C54: =40*B54*0.3 -> 36 | D54: =IFERROR(VLOOKUP(M62,اسماء,11,0),"") -> 36 | E54: =40*B54*0.3 -> 36 | F54: =IFERROR(VLOOKUP(M62,اسماء,24,0),"") -> 0 | G54: =40*B54*0.4 -> 48 | H54: =IFERROR(VLOOKUP(M62,اسماء,37,0),"") -> 0 | I54: =SUM(C54,E54,G54) -> 120 | J54: =0.4*I54 -> 48 | K54: =SUM(D54,F54,H54) -> 36 | M54: =IF(F54=0,"",IF(F54<E54*0.4,A54,"")) | N54: =IF(F55=0,"",IF(F55<E55*0.4,A55,"")) | Q54: =ادخال1!$L$9 -> العلوم | R54: =ادخال1!$L$7 -> 3 | S54: =40*R54*0.3 -> 36 | T54: =IFERROR(VLOOKUP(AC62,اسماء,11,0),"") -> 36 | U54: =40*R54*0.3 -> 36 | V54: =IFERROR(VLOOKUP(AC62,اسماء,24,0),"") -> 0 | W54: =40*R54*0.4 -> 48 | X54: =IFERROR(VLOOKUP(AC62,اسماء,37,0),"") -> 0 | Y54: =SUM(S54,U54,W54) -> 120 | Z54: =0.4*Y54 -> 48 | AA54: =SUM(T54,V54,X54) -> 36 | AC54: =IF(V54=0,"",IF(V54<U54*0.4,Q54,"")) | AD54: =IF(V55=0,"",IF(V55<U55*0.4,Q55,"")) | AG54: =ادخال1!$L$9 -> العلوم | AH54: =ادخال1!$L$7 -> 3 | AI54: =40*AH54*0.3 -> 36 | AJ54: =IFERROR(VLOOKUP(AS62,اسماء,11,0),"") -> 36 | AK54: =40*AH54*0.3 -> 36 | AL54: =IFERROR(VLOOKUP(AS62,اسماء,24,0),"") -> 0 | AM54: =40*AH54*0.4 -> 48 | AN54: =IFERROR(VLOOKUP(AS62,اسماء,37,0),"") -> 0 | AO54: =SUM(AI54,AK54,AM54) -> 120 | AP54: =0.4*AO54 -> 48 | AQ54: =SUM(AJ54,AL54,AN54) -> 36 | AS54: =IF(AL54=0,"",IF(AL54<AK54*0.4,AG54,"")) | AT54: =IF(AL55=0,"",IF(AL55<AK55*0.4,AG55,"")) | AW54: =ادخال1!$L$9 -> العلوم | AX54: =ادخال1!$L$7 -> 3 | AY54: =40*AX54*0.3 -> 36 | AZ54: =IFERROR(VLOOKUP(BI62,اسماء,11,0),"") -> 36 | BA54: =40*AX54*0.3 -> 36 | BB54: =IFERROR(VLOOKUP(BI62,اسماء,24,0),"") -> 0 | BC54: =40*AX54*0.4 -> 48 | BD54: =IFERROR(VLOOKUP(BI62,اسماء,37,0),"") -> 0 | BE54: =SUM(AY54,BA54,BC54) -> 120 | BF54: =0.4*BE54 -> 48 | BG54: =SUM(AZ54,BB54,BD54) -> 36 | BI54: =IF(BB54=0,"",IF(BB54<BA54*0.4,AW54,"")) | BJ54: =IF(BB55=0,"",IF(BB55<BA55*0.4,AW55,""))
A55: =ادخال1!$M$9 -> الاجتماعيات | B55: =ادخال1!$M$7 -> 2 | C55: =40*B55*0.3 -> 24 | D55: =IFERROR(VLOOKUP(M62,اسماء,12,0),"") -> 24 | E55: =40*B55*0.3 -> 24 | F55: =IFERROR(VLOOKUP(M62,اسماء,25,0),"") -> 0 | G55: =40*B55*0.4 -> 32 | H55: =IFERROR(VLOOKUP(M62,اسماء,38,0),"") -> 0 | I55: =SUM(C55,E55,G55) -> 80 | J55: =0.4*I55 -> 32 | K55: =SUM(D55,F55,H55) -> 24 | Q55: =ادخال1!$M$9 -> الاجتماعيات | R55: =ادخال1!$M$7 -> 2 | S55: =40*R55*0.3 -> 24 | T55: =IFERROR(VLOOKUP(AC62,اسماء,12,0),"") -> 18 | U55: =40*R55*0.3 -> 24 | V55: =IFERROR(VLOOKUP(AC62,اسماء,25,0),"") -> 0 | W55: =40*R55*0.4 -> 32 | X55: =IFERROR(VLOOKUP(AC62,اسماء,38,0),"") -> 0 | Y55: =SUM(S55,U55,W55) -> 80 | Z55: =0.4*Y55 -> 32 | AA55: =SUM(T55,V55,X55) -> 18 | AG55: =ادخال1!$M$9 -> الاجتماعيات | AH55: =ادخال1!$M$7 -> 2 | AI55: =40*AH55*0.3 -> 24 | AJ55: =IFERROR(VLOOKUP(AS62,اسماء,12,0),"") -> 24 | AK55: =40*AH55*0.3 -> 24 | AL55: =IFERROR(VLOOKUP(AS62,اسماء,25,0),"") -> 0 | AM55: =40*AH55*0.4 -> 32 | AN55: =IFERROR(VLOOKUP(AS62,اسماء,38,0),"") -> 0 | AO55: =SUM(AI55,AK55,AM55) -> 80 | AP55: =0.4*AO55 -> 32 | AQ55: =SUM(AJ55,AL55,AN55) -> 24 | AW55: =ادخال1!$M$9 -> الاجتماعيات | AX55: =ادخال1!$M$7 -> 2 | AY55: =40*AX55*0.3 -> 24 | AZ55: =IFERROR(VLOOKUP(BI62,اسماء,12,0),"") -> 24 | BA55: =40*AX55*0.3 -> 24 | BB55: =IFERROR(VLOOKUP(BI62,اسماء,25,0),"") -> 0 | BC55: =40*AX55*0.4 -> 32 | BD55: =IFERROR(VLOOKUP(BI62,اسماء,38,0),"") -> 0 | BE55: =SUM(AY55,BA55,BC55) -> 80 | BF55: =0.4*BE55 -> 32 | BG55: =SUM(AZ55,BB55,BD55) -> 24
A56: المجموع العـام | C56: =SUM(C48:C54) -> 252 | D56: =SUM(D48:D54) -> 250 | E56: =SUM(E48:E54) -> 252 | F56: =SUM(F48:F54) -> 0 | G56: =SUM(G48:G54) -> 336 | H56: =SUM(H48:H54) -> 0 | I56: =SUM(I48:I54) -> 840 | K56: =IF(AND(K48>=J48,K49>=J49,K51>=J51,K53>=J53,K54>=J54),SUM(K48:K54),0) -> 0 | M56: تقدير النتيجة النهائية | N56: =IF(K56=0,"",IF(AND(K48>=I48*0.4,K49>=I49*0.4,K50>=I50*0.4,K51>=I51*0.4,K52>=I52*0.4,K53>=I53*0.4,K54>=I54*0.4),LOOKUP(K56,$BO$10:$BP$15),"له دور ثان في ")) | Q56: المجموع العـام | S56: =SUM(S48:S54) -> 252 | T56: =SUM(T48:T54) -> 212 | U56: =SUM(U48:U54) -> 252 | V56: =SUM(V48:V54) -> 0 | W56: =SUM(W48:W54) -> 336 | X56: =SUM(X48:X54) -> 0 | Y56: =SUM(Y48:Y54) -> 840 | AA56: =IF(AND(AA48>=Z48,AA49>=Z49,AA51>=Z51,AA53>=Z53,AA54>=Z54),SUM(AA48:AA54),0) -> 0 | AC56: تقدير النتيجة النهائية | AD56: =IF(AA56=0,"",IF(AND(AA48>=Y48*0.4,AA49>=Y49*0.4,AA50>=Y50*0.4,AA51>=Y51*0.4,AA52>=Y52*0.4,AA53>=Y53*0.4,AA54>=Y54*0.4),LOOKUP(AA56,$BO$10:$BP$15),"له دور ثان في ")) | AG56: المجموع العـام | AI56: =SUM(AI48:AI54) -> 252 | AJ56: =SUM(AJ48:AJ54) -> 222 | AK56: =SUM(AK48:AK54) -> 252 | AL56: =SUM(AL48:AL54) -> 0 | AM56: =SUM(AM48:AM54) -> 336 | AN56: =SUM(AN48:AN54) -> 0 | AO56: =SUM(AO48:AO54) -> 840 | AQ56: =IF(AND(AQ48>=AP48,AQ49>=AP49,AQ51>=AP51,AQ53>=AP53,AQ54>=AP54),SUM(AQ48:AQ54),0) -> 0 | AS56: تقدير النتيجة النهائية | AT56: =IF(AQ56=0,"",IF(AND(AQ48>=AO48*0.4,AQ49>=AO49*0.4,AQ50>=AO50*0.4,AQ51>=AO51*0.4,AQ52>=AO52*0.4,AQ53>=AO53*0.4,AQ54>=AO54*0.4),LOOKUP(AQ56,$BO$10:$BP$15),"له دور ثان في ")) | AW56: المجموع العـام | AY56: =SUM(AY48:AY54) -> 252 | AZ56: =SUM(AZ48:AZ54) -> 248 | BA56: =SUM(BA48:BA54) -> 252 | BB56: =SUM(BB48:BB54) -> 0 | BC56: =SUM(BC48:BC54) -> 336 | BD56: =SUM(BD48:BD54) -> 0 | BE56: =SUM(BE48:BE54) -> 840 | BG56: =IF(AND(BG48>=BF48,BG49>=BF49,BG51>=BF51,BG53>=BF53,BG54>=BF54),SUM(BG48:BG54),0) -> 0 | BI56: تقدير النتيجة النهائية | BJ56: =IF(BG56=0,"",IF(AND(BG48>=BE48*0.4,BG49>=BE49*0.4,BG50>=BE50*0.4,BG51>=BE51*0.4,BG52>=BE52*0.4,BG53>=BE53*0.4,BG54>=BE54*0.4),LOOKUP(BG56,$BO$10:$BP$15),"له دور ثان في "))
A57: الرقم الوطني | M57: =IF(K48=0,"",IF(K48<I48*0.4,A48,"")) -> التربية الإسلامية | N57: =IF(K49=0,"",IF(K49<I49*0.4,A49,"")) -> اللغة العربية | O57: =IF(K50=0,"",IF(K50<I50*0.4,A50,"")) -> الكتابة | Q57: الرقم الوطني | AC57: =IF(AA48=0,"",IF(AA48<Y48*0.4,Q48,"")) -> التربية الإسلامية | AD57: =IF(AA49=0,"",IF(AA49<Y49*0.4,Q49,"")) -> اللغة العربية | AE57: =IF(AA50=0,"",IF(AA50<Y50*0.4,Q50,"")) -> الكتابة | AG57: الرقم الوطني | AS57: =IF(AQ48=0,"",IF(AQ48<AO48*0.4,AG48,"")) -> التربية الإسلامية | AT57: =IF(AQ49=0,"",IF(AQ49<AO49*0.4,AG49,"")) -> اللغة العربية | AU57: =IF(AQ50=0,"",IF(AQ50<AO50*0.4,AG50,"")) -> الكتابة | AW57: الرقم الوطني | BI57: =IF(BG48=0,"",IF(BG48<BE48*0.4,AW48,"")) -> التربية الإسلامية | BJ57: =IF(BG49=0,"",IF(BG49<BE49*0.4,AW49,"")) -> اللغة العربية | BK57: =IF(BG50=0,"",IF(BG50<BE50*0.4,AW50,"")) -> الكتابة
A58: =ادخال1!$O$8 -> التربية الفنية | B58: =ادخال1!$O$7 -> 1 | C58: =IFERROR(VLOOKUP(M62,اسماء,14,0),"") -> جيد جداً | E58: =IFERROR(VLOOKUP(M62,اسماء,27,0),"") -> 0 | G58: =IFERROR(VLOOKUP(M62,اسماء,40,0),"") -> 0 | M58: =IF(K51=0,"",IF(K51<I51*0.4,A51,"")) -> اللغة الإنجليزية | N58: =IF(K52=0,"",IF(K52<I52*0.4,A52,"")) -> الحاسوب | O58: =IF(K53=0,"",IF(K53<I53*0.4,A53,"")) -> الرياضيات | Q58: =ادخال1!$O$8 -> التربية الفنية | R58: =ادخال1!$O$7 -> 1 | S58: =IFERROR(VLOOKUP(AC62,اسماء,14,0),"") -> جيد جداً | U58: =IFERROR(VLOOKUP(AC62,اسماء,27,0),"") -> 0 | W58: =IFERROR(VLOOKUP(AC62,اسماء,40,0),"") -> 0 | AC58: =IF(AA51=0,"",IF(AA51<Y51*0.4,Q51,"")) -> اللغة الإنجليزية | AD58: =IF(AA52=0,"",IF(AA52<Y52*0.4,Q52,"")) -> الحاسوب | AE58: =IF(AA53=0,"",IF(AA53<Y53*0.4,Q53,"")) -> الرياضيات | AG58: =ادخال1!$O$8 -> التربية الفنية | AH58: =ادخال1!$O$7 -> 1 | AI58: =IFERROR(VLOOKUP(AS62,اسماء,14,0),"") -> جيد جداً | AK58: =IFERROR(VLOOKUP(AS62,اسماء,27,0),"") -> 0 | AM58: =IFERROR(VLOOKUP(AS62,اسماء,40,0),"") -> 0 | AS58: =IF(AQ51=0,"",IF(AQ51<AO51*0.4,AG51,"")) -> اللغة الإنجليزية | AT58: =IF(AQ52=0,"",IF(AQ52<AO52*0.4,AG52,"")) -> الحاسوب | AU58: =IF(AQ53=0,"",IF(AQ53<AO53*0.4,AG53,"")) -> الرياضيات | AW58: =ادخال1!$O$8 -> التربية الفنية | AX58: =ادخال1!$O$7 -> 1 | AY58: =IFERROR(VLOOKUP(BI62,اسماء,14,0),"") -> جيد جداً | BA58: =IFERROR(VLOOKUP(BI62,اسماء,27,0),"") -> 0 | BC58: =IFERROR(VLOOKUP(BI62,اسماء,40,0),"") -> 0 | BI58: =IF(BG51=0,"",IF(BG51<BE51*0.4,AW51,"")) -> اللغة الإنجليزية | BJ58: =IF(BG52=0,"",IF(BG52<BE52*0.4,AW52,"")) -> الحاسوب | BK58: =IF(BG53=0,"",IF(BG53<BE53*0.4,AW53,"")) -> الرياضيات
