Workbook
Name اسماء: ادخال1!$B$11:$EP$510
Name الترتيب1: ادخال1!$AR$11:$AS$396
Name الترتيب2: ادخال1!$AX$11:$AY$395
Name الترتيب3: ادخال1!$BC$11:$BD$397
Name عمود1: ادخال1!$A$11:$A$395
Name عمود2: ادخال1!$B$11:$B$395
Name مستجد: ادخال1!$CH$3:$CH$4
Name مسلسل: ادخال1!$A$11:$B$395

Sheet بيانات الصحيفة 
A1: 1 | B1: دولة ليبيا | P1: =A1-5 -> -4 | Q1: دولة ليبيا | AE1: =P1-5 -> -9 | AF1: دولة ليبيا | AT1: =AE1-5 -> -14 | AU1: دولة ليبيا
A2: وزارة التعليم | P2: وزارة التعليم | AE2: وزارة التعليم | AT2: وزارة التعليم
A3: المركز الوطني للامتحانات | P3: المركز الوطني للامتحانات | AE3: المركز الوطني للامتحانات | AT3: المركز الوطني للامتحانات
A4: بطاقة تقدير الدرجات لمرحلة التعليم | K4: =ادخال1!$CD$7 -> الاساسي | P4: بطاقة تقدير الدرجات لمرحلة التعليم | Z4: =ادخال1!$CD$7 -> الاساسي | AE4: بطاقة تقدير الدرجات لمرحلة التعليم | AO4: =ادخال1!$CD$7 -> الاساسي | AT4: بطاقة تقدير الدرجات لمرحلة التعليم | BD4: =ادخال1!$CD$7 -> الاساسي
A5: للصف | G5: =ادخال1!$CB$5 -> الثاني الابتدائي | P5: للصف | V5: =ادخال1!$CB$5 -> الثاني الابتدائي | AE5: للصف | AK5: =ادخال1!$CB$5 -> الثاني الابتدائي | AT5: للصف | AZ5: =ادخال1!$CB$5 -> الثاني الابتدائي
A6: العام الدراسي | B6: =ادخال1!$CA$8 -> 1446هـ/1447 هـ | F6: هجرية | H6: الموافق | J6: =ادخال1!$CB$8 -> 2026 /2025م | N6: ميلادية | P6: العام الدراسي | Q6: =ادخال1!$CA$8 -> 1446هـ/1447 هـ | U6: هجرية | W6: الموافق | Y6: =ادخال1!$CB$8 -> 2026 /2025م | AC6: ميلادية | AE6: العام الدراسي | AF6: =ادخال1!$CA$8 -> 1446هـ/1447 هـ | AJ6: هجرية | AL6: الموافق | AN6: =ادخال1!$CB$8 -> 2026 /2025م | AR6: ميلادية | AT6: العام الدراسي | AU6: =ادخال1!$CA$8 -> 1446هـ/1447 هـ | AY6: هجرية | BA6: الموافق | BC6: =ادخال1!$CB$8 -> 2026 /2025م | BG6: ميلادية
A7: شؤون التعليم بمنطقة | B7: =ادخال1!$CB$4 -> تاجوراء | P7: شؤون التعليم بمنطقة | Q7: =ادخال1!$CB$4 -> تاجوراء | AE7: شؤون التعليم بمنطقة | AF7: =ادخال1!$CB$4 -> تاجوراء | AT7: شؤون التعليم بمنطقة | AU7: =ادخال1!$CB$4 -> تاجوراء
A8: مدرســــــــــــــــــــــة | B8: =ادخال1!$BZ$6 -> مدرسة سهول العلم للتعيم الخاص | J8: الكــــائنة بـ : | M8: =ادخال1!$BZ$8 -> تاجوراء الجنوبي | P8: مدرســــــــــــــــــــــة | Q8: =ادخال1!$BZ$6 -> مدرسة سهول العلم للتعيم الخاص | Y8: الكــــائنة بـ : | AB8: =ادخال1!$BZ$8 -> تاجوراء الجنوبي | AE8: مدرســــــــــــــــــــــة | AF8: =ادخال1!$BZ$6 -> مدرسة سهول العلم للتعيم الخاص | AN8: الكــــائنة بـ : | AQ8: =ادخال1!$BZ$8 -> تاجوراء الجنوبي | AT8: مدرســــــــــــــــــــــة | AU8: =ادخال1!$BZ$6 -> مدرسة سهول العلم للتعيم الخاص | BC8: الكــــائنة بـ : | BF8: =ادخال1!$BZ$8 -> تاجوراء الجنوبي
A9: اسم التلميذ بالكـــامل | B9: =IFERROR(VLOOKUP(A1,مسلسل,2,0),0) -> الجبير خليل الدوكالي اليونسي | C9: =IFERROR(VLOOKUP(B9,مسلسل,2,0),0) -> 0 | D9: =IFERROR(VLOOKUP(C9,مسلسل,2,0),0) -> 0 | E9: =IFERROR(VLOOKUP(D9,مسلسل,2,0),0) -> 0 | F9: =IFERROR(VLOOKUP(E9,مسلسل,2,0),0) -> 0 | G9: =IFERROR(VLOOKUP(F9,مسلسل,2,0),0) -> 0 | H9: =IFERROR(VLOOKUP(G9,مسلسل,2,0),0) -> 0 | I9: =IFERROR(VLOOKUP(H9,مسلسل,2,0),0) -> 0 | J9: اللقــــــــب | M9: =IFERROR(VLOOKUP(B9,اسماء,63,0),"") -> اليونسي | P9: اسم التلميذ بالكـــامل | Q9: =IFERROR(VLOOKUP(P1,مسلسل,2,0),0) -> 0 | R9: =IFERROR(VLOOKUP(Q9,مسلسل,2,0),0) -> 0 | S9: =IFERROR(VLOOKUP(R9,مسلسل,2,0),0) -> 0 | T9: =IFERROR(VLOOKUP(S9,مسلسل,2,0),0) -> 0 | U9: =IFERROR(VLOOKUP(T9,مسلسل,2,0),0) -> 0 | V9: =IFERROR(VLOOKUP(U9,مسلسل,2,0),0) -> 0 | W9: =IFERROR(VLOOKUP(V9,مسلسل,2,0),0) -> 0 | X9: =IFERROR(VLOOKUP(W9,مسلسل,2,0),0) -> 0 | Y9: اللقــــــــب | AB9: =IFERROR(VLOOKUP(Q9,اسماء,63,0),"") | AE9: اسم التلميذ بالكـــامل | AF9: =IFERROR(VLOOKUP(AE1,مسلسل,2,0),0) -> 0 | AG9: =IFERROR(VLOOKUP(AF9,مسلسل,2,0),0) -> 0 | AH9: =IFERROR(VLOOKUP(AG9,مسلسل,2,0),0) -> 0 | AI9: =IFERROR(VLOOKUP(AH9,مسلسل,2,0),0) -> 0 | AJ9: =IFERROR(VLOOKUP(AI9,مسلسل,2,0),0) -> 0 | AK9: =IFERROR(VLOOKUP(AJ9,مسلسل,2,0),0) -> 0 | AL9: =IFERROR(VLOOKUP(AK9,مسلسل,2,0),0) -> 0 | AM9: =IFERROR(VLOOKUP(AL9,مسلسل,2,0),0) -> 0 | AN9: اللقــــــــب | AQ9: =IFERROR(VLOOKUP(AF9,اسماء,63,0),"") | AT9: اسم التلميذ بالكـــامل | AU9: =IFERROR(VLOOKUP(AT1,مسلسل,2,0),0) -> 0 | AV9: =IFERROR(VLOOKUP(AU9,مسلسل,2,0),0) -> 0 | AW9: =IFERROR(VLOOKUP(AV9,مسلسل,2,0),0) -> 0 | AX9: =IFERROR(VLOOKUP(AW9,مسلسل,2,0),0) -> 0 | AY9: =IFERROR(VLOOKUP(AX9,مسلسل,2,0),0) -> 0 | AZ9: =IFERROR(VLOOKUP(AY9,مسلسل,2,0),0) -> 0 | BA9: =IFERROR(VLOOKUP(AZ9,مسلسل,2,0),0) -> 0 | BB9: =IFERROR(VLOOKUP(BA9,مسلسل,2,0),0) -> 0 | BC9: اللقــــــــب | BF9: =IFERROR(VLOOKUP(AU9,اسماء,63,0),"")
A10: مكان وتاريخ الميلاد | B10: =IFERROR(VLOOKUP(B9,اسماء,76,0),"") -> تاجوراء | E10: =IFERROR(VLOOKUP(B9,اسماء,2,0),"") -> 43087 | I10: اسم الوالدة بالكامل | M10: =IFERROR(VLOOKUP(B9,اسماء,3,0),"") -> مفيدة اليونسي | P10: مكان وتاريخ الميلاد | Q10: =IFERROR(VLOOKUP(Q9,اسماء,76,0),"") | T10: =IFERROR(VLOOKUP(Q9,اسماء,2,0),"") | X10: اسم الوالدة بالكامل | AB10: =IFERROR(VLOOKUP(Q9,اسماء,3,0),"") | AE10: مكان وتاريخ الميلاد | AF10: =IFERROR(VLOOKUP(AF9,اسماء,76,0),"") | AI10: =IFERROR(VLOOKUP(AF9,اسماء,2,0),"") | AM10: اسم الوالدة بالكامل | AQ10: =IFERROR(VLOOKUP(AF9,اسماء,3,0),"") | AT10: مكان وتاريخ الميلاد | AU10: =IFERROR(VLOOKUP(AU9,اسماء,76,0),"") | AX10: =IFERROR(VLOOKUP(AU9,اسماء,2,0),"") | BB10: اسم الوالدة بالكامل | BF10: =IFERROR(VLOOKUP(AU9,اسماء,3,0),"")
A11: الرقم الوطنــــــــــي | B11: =IFERROR(VLOOKUP(B9,اسماء,64,0),"") -> 5 | C11: =IFERROR(VLOOKUP(B9,اسماء,65,0),"") -> 2 | D11: =IFERROR(VLOOKUP(B9,اسماء,66,0),"") -> 7 | E11: =IFERROR(VLOOKUP(B9,اسماء,67,0),"") -> 4 | F11: =IFERROR(VLOOKUP(B9,اسماء,68,0),"") -> 6 | G11: =IFERROR(VLOOKUP(B9,اسماء,69,0),"") -> 0 | H11: =IFERROR(VLOOKUP(B9,اسماء,70,0),"") -> 1 | I11: =IFERROR(VLOOKUP(B9,اسماء,71,0),"") -> 7 | J11: =IFERROR(VLOOKUP(B9,اسماء,72,0),"") -> 1 | K11: =IFERROR(VLOOKUP(B9,اسماء,73,0),"") -> 0 | L11: =IFERROR(VLOOKUP(B9,اسماء,74,0),"") -> 2 | M11: =IFERROR(VLOOKUP(B9,اسماء,75,0),"") -> 1 | P11: الرقم الوطنــــــــــي | Q11: =IFERROR(VLOOKUP(Q9,اسماء,64,0),"") | R11: =IFERROR(VLOOKUP(Q9,اسماء,65,0),"") | S11: =IFERROR(VLOOKUP(Q9,اسماء,66,0),"") | T11: =IFERROR(VLOOKUP(Q9,اسماء,67,0),"") | U11: =IFERROR(VLOOKUP(Q9,اسماء,68,0),"") | V11: =IFERROR(VLOOKUP(Q9,اسماء,69,0),"") | W11: =IFERROR(VLOOKUP(Q9,اسماء,70,0),"") | X11: =IFERROR(VLOOKUP(Q9,اسماء,71,0),"") | Y11: =IFERROR(VLOOKUP(Q9,اسماء,72,0),"") | Z11: =IFERROR(VLOOKUP(Q9,اسماء,73,0),"") | AA11: =IFERROR(VLOOKUP(Q9,اسماء,74,0),"") | AB11: =IFERROR(VLOOKUP(Q9,اسماء,75,0),"") | AE11: الرقم الوطنــــــــــي | AF11: =IFERROR(VLOOKUP(AF9,اسماء,64,0),"") | AG11: =IFERROR(VLOOKUP(AF9,اسماء,65,0),"") | AH11: =IFERROR(VLOOKUP(AF9,اسماء,66,0),"") | AI11: =IFERROR(VLOOKUP(AF9,اسماء,67,0),"") | AJ11: =IFERROR(VLOOKUP(AF9,اسماء,68,0),"") | AK11: =IFERROR(VLOOKUP(AF9,اسماء,69,0),"") | AL11: =IFERROR(VLOOKUP(AF9,اسماء,70,0),"") | AM11: =IFERROR(VLOOKUP(AF9,اسماء,71,0),"") | AN11: =IFERROR(VLOOKUP(AF9,اسماء,72,0),"") | AO11: =IFERROR(VLOOKUP(AF9,اسماء,73,0),"") | AP11: =IFERROR(VLOOKUP(AF9,اسماء,74,0),"") | AQ11: =IFERROR(VLOOKUP(AF9,اسماء,75,0),"") | AT11: الرقم الوطنــــــــــي | AU11: =IFERROR(VLOOKUP(AU9,اسماء,64,0),"") | AV11: =IFERROR(VLOOKUP(AU9,اسماء,65,0),"") | AW11: =IFERROR(VLOOKUP(AU9,اسماء,66,0),"") | AX11: =IFERROR(VLOOKUP(AU9,اسماء,67,0),"") | AY11: =IFERROR(VLOOKUP(AU9,اسماء,68,0),"") | AZ11: =IFERROR(VLOOKUP(AU9,اسماء,69,0),"") | BA11: =IFERROR(VLOOKUP(AU9,اسماء,70,0),"") | BB11: =IFERROR(VLOOKUP(AU9,اسماء,71,0),"") | BC11: =IFERROR(VLOOKUP(AU9,اسماء,72,0),"") | BD11: =IFERROR(VLOOKUP(AU9,اسماء,73,0),"") | BE11: =IFERROR(VLOOKUP(AU9,اسماء,74,0),"") | BF11: =IFERROR(VLOOKUP(AU9,اسماء,75,0),"")
A12: جنسيـــــة التلمــــيذ | B12: =IFERROR(VLOOKUP(B9,اسماء,77,0),"") -> ليبي | G12: مستجد/ | I12: معيد | K12: =IFERROR(VLOOKUP(B9,اسماء,78,0),"") -> مستجد | P12: جنسيـــــة التلمــــيذ | Q12: =IFERROR(VLOOKUP(Q9,اسماء,77,0),"") | V12: مستجد/ | X12: معيد | Z12: =IFERROR(VLOOKUP(Q9,اسماء,78,0),"") | AE12: جنسيـــــة التلمــــيذ | AF12: =IFERROR(VLOOKUP(AF9,اسماء,77,0),"") | AK12: مستجد/ | AM12: معيد | AO12: =IFERROR(VLOOKUP(AF9,اسماء,78,0),"") | AT12: جنسيـــــة التلمــــيذ | AU12: =IFERROR(VLOOKUP(AU9,اسماء,77,0),"") | AZ12: مستجد/ | BB12: معيد | BD12: =IFERROR(VLOOKUP(AU9,اسماء,78,0),"")
A13: رائــــــد الصــــــف | B13: =IFERROR(VLOOKUP(B9,اسماء,80,0),"") -> أحلام الشيباني | G13: صفة القيد | K13: =IFERROR(VLOOKUP(B9,اسماء,79,0),"") -> نظامي | P13: رائــــــد الصــــــف | Q13: =IFERROR(VLOOKUP(Q9,اسماء,80,0),"") | V13: صفة القيد | Z13: =IFERROR(VLOOKUP(Q9,اسماء,79,0),"") | AE13: رائــــــد الصــــــف | AF13: =IFERROR(VLOOKUP(AF9,اسماء,80,0),"") | AK13: صفة القيد | AO13: =IFERROR(VLOOKUP(AF9,اسماء,79,0),"") | AT13: رائــــــد الصــــــف | AU13: =IFERROR(VLOOKUP(AU9,اسماء,77,0),"") | AZ13: صفة القيد | BD13: =IFERROR(VLOOKUP(AU9,اسماء,76,0),"")
A14: (يكتب اسم التلميذ مطابقاً لشهادة الميلاد) | P14: (يكتب اسم التلميذ مطابقاً لشهادة الميلاد) | AE14: (يكتب اسم التلميذ مطابقاً لشهادة الميلاد) | AT14: (يكتب اسم التلميذ مطابقاً لشهادة الميلاد)
A15: الانتقـــــــــال | P15: الانتقـــــــــال | AE15: الانتقـــــــــال | AT15: الانتقـــــــــال
A16: بناء على طلب ولي أمر التلميذ فإن إدارة هذه المدرسة توافق على انتقاله إلــــــى | P16: بناء على طلب ولي أمر التلميذ فإن إدارة هذه المدرسة توافق على انتقاله إلــــــى | AE16: بناء على طلب ولي أمر التلميذ فإن إدارة هذه المدرسة توافق على انتقاله إلــــــى | AT16: بناء على طلب ولي أمر التلميذ فإن إدارة هذه المدرسة توافق على انتقاله إلــــــى
A17: مدرســــــة | P17: مدرســــــة | AE17: مدرســــــة | AT17: مدرســــــة
A18: يعتمد مديرالمدرسة | N18: يعتمد مكتب الامتحانات | P18: يعتمد مديرالمدرسة | AC18: يعتمد مكتب الامتحانات | AE18: يعتمد مديرالمدرسة | AR18: يعتمد مكتب الامتحانات | AT18: يعتمد مديرالمدرسة | BG18: يعتمد مكتب الامتحانات
A23: =A1-1 -> 0 | B23: دولة ليبيا | P23: =P1-1 -> -5 | Q23: دولة ليبيا | AE23: =AE1-1 -> -10 | AF23: دولة ليبيا | AT23: =AT1-1 -> -15 | AU23: دولة ليبيا
A24: وزارة التعليم | P24: وزارة التعليم | AE24: وزارة التعليم | AT24: وزارة التعليم
A25: المركز الوطني للامتحانات | P25: المركز الوطني للامتحانات | AE25: المركز الوطني للامتحانات | AT25: المركز الوطني للامتحانات
A26: بطاقة تقدير الدرجات لمرحلة التعليم | K26: =ادخال1!$CD$7 -> الاساسي | P26: بطاقة تقدير الدرجات لمرحلة التعليم | Z26: =ادخال1!$CD$7 -> الاساسي | AE26: بطاقة تقدير الدرجات لمرحلة التعليم | AO26: =ادخال1!$CD$7 -> الاساسي | AT26: بطاقة تقدير الدرجات لمرحلة التعليم | BD26: =ادخال1!$CD$7 -> الاساسي
A27: للصف | G27: =ادخال1!$CB$5 -> الثاني الابتدائي | P27: للصف | V27: =ادخال1!$CB$5 -> الثاني الابتدائي | AE27: للصف | AK27: =ادخال1!$CB$5 -> الثاني الابتدائي | AT27: للصف | AZ27: =ادخال1!$CB$5 -> الثاني الابتدائي
A28: العام الدراسي | B28: =ادخال1!$CA$8 -> 1446هـ/1447 هـ | F28: هجرية | H28: الموافق | J28: =ادخال1!$CB$8 -> 2026 /2025م | N28: ميلادية | P28: العام الدراسي | Q28: =ادخال1!$CA$8 -> 1446هـ/1447 هـ | U28: هجرية | W28: الموافق | Y28: =ادخال1!$CB$8 -> 2026 /2025م | AC28: ميلادية | AE28: العام الدراسي | AF28: =ادخال1!$CA$8 -> 1446هـ/1447 هـ | AJ28: هجرية | AL28: الموافق | AN28: =ادخال1!$CB$8 -> 2026 /2025م | AR28: ميلادية | AT28: العام الدراسي | AU28: =ادخال1!$CA$8 -> 1446هـ/1447 هـ | AY28: هجرية | BA28: الموافق | BC28: =ادخال1!$CB$8 -> 2026 /2025م | BG28: ميلادية
A29: شؤون التعليم بمنطقة | B29: =ادخال1!$CB$4 -> تاجوراء | P29: شؤون التعليم بمنطقة | Q29: =ادخال1!$CB$4 -> تاجوراء | AE29: شؤون التعليم بمنطقة | AF29: =ادخال1!$CB$4 -> تاجوراء | AT29: شؤون التعليم بمنطقة | AU29: =ادخال1!$CB$4 -> تاجوراء
A30: مدرســــــــــــــــــــــة | B30: =ادخال1!$BZ$6 -> مدرسة سهول العلم للتعيم الخاص | J30: الكــــائنة بـ : | M30: =ادخال1!$BZ$8 -> تاجوراء الجنوبي | P30: مدرســــــــــــــــــــــة | Q30: =ادخال1!$BZ$6 -> مدرسة سهول العلم للتعيم الخاص | Y30: الكــــائنة بـ : | AB30: =ادخال1!$BZ$8 -> تاجوراء الجنوبي | AE30: مدرســــــــــــــــــــــة | AF30: =ادخال1!$BZ$6 -> مدرسة سهول العلم للتعيم الخاص | AN30: الكــــائنة بـ : | AQ30: =ادخال1!$BZ$8 -> تاجوراء الجنوبي | AT30: مدرســــــــــــــــــــــة | AU30: =ادخال1!$BZ$6 -> مدرسة سهول العلم للتعيم الخاص | BC30: الكــــائنة بـ : | BF30: =ادخال1!$BZ$8 -> تاجوراء الجنوبي
A31: اسم التلميذ بالكـــامل | B31: =IFERROR(VLOOKUP(A23,مسلسل,2,0),0) -> 0 | C31: =IFERROR(VLOOKUP(B31,مسلسل,2,0),0) -> 0 | D31: =IFERROR(VLOOKUP(C31,مسلسل,2,0),0) -> 0 | E31: =IFERROR(VLOOKUP(D31,مسلسل,2,0),0) -> 0 | F31: =IFERROR(VLOOKUP(E31,مسلسل,2,0),0) -> 0 | G31: =IFERROR(VLOOKUP(F31,مسلسل,2,0),0) -> 0 | H31: =IFERROR(VLOOKUP(G31,مسلسل,2,0),0) -> 0 | I31: =IFERROR(VLOOKUP(H31,مسلسل,2,0),0) -> 0 | J31: اللقــــــــب | M31: =IFERROR(VLOOKUP(B31,اسماء,63,0),"") | P31: اسم التلميذ بالكـــامل | Q31: =IFERROR(VLOOKUP(P23,مسلسل,2,0),0) -> 0 | R31: =IFERROR(VLOOKUP(Q31,مسلسل,2,0),0) -> 0 | S31: =IFERROR(VLOOKUP(R31,مسلسل,2,0),0) -> 0 | T31: =IFERROR(VLOOKUP(S31,مسلسل,2,0),0) -> 0 | U31: =IFERROR(VLOOKUP(T31,مسلسل,2,0),0) -> 0 | V31: =IFERROR(VLOOKUP(U31,مسلسل,2,0),0) -> 0 | W31: =IFERROR(VLOOKUP(V31,مسلسل,2,0),0) -> 0 | X31: =IFERROR(VLOOKUP(W31,مسلسل,2,0),0) -> 0 | Y31: اللقــــــــب | AB31: =IFERROR(VLOOKUP(Q31,اسماء,63,0),"") | AE31: اسم التلميذ بالكـــامل | AF31: =IFERROR(VLOOKUP(AE23,مسلسل,2,0),0) -> 0 | AG31: =IFERROR(VLOOKUP(AF31,مسلسل,2,0),0) -> 0 | AH31: =IFERROR(VLOOKUP(AG31,مسلسل,2,0),0) -> 0 | AI31: =IFERROR(VLOOKUP(AH31,مسلسل,2,0),0) -> 0 | AJ31: =IFERROR(VLOOKUP(AI31,مسلسل,2,0),0) -> 0 | AK31: =IFERROR(VLOOKUP(AJ31,مسلسل,2,0),0) -> 0 | AL31: =IFERROR(VLOOKUP(AK31,مسلسل,2,0),0) -> 0 | AM31: =IFERROR(VLOOKUP(AL31,مسلسل,2,0),0) -> 0 | AN31: اللقــــــــب | AQ31: =IFERROR(VLOOKUP(AF31,اسماء,63,0),"") | AT31: اسم التلميذ بالكـــامل | AU31: =IFERROR(VLOOKUP(AT23,مسلسل,2,0),0) -> 0 | AV31: =IFERROR(VLOOKUP(AU31,مسلسل,2,0),0) -> 0 | AW31: =IFERROR(VLOOKUP(AV31,مسلسل,2,0),0) -> 0 | AX31: =IFERROR(VLOOKUP(AW31,مسلسل,2,0),0) -> 0 | AY31: =IFERROR(VLOOKUP(AX31,مسلسل,2,0),0) -> 0 | AZ31: =IFERROR(VLOOKUP(AY31,مسلسل,2,0),0) -> 0 | BA31: =IFERROR(VLOOKUP(AZ31,مسلسل,2,0),0) -> 0 | BB31: =IFERROR(VLOOKUP(BA31,مسلسل,2,0),0) -> 0 | BC31: اللقــــــــب | BF31: =IFERROR(VLOOKUP(AU31,اسماء,63,0),"")
A32: مكان وتاريخ الميلاد | B32: =IFERROR(VLOOKUP(B31,اسماء,76,0),"") | E32: =IFERROR(VLOOKUP(B31,اسماء,2,0),"") | I32: اسم الوالدة بالكامل | M32: =IFERROR(VLOOKUP(B31,اسماء,3,0),"") | P32: مكان وتاريخ الميلاد | Q32: =IFERROR(VLOOKUP(Q31,اسماء,76,0),"") | T32: =IFERROR(VLOOKUP(Q31,اسماء,2,0),"") | X32: اسم الوالدة بالكامل | AB32: =IFERROR(VLOOKUP(Q31,اسماء,3,0),"") | AE32: مكان وتاريخ الميلاد | AF32: =IFERROR(VLOOKUP(AF31,اسماء,76,0),"") | AI32: =IFERROR(VLOOKUP(AF31,اسماء,2,0),"") | AM32: اسم الوالدة بالكامل | AQ32: =IFERROR(VLOOKUP(AF31,اسماء,3,0),"") | AT32: مكان وتاريخ الميلاد | AU32: =IFERROR(VLOOKUP(AU31,اسماء,76,0),"") | AX32: =IFERROR(VLOOKUP(AU31,اسماء,2,0),"") | BB32: اسم الوالدة بالكامل | BF32: =IFERROR(VLOOKUP(AU31,اسماء,3,0),"")
A33: الرقم الوطنــــــــــي | B33: =IFERROR(VLOOKUP(B31,اسماء,64,0),"") | C33: =IFERROR(VLOOKUP(B31,اسماء,65,0),"") | D33: =IFERROR(VLOOKUP(B31,اسماء,66,0),"") | E33: =IFERROR(VLOOKUP(B31,اسماء,67,0),"") | F33: =IFERROR(VLOOKUP(B31,اسماء,68,0),"") | G33: =IFERROR(VLOOKUP(B31,اسماء,69,0),"") | H33: =IFERROR(VLOOKUP(B31,اسماء,70,0),"") | I33: =IFERROR(VLOOKUP(B31,اسماء,71,0),"") | J33: =IFERROR(VLOOKUP(B31,اسماء,72,0),"") | K33: =IFERROR(VLOOKUP(B31,اسماء,73,0),"") | L33: =IFERROR(VLOOKUP(B31,اسماء,74,0),"") | M33: =IFERROR(VLOOKUP(B31,اسماء,75,0),"") | P33: الرقم الوطنــــــــــي | Q33: =IFERROR(VLOOKUP(Q31,اسماء,64,0),"") | R33: =IFERROR(VLOOKUP(Q31,اسماء,65,0),"") | S33: =IFERROR(VLOOKUP(Q31,اسماء,66,0),"") | T33: =IFERROR(VLOOKUP(Q31,اسماء,67,0),"") | U33: =IFERROR(VLOOKUP(Q31,اسماء,68,0),"") | V33: =IFERROR(VLOOKUP(Q31,اسماء,69,0),"") | W33: =IFERROR(VLOOKUP(Q31,اسماء,70,0),"") | X33: =IFERROR(VLOOKUP(Q31,اسماء,71,0),"") | Y33: =IFERROR(VLOOKUP(Q31,اسماء,72,0),"") | Z33: =IFERROR(VLOOKUP(Q31,اسماء,73,0),"") | AA33: =IFERROR(VLOOKUP(Q31,اسماء,74,0),"") | AB33: =IFERROR(VLOOKUP(Q31,اسماء,75,0),"") | AE33: الرقم الوطنــــــــــي | AF33: =IFERROR(VLOOKUP(AF31,اسماء,64,0),"") | AG33: =IFERROR(VLOOKUP(AF31,اسماء,65,0),"") | AH33: =IFERROR(VLOOKUP(AF31,اسماء,66,0),"") | AI33: =IFERROR(VLOOKUP(AF31,اسماء,67,0),"") | AJ33: =IFERROR(VLOOKUP(AF31,اسماء,68,0),"") | AK33: =IFERROR(VLOOKUP(AF31,اسماء,69,0),"") | AL33: =IFERROR(VLOOKUP(AF31,اسماء,70,0),"") | AM33: =IFERROR(VLOOKUP(AF31,اسماء,71,0),"") | AN33: =IFERROR(VLOOKUP(AF31,اسماء,72,0),"") | AO33: =IFERROR(VLOOKUP(AF31,اسماء,73,0),"") | AP33: =IFERROR(VLOOKUP(AF31,اسماء,74,0),"") | AQ33: =IFERROR(VLOOKUP(AF31,اسماء,75,0),"") | AT33: الرقم الوطنــــــــــي | AU33: =IFERROR(VLOOKUP(AU31,اسماء,64,0),"") | AV33: =IFERROR(VLOOKUP(AU31,اسماء,65,0),"") | AW33: =IFERROR(VLOOKUP(AU31,اسماء,66,0),"") | AX33: =IFERROR(VLOOKUP(AU31,اسماء,67,0),"") | AY33: =IFERROR(VLOOKUP(AU31,اسماء,68,0),"") | AZ33: =IFERROR(VLOOKUP(AU31,اسماء,69,0),"") | BA33: =IFERROR(VLOOKUP(AU31,اسماء,70,0),"") | BB33: =IFERROR(VLOOKUP(AU31,اسماء,71,0),"") | BC33: =IFERROR(VLOOKUP(AU31,اسماء,72,0),"") | BD33: =IFERROR(VLOOKUP(AU31,اسماء,73,0),"") | BE33: =IFERROR(VLOOKUP(AU31,اسماء,74,0),"") | BF33: =IFERROR(VLOOKUP(AU31,اسماء,75,0),"")
A34: جنسيـــــة التلمــــيذ | B34: =IFERROR(VLOOKUP(B31,اسماء,77,0),"") | G34: مستجد/ | I34: معيد | K34: =IFERROR(VLOOKUP(B31,اسماء,78,0),"") | P34: جنسيـــــة التلمــــيذ | Q34: =IFERROR(VLOOKUP(Q31,اسماء,77,0),"") | V34: مستجد/ | X34: معيد | Z34: =IFERROR(VLOOKUP(Q31,اسماء,78,0),"") | AE34: جنسيـــــة التلمــــيذ | AF34: =IFERROR(VLOOKUP(AF31,اسماء,77,0),"") | AK34: مستجد/ | AM34: معيد | AO34: =IFERROR(VLOOKUP(AF31,اسماء,78,0),"") | AT34: جنسيـــــة التلمــــيذ | AU34: =IFERROR(VLOOKUP(AU31,اسماء,77,0),"") | AZ34: مستجد/ | BB34: معيد | BD34: =IFERROR(VLOOKUP(AU31,اسماء,78,0),"")
A35: رائــــــد الصــــــف | B35: =IFERROR(VLOOKUP(B31,اسماء,80,0),"") | G35: صفة القيد | K35: =IFERROR(VLOOKUP(B31,اسماء,79,0),"") | P35: رائــــــد الصــــــف | Q35: =IFERROR(VLOOKUP(Q31,اسماء,80,0),"") | V35: صفة القيد | Z35: =IFERROR(VLOOKUP(Q31,اسماء,79,0),"") | AE35: رائــــــد الصــــــف | AF35: =IFERROR(VLOOKUP(AF31,اسماء,80,0),"") | AK35: صفة القيد | AO35: =IFERROR(VLOOKUP(AF31,اسماء,79,0),"") | AT35: رائــــــد الصــــــف | AU35: =IFERROR(VLOOKUP(AU31,اسماء,77,0),"") | AZ35: صفة القيد | BD35: =IFERROR(VLOOKUP(AU31,اسماء,76,0),"")
A36: (يكتب اسم التلميذ مطابقاً لشهادة الميلاد) | P36: (يكتب اسم التلميذ مطابقاً لشهادة الميلاد) | AE36: (يكتب اسم التلميذ مطابقاً لشهادة الميلاد) | AT36: (يكتب اسم التلميذ مطابقاً لشهادة الميلاد)
A37: الانتقـــــــــال | P37: الانتقـــــــــال | AE37: الانتقـــــــــال | AT37: الانتقـــــــــال
A38: بناء على طلب ولي أمر التلميذ فإن إدارة هذه المدرسة توافق على انتقاله إلــــــى | P38: بناء على طلب ولي أمر التلميذ فإن إدارة هذه المدرسة توافق على انتقاله إلــــــى | AE38: بناء على طلب ولي أمر التلميذ فإن إدارة هذه المدرسة توافق على انتقاله إلــــــى | AT38: بناء على طلب ولي أمر التلميذ فإن إدارة هذه المدرسة توافق على انتقاله إلــــــى
A39: مدرســــــة | P39: مدرســــــة | AE39: مدرســــــة | AT39: مدرســــــة
A40: يعتمد مديرالمدرسة | N40: يعتمد مكتب الامتحانات | P40: يعتمد مديرالمدرسة | AC40: يعتمد مكتب الامتحانات | AE40: يعتمد مديرالمدرسة | AR40: يعتمد مكتب الامتحانات | AT40: يعتمد مديرالمدرسة | BG40: يعتمد مكتب الامتحانات
A45: =A23-1 -> -1 | B45: دولة ليبيا | P45: =P23-1 -> -6 | Q45: دولة ليبيا | AE45: =AE23-1 -> -11 | AF45: دولة ليبيا | AT45: =AT23-1 -> -16 | AU45: دولة ليبيا
A46: وزارة التعليم | P46: وزارة التعليم | AE46: وزارة التعليم | AT46: وزارة التعليم
A47: المركز الوطني للامتحانات | P47: المركز الوطني للامتحانات | AE47: المركز الوطني للامتحانات | AT47: المركز الوطني للامتحانات
A48: بطاقة تقدير الدرجات لمرحلة التعليم | K48: =ادخال1!$CD$7 -> الاساسي | P48: بطاقة تقدير الدرجات لمرحلة التعليم | Z48: =ادخال1!$CD$7 -> الاساسي | AE48: بطاقة تقدير الدرجات لمرحلة التعليم | AO48: =ادخال1!$CD$7 -> الاساسي | AT48: بطاقة تقدير الدرجات لمرحلة التعليم | BD48: =ادخال1!$CD$7 -> الاساسي
A49: للصف | G49: =ادخال1!$CB$5 -> الثاني الابتدائي | P49: للصف | V49: =ادخال1!$CB$5 -> الثاني الابتدائي | AE49: للصف | AK49: =ادخال1!$CB$5 -> الثاني الابتدائي | AT49: للصف | AZ49: =ادخال1!$CB$5 -> الثاني الابتدائي
A50: العام الدراسي | B50: =ادخال1!$CA$8 -> 1446هـ/1447 هـ | F50: هجرية | H50: الموافق | J50: =ادخال1!$CB$8 -> 2026 /2025م | N50: ميلادية | P50: العام الدراسي | Q50: =ادخال1!$CA$8 -> 1446هـ/1447 هـ | U50: هجرية | W50: الموافق | Y50: =ادخال1!$CB$8 -> 2026 /2025م | AC50: ميلادية | AE50: العام الدراسي | AF50: =ادخال1!$CA$8 -> 1446هـ/1447 هـ | AJ50: هجرية | AL50: الموافق | AN50: =ادخال1!$CB$8 -> 2026 /2025م | AR50: ميلادية | AT50: العام الدراسي | AU50: =ادخال1!$CA$8 -> 1446هـ/1447 هـ | AY50: هجرية | BA50: الموافق | BC50: =ادخال1!$CB$8 -> 2026 /2025م | BG50: ميلادية
A51: شؤون التعليم بمنطقة | B51: =ادخال1!$CB$4 -> تاجوراء | P51: شؤون التعليم بمنطقة | Q51: =ادخال1!$CB$4 -> تاجوراء | AE51: شؤون التعليم بمنطقة | AF51: =ادخال1!$CB$4 -> تاجوراء | AT51: شؤون التعليم بمنطقة | AU51: =ادخال1!$CB$4 -> تاجوراء
A52: مدرســــــــــــــــــــــة | B52: =ادخال1!$BZ$6 -> مدرسة سهول العلم للتعيم الخاص | J52: الكــــائنة بـ : | M52: =ادخال1!$BZ$8 -> تاجوراء الجنوبي | P52: مدرســــــــــــــــــــــة | Q52: =ادخال1!$BZ$6 -> مدرسة سهول العلم للتعيم الخاص | Y52: الكــــائنة بـ : | AB52: =ادخال1!$BZ$8 -> تاجوراء الجنوبي | AE52: مدرســــــــــــــــــــــة | AF52: =ادخال1!$BZ$6 -> مدرسة سهول العلم للتعيم الخاص | AN52: الكــــائنة بـ : | AQ52: =ادخال1!$BZ$8 -> تاجوراء الجنوبي | AT52: مدرســــــــــــــــــــــة | AU52: =ادخال1!$BZ$6 -> مدرسة سهول العلم للتعيم الخاص | BC52: الكــــائنة بـ : | BF52: =ادخال1!$BZ$8 -> تاجوراء الجنوبي
A53: اسم التلميذ بالكـــامل | B53: =IFERROR(VLOOKUP(A45,مسلسل,2,0),0) -> 0 | C53: =IFERROR(VLOOKUP(B53,مسلسل,2,0),0) -> 0 | D53: =IFERROR(VLOOKUP(C53,مسلسل,2,0),0) -> 0 | E53: =IFERROR(VLOOKUP(D53,مسلسل,2,0),0) -> 0 | F53: =IFERROR(VLOOKUP(E53,مسلسل,2,0),0) -> 0 | G53: =IFERROR(VLOOKUP(F53,مسلسل,2,0),0) -> 0 | H53: =IFERROR(VLOOKUP(G53,مسلسل,2,0),0) -> 0 | I53: =IFERROR(VLOOKUP(H53,مسلسل,2,0),0) -> 0 | J53: اللقــــــــب | M53: =IFERROR(VLOOKUP(B53,اسماء,63,0),"") | P53: اسم التلميذ بالكـــامل | Q53: =IFERROR(VLOOKUP(P45,مسلسل,2,0),0) -> 0 | R53: =IFERROR(VLOOKUP(Q53,مسلسل,2,0),0) -> 0 | S53: =IFERROR(VLOOKUP(R53,مسلسل,2,0),0) -> 0 | T53: =IFERROR(VLOOKUP(S53,مسلسل,2,0),0) -> 0 | U53: =IFERROR(VLOOKUP(T53,مسلسل,2,0),0) -> 0 | V53: =IFERROR(VLOOKUP(U53,مسلسل,2,0),0) -> 0 | W53: =IFERROR(VLOOKUP(V53,مسلسل,2,0),0) -> 0 | X53: =IFERROR(VLOOKUP(W53,مسلسل,2,0),0) -> 0 | Y53: اللقــــــــب | AB53: =IFERROR(VLOOKUP(Q53,اسماء,63,0),"") | AE53: اسم التلميذ بالكـــامل | AF53: =IFERROR(VLOOKUP(AE45,مسلسل,2,0),0) -> 0 | AG53: =IFERROR(VLOOKUP(AF53,مسلسل,2,0),0) -> 0 | AH53: =IFERROR(VLOOKUP(AG53,مسلسل,2,0),0) -> 0 | AI53: =IFERROR(VLOOKUP(AH53,مسلسل,2,0),0) -> 0 | AJ53: =IFERROR(VLOOKUP(AI53,مسلسل,2,0),0) -> 0 | AK53: =IFERROR(VLOOKUP(AJ53,مسلسل,2,0),0) -> 0 | AL53: =IFERROR(VLOOKUP(AK53,مسلسل,2,0),0) -> 0 | AM53: =IFERROR(VLOOKUP(AL53,مسلسل,2,0),0) -> 0 | AN53: اللقــــــــب | AQ53: =IFERROR(VLOOKUP(AF53,اسماء,63,0),"") | AT53: اسم التلميذ بالكـــامل | AU53: =IFERROR(VLOOKUP(AT45,مسلسل,2,0),0) -> 0 | AV53: =IFERROR(VLOOKUP(AU53,مسلسل,2,0),0) -> 0 | AW53: =IFERROR(VLOOKUP(AV53,مسلسل,2,0),0) -> 0 | AX53: =IFERROR(VLOOKUP(AW53,مسلسل,2,0),0) -> 0 | AY53: =IFERROR(VLOOKUP(AX53,مسلسل,2,0),0) -> 0 | AZ53: =IFERROR(VLOOKUP(AY53,مسلسل,2,0),0) -> 0 | BA53: =IFERROR(VLOOKUP(AZ53,مسلسل,2,0),0) -> 0 | BB53: =IFERROR(VLOOKUP(BA53,مسلسل,2,0),0) -> 0 | BC53: اللقــــــــب | BF53: =IFERROR(VLOOKUP(AU53,اسماء,63,0),"")
A54: مكان وتاريخ الميلاد | B54: =IFERROR(VLOOKUP(B53,اسماء,76,0),"") | E54: =IFERROR(VLOOKUP(B53,اسماء,2,0),"") | I54: اسم الوالدة بالكامل | M54: =IFERROR(VLOOKUP(B53,اسماء,3,0),"") | P54: مكان وتاريخ الميلاد | Q54: =IFERROR(VLOOKUP(Q53,اسماء,76,0),"") | T54: =IFERROR(VLOOKUP(Q53,اسماء,2,0),"") | X54: اسم الوالدة بالكامل | AB54: =IFERROR(VLOOKUP(Q53,اسماء,3,0),"") | AE54: مكان وتاريخ الميلاد | AF54: =IFERROR(VLOOKUP(AF53,اسماء,76,0),"") | AI54: =IFERROR(VLOOKUP(AF53,اسماء,2,0),"") | AM54: اسم الوالدة بالكامل | AQ54: =IFERROR(VLOOKUP(AF53,اسماء,3,0),"") | AT54: مكان وتاريخ الميلاد | AU54: =IFERROR(VLOOKUP(AU53,اسماء,76,0),"") | AX54: =IFERROR(VLOOKUP(AU53,اسماء,2,0),"") | BB54: اسم الوالدة بالكامل | BF54: =IFERROR(VLOOKUP(AU53,اسماء,3,0),"")
A55: الرقم الوطنــــــــــي | B55: =IFERROR(VLOOKUP(B53,اسماء,64,0),"") | C55: =IFERROR(VLOOKUP(B53,اسماء,65,0),"") | D55: =IFERROR(VLOOKUP(B53,اسماء,66,0),"") | E55: =IFERROR(VLOOKUP(B53,اسماء,67,0),"") | F55: =IFERROR(VLOOKUP(B53,اسماء,68,0),"") | G55: =IFERROR(VLOOKUP(B53,اسماء,69,0),"") | H55: =IFERROR(VLOOKUP(B53,اسماء,70,0),"") | I55: =IFERROR(VLOOKUP(B53,اسماء,71,0),"") | J55: =IFERROR(VLOOKUP(B53,اسماء,72,0),"") | K55: =IFERROR(VLOOKUP(B53,اسماء,73,0),"") | L55: =IFERROR(VLOOKUP(B53,اسماء,74,0),"") | M55: =IFERROR(VLOOKUP(B53,اسماء,75,0),"") | P55: الرقم الوطنــــــــــي | Q55: =IFERROR(VLOOKUP(Q53,اسماء,64,0),"") | R55: =IFERROR(VLOOKUP(Q53,اسماء,65,0),"") | S55: =IFERROR(VLOOKUP(Q53,اسماء,66,0),"") | T55: =IFERROR(VLOOKUP(Q53,اسماء,67,0),"") | U55: =IFERROR(VLOOKUP(Q53,اسماء,68,0),"") | V55: =IFERROR(VLOOKUP(Q53,اسماء,69,0),"") | W55: =IFERROR(VLOOKUP(Q53,اسماء,70,0),"") | X55: =IFERROR(VLOOKUP(Q53,اسماء,71,0),"") | Y55: =IFERROR(VLOOKUP(Q53,اسماء,72,0),"") | Z55: =IFERROR(VLOOKUP(Q53,اسماء,73,0),"") | AA55: =IFERROR(VLOOKUP(Q53,اسماء,74,0),"") | AB55: =IFERROR(VLOOKUP(Q53,اسماء,75,0),"") | AE55: الرقم الوطنــــــــــي | AF55: =IFERROR(VLOOKUP(AF53,اسماء,64,0),"") | AG55: =IFERROR(VLOOKUP(AF53,اسماء,65,0),"") | AH55: =IFERROR(VLOOKUP(AF53,اسماء,66,0),"") | AI55: =IFERROR(VLOOKUP(AF53,اسماء,67,0),"") | AJ55: =IFERROR(VLOOKUP(AF53,اسماء,68,0),"") | AK55: =IFERROR(VLOOKUP(AF53,اسماء,69,0),"") | AL55: =IFERROR(VLOOKUP(AF53,اسماء,70,0),"") | AM55: =IFERROR(VLOOKUP(AF53,اسماء,71,0),"") | AN55: =IFERROR(VLOOKUP(AF53,اسماء,72,0),"") | AO55: =IFERROR(VLOOKUP(AF53,اسماء,73,0),"") | AP55: =IFERROR(VLOOKUP(AF53,اسماء,74,0),"") | AQ55: =IFERROR(VLOOKUP(AF53,اسماء,75,0),"") | AT55: الرقم الوطنــــــــــي | AU55: =IFERROR(VLOOKUP(AU53,اسماء,64,0),"") | AV55: =IFERROR(VLOOKUP(AU53,اسماء,65,0),"") | AW55: =IFERROR(VLOOKUP(AU53,اسماء,66,0),"") | AX55: =IFERROR(VLOOKUP(AU53,اسماء,67,0),"") | AY55: =IFERROR(VLOOKUP(AU53,اسماء,68,0),"") | AZ55: =IFERROR(VLOOKUP(AU53,اسماء,69,0),"") | BA55: =IFERROR(VLOOKUP(AU53,اسماء,70,0),"") | BB55: =IFERROR(VLOOKUP(AU53,اسماء,71,0),"") | BC55: =IFERROR(VLOOKUP(AU53,اسماء,72,0),"") | BD55: =IFERROR(VLOOKUP(AU53,اسماء,73,0),"") | BE55: =IFERROR(VLOOKUP(AU53,اسماء,74,0),"") | BF55: =IFERROR(VLOOKUP(AU53,اسماء,75,0),"")
A56: جنسيـــــة التلمــــيذ | B56: =IFERROR(VLOOKUP(B53,اسماء,77,0),"") | G56: مستجد/ | I56: معيد | K56: =IFERROR(VLOOKUP(B53,اسماء,78,0),"") | P56: جنسيـــــة التلمــــيذ | Q56: =IFERROR(VLOOKUP(Q53,اسماء,77,0),"") | V56: مستجد/ | X56: معيد | Z56: =IFERROR(VLOOKUP(Q53,اسماء,78,0),"") | AE56: جنسيـــــة التلمــــيذ | AF56: =IFERROR(VLOOKUP(AF53,اسماء,77,0),"") | AK56: مستجد/ | AM56: معيد | AO56: =IFERROR(VLOOKUP(AF53,اسماء,78,0),"") | AT56: جنسيـــــة التلمــــيذ | AU56: =IFERROR(VLOOKUP(AU53,اسماء,77,0),"") | AZ56: مستجد/ | BB56: معيد | BD56: =IFERROR(VLOOKUP(AU53,اسماء,78,0),"")
A57: رائــــــد الصــــــف | B57: =IFERROR(VLOOKUP(B53,اسماء,80,0),"") | G57: صفة القيد | K57: =IFERROR(VLOOKUP(B53,اسماء,79,0),"") | P57: رائــــــد الصــــــف | Q57: =IFERROR(VLOOKUP(Q53,اسماء,80,0),"") | V57: صفة القيد | Z57: =IFERROR(VLOOKUP(Q53,اسماء,79,0),"") | AE57: رائــــــد الصــــــف | AF57: =IFERROR(VLOOKUP(AF53,اسماء,80,0),"") | AK57: صفة القيد | AO57: =IFERROR(VLOOKUP(AF53,اسماء,79,0),"") | AT57: رائــــــد الصــــــف | AU57: =IFERROR(VLOOKUP(AU53,اسماء,77,0),"") | AZ57: صفة القيد | BD57: =IFERROR(VLOOKUP(AU53,اسماء,76,0),"")
A58: (يكتب اسم التلميذ مطابقاً لشهادة الميلاد) | P58: (يكتب اسم التلميذ مطابقاً لشهادة الميلاد) | AE58: (يكتب اسم التلميذ مطابقاً لشهادة الميلاد) | AT58: (يكتب اسم التلميذ مطابقاً لشهادة الميلاد)
A59: الانتقـــــــــال | P59: الانتقـــــــــال | AE59: الانتقـــــــــال | AT59: الانتقـــــــــال
A60: بناء على طلب ولي أمر التلميذ فإن إدارة هذه المدرسة توافق على انتقاله إلــــــى | P60: بناء على طلب ولي أمر التلميذ فإن إدارة هذه المدرسة توافق على انتقاله إلــــــى | AE60: بناء على طلب ولي أمر التلميذ فإن إدارة هذه المدرسة توافق على انتقاله إلــــــى | AT60: بناء على طلب ولي أمر التلميذ فإن إدارة هذه المدرسة توافق على انتقاله إلــــــى
A61: مدرســــــة | P61: مدرســــــة | AE61: مدرســــــة | AT61: مدرســــــة
A62: يعتمد مديرالمدرسة | N62: يعتمد مكتب الامتحانات | P62: يعتمد مديرالمدرسة | AC62: يعتمد مكتب الامتحانات | AE62: يعتمد مديرالمدرسة | AR62: يعتمد مكتب الامتحانات | AT62: يعتمد مديرالمدرسة | BG62: يعتمد مكتب الامتحانات
A67: =A45-1 -> -2 | B67: دولة ليبيا | P67: =P45-1 -> -7 | Q67: دولة ليبيا | AE67: =AE45-1 -> -12 | AF67: دولة ليبيا | AT67: =AT45-1 -> -17 | AU67: دولة ليبيا
A68: وزارة التعليم | P68: وزارة التعليم | AE68: وزارة التعليم | AT68: وزارة التعليم
A69: المركز الوطني للامتحانات | P69: المركز الوطني للامتحانات | AE69: المركز الوطني للامتحانات | AT69: المركز الوطني للامتحانات
A70: بطاقة تقدير الدرجات لمرحلة التعليم | K70: =ادخال1!$CD$7 -> الاساسي | P70: بطاقة تقدير الدرجات لمرحلة التعليم | Z70: =ادخال1!$CD$7 -> الاساسي | AE70: بطاقة تقدير الدرجات لمرحلة التعليم | AO70: =ادخال1!$CD$7 -> الاساسي | AT70: بطاقة تقدير الدرجات لمرحلة التعليم | BD70: =ادخال1!$CD$7 -> الاساسي
A71: للصف | G71: =ادخال1!$CB$5 -> الثاني الابتدائي | P71: للصف | V71: =ادخال1!$CB$5 -> الثاني الابتدائي | AE71: للصف | AK71: =ادخال1!$CB$5 -> الثاني الابتدائي | AT71: للصف | AZ71: =ادخال1!$CB$5 -> الثاني الابتدائي
A72: العام الدراسي | B72: =ادخال1!$CA$8 -> 1446هـ/1447 هـ | F72: هجرية | H72: الموافق | J72: =ادخال1!$CB$8 -> 2026 /2025م | N72: ميلادية | P72: العام الدراسي | Q72: =ادخال1!$CA$8 -> 1446هـ/1447 هـ | U72: هجرية | W72: الموافق | Y72: =ادخال1!$CB$8 -> 2026 /2025م | AC72: ميلادية | AE72: العام الدراسي | AF72: =ادخال1!$CA$8 -> 1446هـ/1447 هـ | AJ72: هجرية | AL72: الموافق | AN72: =ادخال1!$CB$8 -> 2026 /2025م | AR72: ميلادية | AT72: العام الدراسي | AU72: =ادخال1!$CA$8 -> 1446هـ/1447 هـ | AY72: هجرية | BA72: الموافق | BC72: =ادخال1!$CB$8 -> 2026 /2025م | BG72: ميلادية
A73: شؤون التعليم بمنطقة | B73: =ادخال1!$CB$4 -> تاجوراء | P73: شؤون التعليم بمنطقة | Q73: =ادخال1!$CB$4 -> تاجوراء | AE73: شؤون التعليم بمنطقة | AF73: =ادخال1!$CB$4 -> تاجوراء | AT73: شؤون التعليم بمنطقة | AU73: =ادخال1!$CB$4 -> تاجوراء
A74: مدرســــــــــــــــــــــة | B74: =ادخال1!$BZ$6 -> مدرسة سهول العلم للتعيم الخاص | J74: الكــــائنة بـ : | M74: =ادخال1!$BZ$8 -> تاجوراء الجنوبي | P74: مدرســــــــــــــــــــــة | Q74: =ادخال1!$BZ$6 -> مدرسة سهول العلم للتعيم الخاص | Y74: الكــــائنة بـ : | AB74: =ادخال1!$BZ$8 -> تاجوراء الجنوبي | AE74: مدرســــــــــــــــــــــة | AF74: =ادخال1!$BZ$6 -> مدرسة سهول العلم للتعيم الخاص | AN74: الكــــائنة بـ : | AQ74: =ادخال1!$BZ$8 -> تاجوراء الجنوبي | AT74: مدرســــــــــــــــــــــة | AU74: =ادخال1!$BZ$6 -> مدرسة سهول العلم للتعيم الخاص | BC74: الكــــائنة بـ : | BF74: =ادخال1!$BZ$8 -> تاجوراء الجنوبي
A75: اسم التلميذ بالكـــامل | B75: =IFERROR(VLOOKUP(A67,مسلسل,2,0),0) -> 0 | C75: =IFERROR(VLOOKUP(B75,مسلسل,2,0),0) -> 0 | D75: =IFERROR(VLOOKUP(C75,مسلسل,2,0),0) -> 0 | E75: =IFERROR(VLOOKUP(D75,مسلسل,2,0),0) -> 0 | F75: =IFERROR(VLOOKUP(E75,مسلسل,2,0),0) -> 0 | G75: =IFERROR(VLOOKUP(F75,مسلسل,2,0),0) -> 0 | H75: =IFERROR(VLOOKUP(G75,مسلسل,2,0),0) -> 0 | I75: =IFERROR(VLOOKUP(H75,مسلسل,2,0),0) -> 0 | J75: اللقــــــــب | M75: =IFERROR(VLOOKUP(B75,اسماء,63,0),"") | P75: اسم التلميذ بالكـــامل | Q75: =IFERROR(VLOOKUP(P67,مسلسل,2,0),0) -> 0 | R75: =IFERROR(VLOOKUP(Q75,مسلسل,2,0),0) -> 0 | S75: =IFERROR(VLOOKUP(R75,مسلسل,2,0),0) -> 0 | T75: =IFERROR(VLOOKUP(S75,مسلسل,2,0),0) -> 0 | U75: =IFERROR(VLOOKUP(T75,مسلسل,2,0),0) -> 0 | V75: =IFERROR(VLOOKUP(U75,مسلسل,2,0),0) -> 0 | W75: =IFERROR(VLOOKUP(V75,مسلسل,2,0),0) -> 0 | X75: =IFERROR(VLOOKUP(W75,مسلسل,2,0),0) -> 0 | Y75: اللقــــــــب | AB75: =IFERROR(VLOOKUP(Q75,اسماء,63,0),"") | AE75: اسم التلميذ بالكـــامل | AF75: =IFERROR(VLOOKUP(AE67,مسلسل,2,0),0) -> 0 | AG75: =IFERROR(VLOOKUP(AF75,مسلسل,2,0),0) -> 0 | AH75: =IFERROR(VLOOKUP(AG75,مسلسل,2,0),0) -> 0 | AI75: =IFERROR(VLOOKUP(AH75,مسلسل,2,0),0) -> 0 | AJ75: =IFERROR(VLOOKUP(AI75,مسلسل,2,0),0) -> 0 | AK75: =IFERROR(VLOOKUP(AJ75,مسلسل,2,0),0) -> 0 | AL75: =IFERROR(VLOOKUP(AK75,مسلسل,2,0),0) -> 0 | AM75: =IFERROR(VLOOKUP(AL75,مسلسل,2,0),0) -> 0 | AN75: اللقــــــــب | AQ75: =IFERROR(VLOOKUP(AF75,اسماء,63,0),"") | AT75: اسم التلميذ بالكـــامل | AU75: =IFERROR(VLOOKUP(AT67,مسلسل,2,0),0) -> 0 | AV75: =IFERROR(VLOOKUP(AU75,مسلسل,2,0),0) -> 0 | AW75: =IFERROR(VLOOKUP(AV75,مسلسل,2,0),0) -> 0 | AX75: =IFERROR(VLOOKUP(AW75,مسلسل,2,0),0) -> 0 | AY75: =IFERROR(VLOOKUP(AX75,مسلسل,2,0),0) -> 0 | AZ75: =IFERROR(VLOOKUP(AY75,مسلسل,2,0),0) -> 0 | BA75: =IFERROR(VLOOKUP(AZ75,مسلسل,2,0),0) -> 0 | BB75: =IFERROR(VLOOKUP(BA75,مسلسل,2,0),0) -> 0 | BC75: اللقــــــــب | BF75: =IFERROR(VLOOKUP(AU75,اسماء,63,0),"")
A76: مكان وتاريخ الميلاد | B76: =IFERROR(VLOOKUP(B75,اسماء,76,0),"") | E76: =IFERROR(VLOOKUP(B75,اسماء,2,0),"") | I76: اسم الوالدة بالكامل | M76: =IFERROR(VLOOKUP(B75,اسماء,3,0),"") | P76: مكان وتاريخ الميلاد | Q76: =IFERROR(VLOOKUP(Q75,اسماء,76,0),"") | T76: =IFERROR(VLOOKUP(Q75,اسماء,2,0),"") | X76: اسم الوالدة بالكامل | AB76: =IFERROR(VLOOKUP(Q75,اسماء,3,0),"") | AE76: مكان وتاريخ الميلاد | AF76: =IFERROR(VLOOKUP(AF75,اسماء,76,0),"") | AI76: =IFERROR(VLOOKUP(AF75,اسماء,2,0),"") | AM76: اسم الوالدة بالكامل | AQ76: =IFERROR(VLOOKUP(AF75,اسماء,3,0),"") | AT76: مكان وتاريخ الميلاد | AU76: =IFERROR(VLOOKUP(AU75,اسماء,76,0),"") | AX76: =IFERROR(VLOOKUP(AU75,اسماء,2,0),"") | BB76: اسم الوالدة بالكامل | BF76: =IFERROR(VLOOKUP(AU75,اسماء,3,0),"")
A77: الرقم الوطنــــــــــي | B77: =IFERROR(VLOOKUP(B75,اسماء,64,0),"") | C77: =IFERROR(VLOOKUP(B75,اسماء,65,0),"") | D77: =IFERROR(VLOOKUP(B75,اسماء,66,0),"") | E77: =IFERROR(VLOOKUP(B75,اسماء,67,0),"") | F77: =IFERROR(VLOOKUP(B75,اسماء,68,0),"") | G77: =IFERROR(VLOOKUP(B75,اسماء,69,0),"") | H77: =IFERROR(VLOOKUP(B75,اسماء,70,0),"") | I77: =IFERROR(VLOOKUP(B75,اسماء,71,0),"") | J77: =IFERROR(VLOOKUP(B75,اسماء,72,0),"") | K77: =IFERROR(VLOOKUP(B75,اسماء,73,0),"") | L77: =IFERROR(VLOOKUP(B75,اسماء,74,0),"") | M77: =IFERROR(VLOOKUP(B75,اسماء,75,0),"") | P77: الرقم الوطنــــــــــي | Q77: =IFERROR(VLOOKUP(Q75,اسماء,64,0),"") | R77: =IFERROR(VLOOKUP(Q75,اسماء,65,0),"") | S77: =IFERROR(VLOOKUP(Q75,اسماء,66,0),"") | T77: =IFERROR(VLOOKUP(Q75,اسماء,67,0),"") | U77: =IFERROR(VLOOKUP(Q75,اسماء,68,0),"") | V77: =IFERROR(VLOOKUP(Q75,اسماء,69,0),"") | W77: =IFERROR(VLOOKUP(Q75,اسماء,70,0),"") | X77: =IFERROR(VLOOKUP(Q75,اسماء,71,0),"") | Y77: =IFERROR(VLOOKUP(Q75,اسماء,72,0),"") | Z77: =IFERROR(VLOOKUP(Q75,اسماء,73,0),"") | AA77: =IFERROR(VLOOKUP(Q75,اسماء,74,0),"") | AB77: =IFERROR(VLOOKUP(Q75,اسماء,75,0),"") | AE77: الرقم الوطنــــــــــي | AF77: =IFERROR(VLOOKUP(AF75,اسماء,64,0),"") | AG77: =IFERROR(VLOOKUP(AF75,اسماء,65,0),"") | AH77: =IFERROR(VLOOKUP(AF75,اسماء,66,0),"") | AI77: =IFERROR(VLOOKUP(AF75,اسماء,67,0),"") | AJ77: =IFERROR(VLOOKUP(AF75,اسماء,68,0),"") | AK77: =IFERROR(VLOOKUP(AF75,اسماء,69,0),"") | AL77: =IFERROR(VLOOKUP(AF75,اسماء,70,0),"") | AM77: =IFERROR(VLOOKUP(AF75,اسماء,71,0),"") | AN77: =IFERROR(VLOOKUP(AF75,اسماء,72,0),"") | AO77: =IFERROR(VLOOKUP(AF75,اسماء,73,0),"") | AP77: =IFERROR(VLOOKUP(AF75,اسماء,74,0),"") | AQ77: =IFERROR(VLOOKUP(AF75,اسماء,75,0),"") | AT77: الرقم الوطنــــــــــي | AU77: =IFERROR(VLOOKUP(AU75,اسماء,64,0),"") | AV77: =IFERROR(VLOOKUP(AU75,اسماء,65,0),"") | AW77: =IFERROR(VLOOKUP(AU75,اسماء,66,0),"") | AX77: =IFERROR(VLOOKUP(AU75,اسماء,67,0),"") | AY77: =IFERROR(VLOOKUP(AU75,اسماء,68,0),"") | AZ77: =IFERROR(VLOOKUP(AU75,اسماء,69,0),"") | BA77: =IFERROR(VLOOKUP(AU75,اسماء,70,0),"") | BB77: =IFERROR(VLOOKUP(AU75,اسماء,71,0),"") | BC77: =IFERROR(VLOOKUP(AU75,اسماء,72,0),"") | BD77: =IFERROR(VLOOKUP(AU75,اسماء,73,0),"") | BE77: =IFERROR(VLOOKUP(AU75,اسماء,74,0),"") | BF77: =IFERROR(VLOOKUP(AU75,اسماء,75,0),"")
A78: جنسيـــــة التلمــــيذ | B78: =IFERROR(VLOOKUP(B75,اسماء,77,0),"") | G78: مستجد/ | I78: معيد | K78: =IFERROR(VLOOKUP(B75,اسماء,78,0),"") | P78: جنسيـــــة التلمــــيذ | Q78: =IFERROR(VLOOKUP(Q75,اسماء,77,0),"") | V78: مستجد/ | X78: معيد | Z78: =IFERROR(VLOOKUP(Q75,اسماء,78,0),"") | AE78: جنسيـــــة التلمــــيذ | AF78: =IFERROR(VLOOKUP(AF75,اسماء,77,0),"") | AK78: مستجد/ | AM78: معيد | AO78: =IFERROR(VLOOKUP(AF75,اسماء,78,0),"") | AT78: جنسيـــــة التلمــــيذ | AU78: =IFERROR(VLOOKUP(AU75,اسماء,77,0),"") | AZ78: مستجد/ | BB78: معيد | BD78: =IFERROR(VLOOKUP(AU75,اسماء,78,0),"")
A79: رائــــــد الصــــــف | B79: =IFERROR(VLOOKUP(B75,اسماء,80,0),"") | G79: صفة القيد | K79: =IFERROR(VLOOKUP(B75,اسماء,79,0),"") | P79: رائــــــد الصــــــف | Q79: =IFERROR(VLOOKUP(Q75,اسماء,80,0),"") | V79: صفة القيد | Z79: =IFERROR(VLOOKUP(Q75,اسماء,79,0),"") | AE79: رائــــــد الصــــــف | AF79: =IFERROR(VLOOKUP(AF75,اسماء,80,0),"") | AK79: صفة القيد | AO79: =IFERROR(VLOOKUP(AF75,اسماء,79,0),"") | AT79: رائــــــد الصــــــف | AU79: =IFERROR(VLOOKUP(AU75,اسماء,77,0),"") | AZ79: صفة القيد | BD79: =IFERROR(VLOOKUP(AU75,اسماء,76,0),"")
A80: (يكتب اسم التلميذ مطابقاً لشهادة الميلاد) | P80: (يكتب اسم التلميذ مطابقاً لشهادة الميلاد) | AE80: (يكتب اسم التلميذ مطابقاً لشهادة الميلاد) | AT80: (يكتب اسم التلميذ مطابقاً لشهادة الميلاد)
A81: الانتقـــــــــال | P81: الانتقـــــــــال | AE81: الانتقـــــــــال | AT81: الانتقـــــــــال
A82: بناء على طلب ولي أمر التلميذ فإن إدارة هذه المدرسة توافق على انتقاله إلــــــى | P82: بناء على طلب ولي أمر التلميذ فإن إدارة هذه المدرسة توافق على انتقاله إلــــــى | AE82: بناء على طلب ولي أمر التلميذ فإن إدارة هذه المدرسة توافق على انتقاله إلــــــى | AT82: بناء على طلب ولي أمر التلميذ فإن إدارة هذه المدرسة توافق على انتقاله إلــــــى
A83: مدرســــــة | P83: مدرســــــة | AE83: مدرســــــة | AT83: مدرســــــة
A84: يعتمد مديرالمدرسة | N84: يعتمد مكتب الامتحانات | P84: يعتمد مديرالمدرسة | AC84: يعتمد مكتب الامتحانات | AE84: يعتمد مديرالمدرسة | AR84: يعتمد مكتب الامتحانات | AT84: يعتمد مديرالمدرسة | BG84: يعتمد مكتب الامتحانات
A89: =A67-1 -> -3 | B89: دولة ليبيا | P89: =P67-1 -> -8 | Q89: دولة ليبيا | AE89: =AE67-1 -> -13 | AF89: دولة ليبيا | AT89: =AT67-1 -> -18 | AU89: دولة ليبيا
A90: وزارة التعليم | P90: وزارة التعليم | AE90: وزارة التعليم | AT90: وزارة التعليم
A91: المركز الوطني للامتحانات | P91: المركز الوطني للامتحانات | AE91: المركز الوطني للامتحانات | AT91: المركز الوطني للامتحانات
A92: بطاقة تقدير الدرجات لمرحلة التعليم | K92: =ادخال1!$CD$7 -> الاساسي | P92: بطاقة تقدير الدرجات لمرحلة التعليم | Z92: =ادخال1!$CD$7 -> الاساسي | AE92: بطاقة تقدير الدرجات لمرحلة التعليم | AO92: =ادخال1!$CD$7 -> الاساسي | AT92: بطاقة تقدير الدرجات لمرحلة التعليم | BD92: =ادخال1!$CD$7 -> الاساسي
A93: للصف | G93: =ادخال1!$CB$5 -> الثاني الابتدائي | P93: للصف | V93: =ادخال1!$CB$5 -> الثاني الابتدائي | AE93: للصف | AK93: =ادخال1!$CB$5 -> الثاني الابتدائي | AT93: للصف | AZ93: =ادخال1!$CB$5 -> الثاني الابتدائي
A94: العام الدراسي | B94: =ادخال1!$CA$8 -> 1446هـ/1447 هـ | F94: هجرية | H94: الموافق | J94: =ادخال1!$CB$8 -> 2026 /2025م | N94: ميلادية | P94: العام الدراسي | Q94: =ادخال1!$CA$8 -> 1446هـ/1447 هـ | U94: هجرية | W94: الموافق | Y94: =ادخال1!$CB$8 -> 2026 /2025م | AC94: ميلادية | AE94: العام الدراسي | AF94: =ادخال1!$CA$8 -> 1446هـ/1447 هـ | AJ94: هجرية | AL94: الموافق | AN94: =ادخال1!$CB$8 -> 2026 /2025م | AR94: ميلادية | AT94: العام الدراسي | AU94: =ادخال1!$CA$8 -> 1446هـ/1447 هـ | AY94: هجرية | BA94: الموافق | BC94: =ادخال1!$CB$8 -> 2026 /2025م | BG94: ميلادية
A95: شؤون التعليم بمنطقة | B95: =ادخال1!$CB$4 -> تاجوراء | P95: شؤون التعليم بمنطقة | Q95: =ادخال1!$CB$4 -> تاجوراء | AE95: شؤون التعليم بمنطقة | AF95: =ادخال1!$CB$4 -> تاجوراء | AT95: شؤون التعليم بمنطقة | AU95: =ادخال1!$CB$4 -> تاجوراء
A96: مدرســــــــــــــــــــــة | B96: =ادخال1!$BZ$6 -> مدرسة سهول العلم للتعيم الخاص | J96: الكــــائنة بـ : | M96: =ادخال1!$BZ$8 -> تاجوراء الجنوبي | P96: مدرســــــــــــــــــــــة | Q96: =ادخال1!$BZ$6 -> مدرسة سهول العلم للتعيم الخاص | Y96: الكــــائنة بـ : | AB96: =ادخال1!$BZ$8 -> تاجوراء الجنوبي | AE96: مدرســــــــــــــــــــــة | AF96: =ادخال1!$BZ$6 -> مدرسة سهول العلم للتعيم الخاص | AN96: الكــــائنة بـ : | AQ96: =ادخال1!$BZ$8 -> تاجوراء الجنوبي | AT96: مدرســــــــــــــــــــــة | AU96: =ادخال1!$BZ$6 -> مدرسة سهول العلم للتعيم الخاص | BC96: الكــــائنة بـ : | BF96: =ادخال1!$BZ$8 -> تاجوراء الجنوبي
A97: اسم التلميذ بالكـــامل | B97: =IFERROR(VLOOKUP(A89,مسلسل,2,0),0) -> 0 | C97: =IFERROR(VLOOKUP(B97,مسلسل,2,0),0) -> 0 | D97: =IFERROR(VLOOKUP(C97,مسلسل,2,0),0) -> 0 | E97: =IFERROR(VLOOKUP(D97,مسلسل,2,0),0) -> 0 | F97: =IFERROR(VLOOKUP(E97,مسلسل,2,0),0) -> 0 | G97: =IFERROR(VLOOKUP(F97,مسلسل,2,0),0) -> 0 | H97: =IFERROR(VLOOKUP(G97,مسلسل,2,0),0) -> 0 | I97: =IFERROR(VLOOKUP(H97,مسلسل,2,0),0) -> 0 | J97: اللقــــــــب | M97: =IFERROR(VLOOKUP(B97,اسماء,63,0),"") | P97: اسم التلميذ بالكـــامل | Q97: =IFERROR(VLOOKUP(P89,مسلسل,2,0),0) -> 0 | R97: =IFERROR(VLOOKUP(Q97,مسلسل,2,0),0) -> 0 | S97: =IFERROR(VLOOKUP(R97,مسلسل,2,0),0) -> 0 | T97: =IFERROR(VLOOKUP(S97,مسلسل,2,0),0) -> 0 | U97: =IFERROR(VLOOKUP(T97,مسلسل,2,0),0) -> 0 | V97: =IFERROR(VLOOKUP(U97,مسلسل,2,0),0) -> 0 | W97: =IFERROR(VLOOKUP(V97,مسلسل,2,0),0) -> 0 | X97: =IFERROR(VLOOKUP(W97,مسلسل,2,0),0) -> 0 | Y97: اللقــــــــب | AB97: =IFERROR(VLOOKUP(Q97,اسماء,63,0),"") | AE97: اسم التلميذ بالكـــامل | AF97: =IFERROR(VLOOKUP(AE89,مسلسل,2,0),0) -> 0 | AG97: =IFERROR(VLOOKUP(AF97,مسلسل,2,0),0) -> 0 | AH97: =IFERROR(VLOOKUP(AG97,مسلسل,2,0),0) -> 0 | AI97: =IFERROR(VLOOKUP(AH97,مسلسل,2,0),0) -> 0 | AJ97: =IFERROR(VLOOKUP(AI97,مسلسل,2,0),0) -> 0 | AK97: =IFERROR(VLOOKUP(AJ97,مسلسل,2,0),0) -> 0 | AL97: =IFERROR(VLOOKUP(AK97,مسلسل,2,0),0) -> 0 | AM97: =IFERROR(VLOOKUP(AL97,مسلسل,2,0),0) -> 0 | AN97: اللقــــــــب | AQ97: =IFERROR(VLOOKUP(AF97,اسماء,63,0),"") | AT97: اسم التلميذ بالكـــامل | AU97: =IFERROR(VLOOKUP(AT89,مسلسل,2,0),0) -> 0 | AV97: =IFERROR(VLOOKUP(AU97,مسلسل,2,0),0) -> 0 | AW97: =IFERROR(VLOOKUP(AV97,مسلسل,2,0),0) -> 0 | AX97: =IFERROR(VLOOKUP(AW97,مسلسل,2,0),0) -> 0 | AY97: =IFERROR(VLOOKUP(AX97,مسلسل,2,0),0) -> 0 | AZ97: =IFERROR(VLOOKUP(AY97,مسلسل,2,0),0) -> 0 | BA97: =IFERROR(VLOOKUP(AZ97,مسلسل,2,0),0) -> 0 | BB97: =IFERROR(VLOOKUP(BA97,مسلسل,2,0),0) -> 0 | BC97: اللقــــــــب | BF97: =IFERROR(VLOOKUP(AU97,اسماء,63,0),"")
A98: مكان وتاريخ الميلاد | B98: =IFERROR(VLOOKUP(B97,اسماء,76,0),"") | E98: =IFERROR(VLOOKUP(B97,اسماء,2,0),"") | I98: اسم الوالدة بالكامل | M98: =IFERROR(VLOOKUP(B97,اسماء,3,0),"") | P98: مكان وتاريخ الميلاد | Q98: =IFERROR(VLOOKUP(Q97,اسماء,76,0),"") | T98: =IFERROR(VLOOKUP(Q97,اسماء,2,0),"") | X98: اسم الوالدة بالكامل | AB98: =IFERROR(VLOOKUP(Q97,اسماء,3,0),"") | AE98: مكان وتاريخ الميلاد | AF98: =IFERROR(VLOOKUP(AF97,اسماء,76,0),"") | AI98: =IFERROR(VLOOKUP(AF97,اسماء,2,0),"") | AM98: اسم الوالدة بالكامل | AQ98: =IFERROR(VLOOKUP(AF97,اسماء,3,0),"") | AT98: مكان وتاريخ الميلاد | AU98: =IFERROR(VLOOKUP(AU97,اسماء,76,0),"") | AX98: =IFERROR(VLOOKUP(AU97,اسماء,2,0),"") | BB98: اسم الوالدة بالكامل | BF98: =IFERROR(VLOOKUP(AU97,اسماء,3,0),"")
A99: الرقم الوطنــــــــــي | B99: =IFERROR(VLOOKUP(B97,اسماء,64,0),"") | C99: =IFERROR(VLOOKUP(B97,اسماء,65,0),"") | D99: =IFERROR(VLOOKUP(B97,اسماء,66,0),"") | E99: =IFERROR(VLOOKUP(B97,اسماء,67,0),"") | F99: =IFERROR(VLOOKUP(B97,اسماء,68,0),"") | G99: =IFERROR(VLOOKUP(B97,اسماء,69,0),"") | H99: =IFERROR(VLOOKUP(B97,اسماء,70,0),"") | I99: =IFERROR(VLOOKUP(B97,اسماء,71,0),"") | J99: =IFERROR(VLOOKUP(B97,اسماء,72,0),"") | K99: =IFERROR(VLOOKUP(B97,اسماء,73,0),"") | L99: =IFERROR(VLOOKUP(B97,اسماء,74,0),"") | M99: =IFERROR(VLOOKUP(B97,اسماء,75,0),"") | P99: الرقم الوطنــــــــــي | Q99: =IFERROR(VLOOKUP(Q97,اسماء,64,0),"") | R99: =IFERROR(VLOOKUP(Q97,اسماء,65,0),"") | S99: =IFERROR(VLOOKUP(Q97,اسماء,66,0),"") | T99: =IFERROR(VLOOKUP(Q97,اسماء,67,0),"") | U99: =IFERROR(VLOOKUP(Q97,اسماء,68,0),"") | V99: =IFERROR(VLOOKUP(Q97,اسماء,69,0),"") | W99: =IFERROR(VLOOKUP(Q97,اسماء,70,0),"") | X99: =IFERROR(VLOOKUP(Q97,اسماء,71,0),"") | Y99: =IFERROR(VLOOKUP(Q97,اسماء,72,0),"") | Z99: =IFERROR(VLOOKUP(Q97,اسماء,73,0),"") | AA99: =IFERROR(VLOOKUP(Q97,اسماء,74,0),"") | AB99: =IFERROR(VLOOKUP(Q97,اسماء,75,0),"") | AE99: الرقم الوطنــــــــــي | AF99: =IFERROR(VLOOKUP(AF97,اسماء,64,0),"") | AG99: =IFERROR(VLOOKUP(AF97,اسماء,65,0),"") | AH99: =IFERROR(VLOOKUP(AF97,اسماء,66,0),"") | AI99: =IFERROR(VLOOKUP(AF97,اسماء,67,0),"") | AJ99: =IFERROR(VLOOKUP(AF97,اسماء,68,0),"") | AK99: =IFERROR(VLOOKUP(AF97,اسماء,69,0),"") | AL99: =IFERROR(VLOOKUP(AF97,اسماء,70,0),"") | AM99: =IFERROR(VLOOKUP(AF97,اسماء,71,0),"") | AN99: =IFERROR(VLOOKUP(AF97,اسماء,72,0),"") | AO99: =IFERROR(VLOOKUP(AF97,اسماء,73,0),"") | AP99: =IFERROR(VLOOKUP(AF97,اسماء,74,0),"") | AQ99: =IFERROR(VLOOKUP(AF97,اسماء,75,0),"") | AT99: الرقم الوطنــــــــــي | AU99: =IFERROR(VLOOKUP(AU97,اسماء,64,0),"") | AV99: =IFERROR(VLOOKUP(AU97,اسماء,65,0),"") | AW99: =IFERROR(VLOOKUP(AU97,اسماء,66,0),"") | AX99: =IFERROR(VLOOKUP(AU97,اسماء,67,0),"") | AY99: =IFERROR(VLOOKUP(AU97,اسماء,68,0),"") | AZ99: =IFERROR(VLOOKUP(AU97,اسماء,69,0),"") | BA99: =IFERROR(VLOOKUP(AU97,اسماء,70,0),"") | BB99: =IFERROR(VLOOKUP(AU97,اسماء,71,0),"") | BC99: =IFERROR(VLOOKUP(AU97,اسماء,72,0),"") | BD99: =IFERROR(VLOOKUP(AU97,اسماء,73,0),"") | BE99: =IFERROR(VLOOKUP(AU97,اسماء,74,0),"") | BF99: =IFERROR(VLOOKUP(AU97,اسماء,75,0),"")
A100: جنسيـــــة التلمــــيذ | B100: =IFERROR(VLOOKUP(B97,اسماء,77,0),"") | G100: مستجد/ | I100: معيد | K100: =IFERROR(VLOOKUP(B97,اسماء,78,0),"") | P100: جنسيـــــة التلمــــيذ | Q100: =IFERROR(VLOOKUP(Q97,اسماء,77,0),"") | V100: مستجد/ | X100: معيد | Z100: =IFERROR(VLOOKUP(Q97,اسماء,78,0),"") | AE100: جنسيـــــة التلمــــيذ | AF100: =IFERROR(VLOOKUP(AF97,اسماء,77,0),"") | AK100: مستجد/ | AM100: معيد | AO100: =IFERROR(VLOOKUP(AF97,اسماء,78,0),"") | AT100: جنسيـــــة التلمــــيذ | AU100: =IFERROR(VLOOKUP(AU97,اسماء,77,0),"") | AZ100: مستجد/ | BB100: معيد | BD100: =IFERROR(VLOOKUP(AU97,اسماء,78,0),"")
A101: رائــــــد الصــــــف | B101: =IFERROR(VLOOKUP(B97,اسماء,80,0),"") | G101: صفة القيد | K101: =IFERROR(VLOOKUP(B97,اسماء,79,0),"") | P101: رائــــــد الصــــــف | Q101: =IFERROR(VLOOKUP(Q97,اسماء,80,0),"") | V101: صفة القيد | Z101: =IFERROR(VLOOKUP(Q97,اسماء,79,0),"") | AE101: رائــــــد الصــــــف | AF101: =IFERROR(VLOOKUP(AF97,اسماء,80,0),"") | AK101: صفة القيد | AO101: =IFERROR(VLOOKUP(AF97,اسماء,79,0),"") | AT101: رائــــــد الصــــــف | AU101: =IFERROR(VLOOKUP(AU97,اسماء,77,0),"") | AZ101: صفة القيد | BD101: =IFERROR(VLOOKUP(AU97,اسماء,76,0),"")
A102: (يكتب اسم التلميذ مطابقاً لشهادة الميلاد) | P102: (يكتب اسم التلميذ مطابقاً لشهادة الميلاد) | AE102: (يكتب اسم التلميذ مطابقاً لشهادة الميلاد) | AT102: (يكتب اسم التلميذ مطابقاً لشهادة الميلاد)
A103: الانتقـــــــــال | P103: الانتقـــــــــال | AE103: الانتقـــــــــال | AT103: الانتقـــــــــال
A104: بناء على طلب ولي أمر التلميذ فإن إدارة هذه المدرسة توافق على انتقاله إلــــــى | P104: بناء على طلب ولي أمر التلميذ فإن إدارة هذه المدرسة توافق على انتقاله إلــــــى | AE104: بناء على طلب ولي أمر التلميذ فإن إدارة هذه المدرسة توافق على انتقاله إلــــــى | AT104: بناء على طلب ولي أمر التلميذ فإن إدارة هذه المدرسة توافق على انتقاله إلــــــى
A105: مدرســــــة | P105: مدرســــــة | AE105: مدرســــــة | AT105: مدرســــــة
A106: يعتمد مديرالمدرسة | N106: يعتمد مكتب الامتحانات | P106: يعتمد مديرالمدرسة | AC106: يعتمد مكتب الامتحانات | AE106: يعتمد مديرالمدرسة | AR106: يعتمد مكتب الامتحانات | AT106: يعتمد مديرالمدرسة | BG106: يعتمد مكتب الامتحانات

Sheet الرئيسية

Sheet صحيفة الفترات
A1: بطاقة تقدير الدرجات للصــــف | D1: =ادخال1!$K$4 -> الثاني | F1: من التعليم الأساسي | J1: 1 | L1: بطاقة تقدير الدرجات للصــــف | O1: =ادخال1!$K$4 -> الثاني | Q1: من التعليم الأساسي | U1: =J1+5 -> 6 | W1: بطاقة تقدير الدرجات للصــــف | Z1: =ادخال1!$K$4 -> الثاني | AB1: من التعليم الأساسي | AF1: =U1+5 -> 11 | AH1: بطاقة تقدير الدرجات للصــــف | AK1: =ادخال1!$K$4 -> الثاني | AM1: من التعليم الأساسي | AQ1: =AF1+5 -> 16
A2: المدرسة/ | B2: =ادخال1!$B$5 -> سهول العلم للتعليم الخاص | F2: الاسم | G2: =H14 -> الجبير خليل الدوكالي اليونسي | M2: =ادخال1!$B$5 -> سهول العلم للتعليم الخاص | Q2: الاسم | R2: =S14 -> سوزان عبدالباسط اللافى محمد | W2: المدرسة/ | X2: =ادخال1!$B$5 -> سهول العلم للتعليم الخاص | AB2: الاسم | AC2: =AD14 -> ميرال صالح محمد ديماس | AH2: المدرسة/ | AI2: =ادخال1!$B$5 -> سهول العلم للتعليم الخاص | AM2: الاسم | AN2: =AO14 -> 0
A3: الفترات | B3: عدد الحصص | C3: الفترة الأولي 30 % | E3: الفترة الثانية 30 % | H3: ملاحظــات عن نتيجة التلميذ خلال كل فترة : | L3: الفترات | M3: عدد الحصص | N3: الفترة الأولي 30 % | P3: الفترة الثانية 30 % | S3: ملاحظــات عن نتيجة التلميذ خلال كل فترة : | W3: الفترات | X3: عدد الحصص | Y3: الفترة الأولي 30 % | AA3: الفترة الثانية 30 % | AD3: ملاحظــات عن نتيجة التلميذ خلال كل فترة : | AH3: الفترات | AI3: عدد الحصص | AJ3: الفترة الأولي 30 % | AL3: الفترة الثانية 30 % | AO3: ملاحظــات عن نتيجة التلميذ خلال كل فترة :
A4: المواد الدراسية | C4: الدرجة الكبرى | D4: درجة التلميذ | E4: الدرجة الكبرى | F4: درجة التلميذ | H4: الأولي : | I4: =IF(D10=0,"",IF(AND(D5>=C5*0.4,D6>=C6*0.4,D7>=C7*0.4,D8>=C8*0.4,D9>=C9*0.4),LOOKUP(D10,'النتيجة النهائية'!$AA$6:$AB$10),"ضعيف ويحتاج الى اهتمام في المواد")) -> مقبول | L4: المواد الدراسية | N4: الدرجة الكبرى | O4: درجة التلميذ | P4: الدرجة الكبرى | Q4: درجة التلميذ | S4: الأولي : | T4: =IF(O10=0,"",IF(AND(O5>=N5*0.4,O6>=N6*0.4,O7>=N7*0.4,O8>=N8*0.4,O9>=N9*0.4),LOOKUP(O10,'النتيجة النهائية'!$AA$6:$AB$10),"ضعيف ويحتاج الى اهتمام في المواد")) -> ممتاز | W4: المواد الدراسية | Y4: الدرجة الكبرى | Z4: درجة التلميذ | AA4: الدرجة الكبرى | AB4: درجة التلميذ | AD4: الأولي : | AE4: =IF(Z10=0,"",IF(AND(Z5>=Y5*0.4,Z6>=Y6*0.4,Z7>=Y7*0.4,Z8>=Y8*0.4,Z9>=Y9*0.4),LOOKUP(Z10,'النتيجة النهائية'!$AA$6:$AB$10),"ضعيف ويحتاج الى اهتمام في المواد")) -> ممتاز | AH4: المواد الدراسية | AJ4: الدرجة الكبرى | AK4: درجة التلميذ | AL4: الدرجة الكبرى | AM4: درجة التلميذ | AO4: الأولي : | AP4: =IF(AK10=0,"",IF(AND(AK5>=AJ5*0.4,AK6>=AJ6*0.4,AK7>=AJ7*0.4,AK8>=AJ8*0.4,AK9>=AJ9*0.4),LOOKUP(AK10,'النتيجة النهائية'!$AA$6:$AB$10),"ضعيف ويحتاج الى اهتمام في المواد"))
A5: =ادخال1!$F$9 -> التربية الإسلامية | B5: =ادخال1!$F$7 -> 3 | C5: =40*B5*0.3 -> 36 | D5: =IFERROR(VLOOKUP(H14,اسماء,5,0),"") -> 25 | E5: =40*B5*0.3 -> 36 | F5: =IFERROR(VLOOKUP(H14,اسماء,15,0),"") -> 0 | H5: =IF(D5=0,"",IF(D5<C5*0.4,A5,"")) | I5: =IF(D6=0,"",IF(D6<C6*0.4,A6,"")) | J5: =IF(D7=0,"",IF(D7<C7*0.4,A7,"")) | L5: =ادخال1!$F$9 -> التربية الإسلامية | M5: =ادخال1!$F$7 -> 3 | N5: =40*M5*0.3 -> 36 | O5: =IFERROR(VLOOKUP(S14,اسماء,5,0),"") -> 36 | P5: =40*M5*0.3 -> 36 | Q5: =IFERROR(VLOOKUP(S14,اسماء,15,0),"") -> 0 | S5: =IF(O5=0,"",IF(O5<N5*0.4,L5,"")) | T5: =IF(O6=0,"",IF(O6<N6*0.4,L6,"")) | U5: =IF(O7=0,"",IF(O7<N7*0.4,L7,"")) | W5: =ادخال1!$F$9 -> التربية الإسلامية | X5: =ادخال1!$F$7 -> 3 | Y5: =40*X5*0.3 -> 36 | Z5: =IFERROR(VLOOKUP(AD14,اسماء,5,0),"") -> 36 | AA5: =40*X5*0.3 -> 36 | AB5: =IFERROR(VLOOKUP(AD14,اسماء,15,0),"") -> 0 | AD5: =IF(Z5=0,"",IF(Z5<Y5*0.4,W5,"")) | AE5: =IF(Z6=0,"",IF(Z6<Y6*0.4,W6,"")) | AF5: =IF(Z7=0,"",IF(Z7<Y7*0.4,W7,"")) | AH5: =ادخال1!$F$9 -> التربية الإسلامية | AI5: =ادخال1!$F$7 -> 3 | AJ5: =40*AI5*0.3 -> 36 | AK5: =IFERROR(VLOOKUP(AO14,اسماء,5,0),"") | AL5: =40*AI5*0.3 -> 36 | AM5: =IFERROR(VLOOKUP(AO14,اسماء,15,0),"") | AO5: =IF(AK5=0,"",IF(AK5<AJ5*0.4,AH5,"")) | AP5: =IF(AK6=0,"",IF(AK6<AJ6*0.4,AH6,"")) | AQ5: =IF(AK7=0,"",IF(AK7<AJ7*0.4,AH7,""))
A6: =ادخال1!$G$9 -> اللغة العربية | B6: =ادخال1!$G$7 -> 6 | C6: =40*B6*0.3 -> 72 | D6: =IFERROR(VLOOKUP(H14,اسماء,6,0),"") -> 54 | E6: =40*B6*0.3 -> 72 | F6: =IFERROR(VLOOKUP(H14,اسماء,16,0),"") -> 0 | H6: =IF(D8=0,"",IF(D8<C8*0.4,A8,"")) | I6: =IF(D9=0,"",IF(D9<C9*0.4,A9,"")) | L6: =ادخال1!$G$9 -> اللغة العربية | M6: =ادخال1!$G$7 -> 6 | N6: =40*M6*0.3 -> 72 | O6: =IFERROR(VLOOKUP(S14,اسماء,6,0),"") -> 70 | P6: =40*M6*0.3 -> 72 | Q6: =IFERROR(VLOOKUP(S14,اسماء,16,0),"") -> 0 | S6: =IF(O8=0,"",IF(O8<N8*0.4,L8,"")) | T6: =IF(O9=0,"",IF(O9<N9*0.4,L9,"")) | W6: =ادخال1!$G$9 -> اللغة العربية | X6: =ادخال1!$G$7 -> 6 | Y6: =40*X6*0.3 -> 72 | Z6: =IFERROR(VLOOKUP(AD14,اسماء,6,0),"") -> 66 | AA6: =40*X6*0.3 -> 72 | AB6: =IFERROR(VLOOKUP(AD14,اسماء,16,0),"") -> 0 | AD6: =IF(Z8=0,"",IF(Z8<Y8*0.4,W8,"")) | AE6: =IF(Z9=0,"",IF(Z9<Y9*0.4,W9,"")) | AH6: =ادخال1!$G$9 -> اللغة العربية | AI6: =ادخال1!$G$7 -> 6 | AJ6: =40*AI6*0.3 -> 72 | AK6: =IFERROR(VLOOKUP(AO14,اسماء,6,0),"") | AL6: =40*AI6*0.3 -> 72 | AM6: =IFERROR(VLOOKUP(AO14,اسماء,16,0),"") | AO6: =IF(AK8=0,"",IF(AK8<AJ8*0.4,AH8,"")) | AP6: =IF(AK9=0,"",IF(AK9<AJ9*0.4,AH9,""))
A7: =ادخال1!$H$9 -> اللغة الإنجليزية | B7: =ادخال1!$H$7 -> 3 | C7: =40*B7*0.3 -> 36 | D7: =IFERROR(VLOOKUP(H14,اسماء,7,0),"") -> 25 | E7: =40*B7*0.3 -> 36 | F7: =IFERROR(VLOOKUP(H14,اسماء,17,0),"") -> 0 | H7: الثانية :- | I7: =IF(F10=0,"",IF(AND(F5>=E5*0.4,F6>=E6*0.4,F7>=E7*0.4,F8>=E8*0.4,F9>=E9*0.4),LOOKUP(F10,'النتيجة النهائية'!$AA$6:$AB$10),"ضعيف ويحتاج الى اهتمام في المواد")) | L7: =ادخال1!$H$9 -> اللغة الإنجليزية | M7: =ادخال1!$H$7 -> 3 | N7: =40*M7*0.3 -> 36 | O7: =IFERROR(VLOOKUP(S14,اسماء,7,0),"") -> 36 | P7: =40*M7*0.3 -> 36 | Q7: =IFERROR(VLOOKUP(S14,اسماء,17,0),"") -> 0 | S7: الثانية :- | T7: =IF(Q10=0,"",IF(AND(Q5>=P5*0.4,Q6>=P6*0.4,Q7>=P7*0.4,Q8>=P8*0.4,Q9>=P9*0.4),LOOKUP(Q10,'النتيجة النهائية'!$AA$6:$AB$10),"ضعيف ويحتاج الى اهتمام في المواد")) | W7: =ادخال1!$H$9 -> اللغة الإنجليزية | X7: =ادخال1!$H$7 -> 3 | Y7: =40*X7*0.3 -> 36 | Z7: =IFERROR(VLOOKUP(AD14,اسماء,7,0),"") -> 36 | AA7: =40*X7*0.3 -> 36 | AB7: =IFERROR(VLOOKUP(AD14,اسماء,17,0),"") -> 0 | AD7: الثانية :- | AE7: =IF(AB10=0,"",IF(AND(AB5>=AA5*0.4,AB6>=AA6*0.4,AB7>=AA7*0.4,AB8>=AA8*0.4,AB9>=AA9*0.4),LOOKUP(AB10,'النتيجة النهائية'!$AA$6:$AB$10),"ضعيف ويحتاج الى اهتمام في المواد")) | AH7: =ادخال1!$H$9 -> اللغة الإنجليزية | AI7: =ادخال1!$H$7 -> 3 | AJ7: =40*AI7*0.3 -> 36 | AK7: =IFERROR(VLOOKUP(AO14,اسماء,7,0),"") | AL7: =40*AI7*0.3 -> 36 | AM7: =IFERROR(VLOOKUP(AO14,اسماء,17,0),"") | AO7: الثانية :- | AP7: =IF(AM10=0,"",IF(AND(AM5>=AL5*0.4,AM6>=AL6*0.4,AM7>=AL7*0.4,AM8>=AL8*0.4,AM9>=AL9*0.4),LOOKUP(AM10,'النتيجة النهائية'!$AA$6:$AB$10),"ضعيف ويحتاج الى اهتمام في المواد"))
A8: =ادخال1!$I$9 -> الحاسوب | B8: =ادخال1!$I$7 -> 1 | C8: =40*B8*0.3 -> 12 | D8: =IFERROR(VLOOKUP(H14,اسماء,8,0),"") -> 10 | E8: =40*B8*0.3 -> 12 | F8: =IFERROR(VLOOKUP(H14,اسماء,18,0),"") -> 0 | H8: =IF(F5=0,"",IF(F5<E5*0.4,A5,"")) | I8: =IF(F6=0,"",IF(F6<E6*0.4,A6,"")) | J8: =IF(F7=0,"",IF(F7<E7*0.4,A7,"")) | L8: =ادخال1!$I$9 -> الحاسوب | M8: =ادخال1!$I$7 -> 1 | N8: =40*M8*0.3 -> 12 | O8: =IFERROR(VLOOKUP(S14,اسماء,8,0),"") -> 12 | P8: =40*M8*0.3 -> 12 | Q8: =IFERROR(VLOOKUP(S14,اسماء,18,0),"") -> 0 | S8: =IF(Q5=0,"",IF(Q5<P5*0.4,L5,"")) | T8: =IF(Q6=0,"",IF(Q6<P6*0.4,L6,"")) | U8: =IF(Q7=0,"",IF(Q7<P7*0.4,L7,"")) | W8: =ادخال1!$I$9 -> الحاسوب | X8: =ادخال1!$I$7 -> 1 | Y8: =40*X8*0.3 -> 12 | Z8: =IFERROR(VLOOKUP(AD14,اسماء,8,0),"") -> 12 | AA8: =40*X8*0.3 -> 12 | AB8: =IFERROR(VLOOKUP(AD14,اسماء,18,0),"") -> 0 | AD8: =IF(AB5=0,"",IF(AB5<AA5*0.4,W5,"")) | AE8: =IF(AB6=0,"",IF(AB6<AA6*0.4,W6,"")) | AF8: =IF(AB7=0,"",IF(AB7<AA7*0.4,W7,"")) | AH8: =ادخال1!$I$9 -> الحاسوب | AI8: =ادخال1!$I$7 -> 1 | AJ8: =40*AI8*0.3 -> 12 | AK8: =IFERROR(VLOOKUP(AO14,اسماء,8,0),"") | AL8: =40*AI8*0.3 -> 12 | AM8: =IFERROR(VLOOKUP(AO14,اسماء,18,0),"") | AO8: =IF(AM5=0,"",IF(AM5<AL5*0.4,AH5,"")) | AP8: =IF(AM6=0,"",IF(AM6<AL6*0.4,AH6,"")) | AQ8: =IF(AM7=0,"",IF(AM7<AL7*0.4,AH7,""))
A9: =ادخال1!$J$9 -> الرياضيات | B9: =ادخال1!$J$7 -> 5 | C9: =40*B9*0.3 -> 60 | D9: =IFERROR(VLOOKUP(H14,اسماء,9,0),"") -> 24 | E9: =40*B9*0.3 -> 60 | F9: =IFERROR(VLOOKUP(H14,اسماء,19,0),"") -> 0 | H9: =IF(F8=0,"",IF(F8<E8*0.4,A8,"")) | I9: =IF(F9=0,"",IF(F9<E9*0.4,A9,"")) | L9: =ادخال1!$J$9 -> الرياضيات | M9: =ادخال1!$J$7 -> 5 | N9: =40*M9*0.3 -> 60 | O9: =IFERROR(VLOOKUP(S14,اسماء,9,0),"") -> 60 | P9: =40*M9*0.3 -> 60 | Q9: =IFERROR(VLOOKUP(S14,اسماء,19,0),"") -> 0 | S9: =IF(Q8=0,"",IF(Q8<P8*0.4,L8,"")) | T9: =IF(Q9=0,"",IF(Q9<P9*0.4,L9,"")) | W9: =ادخال1!$J$9 -> الرياضيات | X9: =ادخال1!$J$7 -> 5 | Y9: =40*X9*0.3 -> 60 | Z9: =IFERROR(VLOOKUP(AD14,اسماء,9,0),"") -> 60 | AA9: =40*X9*0.3 -> 60 | AB9: =IFERROR(VLOOKUP(AD14,اسماء,19,0),"") -> 0 | AD9: =IF(AB8=0,"",IF(AB8<AA8*0.4,W8,"")) | AE9: =IF(AB9=0,"",IF(AB9<AA9*0.4,W9,"")) | AH9: =ادخال1!$J$9 -> الرياضيات | AI9: =ادخال1!$J$7 -> 5 | AJ9: =40*AI9*0.3 -> 60 | AK9: =IFERROR(VLOOKUP(AO14,اسماء,9,0),"") | AL9: =40*AI9*0.3 -> 60 | AM9: =IFERROR(VLOOKUP(AO14,اسماء,19,0),"") | AO9: =IF(AM8=0,"",IF(AM8<AL8*0.4,AH8,"")) | AP9: =IF(AM9=0,"",IF(AM9<AL9*0.4,AH9,""))
A10: المجموع العـام | C10: =SUM(C5:C9) -> 216 | D10: =SUM(D5:D9) -> 138 | E10: =SUM(E5:E9) -> 216 | F10: =SUM(F5:F9) -> 0 | H10: مدير المدرسة/ | I10: =ادخال1!$BG$5 -> د. عبدالرحمن خليفة العريبي | L10: المجموع العـام | N10: =SUM(N5:N9) -> 216 | O10: =SUM(O5:O9) -> 214 | P10: =SUM(P5:P9) -> 216 | Q10: =SUM(Q5:Q9) -> 0 | S10: مدير المدرسة/ | T10: =ادخال1!$BG$5 -> د. عبدالرحمن خليفة العريبي | W10: المجموع العـام | Y10: =SUM(Y5:Y9) -> 216 | Z10: =SUM(Z5:Z9) -> 210 | AA10: =SUM(AA5:AA9) -> 216 | AB10: =SUM(AB5:AB9) -> 0 | AD10: مدير المدرسة/ | AE10: =ادخال1!$BG$5 -> د. عبدالرحمن خليفة العريبي | AH10: المجموع العـام | AJ10: =SUM(AJ5:AJ9) -> 216 | AK10: =SUM(AK5:AK9) -> 0 | AL10: =SUM(AL5:AL9) -> 216 | AM10: =SUM(AM5:AM9) -> 0 | AO10: مدير المدرسة/ | AP10: =ادخال1!$BG$5 -> د. عبدالرحمن خليفة العريبي
A11: =ادخال1!$L$8 -> التربية الفنية | B11: =ادخال1!$L$7 -> 1 | C11: =IFERROR(VLOOKUP(H14,اسماء,11,0),"") -> جيد جداَ | E11: =IFERROR(VLOOKUP(H14,اسماء,21,0),"") -> 0 | H11: التاريخ | I11: =TODAY() -> 46005 | L11: =ادخال1!$L$8 -> التربية الفنية | M11: =ادخال1!$L$7 -> 1 | N11: =IFERROR(VLOOKUP(S14,اسماء,11,0),"") -> جيد جداَ | P11: =IFERROR(VLOOKUP(S14,اسماء,21,0),"") -> 0 | S11: التاريخ | T11: =TODAY() -> 46005 | W11: =ادخال1!$L$8 -> التربية الفنية | X11: =ادخال1!$L$7 -> 1 | Y11: =IFERROR(VLOOKUP(AD14,اسماء,11,0),"") -> جيد جداَ | AA11: =IFERROR(VLOOKUP(AD14,اسماء,21,0),"") -> 0 | AD11: التاريخ | AE11: =TODAY() -> 46005 | AH11: =ادخال1!$L$8 -> التربية الفنية | AI11: =ادخال1!$L$7 -> 1 | AJ11: =IFERROR(VLOOKUP(AO14,اسماء,11,0),"") | AL11: =IFERROR(VLOOKUP(AO14,اسماء,21,0),"") | AO11: التاريخ | AP11: =TODAY() -> 46005
A12: =ادخال1!$M$8 -> التربية البدنية | B12: =ادخال1!$M$7 -> 2 | C12: =IFERROR(VLOOKUP(H14,اسماء,12,0),"") -> جيد جداَ | E12: =IFERROR(VLOOKUP(H14,اسماء,22,0),"") -> 0 | L12: =ادخال1!$M$8 -> التربية البدنية | M12: =ادخال1!$M$7 -> 2 | N12: =IFERROR(VLOOKUP(S14,اسماء,12,0),"") -> جيد جداَ | P12: =IFERROR(VLOOKUP(S14,اسماء,22,0),"") -> 0 | W12: =ادخال1!$M$8 -> التربية البدنية | X12: =ادخال1!$M$7 -> 2 | Y12: =IFERROR(VLOOKUP(AD14,اسماء,12,0),"") -> جيد جداَ | AA12: =IFERROR(VLOOKUP(AD14,اسماء,22,0),"") -> 0 | AH12: =ادخال1!$M$8 -> التربية البدنية | AI12: =ادخال1!$M$7 -> 2 | AJ12: =IFERROR(VLOOKUP(AO14,اسماء,12,0),"") | AL12: =IFERROR(VLOOKUP(AO14,اسماء,22,0),"")
A13: =ادخال1!$N$8 -> مكتبة | B13: =ادخال1!$N$7 -> 1 | C13: =IFERROR(VLOOKUP(H14,اسماء,13,0),"") -> 0 | E13: =IFERROR(VLOOKUP(H14,اسماء,23,0),"") -> 0 | L13: =ادخال1!$N$8 -> مكتبة | M13: =ادخال1!$N$7 -> 1 | N13: =IFERROR(VLOOKUP(S14,اسماء,13,0),"") -> 0 | P13: =IFERROR(VLOOKUP(S14,اسماء,23,0),"") -> 0 | W13: =ادخال1!$N$8 -> مكتبة | X13: =ادخال1!$N$7 -> 1 | Y13: =IFERROR(VLOOKUP(AD14,اسماء,13,0),"") -> 0 | AA13: =IFERROR(VLOOKUP(AD14,اسماء,23,0),"") -> 0 | AH13: =ادخال1!$N$8 -> مكتبة | AI13: =ادخال1!$N$7 -> 1 | AJ13: =IFERROR(VLOOKUP(AO14,اسماء,13,0),"") | AL13: =IFERROR(VLOOKUP(AO14,اسماء,23,0),"")
A14: الرقم الوطني | B14: =IFERROR(VLOOKUP(H14,اسماء,62,0),"") -> 120171064725 | C14: =IFERROR(VLOOKUP(G19,اسماء,8,0),"") | D14: =IFERROR(VLOOKUP(H19,اسماء,8,0),"") | E14: =IFERROR(VLOOKUP(I19,اسماء,8,0),"") | H14: =INDEX(عمود2,MATCH(J1,عمود1)) -> الجبير خليل الدوكالي اليونسي | L14: الرقم الوطني | M14: =IFERROR(VLOOKUP(S14,اسماء,62,0),"") -> 220180204533 | N14: =IFERROR(VLOOKUP(R19,اسماء,8,0),"") | O14: =IFERROR(VLOOKUP(S19,اسماء,8,0),"") | P14: =IFERROR(VLOOKUP(T19,اسماء,8,0),"") | S14: =INDEX(عمود2,MATCH(U1,عمود1)) -> سوزان عبدالباسط اللافى محمد | W14: الرقم الوطني | X14: =IFERROR(VLOOKUP(AD14,اسماء,62,0),"") -> 0 | Y14: =IFERROR(VLOOKUP(AC19,اسماء,8,0),"") | Z14: =IFERROR(VLOOKUP(AD19,اسماء,8,0),"") | AA14: =IFERROR(VLOOKUP(AE19,اسماء,8,0),"") | AD14: =INDEX(عمود2,MATCH(AF1,عمود1)) -> ميرال صالح محمد ديماس | AH14: الرقم الوطني | AI14: =IFERROR(VLOOKUP(AO14,اسماء,62,0),"") | AJ14: =IFERROR(VLOOKUP(AN19,اسماء,8,0),"") | AK14: =IFERROR(VLOOKUP(AO19,اسماء,8,0),"") | AL14: =IFERROR(VLOOKUP(AP19,اسماء,8,0),"") | AO14: =INDEX(عمود2,MATCH(AQ1,عمود1)) -> 0
A15: الســــــلوك | C15: =IFERROR(VLOOKUP(H14,اسماء,34,0),"") -> 0 | E15: =IFERROR(VLOOKUP(H14,اسماء,35,0),"") -> 0 | H15: كل كشط أو تغيير في هذه البطاقة يلغيها. | L15: الســــــلوك | N15: =IFERROR(VLOOKUP(S14,اسماء,34,0),"") -> 0 | P15: =IFERROR(VLOOKUP(S14,اسماء,35,0),"") -> 0 | S15: كل كشط أو تغيير في هذه البطاقة يلغيها. | W15: الســــــلوك | Y15: =IFERROR(VLOOKUP(AD14,اسماء,34,0),"") -> 0 | AA15: =IFERROR(VLOOKUP(AD14,اسماء,35,0),"") -> 0 | AD15: كل كشط أو تغيير في هذه البطاقة يلغيها. | AH15: الســــــلوك | AJ15: =IFERROR(VLOOKUP(AO14,اسماء,34,0),"") | AL15: =IFERROR(VLOOKUP(AO14,اسماء,35,0),"") | AO15: كل كشط أو تغيير في هذه البطاقة يلغيها.
A16: غياب مشروع | C16: =IFERROR(VLOOKUP(H14,اسماء,37,0),"") -> 0 | E16: =IFERROR(VLOOKUP(H14,اسماء,39,0),"") -> 0 | L16: غياب مشروع | N16: =IFERROR(VLOOKUP(S14,اسماء,37,0),"") -> 0 | P16: =IFERROR(VLOOKUP(S14,اسماء,39,0),"") -> 0 | W16: غياب مشروع | Y16: =IFERROR(VLOOKUP(AD14,اسماء,37,0),"") -> 0 | AA16: =IFERROR(VLOOKUP(AD14,اسماء,39,0),"") -> 0 | AH16: غياب مشروع | AJ16: =IFERROR(VLOOKUP(AO14,اسماء,37,0),"") | AL16: =IFERROR(VLOOKUP(AO14,اسماء,39,0),"")
A17: غياب غير مشروع | C17: =IFERROR(VLOOKUP(H14,اسماء,38,0),"") -> 0 | E17: =IFERROR(VLOOKUP(H14,اسماء,40,0),"") -> 0 | L17: غياب غير مشروع | N17: =IFERROR(VLOOKUP(S14,اسماء,38,0),"") -> 0 | P17: =IFERROR(VLOOKUP(S14,اسماء,40,0),"") -> 0 | W17: غياب غير مشروع | Y17: =IFERROR(VLOOKUP(AD14,اسماء,38,0),"") -> 0 | AA17: =IFERROR(VLOOKUP(AD14,اسماء,40,0),"") -> 0 | AH17: غياب غير مشروع | AJ17: =IFERROR(VLOOKUP(AO14,اسماء,38,0),"") | AL17: =IFERROR(VLOOKUP(AO14,اسماء,40,0),"")
A19: التوقيعــــات | B19: رائــد الصف | D19: مديـر المدرسة | H19: ولي الامر | L19: التوقيعــــات | M19: رائــد الصف | O19: مديـر المدرسة | S19: ولي الامر | W19: التوقيعــــات | X19: رائــد الصف | Z19: مديـر المدرسة | AD19: ولي الامر | AH19: التوقيعــــات | AI19: رائــد الصف | AK19: مديـر المدرسة | AO19: ولي الامر
A20: الفترة الاولى | L20: الفترة الاولى | W20: الفترة الاولى | AH20: الفترة الاولى
A21: الفترة الثانية | L21: الفترة الثانية | W21: الفترة الثانية | AH21: الفترة الثانية
A23: بطاقة تقدير الدرجات للصــــف | D23: =ادخال1!$K$4 -> الثاني | F23: من التعليم الأساسي | J23: =J1+1 -> 2 | L23: بطاقة تقدير الدرجات للصــــف | O23: =ادخال1!$K$4 -> الثاني | Q23: من التعليم الأساسي | U23: =U1+1 -> 7 | W23: بطاقة تقدير الدرجات للصــــف | Z23: =ادخال1!$K$4 -> الثاني | AB23: من التعليم الأساسي | AF23: =AF1+1 -> 12 | AH23: بطاقة تقدير الدرجات للصــــف | AK23: =ادخال1!$K$4 -> الثاني | AM23: من التعليم الأساسي | AQ23: =AQ1+1 -> 17
A24: المدرسة/ | B24: =ادخال1!$B$5 -> سهول العلم للتعليم الخاص | F24: الاسم | G24: =H36 -> ديالا علي حمد القبائلي | L24: المدرسة/ | M24: =ادخال1!$B$5 -> سهول العلم للتعليم الخاص | Q24: الاسم | R24: =S36 -> عبدالرحمن فرج محمد المغربي | W24: المدرسة/ | X24: =ادخال1!$B$5 -> سهول العلم للتعليم الخاص | AB24: الاسم | AC24: =AD36 -> ندى علاء محمد سلطان | AH24: المدرسة/ | AI24: =ادخال1!$B$5 -> سهول العلم للتعليم الخاص | AM24: الاسم | AN24: =AO36 -> 0
A25: الفترات | B25: عدد الحصص | C25: الفترة الأولي 30 % | E25: الفترة الثانية 30 % | H25: ملاحظــات عن نتيجة التلميذ خلال كل فترة : | L25: الفترات | M25: عدد الحصص | N25: الفترة الأولي 30 % | P25: الفترة الثانية 30 % | S25: ملاحظــات عن نتيجة التلميذ خلال كل فترة : | W25: الفترات | X25: عدد الحصص | Y25: الفترة الأولي 30 % | AA25: الفترة الثانية 30 % | AD25: ملاحظــات عن نتيجة التلميذ خلال كل فترة : | AH25: الفترات | AI25: عدد الحصص | AJ25: الفترة الأولي 30 % | AL25: الفترة الثانية 30 % | AO25: ملاحظــات عن نتيجة التلميذ خلال كل فترة :
A26: المواد الدراسية | C26: الدرجة الكبرى | D26: درجة التلميذ | E26: الدرجة الكبرى | F26: درجة التلميذ | H26: الأولي : | I26: =IF(D32=0,"",IF(AND(D27>=C27*0.4,D28>=C28*0.4,D29>=C29*0.4,D30>=C30*0.4,D31>=C31*0.4),LOOKUP(D32,'النتيجة النهائية'!$AA$6:$AB$10),"ضعيف ويحتاج الى اهتمام في المواد")) -> ممتاز | L26: المواد الدراسية | N26: الدرجة الكبرى | O26: درجة التلميذ | P26: الدرجة الكبرى | Q26: درجة التلميذ | S26: الأولي : | T26: =IF(O32=0,"",IF(AND(O27>=N27*0.4,O28>=N28*0.4,O29>=N29*0.4,O30>=N30*0.4,O31>=N31*0.4),LOOKUP(O32,'النتيجة النهائية'!$AA$6:$AB$10),"ضعيف ويحتاج الى اهتمام في المواد")) -> ممتاز | W26: المواد الدراسية | Y26: الدرجة الكبرى | Z26: درجة التلميذ | AA26: الدرجة الكبرى | AB26: درجة التلميذ | AD26: الأولي : | AE26: =IF(Z32=0,"",IF(AND(Z27>=Y27*0.4,Z28>=Y28*0.4,Z29>=Y29*0.4,Z30>=Y30*0.4,Z31>=Y31*0.4),LOOKUP(Z32,'النتيجة النهائية'!$AA$6:$AB$10),"ضعيف ويحتاج الى اهتمام في المواد")) -> ممتاز | AH26: المواد الدراسية | AJ26: الدرجة الكبرى | AK26: درجة التلميذ | AL26: الدرجة الكبرى | AM26: درجة التلميذ | AO26: الأولي : | AP26: =IF(AK32=0,"",IF(AND(AK27>=AJ27*0.4,AK28>=AJ28*0.4,AK29>=AJ29*0.4,AK30>=AJ30*0.4,AK31>=AJ31*0.4),LOOKUP(AK32,'النتيجة النهائية'!$AA$6:$AB$10),"ضعيف ويحتاج الى اهتمام في المواد"))
A27: =ادخال1!$F$9 -> التربية الإسلامية | B27: =ادخال1!$F$7 -> 3 | C27: =40*B27*0.3 -> 36 | D27: =IFERROR(VLOOKUP(H36,اسماء,5,0),"") -> 34 | E27: =40*B27*0.3 -> 36 | F27: =IFERROR(VLOOKUP(H36,اسماء,15,0),"") -> 0 | H27: =IF(D27=0,"",IF(D27<C27*0.4,A27,"")) | I27: =IF(D28=0,"",IF(D28<C28*0.4,A28,"")) | J27: =IF(D29=0,"",IF(D29<C29*0.4,A29,"")) | L27: =ادخال1!$F$9 -> التربية الإسلامية | M27: =ادخال1!$F$7 -> 3 | N27: =40*M27*0.3 -> 36 | O27: =IFERROR(VLOOKUP(S36,اسماء,5,0),"") -> 32 | P27: =40*M27*0.3 -> 36 | Q27: =IFERROR(VLOOKUP(S36,اسماء,15,0),"") -> 0 | S27: =IF(O27=0,"",IF(O27<N27*0.4,L27,"")) | T27: =IF(O28=0,"",IF(O28<N28*0.4,L28,"")) | U27: =IF(O29=0,"",IF(O29<N29*0.4,L29,"")) | W27: =ادخال1!$F$9 -> التربية الإسلامية | X27: =ادخال1!$F$7 -> 3 | Y27: =40*X27*0.3 -> 36 | Z27: =IFERROR(VLOOKUP(AD36,اسماء,5,0),"") -> 35 | AA27: =40*X27*0.3 -> 36 | AB27: =IFERROR(VLOOKUP(AD36,اسماء,15,0),"") -> 0 | AD27: =IF(Z27=0,"",IF(Z27<Y27*0.4,W27,"")) | AE27: =IF(Z28=0,"",IF(Z28<Y28*0.4,W28,"")) | AF27: =IF(Z29=0,"",IF(Z29<Y29*0.4,W29,"")) | AH27: =ادخال1!$F$9 -> التربية الإسلامية | AI27: =ادخال1!$F$7 -> 3 | AJ27: =40*AI27*0.3 -> 36 | AK27: =IFERROR(VLOOKUP(AO36,اسماء,5,0),"") | AL27: =40*AI27*0.3 -> 36 | AM27: =IFERROR(VLOOKUP(AO36,اسماء,15,0),"") | AO27: =IF(AK27=0,"",IF(AK27<AJ27*0.4,AH27,"")) | AP27: =IF(AK28=0,"",IF(AK28<AJ28*0.4,AH28,"")) | AQ27: =IF(AK29=0,"",IF(AK29<AJ29*0.4,AH29,""))
A28: =ادخال1!$G$9 -> اللغة العربية | B28: =ادخال1!$G$7 -> 6 | C28: =40*B28*0.3 -> 72 | D28: =IFERROR(VLOOKUP(H36,اسماء,6,0),"") -> 70 | E28: =40*B28*0.3 -> 72 | F28: =IFERROR(VLOOKUP(H36,اسماء,16,0),"") -> 0 | H28: =IF(D30=0,"",IF(D30<C30*0.4,A30,"")) | I28: =IF(D31=0,"",IF(D31<C31*0.4,A31,"")) | L28: =ادخال1!$G$9 -> اللغة العربية | M28: =ادخال1!$G$7 -> 6 | N28: =40*M28*0.3 -> 72 | O28: =IFERROR(VLOOKUP(S36,اسماء,6,0),"") -> 70 | P28: =40*M28*0.3 -> 72 | Q28: =IFERROR(VLOOKUP(S36,اسماء,16,0),"") -> 0 | S28: =IF(O30=0,"",IF(O30<N30*0.4,L30,"")) | T28: =IF(O31=0,"",IF(O31<N31*0.4,L31,"")) | W28: =ادخال1!$G$9 -> اللغة العربية | X28: =ادخال1!$G$7 -> 6 | Y28: =40*X28*0.3 -> 72 | Z28: =IFERROR(VLOOKUP(AD36,اسماء,6,0),"") -> 69 | AA28: =40*X28*0.3 -> 72 | AB28: =IFERROR(VLOOKUP(AD36,اسماء,16,0),"") -> 0 | AD28: =IF(Z30=0,"",IF(Z30<Y30*0.4,W30,"")) | AE28: =IF(Z31=0,"",IF(Z31<Y31*0.4,W31,"")) | AH28: =ادخال1!$G$9 -> اللغة العربية | AI28: =ادخال1!$G$7 -> 6 | AJ28: =40*AI28*0.3 -> 72 | AK28: =IFERROR(VLOOKUP(AO36,اسماء,6,0),"") | AL28: =40*AI28*0.3 -> 72 | AM28: =IFERROR(VLOOKUP(AO36,اسماء,16,0),"") | AO28: =IF(AK30=0,"",IF(AK30<AJ30*0.4,AH30,"")) | AP28: =IF(AK31=0,"",IF(AK31<AJ31*0.4,AH31,""))
A29: =ادخال1!$H$9 -> اللغة الإنجليزية | B29: =ادخال1!$H$7 -> 3 | C29: =40*B29*0.3 -> 36 | D29: =IFERROR(VLOOKUP(H36,اسماء,7,0),"") -> 36 | E29: =40*B29*0.3 -> 36 | F29: =IFERROR(VLOOKUP(H36,اسماء,17,0),"") -> 0 | H29: الثانية :- | I29: =IF(F32=0,"",IF(AND(F27>=E27*0.4,F28>=E28*0.4,F29>=E29*0.4,F30>=E30*0.4,F31>=E31*0.4),LOOKUP(F32,'النتيجة النهائية'!$AA$6:$AB$10),"ضعيف ويحتاج الى اهتمام في المواد")) | L29: =ادخال1!$H$9 -> اللغة الإنجليزية | M29: =ادخال1!$H$7 -> 3 | N29: =40*M29*0.3 -> 36 | O29: =IFERROR(VLOOKUP(S36,اسماء,7,0),"") -> 36 | P29: =40*M29*0.3 -> 36 | Q29: =IFERROR(VLOOKUP(S36,اسماء,17,0),"") -> 0 | S29: الثانية :- | T29: =IF(Q32=0,"",IF(AND(Q27>=P27*0.4,Q28>=P28*0.4,Q29>=P29*0.4,Q30>=P30*0.4,Q31>=P31*0.4),LOOKUP(Q32,'النتيجة النهائية'!$AA$6:$AB$10),"ضعيف ويحتاج الى اهتمام في المواد")) | W29: =ادخال1!$H$9 -> اللغة الإنجليزية | X29: =ادخال1!$H$7 -> 3 | Y29: =40*X29*0.3 -> 36 | Z29: =IFERROR(VLOOKUP(AD36,اسماء,7,0),"") -> 36 | AA29: =40*X29*0.3 -> 36 | AB29: =IFERROR(VLOOKUP(AD36,اسماء,17,0),"") -> 0 | AD29: الثانية :- | AE29: =IF(AB32=0,"",IF(AND(AB27>=AA27*0.4,AB28>=AA28*0.4,AB29>=AA29*0.4,AB30>=AA30*0.4,AB31>=AA31*0.4),LOOKUP(AB32,'النتيجة النهائية'!$AA$6:$AB$10),"ضعيف ويحتاج الى اهتمام في المواد")) | AH29: =ادخال1!$H$9 -> اللغة الإنجليزية | AI29: =ادخال1!$H$7 -> 3 | AJ29: =40*AI29*0.3 -> 36 | AK29: =IFERROR(VLOOKUP(AO36,اسماء,7,0),"") | AL29: =40*AI29*0.3 -> 36 | AM29: =IFERROR(VLOOKUP(AO36,اسماء,17,0),"") | AO29: الثانية :- | AP29: =IF(AM32=0,"",IF(AND(AM27>=AL27*0.4,AM28>=AL28*0.4,AM29>=AL29*0.4,AM30>=AL30*0.4,AM31>=AL31*0.4),LOOKUP(AM32,'النتيجة النهائية'!$AA$6:$AB$10),"ضعيف ويحتاج الى اهتمام في المواد"))
A30: =ادخال1!$I$9 -> الحاسوب | B30: =ادخال1!$I$7 -> 1 | C30: =40*B30*0.3 -> 12 | D30: =IFERROR(VLOOKUP(H36,اسماء,8,0),"") -> 12 | E30: =40*B30*0.3 -> 12 | F30: =IFERROR(VLOOKUP(H36,اسماء,18,0),"") -> 0 | H30: =IF(F27=0,"",IF(F27<E27*0.4,A27,"")) | I30: =IF(F28=0,"",IF(F28<E28*0.4,A28,"")) | J30: =IF(F29=0,"",IF(F29<E29*0.4,A29,"")) | L30: =ادخال1!$I$9 -> الحاسوب | M30: =ادخال1!$I$7 -> 1 | N30: =40*M30*0.3 -> 12 | O30: =IFERROR(VLOOKUP(S36,اسماء,8,0),"") -> 12 | P30: =40*M30*0.3 -> 12 | Q30: =IFERROR(VLOOKUP(S36,اسماء,18,0),"") -> 0 | S30: =IF(Q27=0,"",IF(Q27<P27*0.4,L27,"")) | T30: =IF(Q28=0,"",IF(Q28<P28*0.4,L28,"")) | U30: =IF(Q29=0,"",IF(Q29<P29*0.4,L29,"")) | W30: =ادخال1!$I$9 -> الحاسوب | X30: =ادخال1!$I$7 -> 1 | Y30: =40*X30*0.3 -> 12 | Z30: =IFERROR(VLOOKUP(AD36,اسماء,8,0),"") -> 12 | AA30: =40*X30*0.3 -> 12 | AB30: =IFERROR(VLOOKUP(AD36,اسماء,18,0),"") -> 0 | AD30: =IF(AB27=0,"",IF(AB27<AA27*0.4,W27,"")) | AE30: =IF(AB28=0,"",IF(AB28<AA28*0.4,W28,"")) | AF30: =IF(AB29=0,"",IF(AB29<AA29*0.4,W29,"")) | AH30: =ادخال1!$I$9 -> الحاسوب | AI30: =ادخال1!$I$7 -> 1 | AJ30: =40*AI30*0.3 -> 12 | AK30: =IFERROR(VLOOKUP(AO36,اسماء,8,0),"") | AL30: =40*AI30*0.3 -> 12 | AM30: =IFERROR(VLOOKUP(AO36,اسماء,18,0),"") | AO30: =IF(AM27=0,"",IF(AM27<AL27*0.4,AH27,"")) | AP30: =IF(AM28=0,"",IF(AM28<AL28*0.4,AH28,"")) | AQ30: =IF(AM29=0,"",IF(AM29<AL29*0.4,AH29,""))
A31: =ادخال1!$J$9 -> الرياضيات | B31: =ادخال1!$J$7 -> 5 | C31: =40*B31*0.3 -> 60 | D31: =IFERROR(VLOOKUP(H36,اسماء,9,0),"") -> 60 | E31: =40*B31*0.3 -> 60 | F31: =IFERROR(VLOOKUP(H36,اسماء,19,0),"") -> 0 | H31: =IF(F30=0,"",IF(F30<E30*0.4,A30,"")) | I31: =IF(F31=0,"",IF(F31<E31*0.4,A31,"")) | L31: =ادخال1!$J$9 -> الرياضيات | M31: =ادخال1!$J$7 -> 5 | N31: =40*M31*0.3 -> 60 | O31: =IFERROR(VLOOKUP(S36,اسماء,9,0),"") -> 58 | P31: =40*M31*0.3 -> 60 | Q31: =IFERROR(VLOOKUP(S36,اسماء,19,0),"") -> 0 | S31: =IF(Q30=0,"",IF(Q30<P30*0.4,L30,"")) | T31: =IF(Q31=0,"",IF(Q31<P31*0.4,L31,"")) | W31: =ادخال1!$J$9 -> الرياضيات | X31: =ادخال1!$J$7 -> 5 | Y31: =40*X31*0.3 -> 60 | Z31: =IFERROR(VLOOKUP(AD36,اسماء,9,0),"") -> 59 | AA31: =40*X31*0.3 -> 60 | AB31: =IFERROR(VLOOKUP(AD36,اسماء,19,0),"") -> 0 | AD31: =IF(AB30=0,"",IF(AB30<AA30*0.4,W30,"")) | AE31: =IF(AB31=0,"",IF(AB31<AA31*0.4,W31,"")) | AH31: =ادخال1!$J$9 -> الرياضيات | AI31: =ادخال1!$J$7 -> 5 | AJ31: =40*AI31*0.3 -> 60 | AK31: =IFERROR(VLOOKUP(AO36,اسماء,9,0),"") | AL31: =40*AI31*0.3 -> 60 | AM31: =IFERROR(VLOOKUP(AO36,اسماء,19,0),"") | AO31: =IF(AM30=0,"",IF(AM30<AL30*0.4,AH30,"")) | AP31: =IF(AM31=0,"",IF(AM31<AL31*0.4,AH31,""))
A32: المجموع العـام | C32: =SUM(C27:C31) -> 216 | D32: =SUM(D27:D31) -> 212 | E32: =SUM(E27:E31) -> 216 | F32: =SUM(F27:F31) -> 0 | H32: مدير المدرسة/ | I32: =ادخال1!$BG$5 -> د. عبدالرحمن خليفة العريبي | L32: المجموع العـام | N32: =SUM(N27:N31) -> 216 | O32: =SUM(O27:O31) -> 208 | P32: =SUM(P27:P31) -> 216 | Q32: =SUM(Q27:Q31) -> 0 | S32: مدير المدرسة/ | T32: =ادخال1!$BG$5 -> د. عبدالرحمن خليفة العريبي | W32: المجموع العـام | Y32: =SUM(Y27:Y31) -> 216 | Z32: =SUM(Z27:Z31) -> 211 | AA32: =SUM(AA27:AA31) -> 216 | AB32: =SUM(AB27:AB31) -> 0 | AD32: مدير المدرسة/ | AE32: =ادخال1!$BG$5 -> د. عبدالرحمن خليفة العريبي | AH32: المجموع العـام | AJ32: =SUM(AJ27:AJ31) -> 216 | AK32: =SUM(AK27:AK31) -> 0 | AL32: =SUM(AL27:AL31) -> 216 | AM32: =SUM(AM27:AM31) -> 0 | AO32: مدير المدرسة/ | AP32: =ادخال1!$BG$5 -> د. عبدالرحمن خليفة العريبي
A33: =ادخال1!$L$8 -> التربية الفنية | B33: =ادخال1!$L$7 -> 1 | C33: =IFERROR(VLOOKUP(H36,اسماء,11,0),"") -> جيد جداَ | E33: =IFERROR(VLOOKUP(H36,اسماء,21,0),"") -> 0 | H33: التاريخ | I33: =TODAY() -> 46005 | L33: =ادخال1!$L$8 -> التربية الفنية | M33: =ادخال1!$L$7 -> 1 | N33: =IFERROR(VLOOKUP(S36,اسماء,11,0),"") -> جيد جداَ | P33: =IFERROR(VLOOKUP(S36,اسماء,21,0),"") -> 0 | S33: التاريخ | T33: =TODAY() -> 46005 | W33: =ادخال1!$L$8 -> التربية الفنية | X33: =ادخال1!$L$7 -> 1 | Y33: =IFERROR(VLOOKUP(AD36,اسماء,11,0),"") -> جيد جداَ | AA33: =IFERROR(VLOOKUP(AD36,اسماء,21,0),"") -> 0 | AD33: التاريخ | AE33: =TODAY() -> 46005 | AH33: =ادخال1!$L$8 -> التربية الفنية | AI33: =ادخال1!$L$7 -> 1 | AJ33: =IFERROR(VLOOKUP(AO36,اسماء,11,0),"") | AL33: =IFERROR(VLOOKUP(AO36,اسماء,21,0),"") | AO33: التاريخ | AP33: =TODAY() -> 46005
A34: =ادخال1!$M$8 -> التربية البدنية | B34: =ادخال1!$M$7 -> 2 | C34: =IFERROR(VLOOKUP(H36,اسماء,12,0),"") -> جيد جداَ | E34: =IFERROR(VLOOKUP(H36,اسماء,22,0),"") -> 0 | L34: =ادخال1!$M$8 -> التربية البدنية | M34: =ادخال1!$M$7 -> 2 | N34: =IFERROR(VLOOKUP(S36,اسماء,12,0),"") -> جيد جداَ | P34: =IFERROR(VLOOKUP(S36,اسماء,22,0),"") -> 0 | W34: =ادخال1!$M$8 -> التربية البدنية | X34: =ادخال1!$M$7 -> 2 | Y34: =IFERROR(VLOOKUP(AD36,اسماء,12,0),"") -> جيد جداَ | AA34: =IFERROR(VLOOKUP(AD36,اسماء,22,0),"") -> 0 | AH34: =ادخال1!$M$8 -> التربية البدنية | AI34: =ادخال1!$M$7 -> 2 | AJ34: =IFERROR(VLOOKUP(AO36,اسماء,12,0),"") | AL34: =IFERROR(VLOOKUP(AO36,اسماء,22,0),"")
A35: =ادخال1!$N$8 -> مكتبة | B35: =ادخال1!$N$7 -> 1 | C35: =IFERROR(VLOOKUP(H36,اسماء,13,0),"") -> 0 | E35: =IFERROR(VLOOKUP(H36,اسماء,23,0),"") -> 0 | L35: =ادخال1!$N$8 -> مكتبة | M35: =ادخال1!$N$7 -> 1 | N35: =IFERROR(VLOOKUP(S36,اسماء,13,0),"") -> 0 | P35: =IFERROR(VLOOKUP(S36,اسماء,23,0),"") -> 0 | W35: =ادخال1!$N$8 -> مكتبة | X35: =ادخال1!$N$7 -> 1 | Y35: =IFERROR(VLOOKUP(AD36,اسماء,13,0),"") -> 0 | AA35: =IFERROR(VLOOKUP(AD36,اسماء,23,0),"") -> 0 | AH35: =ادخال1!$N$8 -> مكتبة | AI35: =ادخال1!$N$7 -> 1 | AJ35: =IFERROR(VLOOKUP(AO36,اسماء,13,0),"") | AL35: =IFERROR(VLOOKUP(AO36,اسماء,23,0),"")
A36: الرقم الوطني | B36: =IFERROR(VLOOKUP(H36,اسماء,62,0),"") -> 220180172537 | C36: =IFERROR(VLOOKUP(G41,اسماء,8,0),"") | D36: =IFERROR(VLOOKUP(H41,اسماء,8,0),"") | E36: =IFERROR(VLOOKUP(I41,اسماء,8,0),"") | H36: =INDEX(عمود2,MATCH(J23,عمود1)) -> ديالا علي حمد القبائلي | L36: الرقم الوطني | M36: =IFERROR(VLOOKUP(S36,اسماء,62,0),"") -> 120180241465 | N36: =IFERROR(VLOOKUP(R41,اسماء,8,0),"") | O36: =IFERROR(VLOOKUP(S41,اسماء,8,0),"") | P36: =IFERROR(VLOOKUP(T41,اسماء,8,0),"") | S36: =INDEX(عمود2,MATCH(U23,عمود1)) -> عبدالرحمن فرج محمد المغربي | W36: الرقم الوطني | X36: =IFERROR(VLOOKUP(AD36,اسماء,62,0),"") -> 0 | Y36: =IFERROR(VLOOKUP(AC41,اسماء,8,0),"") | Z36: =IFERROR(VLOOKUP(AD41,اسماء,8,0),"") | AA36: =IFERROR(VLOOKUP(AE41,اسماء,8,0),"") | AD36: =INDEX(عمود2,MATCH(AF23,عمود1)) -> ندى علاء محمد سلطان | AH36: الرقم الوطني | AI36: =IFERROR(VLOOKUP(AO36,اسماء,62,0),"") | AJ36: =IFERROR(VLOOKUP(AN41,اسماء,8,0),"") | AK36: =IFERROR(VLOOKUP(AO41,اسماء,8,0),"") | AL36: =IFERROR(VLOOKUP(AP41,اسماء,8,0),"") | AO36: =INDEX(عمود2,MATCH(AQ23,عمود1)) -> 0
A37: الســــــلوك | C37: =IFERROR(VLOOKUP(H36,اسماء,34,0),"") -> 0 | E37: =IFERROR(VLOOKUP(H36,اسماء,35,0),"") -> 0 | H37: كل كشط أو تغيير في هذه البطاقة يلغيها. | L37: الســــــلوك | N37: =IFERROR(VLOOKUP(S36,اسماء,34,0),"") -> 0 | P37: =IFERROR(VLOOKUP(S36,اسماء,35,0),"") -> 0 | S37: كل كشط أو تغيير في هذه البطاقة يلغيها. | W37: الســــــلوك | Y37: =IFERROR(VLOOKUP(AD36,اسماء,34,0),"") -> 0 | AA37: =IFERROR(VLOOKUP(AD36,اسماء,35,0),"") -> 0 | AD37: كل كشط أو تغيير في هذه البطاقة يلغيها. | AH37: الســــــلوك | AJ37: =IFERROR(VLOOKUP(AO36,اسماء,34,0),"") | AL37: =IFERROR(VLOOKUP(AO36,اسماء,35,0),"") | AO37: كل كشط أو تغيير في هذه البطاقة يلغيها.
A38: غياب مشروع | C38: =IFERROR(VLOOKUP(H36,اسماء,37,0),"") -> 0 | E38: =IFERROR(VLOOKUP(H36,اسماء,39,0),"") -> 0 | L38: غياب مشروع | N38: =IFERROR(VLOOKUP(S36,اسماء,37,0),"") -> 0 | P38: =IFERROR(VLOOKUP(S36,اسماء,39,0),"") -> 0 | W38: غياب مشروع | Y38: =IFERROR(VLOOKUP(AD36,اسماء,37,0),"") -> 0 | AA38: =IFERROR(VLOOKUP(AD36,اسماء,39,0),"") -> 0 | AH38: غياب مشروع | AJ38: =IFERROR(VLOOKUP(AO36,اسماء,37,0),"") | AL38: =IFERROR(VLOOKUP(AO36,اسماء,39,0),"")
A39: غياب غير مشروع | C39: =IFERROR(VLOOKUP(H36,اسماء,38,0),"") -> 0 | E39: =IFERROR(VLOOKUP(H36,اسماء,40,0),"") -> 0 | L39: غياب غير مشروع | N39: =IFERROR(VLOOKUP(S36,اسماء,38,0),"") -> 0 | P39: =IFERROR(VLOOKUP(S36,اسماء,40,0),"") -> 0 | W39: غياب غير مشروع | Y39: =IFERROR(VLOOKUP(AD36,اسماء,38,0),"") -> 0 | AA39: =IFERROR(VLOOKUP(AD36,اسماء,40,0),"") -> 0 | AH39: غياب غير مشروع | AJ39: =IFERROR(VLOOKUP(AO36,اسماء,38,0),"") | AL39: =IFERROR(VLOOKUP(AO36,اسماء,40,0),"")
A40: التوقيعــــات | B40: رائــد الصف | D40: مديـر المدرسة | H40: ولي الامر | L40: التوقيعــــات | M40: رائــد الصف | O40: مديـر المدرسة | S40: ولي الامر | W40: التوقيعــــات | X40: رائــد الصف | Z40: مديـر المدرسة | AD40: ولي الامر | AH40: التوقيعــــات | AI40: رائــد الصف | AK40: مديـر المدرسة | AO40: ولي الامر
A41: الفترة الاولى | L41: الفترة الاولى | W41: الفترة الاولى | AH41: الفترة الاولى
A42: الفترة الثانية | L42: الفترة الثانية | W42: الفترة الثانية | AH42: الفترة الثانية
A44: بطاقة تقدير الدرجات للصــــف | D44: =ادخال1!$K$4 -> الثاني | F44: من التعليم الأساسي | J44: =J23+1 -> 3 | L44: بطاقة تقدير الدرجات للصــــف | O44: =ادخال1!$K$4 -> الثاني | Q44: من التعليم الأساسي | U44: =U23+1 -> 8 | W44: بطاقة تقدير الدرجات للصــــف | Z44: =ادخال1!$K$4 -> الثاني | AB44: من التعليم الأساسي | AF44: =AF23+1 -> 13 | AH44: بطاقة تقدير الدرجات للصــــف | AK44: =ادخال1!$K$4 -> الثاني | AM44: من التعليم الأساسي | AQ44: =AQ23+1 -> 18
A45: المدرسة/ | B45: =ادخال1!$B$5 -> سهول العلم للتعليم الخاص | F45: الاسم | G45: =H57 -> رؤى عبدالحميد سيد ابوبكر عبداللطيف | L45: المدرسة/ | M45: =ادخال1!$B$5 -> سهول العلم للتعليم الخاص | Q45: الاسم | R45: =S57 -> عبدالمجيد محمد عبدالمجيد عرابى | W45: المدرسة/ | X45: =ادخال1!$B$5 -> سهول العلم للتعليم الخاص | AB45: الاسم | AC45: =AD57 -> نصير نور الدين عبدالله الشاوش | AH45: المدرسة/ | AI45: =ادخال1!$B$5 -> سهول العلم للتعليم الخاص | AM45: الاسم | AN45: =AO57 -> 0
A46: الفترات | B46: عدد الحصص | C46: الفترة الأولي 30 % | E46: الفترة الثانية 30 % | H46: ملاحظــات عن نتيجة التلميذ خلال كل فترة : | L46: الفترات | M46: عدد الحصص | N46: الفترة الأولي 30 % | P46: الفترة الثانية 30 % | S46: ملاحظــات عن نتيجة التلميذ خلال كل فترة : | W46: الفترات | X46: عدد الحصص | Y46: الفترة الأولي 30 % | AA46: الفترة الثانية 30 % | AD46: ملاحظــات عن نتيجة التلميذ خلال كل فترة : | AH46: الفترات | AI46: عدد الحصص | AJ46: الفترة الأولي 30 % | AL46: الفترة الثانية 30 % | AO46: ملاحظــات عن نتيجة التلميذ خلال كل فترة :
A47: المواد الدراسية | C47: الدرجة الكبرى | D47: درجة التلميذ | E47: الدرجة الكبرى | F47: درجة التلميذ | H47: الأولي : | I47: =IF(D53=0,"",IF(AND(D48>=C48*0.4,D49>=C49*0.4,D50>=C50*0.4,D51>=C51*0.4,D52>=C52*0.4),LOOKUP(D53,'النتيجة النهائية'!$AA$6:$AB$10),"ضعيف ويحتاج الى اهتمام في المواد")) -> جيد | L47: المواد الدراسية | N47: الدرجة الكبرى | O47: درجة التلميذ | P47: الدرجة الكبرى | Q47: درجة التلميذ | S47: الأولي : | T47: =IF(O53=0,"",IF(AND(O48>=N48*0.4,O49>=N49*0.4,O50>=N50*0.4,O51>=N51*0.4,O52>=N52*0.4),LOOKUP(O53,'النتيجة النهائية'!$AA$6:$AB$10),"ضعيف ويحتاج الى اهتمام في المواد")) -> مقبول | W47: المواد الدراسية | Y47: الدرجة الكبرى | Z47: درجة التلميذ | AA47: الدرجة الكبرى | AB47: درجة التلميذ | AD47: الأولي : | AE47: =IF(Z53=0,"",IF(AND(Z48>=Y48*0.4,Z49>=Y49*0.4,Z50>=Y50*0.4,Z51>=Y51*0.4,Z52>=Y52*0.4),LOOKUP(Z53,'النتيجة النهائية'!$AA$6:$AB$10),"ضعيف ويحتاج الى اهتمام في المواد")) -> ممتاز | AH47: المواد الدراسية | AJ47: الدرجة الكبرى | AK47: درجة التلميذ | AL47: الدرجة الكبرى | AM47: درجة التلميذ | AO47: الأولي : | AP47: =IF(AK53=0,"",IF(AND(AK48>=AJ48*0.4,AK49>=AJ49*0.4,AK50>=AJ50*0.4,AK51>=AJ51*0.4,AK52>=AJ52*0.4),LOOKUP(AK53,'النتيجة النهائية'!$AA$6:$AB$10),"ضعيف ويحتاج الى اهتمام في المواد"))
A48: =ادخال1!$F$9 -> التربية الإسلامية | B48: =ادخال1!$F$7 -> 3 | C48: =40*B48*0.3 -> 36 | D48: =IFERROR(VLOOKUP(H57,اسماء,5,0),"") -> 30 | E48: =40*B48*0.3 -> 36 | F48: =IFERROR(VLOOKUP(H57,اسماء,15,0),"") -> 0 | H48: =IF(D48=0,"",IF(D48<C48*0.4,A48,"")) | I48: =IF(D49=0,"",IF(D49<C49*0.4,A49,"")) | J48: =IF(D50=0,"",IF(D50<C50*0.4,A50,"")) | L48: =ادخال1!$F$9 -> التربية الإسلامية | M48: =ادخال1!$F$7 -> 3 | N48: =40*M48*0.3 -> 36 | O48: =IFERROR(VLOOKUP(S57,اسماء,5,0),"") -> 26 | P48: =40*M48*0.3 -> 36 | Q48: =IFERROR(VLOOKUP(S57,اسماء,15,0),"") -> 0 | S48: =IF(O48=0,"",IF(O48<N48*0.4,L48,"")) | T48: =IF(O49=0,"",IF(O49<N49*0.4,L49,"")) | U48: =IF(O50=0,"",IF(O50<N50*0.4,L50,"")) | W48: =ادخال1!$F$9 -> التربية الإسلامية | X48: =ادخال1!$F$7 -> 3 | Y48: =40*X48*0.3 -> 36 | Z48: =IFERROR(VLOOKUP(AD57,اسماء,5,0),"") -> 34 | AA48: =40*X48*0.3 -> 36 | AB48: =IFERROR(VLOOKUP(AD57,اسماء,15,0),"") -> 0 | AD48: =IF(Z48=0,"",IF(Z48<Y48*0.4,W48,"")) | AE48: =IF(Z49=0,"",IF(Z49<Y49*0.4,W49,"")) | AF48: =IF(Z50=0,"",IF(Z50<Y50*0.4,W50,"")) | AH48: =ادخال1!$F$9 -> التربية الإسلامية | AI48: =ادخال1!$F$7 -> 3 | AJ48: =40*AI48*0.3 -> 36 | AK48: =IFERROR(VLOOKUP(AO57,اسماء,5,0),"") | AL48: =40*AI48*0.3 -> 36 | AM48: =IFERROR(VLOOKUP(AO57,اسماء,15,0),"") | AO48: =IF(AK48=0,"",IF(AK48<AJ48*0.4,AH48,"")) | AP48: =IF(AK49=0,"",IF(AK49<AJ49*0.4,AH49,"")) | AQ48: =IF(AK50=0,"",IF(AK50<AJ50*0.4,AH50,""))
A49: =ادخال1!$G$9 -> اللغة العربية | B49: =ادخال1!$G$7 -> 6 | C49: =40*B49*0.3 -> 72 | D49: =IFERROR(VLOOKUP(H57,اسماء,6,0),"") -> 48 | E49: =40*B49*0.3 -> 72 | F49: =IFERROR(VLOOKUP(H57,اسماء,16,0),"") -> 0 | H49: =IF(D51=0,"",IF(D51<C51*0.4,A51,"")) | I49: =IF(D52=0,"",IF(D52<C52*0.4,A52,"")) | L49: =ادخال1!$G$9 -> اللغة العربية | M49: =ادخال1!$G$7 -> 6 | N49: =40*M49*0.3 -> 72 | O49: =IFERROR(VLOOKUP(S57,اسماء,6,0),"") -> 42 | P49: =40*M49*0.3 -> 72 | Q49: =IFERROR(VLOOKUP(S57,اسماء,16,0),"") -> 0 | S49: =IF(O51=0,"",IF(O51<N51*0.4,L51,"")) | T49: =IF(O52=0,"",IF(O52<N52*0.4,L52,"")) | W49: =ادخال1!$G$9 -> اللغة العربية | X49: =ادخال1!$G$7 -> 6 | Y49: =40*X49*0.3 -> 72 | Z49: =IFERROR(VLOOKUP(AD57,اسماء,6,0),"") -> 68 | AA49: =40*X49*0.3 -> 72 | AB49: =IFERROR(VLOOKUP(AD57,اسماء,16,0),"") -> 0 | AD49: =IF(Z51=0,"",IF(Z51<Y51*0.4,W51,"")) | AE49: =IF(Z52=0,"",IF(Z52<Y52*0.4,W52,"")) | AH49: =ادخال1!$G$9 -> اللغة العربية | AI49: =ادخال1!$G$7 -> 6 | AJ49: =40*AI49*0.3 -> 72 | AK49: =IFERROR(VLOOKUP(AO57,اسماء,6,0),"") | AL49: =40*AI49*0.3 -> 72 | AM49: =IFERROR(VLOOKUP(AO57,اسماء,16,0),"") | AO49: =IF(AK51=0,"",IF(AK51<AJ51*0.4,AH51,"")) | AP49: =IF(AK52=0,"",IF(AK52<AJ52*0.4,AH52,""))
A50: =ادخال1!$H$9 -> اللغة الإنجليزية | B50: =ادخال1!$H$7 -> 3 | C50: =40*B50*0.3 -> 36 | D50: =IFERROR(VLOOKUP(H57,اسماء,7,0),"") -> 29 | E50: =40*B50*0.3 -> 36 | F50: =IFERROR(VLOOKUP(H57,اسماء,17,0),"") -> 0 | H50: الثانية :- | I50: =IF(F53=0,"",IF(AND(F48>=E48*0.4,F49>=E49*0.4,F50>=E50*0.4,F51>=E51*0.4,F52>=E52*0.4),LOOKUP(F53,'النتيجة النهائية'!$AA$6:$AB$10),"ضعيف ويحتاج الى اهتمام في المواد")) | L50: =ادخال1!$H$9 -> اللغة الإنجليزية | M50: =ادخال1!$H$7 -> 3 | N50: =40*M50*0.3 -> 36 | O50: =IFERROR(VLOOKUP(S57,اسماء,7,0),"") -> 25 | P50: =40*M50*0.3 -> 36 | Q50: =IFERROR(VLOOKUP(S57,اسماء,17,0),"") -> 0 | S50: الثانية :- | T50: =IF(Q53=0,"",IF(AND(Q48>=P48*0.4,Q49>=P49*0.4,Q50>=P50*0.4,Q51>=P51*0.4,Q52>=P52*0.4),LOOKUP(Q53,'النتيجة النهائية'!$AA$6:$AB$10),"ضعيف ويحتاج الى اهتمام في المواد")) | W50: =ادخال1!$H$9 -> اللغة الإنجليزية | X50: =ادخال1!$H$7 -> 3 | Y50: =40*X50*0.3 -> 36 | Z50: =IFERROR(VLOOKUP(AD57,اسماء,7,0),"") -> 34 | AA50: =40*X50*0.3 -> 36 | AB50: =IFERROR(VLOOKUP(AD57,اسماء,17,0),"") -> 0 | AD50: الثانية :- | AE50: =IF(AB53=0,"",IF(AND(AB48>=AA48*0.4,AB49>=AA49*0.4,AB50>=AA50*0.4,AB51>=AA51*0.4,AB52>=AA52*0.4),LOOKUP(AB53,'النتيجة النهائية'!$AA$6:$AB$10),"ضعيف ويحتاج الى اهتمام في المواد")) | AH50: =ادخال1!$H$9 -> اللغة الإنجليزية | AI50: =ادخال1!$H$7 -> 3 | AJ50: =40*AI50*0.3 -> 36 | AK50: =IFERROR(VLOOKUP(AO57,اسماء,7,0),"") | AL50: =40*AI50*0.3 -> 36 | AM50: =IFERROR(VLOOKUP(AO57,اسماء,17,0),"") | AO50: الثانية :- | AP50: =IF(AM53=0,"",IF(AND(AM48>=AL48*0.4,AM49>=AL49*0.4,AM50>=AL50*0.4,AM51>=AL51*0.4,AM52>=AL52*0.4),LOOKUP(AM53,'النتيجة النهائية'!$AA$6:$AB$10),"ضعيف ويحتاج الى اهتمام في المواد"))
A51: =ادخال1!$I$9 -> الحاسوب | B51: =ادخال1!$I$7 -> 1 | C51: =40*B51*0.3 -> 12 | D51: =IFERROR(VLOOKUP(H57,اسماء,8,0),"") -> 12 | E51: =40*B51*0.3 -> 12 | F51: =IFERROR(VLOOKUP(H57,اسماء,18,0),"") -> 0 | H51: =IF(F48=0,"",IF(F48<E48*0.4,A48,"")) | I51: =IF(F49=0,"",IF(F49<E49*0.4,A49,"")) | J51: =IF(F50=0,"",IF(F50<E50*0.4,A50,"")) | L51: =ادخال1!$I$9 -> الحاسوب | M51: =ادخال1!$I$7 -> 1 | N51: =40*M51*0.3 -> 12 | O51: =IFERROR(VLOOKUP(S57,اسماء,8,0),"") -> 10 | P51: =40*M51*0.3 -> 12 | Q51: =IFERROR(VLOOKUP(S57,اسماء,18,0),"") -> 0 | S51: =IF(Q48=0,"",IF(Q48<P48*0.4,L48,"")) | T51: =IF(Q49=0,"",IF(Q49<P49*0.4,L49,"")) | U51: =IF(Q50=0,"",IF(Q50<P50*0.4,L50,"")) | W51: =ادخال1!$I$9 -> الحاسوب | X51: =ادخال1!$I$7 -> 1 | Y51: =40*X51*0.3 -> 12 | Z51: =IFERROR(VLOOKUP(AD57,اسماء,8,0),"") -> 12 | AA51: =40*X51*0.3 -> 12 | AB51: =IFERROR(VLOOKUP(AD57,اسماء,18,0),"") -> 0 | AD51: =IF(AB48=0,"",IF(AB48<AA48*0.4,W48,"")) | AE51: =IF(AB49=0,"",IF(AB49<AA49*0.4,W49,"")) | AF51: =IF(AB50=0,"",IF(AB50<AA50*0.4,W50,"")) | AH51: =ادخال1!$I$9 -> الحاسوب | AI51: =ادخال1!$I$7 -> 1 | AJ51: =40*AI51*0.3 -> 12 | AK51: =IFERROR(VLOOKUP(AO57,اسماء,8,0),"") | AL51: =40*AI51*0.3 -> 12 | AM51: =IFERROR(VLOOKUP(AO57,اسماء,18,0),"") | AO51: =IF(AM48=0,"",IF(AM48<AL48*0.4,AH48,"")) | AP51: =IF(AM49=0,"",IF(AM49<AL49*0.4,AH49,"")) | AQ51: =IF(AM50=0,"",IF(AM50<AL50*0.4,AH50,""))
A52: =ادخال1!$J$9 -> الرياضيات | B52: =ادخال1!$J$7 -> 5 | C52: =40*B52*0.3 -> 60 | D52: =IFERROR(VLOOKUP(H57,اسماء,9,0),"") -> 24 | E52: =40*B52*0.3 -> 60 | F52: =IFERROR(VLOOKUP(H57,اسماء,19,0),"") -> 0 | H52: =IF(F51=0,"",IF(F51<E51*0.4,A51,"")) | I52: =IF(F52=0,"",IF(F52<E52*0.4,A52,"")) | L52: =ادخال1!$J$9 -> الرياضيات | M52: =ادخال1!$J$7 -> 5 | N52: =40*M52*0.3 -> 60 | O52: =IFERROR(VLOOKUP(S57,اسماء,9,0),"") -> 25 | P52: =40*M52*0.3 -> 60 | Q52: =IFERROR(VLOOKUP(S57,اسماء,19,0),"") -> 0 | S52: =IF(Q51=0,"",IF(Q51<P51*0.4,L51,"")) | T52: =IF(Q52=0,"",IF(Q52<P52*0.4,L52,"")) | W52: =ادخال1!$J$9 -> الرياضيات | X52: =ادخال1!$J$7 -> 5 | Y52: =40*X52*0.3 -> 60 | Z52: =IFERROR(VLOOKUP(AD57,اسماء,9,0),"") -> 50 | AA52: =40*X52*0.3 -> 60 | AB52: =IFERROR(VLOOKUP(AD57,اسماء,19,0),"") -> 0 | AD52: =IF(AB51=0,"",IF(AB51<AA51*0.4,W51,"")) | AE52: =IF(AB52=0,"",IF(AB52<AA52*0.4,W52,"")) | AH52: =ادخال1!$J$9 -> الرياضيات | AI52: =ادخال1!$J$7 -> 5 | AJ52: =40*AI52*0.3 -> 60 | AK52: =IFERROR(VLOOKUP(AO57,اسماء,9,0),"") | AL52: =40*AI52*0.3 -> 60 | AM52: =IFERROR(VLOOKUP(AO57,اسماء,19,0),"") | AO52: =IF(AM51=0,"",IF(AM51<AL51*0.4,AH51,"")) | AP52: =IF(AM52=0,"",IF(AM52<AL52*0.4,AH52,""))
A53: المجموع العـام | C53: =SUM(C48:C52) -> 216 | D53: =SUM(D48:D52) -> 143 | E53: =SUM(E48:E52) -> 216 | F53: =SUM(F48:F52) -> 0 | H53: مدير المدرسة/ | I53: =ادخال1!$BG$5 -> د. عبدالرحمن خليفة العريبي | L53: المجموع العـام | N53: =SUM(N48:N52) -> 216 | O53: =SUM(O48:O52) -> 128 | P53: =SUM(P48:P52) -> 216 | Q53: =SUM(Q48:Q52) -> 0 | S53: مدير المدرسة/ | T53: =ادخال1!$BG$5 -> د. عبدالرحمن خليفة العريبي | W53: المجموع العـام | Y53: =SUM(Y48:Y52) -> 216 | Z53: =SUM(Z48:Z52) -> 198 | AA53: =SUM(AA48:AA52) -> 216 | AB53: =SUM(AB48:AB52) -> 0 | AD53: مدير المدرسة/ | AE53: =ادخال1!$BG$5 -> د. عبدالرحمن خليفة العريبي | AH53: المجموع العـام | AJ53: =SUM(AJ48:AJ52) -> 216 | AK53: =SUM(AK48:AK52) -> 0 | AL53: =SUM(AL48:AL52) -> 216 | AM53: =SUM(AM48:AM52) -> 0 | AO53: مدير المدرسة/ | AP53: =ادخال1!$BG$5 -> د. عبدالرحمن خليفة العريبي
A54: =ادخال1!$L$8 -> التربية الفنية | B54: =ادخال1!$L$7 -> 1 | C54: =IFERROR(VLOOKUP(H57,اسماء,11,0),"") -> جيد جداَ | E54: =IFERROR(VLOOKUP(H57,اسماء,21,0),"") -> 0 | H54: التاريخ | I54: =TODAY() -> 46005 | L54: =ادخال1!$L$8 -> التربية الفنية | M54: =ادخال1!$L$7 -> 1 | N54: =IFERROR(VLOOKUP(S57,اسماء,11,0),"") -> جيد جداَ | P54: =IFERROR(VLOOKUP(S57,اسماء,21,0),"") -> 0 | S54: التاريخ | T54: =TODAY() -> 46005 | W54: =ادخال1!$L$8 -> التربية الفنية | X54: =ادخال1!$L$7 -> 1 | Y54: =IFERROR(VLOOKUP(AD57,اسماء,11,0),"") -> جيد جداَ | AA54: =IFERROR(VLOOKUP(AD57,اسماء,21,0),"") -> 0 | AD54: التاريخ | AE54: =TODAY() -> 46005 | AH54: =ادخال1!$L$8 -> التربية الفنية | AI54: =ادخال1!$L$7 -> 1 | AJ54: =IFERROR(VLOOKUP(AO57,اسماء,11,0),"") | AL54: =IFERROR(VLOOKUP(AO57,اسماء,21,0),"") | AO54: التاريخ | AP54: =TODAY() -> 46005
A55: =ادخال1!$M$8 -> التربية البدنية | B55: =ادخال1!$M$7 -> 2 | C55: =IFERROR(VLOOKUP(H57,اسماء,12,0),"") -> جيد جداَ | E55: =IFERROR(VLOOKUP(H57,اسماء,22,0),"") -> 0 | L55: =ادخال1!$M$8 -> التربية البدنية | M55: =ادخال1!$M$7 -> 2 | N55: =IFERROR(VLOOKUP(S57,اسماء,12,0),"") -> جيد جداَ | P55: =IFERROR(VLOOKUP(S57,اسماء,22,0),"") -> 0 | W55: =ادخال1!$M$8 -> التربية البدنية | X55: =ادخال1!$M$7 -> 2 | Y55: =IFERROR(VLOOKUP(AD57,اسماء,12,0),"") -> جيد جداَ | AA55: =IFERROR(VLOOKUP(AD57,اسماء,22,0),"") -> 0 | AH55: =ادخال1!$M$8 -> التربية البدنية | AI55: =ادخال1!$M$7 -> 2 | AJ55: =IFERROR(VLOOKUP(AO57,اسماء,12,0),"") | AL55: =IFERROR(VLOOKUP(AO57,اسماء,22,0),"")
A56: =ادخال1!$N$8 -> مكتبة | B56: =ادخال1!$N$7 -> 1 | C56: =IFERROR(VLOOKUP(H57,اسماء,13,0),"") -> 0 | E56: =IFERROR(VLOOKUP(H57,اسماء,23,0),"") -> 0 | L56: =ادخال1!$N$8 -> مكتبة | M56: =ادخال1!$N$7 -> 1 | N56: =IFERROR(VLOOKUP(S57,اسماء,13,0),"") -> 0 | P56: =IFERROR(VLOOKUP(S57,اسماء,23,0),"") -> 0 | W56: =ادخال1!$N$8 -> مكتبة | X56: =ادخال1!$N$7 -> 1 | Y56: =IFERROR(VLOOKUP(AD57,اسماء,13,0),"") -> 0 | AA56: =IFERROR(VLOOKUP(AD57,اسماء,23,0),"") -> 0 | AH56: =ادخال1!$N$8 -> مكتبة | AI56: =ادخال1!$N$7 -> 1 | AJ56: =IFERROR(VLOOKUP(AO57,اسماء,13,0),"") | AL56: =IFERROR(VLOOKUP(AO57,اسماء,23,0),"")
A57: الرقم الوطني | B57: =IFERROR(VLOOKUP(H57,اسماء,62,0),"") -> 0 | C57: =IFERROR(VLOOKUP(G62,اسماء,8,0),"") | D57: =IFERROR(VLOOKUP(H62,اسماء,8,0),"") | E57: =IFERROR(VLOOKUP(I62,اسماء,8,0),"") | H57: =INDEX(عمود2,MATCH(J44,عمود1)) -> رؤى عبدالحميد سيد ابوبكر عبداللطيف | L57: الرقم الوطني | M57: =IFERROR(VLOOKUP(S57,اسماء,62,0),"") -> 120181034240 | N57: =IFERROR(VLOOKUP(R62,اسماء,8,0),"") | O57: =IFERROR(VLOOKUP(S62,اسماء,8,0),"") | P57: =IFERROR(VLOOKUP(T62,اسماء,8,0),"") | S57: =INDEX(عمود2,MATCH(U44,عمود1)) -> عبدالمجيد محمد عبدالمجيد عرابى | W57: الرقم الوطني | X57: =IFERROR(VLOOKUP(AD57,اسماء,62,0),"") -> 120180737423 | Y57: =IFERROR(VLOOKUP(AC62,اسماء,8,0),"") | Z57: =IFERROR(VLOOKUP(AD62,اسماء,8,0),"") | AA57: =IFERROR(VLOOKUP(AE62,اسماء,8,0),"") | AD57: =INDEX(عمود2,MATCH(AF44,عمود1)) -> نصير نور الدين عبدالله الشاوش | AH57: الرقم الوطني | AI57: =IFERROR(VLOOKUP(AO57,اسماء,62,0),"") | AJ57: =IFERROR(VLOOKUP(AN62,اسماء,8,0),"") | AK57: =IFERROR(VLOOKUP(AO62,اسماء,8,0),"") | AL57: =IFERROR(VLOOKUP(AP62,اسماء,8,0),"") | AO57: =INDEX(عمود2,MATCH(AQ44,عمود1)) -> 0
A58: الســــــلوك | C58: =IFERROR(VLOOKUP(H57,اسماء,34,0),"") -> 0 | E58: =IFERROR(VLOOKUP(H57,اسماء,35,0),"") -> 0 | H58: كل كشط أو تغيير في هذه البطاقة يلغيها. | L58: الســــــلوك | N58: =IFERROR(VLOOKUP(S57,اسماء,34,0),"") -> 0 | P58: =IFERROR(VLOOKUP(S57,اسماء,35,0),"") -> 0 | S58: كل كشط أو تغيير في هذه البطاقة يلغيها. | W58: الســــــلوك | Y58: =IFERROR(VLOOKUP(AD57,اسماء,34,0),"") -> 0 | AA58: =IFERROR(VLOOKUP(AD57,اسماء,35,0),"") -> 0 | AD58: كل كشط أو تغيير في هذه البطاقة يلغيها. | AH58: الســــــلوك | AJ58: =IFERROR(VLOOKUP(AO57,اسماء,34,0),"") | AL58: =IFERROR(VLOOKUP(AO57,اسماء,35,0),"") | AO58: كل كشط أو تغيير في هذه البطاقة يلغيها.
A59: غياب مشروع | C59: =IFERROR(VLOOKUP(H57,اسماء,37,0),"") -> 0 | E59: =IFERROR(VLOOKUP(H57,اسماء,39,0),"") -> 0 | L59: غياب مشروع | N59: =IFERROR(VLOOKUP(S57,اسماء,37,0),"") -> 0 | P59: =IFERROR(VLOOKUP(S57,اسماء,39,0),"") -> 0 | W59: غياب مشروع | Y59: =IFERROR(VLOOKUP(AD57,اسماء,37,0),"") -> 0 | AA59: =IFERROR(VLOOKUP(AD57,اسماء,39,0),"") -> 0 | AH59: غياب مشروع | AJ59: =IFERROR(VLOOKUP(AO57,اسماء,37,0),"") | AL59: =IFERROR(VLOOKUP(AO57,اسماء,39,0),"")
A60: غياب غير مشروع | C60: =IFERROR(VLOOKUP(H57,اسماء,38,0),"") -> 0 | E60: =IFERROR(VLOOKUP(H57,اسماء,40,0),"") -> 0 | L60: غياب غير مشروع | N60: =IFERROR(VLOOKUP(S57,اسماء,38,0),"") -> 0 | P60: =IFERROR(VLOOKUP(S57,اسماء,40,0),"") -> 0 | W60: غياب غير مشروع | Y60: =IFERROR(VLOOKUP(AD57,اسماء,38,0),"") -> 0 | AA60: =IFERROR(VLOOKUP(AD57,اسماء,40,0),"") -> 0 | AH60: غياب غير مشروع | AJ60: =IFERROR(VLOOKUP(AO57,اسماء,38,0),"") | AL60: =IFERROR(VLOOKUP(AO57,اسماء,40,0),"")
A61: التوقيعــــات | B61: رائــد الصف | D61: مديـر المدرسة | H61: ولي الامر | L61: التوقيعــــات | M61: رائــد الصف | O61: مديـر المدرسة | S61: ولي الامر | W61: التوقيعــــات | X61: رائــد الصف | Z61: مديـر المدرسة | AD61: ولي الامر | AH61: التوقيعــــات | AI61: رائــد الصف | AK61: مديـر المدرسة | AO61: ولي الامر
A62: الفترة الاولى | L62: الفترة الاولى | W62: الفترة الاولى | AH62: الفترة الاولى
A63: الفترة الثانية | L63: الفترة الثانية | W63: الفترة الثانية | AH63: الفترة الثانية
A65: بطاقة تقدير الدرجات للصــــف | D65: =ادخال1!$K$4 -> الثاني | F65: من التعليم الأساسي | J65: =J44+1 -> 4 | L65: بطاقة تقدير الدرجات للصــــف | O65: =ادخال1!$K$4 -> الثاني | Q65: من التعليم الأساسي | U65: =U44+1 -> 9 | W65: بطاقة تقدير الدرجات للصــــف | Z65: =ادخال1!$K$4 -> الثاني | AB65: من التعليم الأساسي | AF65: =AF44+1 -> 14 | AH65: بطاقة تقدير الدرجات للصــــف | AK65: =ادخال1!$K$4 -> الثاني | AM65: من التعليم الأساسي | AQ65: =AQ44+1 -> 19
A66: المدرسة/ | B66: =ادخال1!$B$5 -> سهول العلم للتعليم الخاص | F66: الاسم | G66: =H78 -> زكريا محمد علي علي | L66: المدرسة/ | M66: =ادخال1!$B$5 -> سهول العلم للتعليم الخاص | Q66: الاسم | R66: =S78 -> قاسم عبدالمنعم موسي الشيخي | W66: المدرسة/ | X66: =ادخال1!$B$5 -> سهول العلم للتعليم الخاص | AB66: الاسم | AC66: =AD78 -> وسام خليل محمد علي المغربي | AH66: المدرسة/ | AI66: =ادخال1!$B$5 -> سهول العلم للتعليم الخاص | AM66: الاسم | AN66: =AO78 -> 0
A67: الفترات | B67: عدد الحصص | C67: الفترة الأولي 30 % | E67: الفترة الثانية 30 % | H67: ملاحظــات عن نتيجة التلميذ خلال كل فترة : | L67: الفترات | M67: عدد الحصص | N67: الفترة الأولي 30 % | P67: الفترة الثانية 30 % | S67: ملاحظــات عن نتيجة التلميذ خلال كل فترة : | W67: الفترات | X67: عدد الحصص | Y67: الفترة الأولي 30 % | AA67: الفترة الثانية 30 % | AD67: ملاحظــات عن نتيجة التلميذ خلال كل فترة : | AH67: الفترات | AI67: عدد الحصص | AJ67: الفترة الأولي 30 % | AL67: الفترة الثانية 30 % | AO67: ملاحظــات عن نتيجة التلميذ خلال كل فترة :
A68: المواد الدراسية | C68: الدرجة الكبرى | D68: درجة التلميذ | E68: الدرجة الكبرى | F68: درجة التلميذ | H68: الأولي : | I68: =IF(D74=0,"",IF(AND(D69>=C69*0.4,D70>=C70*0.4,D71>=C71*0.4,D72>=C72*0.4,D73>=C73*0.4),LOOKUP(D74,'النتيجة النهائية'!$AA$6:$AB$10),"ضعيف ويحتاج الى اهتمام في المواد")) -> ممتاز | L68: المواد الدراسية | N68: الدرجة الكبرى | O68: درجة التلميذ | P68: الدرجة الكبرى | Q68: درجة التلميذ | S68: الأولي : | T68: =IF(O74=0,"",IF(AND(O69>=N69*0.4,O70>=N70*0.4,O71>=N71*0.4,O72>=N72*0.4,O73>=N73*0.4),LOOKUP(O74,'النتيجة النهائية'!$AA$6:$AB$10),"ضعيف ويحتاج الى اهتمام في المواد")) -> ممتاز | W68: المواد الدراسية | Y68: الدرجة الكبرى | Z68: درجة التلميذ | AA68: الدرجة الكبرى | AB68: درجة التلميذ | AD68: الأولي : | AE68: =IF(Z74=0,"",IF(AND(Z69>=Y69*0.4,Z70>=Y70*0.4,Z71>=Y71*0.4,Z72>=Y72*0.4,Z73>=Y73*0.4),LOOKUP(Z74,'النتيجة النهائية'!$AA$6:$AB$10),"ضعيف ويحتاج الى اهتمام في المواد")) -> ممتاز | AH68: المواد الدراسية | AJ68: الدرجة الكبرى | AK68: درجة التلميذ | AL68: الدرجة الكبرى | AM68: درجة التلميذ | AO68: الأولي : | AP68: =IF(AK74=0,"",IF(AND(AK69>=AJ69*0.4,AK70>=AJ70*0.4,AK71>=AJ71*0.4,AK72>=AJ72*0.4,AK73>=AJ73*0.4),LOOKUP(AK74,'النتيجة النهائية'!$AA$6:$AB$10),"ضعيف ويحتاج الى اهتمام في المواد"))
A69: =ادخال1!$F$9 -> التربية الإسلامية | B69: =ادخال1!$F$7 -> 3 | C69: =40*B69*0.3 -> 36 | D69: =IFERROR(VLOOKUP(H78,اسماء,5,0),"") -> 36 | E69: =40*B69*0.3 -> 36 | F69: =IFERROR(VLOOKUP(H78,اسماء,15,0),"") -> 0 | H69: =IF(D69=0,"",IF(D69<C69*0.4,A69,"")) | I69: =IF(D70=0,"",IF(D70<C70*0.4,A70,"")) | J69: =IF(D71=0,"",IF(D71<C71*0.4,A71,"")) | L69: =ادخال1!$F$9 -> التربية الإسلامية | M69: =ادخال1!$F$7 -> 3 | N69: =40*M69*0.3 -> 36 | O69: =IFERROR(VLOOKUP(S78,اسماء,5,0),"") -> 35 | P69: =40*M69*0.3 -> 36 | Q69: =IFERROR(VLOOKUP(S78,اسماء,15,0),"") -> 0 | S69: =IF(O69=0,"",IF(O69<N69*0.4,L69,"")) | T69: =IF(O70=0,"",IF(O70<N70*0.4,L70,"")) | U69: =IF(O71=0,"",IF(O71<N71*0.4,L71,"")) | W69: =ادخال1!$F$9 -> التربية الإسلامية | X69: =ادخال1!$F$7 -> 3 | Y69: =40*X69*0.3 -> 36 | Z69: =IFERROR(VLOOKUP(AD78,اسماء,5,0),"") -> 34 | AA69: =40*X69*0.3 -> 36 | AB69: =IFERROR(VLOOKUP(AD78,اسماء,15,0),"") -> 0 | AD69: =IF(Z69=0,"",IF(Z69<Y69*0.4,W69,"")) | AE69: =IF(Z70=0,"",IF(Z70<Y70*0.4,W70,"")) | AF69: =IF(Z71=0,"",IF(Z71<Y71*0.4,W71,"")) | AH69: =ادخال1!$F$9 -> التربية الإسلامية | AI69: =ادخال1!$F$7 -> 3 | AJ69: =40*AI69*0.3 -> 36 | AK69: =IFERROR(VLOOKUP(AO78,اسماء,5,0),"") | AL69: =40*AI69*0.3 -> 36 | AM69: =IFERROR(VLOOKUP(AO78,اسماء,15,0),"") | AO69: =IF(AK69=0,"",IF(AK69<AJ69*0.4,AH69,"")) | AP69: =IF(AK70=0,"",IF(AK70<AJ70*0.4,AH70,"")) | AQ69: =IF(AK71=0,"",IF(AK71<AJ71*0.4,AH71,""))
A70: =ادخال1!$G$9 -> اللغة العربية | B70: =ادخال1!$G$7 -> 6 | C70: =40*B70*0.3 -> 72 | D70: =IFERROR(VLOOKUP(H78,اسماء,6,0),"") -> 69 | E70: =40*B70*0.3 -> 72 | F70: =IFERROR(VLOOKUP(H78,اسماء,16,0),"") -> 0 | H70: =IF(D72=0,"",IF(D72<C72*0.4,A72,"")) | I70: =IF(D73=0,"",IF(D73<C73*0.4,A73,"")) | L70: =ادخال1!$G$9 -> اللغة العربية | M70: =ادخال1!$G$7 -> 6 | N70: =40*M70*0.3 -> 72 | O70: =IFERROR(VLOOKUP(S78,اسماء,6,0),"") -> 68 | P70: =40*M70*0.3 -> 72 | Q70: =IFERROR(VLOOKUP(S78,اسماء,16,0),"") -> 0 | S70: =IF(O72=0,"",IF(O72<N72*0.4,L72,"")) | T70: =IF(O73=0,"",IF(O73<N73*0.4,L73,"")) | W70: =ادخال1!$G$9 -> اللغة العربية | X70: =ادخال1!$G$7 -> 6 | Y70: =40*X70*0.3 -> 72 | Z70: =IFERROR(VLOOKUP(AD78,اسماء,6,0),"") -> 64 | AA70: =40*X70*0.3 -> 72 | AB70: =IFERROR(VLOOKUP(AD78,اسماء,16,0),"") -> 0 | AD70: =IF(Z72=0,"",IF(Z72<Y72*0.4,W72,"")) | AE70: =IF(Z73=0,"",IF(Z73<Y73*0.4,W73,"")) | AH70: =ادخال1!$G$9 -> اللغة العربية | AI70: =ادخال1!$G$7 -> 6 | AJ70: =40*AI70*0.3 -> 72 | AK70: =IFERROR(VLOOKUP(AO78,اسماء,6,0),"") | AL70: =40*AI70*0.3 -> 72 | AM70: =IFERROR(VLOOKUP(AO78,اسماء,16,0),"") | AO70: =IF(AK72=0,"",IF(AK72<AJ72*0.4,AH72,"")) | AP70: =IF(AK73=0,"",IF(AK73<AJ73*0.4,AH73,""))
A71: =ادخال1!$H$9 -> اللغة الإنجليزية | B71: =ادخال1!$H$7 -> 3 | C71: =40*B71*0.3 -> 36 | D71: =IFERROR(VLOOKUP(H78,اسماء,7,0),"") -> 35 | E71: =40*B71*0.3 -> 36 | F71: =IFERROR(VLOOKUP(H78,اسماء,17,0),"") -> 0 | H71: الثانية :- | I71: =IF(F74=0,"",IF(AND(F69>=E69*0.4,F70>=E70*0.4,F71>=E71*0.4,F72>=E72*0.4,F73>=E73*0.4),LOOKUP(F74,'النتيجة النهائية'!$AA$6:$AB$10),"ضعيف ويحتاج الى اهتمام في المواد")) | L71: =ادخال1!$H$9 -> اللغة الإنجليزية | M71: =ادخال1!$H$7 -> 3 | N71: =40*M71*0.3 -> 36 | O71: =IFERROR(VLOOKUP(S78,اسماء,7,0),"") -> 36 | P71: =40*M71*0.3 -> 36 | Q71: =IFERROR(VLOOKUP(S78,اسماء,17,0),"") -> 0 | S71: الثانية :- | T71: =IF(Q74=0,"",IF(AND(Q69>=P69*0.4,Q70>=P70*0.4,Q71>=P71*0.4,Q72>=P72*0.4,Q73>=P73*0.4),LOOKUP(Q74,'النتيجة النهائية'!$AA$6:$AB$10),"ضعيف ويحتاج الى اهتمام في المواد")) | W71: =ادخال1!$H$9 -> اللغة الإنجليزية | X71: =ادخال1!$H$7 -> 3 | Y71: =40*X71*0.3 -> 36 | Z71: =IFERROR(VLOOKUP(AD78,اسماء,7,0),"") -> 35 | AA71: =40*X71*0.3 -> 36 | AB71: =IFERROR(VLOOKUP(AD78,اسماء,17,0),"") -> 0 | AD71: الثانية :- | AE71: =IF(AB74=0,"",IF(AND(AB69>=AA69*0.4,AB70>=AA70*0.4,AB71>=AA71*0.4,AB72>=AA72*0.4,AB73>=AA73*0.4),LOOKUP(AB74,'النتيجة النهائية'!$AA$6:$AB$10),"ضعيف ويحتاج الى اهتمام في المواد")) | AH71: =ادخال1!$H$9 -> اللغة الإنجليزية | AI71: =ادخال1!$H$7 -> 3 | AJ71: =40*AI71*0.3 -> 36 | AK71: =IFERROR(VLOOKUP(AO78,اسماء,7,0),"") | AL71: =40*AI71*0.3 -> 36 | AM71: =IFERROR(VLOOKUP(AO78,اسماء,17,0),"") | AO71: الثانية :- | AP71: =IF(AM74=0,"",IF(AND(AM69>=AL69*0.4,AM70>=AL70*0.4,AM71>=AL71*0.4,AM72>=AL72*0.4,AM73>=AL73*0.4),LOOKUP(AM74,'النتيجة النهائية'!$AA$6:$AB$10),"ضعيف ويحتاج الى اهتمام في المواد"))
A72: =ادخال1!$I$9 -> الحاسوب | B72: =ادخال1!$I$7 -> 1 | C72: =40*B72*0.3 -> 12 | D72: =IFERROR(VLOOKUP(H78,اسماء,8,0),"") -> 12 | E72: =40*B72*0.3 -> 12 | F72: =IFERROR(VLOOKUP(H78,اسماء,18,0),"") -> 0 | H72: =IF(F69=0,"",IF(F69<E69*0.4,A69,"")) | I72: =IF(F70=0,"",IF(F70<E70*0.4,A70,"")) | J72: =IF(F71=0,"",IF(F71<E71*0.4,A71,"")) | L72: =ادخال1!$I$9 -> الحاسوب | M72: =ادخال1!$I$7 -> 1 | N72: =40*M72*0.3 -> 12 | O72: =IFERROR(VLOOKUP(S78,اسماء,8,0),"") -> 12 | P72: =40*M72*0.3 -> 12 | Q72: =IFERROR(VLOOKUP(S78,اسماء,18,0),"") -> 0 | S72: =IF(Q69=0,"",IF(Q69<P69*0.4,L69,"")) | T72: =IF(Q70=0,"",IF(Q70<P70*0.4,L70,"")) | U72: =IF(Q71=0,"",IF(Q71<P71*0.4,L71,"")) | W72: =ادخال1!$I$9 -> الحاسوب | X72: =ادخال1!$I$7 -> 1 | Y72: =40*X72*0.3 -> 12 | Z72: =IFERROR(VLOOKUP(AD78,اسماء,8,0),"") -> 12 | AA72: =40*X72*0.3 -> 12 | AB72: =IFERROR(VLOOKUP(AD78,اسماء,18,0),"") -> 0 | AD72: =IF(AB69=0,"",IF(AB69<AA69*0.4,W69,"")) | AE72: =IF(AB70=0,"",IF(AB70<AA70*0.4,W70,"")) | AF72: =IF(AB71=0,"",IF(AB71<AA71*0.4,W71,"")) | AH72: =ادخال1!$I$9 -> الحاسوب | AI72: =ادخال1!$I$7 -> 1 | AJ72: =40*AI72*0.3 -> 12 | AK72: =IFERROR(VLOOKUP(AO78,اسماء,8,0),"") | AL72: =40*AI72*0.3 -> 12 | AM72: =IFERROR(VLOOKUP(AO78,اسماء,18,0),"") | AO72: =IF(AM69=0,"",IF(AM69<AL69*0.4,AH69,"")) | AP72: =IF(AM70=0,"",IF(AM70<AL70*0.4,AH70,"")) | AQ72: =IF(AM71=0,"",IF(AM71<AL71*0.4,AH71,""))
A73: =ادخال1!$J$9 -> الرياضيات | B73: =ادخال1!$J$7 -> 5 | C73: =40*B73*0.3 -> 60 | D73: =IFERROR(VLOOKUP(H78,اسماء,9,0),"") -> 60 | E73: =40*B73*0.3 -> 60 | F73: =IFERROR(VLOOKUP(H78,اسماء,19,0),"") -> 0 | H73: =IF(F72=0,"",IF(F72<E72*0.4,A72,"")) | I73: =IF(F73=0,"",IF(F73<E73*0.4,A73,"")) | L73: =ادخال1!$J$9 -> الرياضيات | M73: =ادخال1!$J$7 -> 5 | N73: =40*M73*0.3 -> 60 | O73: =IFERROR(VLOOKUP(S78,اسماء,9,0),"") -> 60 | P73: =40*M73*0.3 -> 60 | Q73: =IFERROR(VLOOKUP(S78,اسماء,19,0),"") -> 0 | S73: =IF(Q72=0,"",IF(Q72<P72*0.4,L72,"")) | T73: =IF(Q73=0,"",IF(Q73<P73*0.4,L73,"")) | W73: =ادخال1!$J$9 -> الرياضيات | X73: =ادخال1!$J$7 -> 5 | Y73: =40*X73*0.3 -> 60 | Z73: =IFERROR(VLOOKUP(AD78,اسماء,9,0),"") -> 59 | AA73: =40*X73*0.3 -> 60 | AB73: =IFERROR(VLOOKUP(AD78,اسماء,19,0),"") -> 0 | AD73: =IF(AB72=0,"",IF(AB72<AA72*0.4,W72,"")) | AE73: =IF(AB73=0,"",IF(AB73<AA73*0.4,W73,"")) | AH73: =ادخال1!$J$9 -> الرياضيات | AI73: =ادخال1!$J$7 -> 5 | AJ73: =40*AI73*0.3 -> 60 | AK73: =IFERROR(VLOOKUP(AO78,اسماء,9,0),"") | AL73: =40*AI73*0.3 -> 60 | AM73: =IFERROR(VLOOKUP(AO78,اسماء,19,0),"") | AO73: =IF(AM72=0,"",IF(AM72<AL72*0.4,AH72,"")) | AP73: =IF(AM73=0,"",IF(AM73<AL73*0.4,AH73,""))
A74: المجموع العـام | C74: =SUM(C69:C73) -> 216 | D74: =SUM(D69:D73) -> 212 | E74: =SUM(E69:E73) -> 216 | F74: =SUM(F69:F73) -> 0 | H74: مدير المدرسة/ | I74: =ادخال1!$BG$5 -> د. عبدالرحمن خليفة العريبي | L74: المجموع العـام | N74: =SUM(N69:N73) -> 216 | O74: =SUM(O69:O73) -> 211 | P74: =SUM(P69:P73) -> 216 | Q74: =SUM(Q69:Q73) -> 0 | S74: مدير المدرسة/ | T74: =ادخال1!$BG$5 -> د. عبدالرحمن خليفة العريبي | W74: المجموع العـام | Y74: =SUM(Y69:Y73) -> 216 | Z74: =SUM(Z69:Z73) -> 204 | AA74: =SUM(AA69:AA73) -> 216 | AB74: =SUM(AB69:AB73) -> 0 | AD74: مدير المدرسة/ | AE74: =ادخال1!$BG$5 -> د. عبدالرحمن خليفة العريبي | AH74: المجموع العـام | AJ74: =SUM(AJ69:AJ73) -> 216 | AK74: =SUM(AK69:AK73) -> 0 | AL74: =SUM(AL69:AL73) -> 216 | AM74: =SUM(AM69:AM73) -> 0 | AO74: مدير المدرسة/ | AP74: =ادخال1!$BG$5 -> د. عبدالرحمن خليفة العريبي
A75: =ادخال1!$L$8 -> التربية الفنية | B75: =ادخال1!$L$7 -> 1 | C75: =IFERROR(VLOOKUP(H78,اسماء,11,0),"") -> جيد جداَ | E75: =IFERROR(VLOOKUP(H78,اسماء,21,0),"") -> 0 | H75: التاريخ | I75: =TODAY() -> 46005 | L75: =ادخال1!$L$8 -> التربية الفنية | M75: =ادخال1!$L$7 -> 1 | N75: =IFERROR(VLOOKUP(S78,اسماء,11,0),"") -> جيد جداَ | P75: =IFERROR(VLOOKUP(S78,اسماء,21,0),"") -> 0 | S75: التاريخ | T75: =TODAY() -> 46005 | W75: =ادخال1!$L$8 -> التربية الفنية | X75: =ادخال1!$L$7 -> 1 | Y75: =IFERROR(VLOOKUP(AD78,اسماء,11,0),"") -> جيد جداَ | AA75: =IFERROR(VLOOKUP(AD78,اسماء,21,0),"") -> 0 | AD75: التاريخ | AE75: =TODAY() -> 46005 | AH75: =ادخال1!$L$8 -> التربية الفنية | AI75: =ادخال1!$L$7 -> 1 | AJ75: =IFERROR(VLOOKUP(AO78,اسماء,11,0),"") | AL75: =IFERROR(VLOOKUP(AO78,اسماء,21,0),"") | AO75: التاريخ | AP75: =TODAY() -> 46005
A76: =ادخال1!$M$8 -> التربية البدنية | B76: =ادخال1!$M$7 -> 2 | C76: =IFERROR(VLOOKUP(H78,اسماء,12,0),"") -> جيد جداَ | E76: =IFERROR(VLOOKUP(H78,اسماء,22,0),"") -> 0 | L76: =ادخال1!$M$8 -> التربية البدنية | M76: =ادخال1!$M$7 -> 2 | N76: =IFERROR(VLOOKUP(S78,اسماء,12,0),"") -> جيد جداَ | P76: =IFERROR(VLOOKUP(S78,اسماء,22,0),"") -> 0 | W76: =ادخال1!$M$8 -> التربية البدنية | X76: =ادخال1!$M$7 -> 2 | Y76: =IFERROR(VLOOKUP(AD78,اسماء,12,0),"") -> جيد جداَ | AA76: =IFERROR(VLOOKUP(AD78,اسماء,22,0),"") -> 0 | AH76: =ادخال1!$M$8 -> التربية البدنية | AI76: =ادخال1!$M$7 -> 2 | AJ76: =IFERROR(VLOOKUP(AO78,اسماء,12,0),"") | AL76: =IFERROR(VLOOKUP(AO78,اسماء,22,0),"")
A77: =ادخال1!$N$8 -> مكتبة | B77: =ادخال1!$N$7 -> 1 | C77: =IFERROR(VLOOKUP(H78,اسماء,13,0),"") -> 0 | E77: =IFERROR(VLOOKUP(H78,اسماء,23,0),"") -> 0 | L77: =ادخال1!$N$8 -> مكتبة | M77: =ادخال1!$N$7 -> 1 | N77: =IFERROR(VLOOKUP(S78,اسماء,13,0),"") -> 0 | P77: =IFERROR(VLOOKUP(S78,اسماء,23,0),"") -> 0 | W77: =ادخال1!$N$8 -> مكتبة | X77: =ادخال1!$N$7 -> 1 | Y77: =IFERROR(VLOOKUP(AD78,اسماء,13,0),"") -> 0 | AA77: =IFERROR(VLOOKUP(AD78,اسماء,23,0),"") -> 0 | AH77: =ادخال1!$N$8 -> مكتبة | AI77: =ادخال1!$N$7 -> 1 | AJ77: =IFERROR(VLOOKUP(AO78,اسماء,13,0),"") | AL77: =IFERROR(VLOOKUP(AO78,اسماء,23,0),"")
A78: الرقم الوطني | B78: =IFERROR(VLOOKUP(H78,اسماء,62,0),"") -> 120181209020 | C78: =IFERROR(VLOOKUP(G83,اسماء,8,0),"") | D78: =IFERROR(VLOOKUP(H83,اسماء,8,0),"") | E78: =IFERROR(VLOOKUP(I83,اسماء,8,0),"") | H78: =INDEX(عمود2,MATCH(J65,عمود1)) -> زكريا محمد علي علي | L78: الرقم الوطني | M78: =IFERROR(VLOOKUP(S78,اسماء,62,0),"") -> 120181204148 | N78: =IFERROR(VLOOKUP(R83,اسماء,8,0),"") | O78: =IFERROR(VLOOKUP(S83,اسماء,8,0),"") | P78: =IFERROR(VLOOKUP(T83,اسماء,8,0),"") | S78: =INDEX(عمود2,MATCH(U65,عمود1)) -> قاسم عبدالمنعم موسي الشيخي | W78: الرقم الوطني | X78: =IFERROR(VLOOKUP(AD78,اسماء,62,0),"") -> 120180783129 | Y78: =IFERROR(VLOOKUP(AC83,اسماء,8,0),"") | Z78: =IFERROR(VLOOKUP(AD83,اسماء,8,0),"") | AA78: =IFERROR(VLOOKUP(AE83,اسماء,8,0),"") | AD78: =INDEX(عمود2,MATCH(AF65,عمود1)) -> وسام خليل محمد علي المغربي | AH78: الرقم الوطني | AI78: =IFERROR(VLOOKUP(AO78,اسماء,62,0),"") | AJ78: =IFERROR(VLOOKUP(AN83,اسماء,8,0),"") | AK78: =IFERROR(VLOOKUP(AO83,اسماء,8,0),"") | AL78: =IFERROR(VLOOKUP(AP83,اسماء,8,0),"") | AO78: =INDEX(عمود2,MATCH(AQ65,عمود1)) -> 0
A79: الســــــلوك | C79: =IFERROR(VLOOKUP(H78,اسماء,34,0),"") -> 0 | E79: =IFERROR(VLOOKUP(H78,اسماء,35,0),"") -> 0 | H79: كل كشط أو تغيير في هذه البطاقة يلغيها. | L79: الســــــلوك | N79: =IFERROR(VLOOKUP(S78,اسماء,34,0),"") -> 0 | P79: =IFERROR(VLOOKUP(S78,اسماء,35,0),"") -> 0 | S79: كل كشط أو تغيير في هذه البطاقة يلغيها. | W79: الســــــلوك | Y79: =IFERROR(VLOOKUP(AD78,اسماء,34,0),"") -> 0 | AA79: =IFERROR(VLOOKUP(AD78,اسماء,35,0),"") -> 0 | AD79: كل كشط أو تغيير في هذه البطاقة يلغيها. | AH79: الســــــلوك | AJ79: =IFERROR(VLOOKUP(AO78,اسماء,34,0),"") | AL79: =IFERROR(VLOOKUP(AO78,اسماء,35,0),"") | AO79: كل كشط أو تغيير في هذه البطاقة يلغيها.
A80: غياب مشروع | C80: =IFERROR(VLOOKUP(H78,اسماء,37,0),"") -> 0 | E80: =IFERROR(VLOOKUP(H78,اسماء,39,0),"") -> 0 | L80: غياب مشروع | N80: =IFERROR(VLOOKUP(S78,اسماء,37,0),"") -> 0 | P80: =IFERROR(VLOOKUP(S78,اسماء,39,0),"") -> 0 | W80: غياب مشروع | Y80: =IFERROR(VLOOKUP(AD78,اسماء,37,0),"") -> 0 | AA80: =IFERROR(VLOOKUP(AD78,اسماء,39,0),"") -> 0 | AH80: غياب مشروع | AJ80: =IFERROR(VLOOKUP(AO78,اسماء,37,0),"") | AL80: =IFERROR(VLOOKUP(AO78,اسماء,39,0),"")
A81: غياب غير مشروع | C81: =IFERROR(VLOOKUP(H78,اسماء,38,0),"") -> 0 | E81: =IFERROR(VLOOKUP(H78,اسماء,40,0),"") -> 0 | L81: غياب غير مشروع | N81: =IFERROR(VLOOKUP(S78,اسماء,38,0),"") -> 0 | P81: =IFERROR(VLOOKUP(S78,اسماء,40,0),"") -> 0 | W81: غياب غير مشروع | Y81: =IFERROR(VLOOKUP(AD78,اسماء,38,0),"") -> 0 | AA81: =IFERROR(VLOOKUP(AD78,اسماء,40,0),"") -> 0 | AH81: غياب غير مشروع | AJ81: =IFERROR(VLOOKUP(AO78,اسماء,38,0),"") | AL81: =IFERROR(VLOOKUP(AO78,اسماء,40,0),"")
A82: التوقيعــــات | B82: رائــد الصف | D82: مديـر المدرسة | H82: ولي الامر | L82: التوقيعــــات | M82: رائــد الصف | O82: مديـر المدرسة | S82: ولي الامر | W82: التوقيعــــات | X82: رائــد الصف | Z82: مديـر المدرسة | AD82: ولي الامر | AH82: التوقيعــــات | AI82: رائــد الصف | AK82: مديـر المدرسة | AO82: ولي الامر
A83: الفترة الاولى | L83: الفترة الاولى | W83: الفترة الاولى | AH83: الفترة الاولى
A84: الفترة الثانية | L84: الفترة الثانية | W84: الفترة الثانية | AH84: الفترة الثانية
A86: بطاقة تقدير الدرجات للصــــف | D86: =ادخال1!$K$4 -> الثاني | F86: من التعليم الأساسي | J86: =J65+1 -> 5 | L86: بطاقة تقدير الدرجات للصــــف | O86: =ادخال1!$K$4 -> الثاني | Q86: من التعليم الأساسي | U86: =U65+1 -> 10 | W86: بطاقة تقدير الدرجات للصــــف | Z86: =ادخال1!$K$4 -> الثاني | AB86: من التعليم الأساسي | AF86: =AF65+1 -> 15 | AH86: بطاقة تقدير الدرجات للصــــف | AK86: =ادخال1!$K$4 -> الثاني | AM86: من التعليم الأساسي | AQ86: =AQ65+1 -> 20
A87: المدرسة/ | B87: =ادخال1!$B$5 -> سهول العلم للتعليم الخاص | F87: الاسم | G87: =H99 -> سارة ضياء محمد الترهونى | L87: المدرسة/ | M87: =ادخال1!$B$5 -> سهول العلم للتعليم الخاص | Q87: الاسم | R87: =S99 -> مثاب نورالدين احمد الديب | W87: المدرسة/ | X87: =ادخال1!$B$5 -> سهول العلم للتعليم الخاص | AB87: الاسم | AC87: =AD99 -> 0 | AH87: المدرسة/ | AI87: =ادخال1!$B$5 -> سهول العلم للتعليم الخاص | AM87: الاسم | AN87: =AO99 -> 0
A88: الفترات | B88: عدد الحصص | C88: الفترة الأولي 30 % | E88: الفترة الثانية 30 % | H88: ملاحظــات عن نتيجة التلميذ خلال كل فترة : | L88: الفترات | M88: عدد الحصص | N88: الفترة الأولي 30 % | P88: الفترة الثانية 30 % | S88: ملاحظــات عن نتيجة التلميذ خلال كل فترة : | W88: الفترات | X88: عدد الحصص | Y88: الفترة الأولي 30 % | AA88: الفترة الثانية 30 % | AD88: ملاحظــات عن نتيجة التلميذ خلال كل فترة : | AH88: الفترات | AI88: عدد الحصص | AJ88: الفترة الأولي 30 % | AL88: الفترة الثانية 30 % | AO88: ملاحظــات عن نتيجة التلميذ خلال كل فترة :
A89: المواد الدراسية | C89: الدرجة الكبرى | D89: درجة التلميذ | E89: الدرجة الكبرى | F89: درجة التلميذ | H89: الأولي : | I89: =IF(D95=0,"",IF(AND(D90>=C90*0.4,D91>=C91*0.4,D92>=C92*0.4,D93>=C93*0.4,D94>=C94*0.4),LOOKUP(D95,'النتيجة النهائية'!$AA$6:$AB$10),"ضعيف ويحتاج الى اهتمام في المواد")) -> ممتاز | L89: المواد الدراسية | N89: الدرجة الكبرى | O89: درجة التلميذ | P89: الدرجة الكبرى | Q89: درجة التلميذ | S89: الأولي : | T89: =IF(O95=0,"",IF(AND(O90>=N90*0.4,O91>=N91*0.4,O92>=N92*0.4,O93>=N93*0.4,O94>=N94*0.4),LOOKUP(O95,'النتيجة النهائية'!$AA$6:$AB$10),"ضعيف ويحتاج الى اهتمام في المواد")) -> ممتاز | W89: المواد الدراسية | Y89: الدرجة الكبرى | Z89: درجة التلميذ | AA89: الدرجة الكبرى | AB89: درجة التلميذ | AD89: الأولي : | AE89: =IF(Z95=0,"",IF(AND(Z90>=Y90*0.4,Z91>=Y91*0.4,Z92>=Y92*0.4,Z93>=Y93*0.4,Z94>=Y94*0.4),LOOKUP(Z95,'النتيجة النهائية'!$AA$6:$AB$10),"ضعيف ويحتاج الى اهتمام في المواد")) | AH89: المواد الدراسية | AJ89: الدرجة الكبرى | AK89: درجة التلميذ | AL89: الدرجة الكبرى | AM89: درجة التلميذ | AO89: الأولي : | AP89: =IF(AK95=0,"",IF(AND(AK90>=AJ90*0.4,AK91>=AJ91*0.4,AK92>=AJ92*0.4,AK93>=AJ93*0.4,AK94>=AJ94*0.4),LOOKUP(AK95,'النتيجة النهائية'!$AA$6:$AB$10),"ضعيف ويحتاج الى اهتمام في المواد"))
A90: =ادخال1!$F$9 -> التربية الإسلامية | B90: =ادخال1!$F$7 -> 3 | C90: =40*B90*0.3 -> 36 | D90: =IFERROR(VLOOKUP(H99,اسماء,5,0),"") -> 32 | E90: =40*B90*0.3 -> 36 | F90: =IFERROR(VLOOKUP(H99,اسماء,15,0),"") -> 0 | H90: =IF(D90=0,"",IF(D90<C90*0.4,A90,"")) | I90: =IF(D91=0,"",IF(D91<C91*0.4,A91,"")) | J90: =IF(D92=0,"",IF(D92<C92*0.4,A92,"")) | L90: =ادخال1!$F$9 -> التربية الإسلامية | M90: =ادخال1!$F$7 -> 3 | N90: =40*M90*0.3 -> 36 | O90: =IFERROR(VLOOKUP(S99,اسماء,5,0),"") -> 34 | P90: =40*M90*0.3 -> 36 | Q90: =IFERROR(VLOOKUP(S99,اسماء,15,0),"") -> 0 | S90: =IF(O90=0,"",IF(O90<N90*0.4,L90,"")) | T90: =IF(O91=0,"",IF(O91<N91*0.4,L91,"")) | U90: =IF(O92=0,"",IF(O92<N92*0.4,L92,"")) | W90: =ادخال1!$F$9 -> التربية الإسلامية | X90: =ادخال1!$F$7 -> 3 | Y90: =40*X90*0.3 -> 36 | Z90: =IFERROR(VLOOKUP(AD99,اسماء,5,0),"") | AA90: =40*X90*0.3 -> 36 | AB90: =IFERROR(VLOOKUP(AD99,اسماء,15,0),"") | AD90: =IF(Z90=0,"",IF(Z90<Y90*0.4,W90,"")) | AE90: =IF(Z91=0,"",IF(Z91<Y91*0.4,W91,"")) | AF90: =IF(Z92=0,"",IF(Z92<Y92*0.4,W92,"")) | AH90: =ادخال1!$F$9 -> التربية الإسلامية | AI90: =ادخال1!$F$7 -> 3 | AJ90: =40*AI90*0.3 -> 36 | AK90: =IFERROR(VLOOKUP(AO99,اسماء,5,0),"") | AL90: =40*AI90*0.3 -> 36 | AM90: =IFERROR(VLOOKUP(AO99,اسماء,15,0),"") | AO90: =IF(AK90=0,"",IF(AK90<AJ90*0.4,AH90,"")) | AP90: =IF(AK91=0,"",IF(AK91<AJ91*0.4,AH91,"")) | AQ90: =IF(AK92=0,"",IF(AK92<AJ92*0.4,AH92,""))
A91: =ادخال1!$G$9 -> اللغة العربية | B91: =ادخال1!$G$7 -> 6 | C91: =40*B91*0.3 -> 72 | D91: =IFERROR(VLOOKUP(H99,اسماء,6,0),"") -> 64 | E91: =40*B91*0.3 -> 72 | F91: =IFERROR(VLOOKUP(H99,اسماء,16,0),"") -> 0 | H91: =IF(D93=0,"",IF(D93<C93*0.4,A93,"")) | I91: =IF(D94=0,"",IF(D94<C94*0.4,A94,"")) | L91: =ادخال1!$G$9 -> اللغة العربية | M91: =ادخال1!$G$7 -> 6 | N91: =40*M91*0.3 -> 72 | O91: =IFERROR(VLOOKUP(S99,اسماء,6,0),"") -> 70 | P91: =40*M91*0.3 -> 72 | Q91: =IFERROR(VLOOKUP(S99,اسماء,16,0),"") -> 0 | S91: =IF(O93=0,"",IF(O93<N93*0.4,L93,"")) | T91: =IF(O94=0,"",IF(O94<N94*0.4,L94,"")) | W91: =ادخال1!$G$9 -> اللغة العربية | X91: =ادخال1!$G$7 -> 6 | Y91: =40*X91*0.3 -> 72 | Z91: =IFERROR(VLOOKUP(AD99,اسماء,6,0),"") | AA91: =40*X91*0.3 -> 72 | AB91: =IFERROR(VLOOKUP(AD99,اسماء,16,0),"") | AD91: =IF(Z93=0,"",IF(Z93<Y93*0.4,W93,"")) | AE91: =IF(Z94=0,"",IF(Z94<Y94*0.4,W94,"")) | AH91: =ادخال1!$G$9 -> اللغة العربية | AI91: =ادخال1!$G$7 -> 6 | AJ91: =40*AI91*0.3 -> 72 | AK91: =IFERROR(VLOOKUP(AO99,اسماء,6,0),"") | AL91: =40*AI91*0.3 -> 72 | AM91: =IFERROR(VLOOKUP(AO99,اسماء,16,0),"") | AO91: =IF(AK93=0,"",IF(AK93<AJ93*0.4,AH93,"")) | AP91: =IF(AK94=0,"",IF(AK94<AJ94*0.4,AH94,""))
A92: =ادخال1!$H$9 -> اللغة الإنجليزية | B92: =ادخال1!$H$7 -> 3 | C92: =40*B92*0.3 -> 36 | D92: =IFERROR(VLOOKUP(H99,اسماء,7,0),"") -> 35 | E92: =40*B92*0.3 -> 36 | F92: =IFERROR(VLOOKUP(H99,اسماء,17,0),"") -> 0 | H92: الثانية :- | I92: =IF(F95=0,"",IF(AND(F90>=E90*0.4,F91>=E91*0.4,F92>=E92*0.4,F93>=E93*0.4,F94>=E94*0.4),LOOKUP(F95,'النتيجة النهائية'!$AA$6:$AB$10),"ضعيف ويحتاج الى اهتمام في المواد")) | L92: =ادخال1!$H$9 -> اللغة الإنجليزية | M92: =ادخال1!$H$7 -> 3 | N92: =40*M92*0.3 -> 36 | O92: =IFERROR(VLOOKUP(S99,اسماء,7,0),"") -> 35 | P92: =40*M92*0.3 -> 36 | Q92: =IFERROR(VLOOKUP(S99,اسماء,17,0),"") -> 0 | S92: الثانية :- | T92: =IF(Q95=0,"",IF(AND(Q90>=P90*0.4,Q91>=P91*0.4,Q92>=P92*0.4,Q93>=P93*0.4,Q94>=P94*0.4),LOOKUP(Q95,'النتيجة النهائية'!$AA$6:$AB$10),"ضعيف ويحتاج الى اهتمام في المواد")) | W92: =ادخال1!$H$9 -> اللغة الإنجليزية | X92: =ادخال1!$H$7 -> 3 | Y92: =40*X92*0.3 -> 36 | Z92: =IFERROR(VLOOKUP(AD99,اسماء,7,0),"") | AA92: =40*X92*0.3 -> 36 | AB92: =IFERROR(VLOOKUP(AD99,اسماء,17,0),"") | AD92: الثانية :- | AE92: =IF(AB95=0,"",IF(AND(AB90>=AA90*0.4,AB91>=AA91*0.4,AB92>=AA92*0.4,AB93>=AA93*0.4,AB94>=AA94*0.4),LOOKUP(AB95,'النتيجة النهائية'!$AA$6:$AB$10),"ضعيف ويحتاج الى اهتمام في المواد")) | AH92: =ادخال1!$H$9 -> اللغة الإنجليزية | AI92: =ادخال1!$H$7 -> 3 | AJ92: =40*AI92*0.3 -> 36 | AK92: =IFERROR(VLOOKUP(AO99,اسماء,7,0),"") | AL92: =40*AI92*0.3 -> 36 | AM92: =IFERROR(VLOOKUP(AO99,اسماء,17,0),"") | AO92: الثانية :- | AP92: =IF(AM95=0,"",IF(AND(AM90>=AL90*0.4,AM91>=AL91*0.4,AM92>=AL92*0.4,AM93>=AL93*0.4,AM94>=AL94*0.4),LOOKUP(AM95,'النتيجة النهائية'!$AA$6:$AB$10),"ضعيف ويحتاج الى اهتمام في المواد"))
A93: =ادخال1!$I$9 -> الحاسوب | B93: =ادخال1!$I$7 -> 1 | C93: =40*B93*0.3 -> 12 | D93: =IFERROR(VLOOKUP(H99,اسماء,8,0),"") -> 12 | E93: =40*B93*0.3 -> 12 | F93: =IFERROR(VLOOKUP(H99,اسماء,18,0),"") -> 0 | H93: =IF(F90=0,"",IF(F90<E90*0.4,A90,"")) | I93: =IF(F91=0,"",IF(F91<E91*0.4,A91,"")) | J93: =IF(F92=0,"",IF(F92<E92*0.4,A92,"")) | L93: =ادخال1!$I$9 -> الحاسوب | M93: =ادخال1!$I$7 -> 1 | N93: =40*M93*0.3 -> 12 | O93: =IFERROR(VLOOKUP(S99,اسماء,8,0),"") -> 12 | P93: =40*M93*0.3 -> 12 | Q93: =IFERROR(VLOOKUP(S99,اسماء,18,0),"") -> 0 | S93: =IF(Q90=0,"",IF(Q90<P90*0.4,L90,"")) | T93: =IF(Q91=0,"",IF(Q91<P91*0.4,L91,"")) | U93: =IF(Q92=0,"",IF(Q92<P92*0.4,L92,"")) | W93: =ادخال1!$I$9 -> الحاسوب | X93: =ادخال1!$I$7 -> 1 | Y93: =40*X93*0.3 -> 12 | Z93: =IFERROR(VLOOKUP(AD99,اسماء,8,0),"") | AA93: =40*X93*0.3 -> 12 | AB93: =IFERROR(VLOOKUP(AD99,اسماء,18,0),"") | AD93: =IF(AB90=0,"",IF(AB90<AA90*0.4,W90,"")) | AE93: =IF(AB91=0,"",IF(AB91<AA91*0.4,W91,"")) | AF93: =IF(AB92=0,"",IF(AB92<AA92*0.4,W92,"")) | AH93: =ادخال1!$I$9 -> الحاسوب | AI93: =ادخال1!$I$7 -> 1 | AJ93: =40*AI93*0.3 -> 12 | AK93: =IFERROR(VLOOKUP(AO99,اسماء,8,0),"") | AL93: =40*AI93*0.3 -> 12 | AM93: =IFERROR(VLOOKUP(AO99,اسماء,18,0),"") | AO93: =IF(AM90=0,"",IF(AM90<AL90*0.4,AH90,"")) | AP93: =IF(AM91=0,"",IF(AM91<AL91*0.4,AH91,"")) | AQ93: =IF(AM92=0,"",IF(AM92<AL92*0.4,AH92,""))
A94: =ادخال1!$J$9 -> الرياضيات | B94: =ادخال1!$J$7 -> 5 | C94: =40*B94*0.3 -> 60 | D94: =IFERROR(VLOOKUP(H99,اسماء,9,0),"") -> 60 | E94: =40*B94*0.3 -> 60 | F94: =IFERROR(VLOOKUP(H99,اسماء,19,0),"") -> 0 | H94: =IF(F93=0,"",IF(F93<E93*0.4,A93,"")) | I94: =IF(F94=0,"",IF(F94<E94*0.4,A94,"")) | L94: =ادخال1!$J$9 -> الرياضيات | M94: =ادخال1!$J$7 -> 5 | N94: =40*M94*0.3 -> 60 | O94: =IFERROR(VLOOKUP(S99,اسماء,9,0),"") -> 60 | P94: =40*M94*0.3 -> 60 | Q94: =IFERROR(VLOOKUP(S99,اسماء,19,0),"") -> 0 | S94: =IF(Q93=0,"",IF(Q93<P93*0.4,L93,"")) | T94: =IF(Q94=0,"",IF(Q94<P94*0.4,L94,"")) | W94: =ادخال1!$J$9 -> الرياضيات | X94: =ادخال1!$J$7 -> 5 | Y94: =40*X94*0.3 -> 60 | Z94: =IFERROR(VLOOKUP(AD99,اسماء,9,0),"") | AA94: =40*X94*0.3 -> 60 | AB94: =IFERROR(VLOOKUP(AD99,اسماء,19,0),"") | AD94: =IF(AB93=0,"",IF(AB93<AA93*0.4,W93,"")) | AE94: =IF(AB94=0,"",IF(AB94<AA94*0.4,W94,"")) | AH94: =ادخال1!$J$9 -> الرياضيات | AI94: =ادخال1!$J$7 -> 5 | AJ94: =40*AI94*0.3 -> 60 | AK94: =IFERROR(VLOOKUP(AO99,اسماء,9,0),"") | AL94: =40*AI94*0.3 -> 60 | AM94: =IFERROR(VLOOKUP(AO99,اسماء,19,0),"") | AO94: =IF(AM93=0,"",IF(AM93<AL93*0.4,AH93,"")) | AP94: =IF(AM94=0,"",IF(AM94<AL94*0.4,AH94,""))
A95: المجموع العـام | C95: =SUM(C90:C94) -> 216 | D95: =SUM(D90:D94) -> 203 | E95: =SUM(E90:E94) -> 216 | F95: =SUM(F90:F94) -> 0 | H95: مدير المدرسة/ | I95: =ادخال1!$BG$5 -> د. عبدالرحمن خليفة العريبي | L95: المجموع العـام | N95: =SUM(N90:N94) -> 216 | O95: =SUM(O90:O94) -> 211 | P95: =SUM(P90:P94) -> 216 | Q95: =SUM(Q90:Q94) -> 0 | S95: مدير المدرسة/ | T95: =ادخال1!$BG$5 -> د. عبدالرحمن خليفة العريبي | W95: المجموع العـام | Y95: =SUM(Y90:Y94) -> 216 | Z95: =SUM(Z90:Z94) -> 0 | AA95: =SUM(AA90:AA94) -> 216 | AB95: =SUM(AB90:AB94) -> 0 | AD95: مدير المدرسة/ | AE95: =ادخال1!$BG$5 -> د. عبدالرحمن خليفة العريبي | AH95: المجموع العـام | AJ95: =SUM(AJ90:AJ94) -> 216 | AK95: =SUM(AK90:AK94) -> 0 | AL95: =SUM(AL90:AL94) -> 216 | AM95: =SUM(AM90:AM94) -> 0 | AO95: مدير المدرسة/ | AP95: =ادخال1!$BG$5 -> د. عبدالرحمن خليفة العريبي
A96: =ادخال1!$L$8 -> التربية الفنية | B96: =ادخال1!$L$7 -> 1 | C96: =IFERROR(VLOOKUP(H99,اسماء,11,0),"") -> جيد جداَ | E96: =IFERROR(VLOOKUP(H99,اسماء,21,0),"") -> 0 | H96: التاريخ | I96: =TODAY() -> 46005 | L96: =ادخال1!$L$8 -> التربية الفنية | M96: =ادخال1!$L$7 -> 1 | N96: =IFERROR(VLOOKUP(S99,اسماء,11,0),"") -> جيد جداَ | P96: =IFERROR(VLOOKUP(S99,اسماء,21,0),"") -> 0 | S96: التاريخ | T96: =TODAY() -> 46005 | W96: =ادخال1!$L$8 -> التربية الفنية | X96: =ادخال1!$L$7 -> 1 | Y96: =IFERROR(VLOOKUP(AD99,اسماء,11,0),"") | AA96: =IFERROR(VLOOKUP(AD99,اسماء,21,0),"") | AD96: التاريخ | AE96: =TODAY() -> 46005 | AH96: =ادخال1!$L$8 -> التربية الفنية | AI96: =ادخال1!$L$7 -> 1 | AJ96: =IFERROR(VLOOKUP(AO99,اسماء,11,0),"") | AL96: =IFERROR(VLOOKUP(AO99,اسماء,21,0),"") | AO96: التاريخ | AP96: =TODAY() -> 46005
A97: =ادخال1!$M$8 -> التربية البدنية | B97: =ادخال1!$M$7 -> 2 | C97: =IFERROR(VLOOKUP(H99,اسماء,12,0),"") -> جيد جداَ | E97: =IFERROR(VLOOKUP(H99,اسماء,22,0),"") -> 0 | L97: =ادخال1!$M$8 -> التربية البدنية | M97: =ادخال1!$M$7 -> 2 | N97: =IFERROR(VLOOKUP(S99,اسماء,12,0),"") -> جيد جداَ | P97: =IFERROR(VLOOKUP(S99,اسماء,22,0),"") -> 0 | W97: =ادخال1!$M$8 -> التربية البدنية | X97: =ادخال1!$M$7 -> 2 | Y97: =IFERROR(VLOOKUP(AD99,اسماء,12,0),"") | AA97: =IFERROR(VLOOKUP(AD99,اسماء,22,0),"") | AH97: =ادخال1!$M$8 -> التربية البدنية | AI97: =ادخال1!$M$7 -> 2 | AJ97: =IFERROR(VLOOKUP(AO99,اسماء,12,0),"") | AL97: =IFERROR(VLOOKUP(AO99,اسماء,22,0),"")
A98: =ادخال1!$N$8 -> مكتبة | B98: =ادخال1!$N$7 -> 1 | C98: =IFERROR(VLOOKUP(H99,اسماء,13,0),"") -> 0 | E98: =IFERROR(VLOOKUP(H99,اسماء,23,0),"") -> 0 | L98: =ادخال1!$N$8 -> مكتبة | M98: =ادخال1!$N$7 -> 1 | N98: =IFERROR(VLOOKUP(S99,اسماء,13,0),"") -> 0 | P98: =IFERROR(VLOOKUP(S99,اسماء,23,0),"") -> 0 | W98: =ادخال1!$N$8 -> مكتبة | X98: =ادخال1!$N$7 -> 1 | Y98: =IFERROR(VLOOKUP(AD99,اسماء,13,0),"") | AA98: =IFERROR(VLOOKUP(AD99,اسماء,23,0),"") | AH98: =ادخال1!$N$8 -> مكتبة | AI98: =ادخال1!$N$7 -> 1 | AJ98: =IFERROR(VLOOKUP(AO99,اسماء,13,0),"") | AL98: =IFERROR(VLOOKUP(AO99,اسماء,23,0),"")
A99: الرقم الوطني | B99: =IFERROR(VLOOKUP(H99,اسماء,62,0),"") -> 220180602649 | C99: =IFERROR(VLOOKUP(G104,اسماء,8,0),"") | D99: =IFERROR(VLOOKUP(H104,اسماء,8,0),"") | E99: =IFERROR(VLOOKUP(I104,اسماء,8,0),"") | H99: =INDEX(عمود2,MATCH(J86,عمود1)) -> سارة ضياء محمد الترهونى | L99: الرقم الوطني | M99: =IFERROR(VLOOKUP(S99,اسماء,62,0),"") -> 220181120911 | N99: =IFERROR(VLOOKUP(R104,اسماء,8,0),"") | O99: =IFERROR(VLOOKUP(S104,اسماء,8,0),"") | P99: =IFERROR(VLOOKUP(T104,اسماء,8,0),"") | S99: =INDEX(عمود2,MATCH(U86,عمود1)) -> مثاب نورالدين احمد الديب | W99: الرقم الوطني | X99: =IFERROR(VLOOKUP(AD99,اسماء,62,0),"") | Y99: =IFERROR(VLOOKUP(AC104,اسماء,8,0),"") | Z99: =IFERROR(VLOOKUP(AD104,اسماء,8,0),"") | AA99: =IFERROR(VLOOKUP(AE104,اسماء,8,0),"") | AD99: =INDEX(عمود2,MATCH(AF86,عمود1)) -> 0 | AH99: الرقم الوطني | AI99: =IFERROR(VLOOKUP(AO99,اسماء,62,0),"") | AJ99: =IFERROR(VLOOKUP(AN104,اسماء,8,0),"") | AK99: =IFERROR(VLOOKUP(AO104,اسماء,8,0),"") | AL99: =IFERROR(VLOOKUP(AP104,اسماء,8,0),"") | AO99: =INDEX(عمود2,MATCH(AQ86,عمود1)) -> 0
A100: الســــــلوك | C100: =IFERROR(VLOOKUP(H99,اسماء,34,0),"") -> 0 | E100: =IFERROR(VLOOKUP(H99,اسماء,35,0),"") -> 0 | H100: كل كشط أو تغيير في هذه البطاقة يلغيها. | L100: الســــــلوك | N100: =IFERROR(VLOOKUP(S99,اسماء,34,0),"") -> 0 | P100: =IFERROR(VLOOKUP(S99,اسماء,35,0),"") -> 0 | S100: كل كشط أو تغيير في هذه البطاقة يلغيها. | W100: الســــــلوك | Y100: =IFERROR(VLOOKUP(AD99,اسماء,34,0),"") | AA100: =IFERROR(VLOOKUP(AD99,اسماء,35,0),"") | AD100: كل كشط أو تغيير في هذه البطاقة يلغيها. | AH100: الســــــلوك | AJ100: =IFERROR(VLOOKUP(AO99,اسماء,34,0),"") | AL100: =IFERROR(VLOOKUP(AO99,اسماء,35,0),"") | AO100: كل كشط أو تغيير في هذه البطاقة يلغيها.
A101: غياب مشروع | C101: =IFERROR(VLOOKUP(H99,اسماء,37,0),"") -> 0 | E101: =IFERROR(VLOOKUP(H99,اسماء,39,0),"") -> 0 | L101: غياب مشروع | N101: =IFERROR(VLOOKUP(S99,اسماء,37,0),"") -> 0 | P101: =IFERROR(VLOOKUP(S99,اسماء,39,0),"") -> 0 | W101: غياب مشروع | Y101: =IFERROR(VLOOKUP(AD99,اسماء,37,0),"") | AA101: =IFERROR(VLOOKUP(AD99,اسماء,39,0),"") | AH101: غياب مشروع | AJ101: =IFERROR(VLOOKUP(AO99,اسماء,37,0),"") | AL101: =IFERROR(VLOOKUP(AO99,اسماء,39,0),"")
A102: غياب غير مشروع | C102: =IFERROR(VLOOKUP(H99,اسماء,38,0),"") -> 0 | E102: =IFERROR(VLOOKUP(H99,اسماء,40,0),"") -> 0 | L102: غياب غير مشروع | N102: =IFERROR(VLOOKUP(S99,اسماء,38,0),"") -> 0 | P102: =IFERROR(VLOOKUP(S99,اسماء,40,0),"") -> 0 | W102: غياب غير مشروع | Y102: =IFERROR(VLOOKUP(AD99,اسماء,38,0),"") | AA102: =IFERROR(VLOOKUP(AD99,اسماء,40,0),"") | AH102: غياب غير مشروع | AJ102: =IFERROR(VLOOKUP(AO99,اسماء,38,0),"") | AL102: =IFERROR(VLOOKUP(AO99,اسماء,40,0),"")
A103: التوقيعــــات | B103: رائــد الصف | D103: مديـر المدرسة | H103: ولي الامر | L103: التوقيعــــات | M103: رائــد الصف | O103: مديـر المدرسة | S103: ولي الامر | W103: التوقيعــــات | X103: رائــد الصف | Z103: مديـر المدرسة | AD103: ولي الامر | AH103: التوقيعــــات | AI103: رائــد الصف | AK103: مديـر المدرسة | AO103: ولي الامر
A104: الفترة الاولى | L104: الفترة الاولى | W104: الفترة الاولى | AH104: الفترة الاولى
A105: الفترة الثانية | L105: الفترة الثانية | W105: الفترة الثانية | AH105: الفترة الثانية

Sheet ادخال1
B1: 1 | C1: 2 | D1: 3 | E1: 4 | F1: 5 | G1: 6 | H1: 7 | I1: 8 | J1: 9 | K1: 10 | L1: 11 | M1: 12 | N1: 13 | O1: 14 | P1: 15 | Q1: 16 | R1: 17 | S1: 18 | T1: 19 | U1: 20 | V1: 21 | W1: 22 | X1: 23 | Y1: 24 | Z1: 25 | AA1: 26 | AB1: 27 | AC1: 28 | AD1: 29 | AE1: 30 | AF1: 31 | AG1: 32 | AH1: 33 | AI1: 34 | AJ1: 35 | AK1: 36 | AL1: 37 | AM1: 38 | AN1: 39 | AO1: 40 | AP1: 41 | AQ1: 42 | AR1: 43 | AS1: 44 | AT1: 45 | AU1: 46 | AV1: 47 | AW1: 48 | AX1: 49 | AY1: 50 | AZ1: 51 | BA1: 52 | BB1: 53 | BC1: 54 | BD1: 55 | BE1: 56 | BF1: 57 | BG1: 58 | BH1: 59 | BI1: 60 | BJ1: 61 | BK1: 62 | BL1: 63 | BM1: 64 | BN1: 65 | BO1: 66 | BP1: 67 | BQ1: 68 | BR1: 69 | BS1: 70 | BT1: 71 | BU1: 72 | BV1: 73 | BW1: 74 | BX1: 75 | BY1: 76 | BZ1: 77 | CA1: 78 | CB1: 79 | CC1: 80 | CD1: 81 | CE1: 82 | CF1: 83 | CG1: 84 | CH1: 85 | CI1: 86 | CJ1: 87 | CK1: 85 | CL1: 86 | CM1: 87
A2: دولة ليبيا | D2: كشف رصد النتائج النهائية للصف الثاني من مرحلة التعليم الاساسي | O2: 4 | P2: 5 | Q2: 6 | R2: 7 | S2: 8 | T2: 9 | U2: 12 | V2: 13 | W2: 14 | Y2: 4 | Z2: 5 | AA2: 6 | AB2: 7 | AC2: 8 | AD2: 9 | AE2: 12 | AF2: 13 | AG2: 14 | BF2: أسماء المراجعين
A3: وزارة التعليم | L3: مكتب الامتحانات بمنطقة / تاجوراء | BF3: كتبه | CH3: مستجد
A4: المركز الوطني للامتحانات | D4: المرحلة/ | E4: التعليم الاساسي | K4: الثاني | O4: =ادخال1!O3 -> 0 | P4: =ادخال1!P3 -> 0 | Q4: =ادخال1!Q3 -> 0 | R4: =ادخال1!R3 -> 0 | S4: =ادخال1!S3 -> 0 | T4: =ادخال1!T3 -> 0 | U4: =ادخال1!U3 -> 0 | Y4: =ادخال1!Y3 -> 0 | Z4: =ادخال1!Z3 -> 0 | AA4: =ادخال1!AA3 -> 0 | AB4: =ادخال1!AB3 -> 0 | AC4: =ادخال1!AC3 -> 0 | AD4: =ادخال1!AD3 -> 0 | AE4: =ادخال1!AE3 -> 0 | BF4: املاه | CA4: شئون التعليم بمنطقة | CB4: تاجوراء | CH4: معيد
A5: المدرسة/ | B5: سهول العلم للتعليم الخاص | E5: العام الدراسي 1446 - 1447 هجرية/ الموافق : 2025 -2026 ميلادية مكتب الامتحانات بمنطقة / تاجوراء | AI5: خاص بالصحيفة | BF5: مدير المدرسة | BG5: د. عبدالرحمن خليفة العريبي | CA5: الصف | CB5: الثاني الابتدائي
A6: رقم مسلسل | B6: الاسم بالكامل | C6: تاريخ الميلاد | D6: اسم الام | E6: الفترة الأولى 30% من النهاية العظمى لكل مادة | O6: الفترة الثانية 30% من النهاية العظمى لكل مادة | Y6: الفترة الثالثة 40% من النهاية العظمى لكل مادة | AI6: السلوك | AL6: الغياب | BF6: مدير مكتب الامتحانات | BY6: المدرسة | BZ6: مدرسة سهول العلم للتعيم الخاص
F7: 3 | G7: 6 | H7: 3 | I7: 1 | J7: 5 | K7: المجموع | L7: 1 | M7: 2 | N7: 1 | P7: =F7 -> 3 | Q7: =G7 -> 6 | R7: =H7 -> 3 | S7: =I7 -> 1 | T7: =J7 -> 5 | U7: المجموع | V7: =L7 -> 1 | W7: =M7 -> 2 | X7: =N7 -> 1 | Z7: =F7 -> 3 | AA7: =G7 -> 6 | AB7: =H7 -> 3 | AC7: =I7 -> 1 | AD7: =J7 -> 5 | AE7: المجموع | AF7: =L7 -> 1 | AG7: =M7 -> 2 | AH7: =N7 -> 1 | CA7: العام الدراسي | CC7: المرحلة | CD7: الاساسي
F8: =F7*40*0.3 -> 36 | G8: =G7*40*0.3 -> 72 | H8: =H7*40*0.3 -> 36 | I8: =I7*40*0.3 -> 12 | J8: =J7*40*0.3 -> 60 | L8: التربية الفنية | M8: التربية البدنية | N8: مكتبة | P8: =F8 -> 36 | Q8: =G8 -> 72 | R8: =H8 -> 36 | S8: =I8 -> 12 | T8: =J8 -> 60 | V8: =L8 -> التربية الفنية | W8: =M8 -> التربية البدنية | X8: =N8 -> مكتبة | Z8: =Z7*40*0.4 -> 48 | AA8: =AA7*40*0.4 -> 96 | AB8: =AB7*40*0.4 -> 48 | AC8: =AC7*40*0.4 -> 16 | AD8: =AD7*40*0.4 -> 80 | AF8: =L8 -> التربية الفنية | AG8: =M8 -> التربية البدنية | AH8: =N8 -> مكتبة | BY8: المدرسة كائنة بمنطقة | BZ8: تاجوراء الجنوبي | CA8: 1446هـ/1447 هـ | CB8: 2026 /2025م
F9: التربية الإسلامية | G9: اللغة العربية | H9: اللغة الإنجليزية | I9: الحاسوب | J9: الرياضيات | P9: =F9 -> التربية الإسلامية | Q9: =G9 -> اللغة العربية | R9: =H9 -> اللغة الإنجليزية | S9: =I9 -> الحاسوب | T9: =J9 -> الرياضيات | Z9: =F9 -> التربية الإسلامية | AA9: =G9 -> اللغة العربية | AB9: =H9 -> اللغة الإنجليزية | AC9: =I9 -> الحاسوب | AD9: =J9 -> الرياضيات | AL9: الفترة الأولى | AN9: الفترة الثانية | AP9: الفترة الثالثة
K10: =SUM(F8:J8) -> 216 | L10: تقديرات | M10: تقديرات | N10: تقديرات | U10: =SUM(P8:T8) -> 216 | V10: =L10 -> تقديرات | W10: =M10 -> تقديرات | AE10: =SUM(Z8:AD8) -> 288 | AF10: =L10 -> تقديرات | AG10: =M10 -> تقديرات | AH10: =N10 -> تقديرات | AI10: الفترة الأولى | AJ10: الفترة الثانية | AK10: الفترة الثالثة | AL10: مشروع | AM10: غير مشروع | AN10: مشروع | AO10: غير مشروع | AP10: مشروع | AQ10: غير مشروع | AT10: غياب الانقطاع | AU10: تراتيب الفترة الأولى | AZ10: تراتيب الفترة الثانية | BE10: تراتيب الفترة الثالثة | BK10: اكتب الرقم الوطني هنا | BL10: اللقب | BM10: الرقم الوطني | BY10: مكان الميلاد | BZ10: جنسية الطالب | CA10: مستجد/ معيد | CB10: صفة القيد | CC10: رائد الفصل
A11: 1 | B11: الجبير خليل الدوكالي اليونسي | C11: 43087 | D11: مفيدة اليونسي | E11: الفترة الاول | F11: 25 | G11: 54 | H11: 25 | I11: 10 | J11: 24 | K11: =SUM(F11:J11) -> 138 | L11: جيد جداَ | M11: جيد جداَ | O11: الفترة الثانية | Y11: الفترة الثالثة | AR11: =K11+ROW()*0.0000001 -> 138 | AS11: =B11 -> الجبير خليل الدوكالي اليونسي | AU11: 1 | AV11: =IFERROR(LARGE($AR$11:$AR$396,AU11),"") -> 214 | AW11: =IFERROR(VLOOKUP(AV11,الترتيب1,2,0),"") -> سوزان عبدالباسط اللافى محمد | AX11: =U11+ROW()*0.0000001 -> 1.1e-06 | AY11: =AS11 -> الجبير خليل الدوكالي اليونسي | AZ11: 1 | BA11: =IFERROR(LARGE($AX$11:$AX$396,AZ11),"") -> 3.96e-05 | BB11: =IFERROR(VLOOKUP(BA11,الترتيب2,2,0),"") | BC11: =AE11+ROW()*0.0000001 -> 1.1e-06 | BD11: =AY11 -> الجبير خليل الدوكالي اليونسي | BE11: 1 | BF11: =IFERROR(LARGE($BC$11:$BC$396,BE11),"") -> 3.96e-05 | BG11: =IFERROR(VLOOKUP(BF11,الترتيب3,2,0),"") -> 0 | BK11: 120171064725 | BL11: اليونسي | BM11: =MID($BK11,12,1) -> 5 | BN11: =MID($BK11,11,1) -> 2 | BO11: =MID($BK11,10,1) -> 7 | BP11: =MID($BK11,9,1) -> 4 | BQ11: =MID($BK11,8,1) -> 6 | BR11: =MID($BK11,7,1) -> 0 | BS11: =MID($BK11,6,1) -> 1 | BT11: =MID($BK11,5,1) -> 7 | BU11: =MID($BK11,4,1) -> 1 | BV11: =MID($BK11,3,1) -> 0 | BW11: =MID($BK11,2,1) -> 2 | BX11: =MID($BK11,1,1) -> 1 | BY11: تاجوراء | BZ11: ليبي | CA11: مستجد | CB11: نظامي | CC11: أحلام الشيباني
A12: 2 | B12: ديالا علي حمد القبائلي | C12: 43147 | D12: أمل حسين أبوبكر | E12: الفترة الاول | F12: 34 | G12: 70 | H12: 36 | I12: 12 | J12: 60 | K12: =SUM(F12:J12) -> 212 | L12: جيد جداَ | M12: جيد جداَ | O12: الفترة الثانية | U12: =SUM(P12:T12) -> 0 | Y12: الفترة الثالثة | AE12: =SUM(Z12:AD12) -> 0 | AR12: =K12+ROW()*0.0000001 -> 212 | AS12: =B12 -> ديالا علي حمد القبائلي | AU12: 7 | AV12: =IFERROR(LARGE($AR$11:$AR$396,AU12),"") -> 210 | AW12: =IFERROR(VLOOKUP(AV12,الترتيب1,2,0),"") -> ميرال صالح محمد ديماس | AX12: =U12+ROW()*0.0000001 -> 1.2e-06 | AY12: =AS12 -> ديالا علي حمد القبائلي | AZ12: 7 | BA12: =IFERROR(LARGE($AX$11:$AX$396,AZ12),"") -> 3.9e-05 | BB12: =IFERROR(VLOOKUP(BA12,الترتيب2,2,0),"") -> 0 | BC12: =AE12+ROW()*0.0000001 -> 1.2e-06 | BD12: =AY12 -> ديالا علي حمد القبائلي | BE12: 7 | BF12: =IFERROR(LARGE($BC$11:$BC$396,BE12),"") -> 3.9e-05 | BG12: =IFERROR(VLOOKUP(BF12,الترتيب3,2,0),"") -> 0 | BK12: 220180172537 | BL12: القبائلي | BM12: =MID($BK12,12,1) -> 7 | BN12: =MID($BK12,11,1) -> 3 | BO12: =MID($BK12,10,1) -> 5 | BP12: =MID($BK12,9,1) -> 2 | BQ12: =MID($BK12,8,1) -> 7 | BR12: =MID($BK12,7,1) -> 1 | BS12: =MID($BK12,6,1) -> 0 | BT12: =MID($BK12,5,1) -> 8 | BU12: =MID($BK12,4,1) -> 1 | BV12: =MID($BK12,3,1) -> 0 | BW12: =MID($BK12,2,1) -> 2 | BX12: =MID($BK12,1,1) -> 2 | BY12: مصراته | BZ12: ليبية | CA12: مستجد | CB12: نظامي | CC12: أحلام الشيباني
A13: 3 | B13: رؤى عبدالحميد سيد ابوبكر عبداللطيف | C13: 43288 | D13: دنيا عرابي | E13: الفترة الاول | F13: 30 | G13: 48 | H13: 29 | I13: 12 | J13: 24 | K13: =SUM(F13:J13) -> 143 | L13: جيد جداَ | M13: جيد جداَ | O13: الفترة الثانية | U13: =SUM(P13:T13) -> 0 | Y13: الفترة الثالثة | AE13: =SUM(Z13:AD13) -> 0 | AR13: =K13+ROW()*0.0000001 -> 143 | AS13: =B13 -> رؤى عبدالحميد سيد ابوبكر عبداللطيف | AU13: 14 | AV13: =IFERROR(LARGE($AR$11:$AR$396,AU13),"") -> 128 | AW13: =IFERROR(VLOOKUP(AV13,الترتيب1,2,0),"") -> عبدالمجيد محمد عبدالمجيد عرابى | AX13: =U13+ROW()*0.0000001 -> 1.3e-06 | AY13: =AS13 -> رؤى عبدالحميد سيد ابوبكر عبداللطيف | AZ13: 14 | BA13: =IFERROR(LARGE($AX$11:$AX$396,AZ13),"") -> 3.83e-05 | BB13: =IFERROR(VLOOKUP(BA13,الترتيب2,2,0),"") -> 0 | BC13: =AE13+ROW()*0.0000001 -> 1.3e-06 | BD13: =AY13 -> رؤى عبدالحميد سيد ابوبكر عبداللطيف | BE13: 14 | BF13: =IFERROR(LARGE($BC$11:$BC$396,BE13),"") -> 3.83e-05 | BG13: =IFERROR(VLOOKUP(BF13,الترتيب3,2,0),"") -> 0 | BL13: عبداللطيف | BM13: =MID($BK13,12,1) | BN13: =MID($BK13,11,1) | BO13: =MID($BK13,10,1) | BP13: =MID($BK13,9,1) | BQ13: =MID($BK13,8,1) | BR13: =MID($BK13,7,1) | BS13: =MID($BK13,6,1) | BT13: =MID($BK13,5,1) | BU13: =MID($BK13,4,1) | BV13: =MID($BK13,3,1) | BW13: =MID($BK13,2,1) | BX13: =MID($BK13,1,1) | BY13: ليبيا | BZ13: مصرية | CA13: مستجد | CB13: نظامي | CC13: أحلام الشيباني
A14: 4 | B14: زكريا محمد علي علي | C14: 43261 | D14: حنان خليفة نصر | E14: الفترة الاول | F14: 36 | G14: 69 | H14: 35 | I14: 12 | J14: 60 | K14: =SUM(F14:J14) -> 212 | L14: جيد جداَ | M14: جيد جداَ | O14: الفترة الثانية | U14: =SUM(P14:T14) -> 0 | Y14: الفترة الثالثة | AE14: =SUM(Z14:AD14) -> 0 | AR14: =K14+ROW()*0.0000001 -> 212 | AS14: =B14 -> زكريا محمد علي علي | AU14: 16 | AV14: =IFERROR(LARGE($AR$11:$AR$396,AU14),"") -> 3.95e-05 | AW14: =IFERROR(VLOOKUP(AV14,الترتيب1,2,0),"") -> 0 | AX14: =U14+ROW()*0.0000001 -> 1.4e-06 | AY14: =AS14 -> زكريا محمد علي علي | AZ14: 16 | BA14: =IFERROR(LARGE($AX$11:$AX$396,AZ14),"") -> 3.81e-05 | BB14: =IFERROR(VLOOKUP(BA14,الترتيب2,2,0),"") -> 0 | BC14: =AE14+ROW()*0.0000001 -> 1.4e-06 | BD14: =AY14 -> زكريا محمد علي علي | BE14: 16 | BF14: =IFERROR(LARGE($BC$11:$BC$396,BE14),"") -> 3.81e-05 | BG14: =IFERROR(VLOOKUP(BF14,الترتيب3,2,0),"") -> 0 | BK14: 120181209020 | BL14: على | BM14: =MID($BK14,12,1) -> 0 | BN14: =MID($BK14,11,1) -> 2 | BO14: =MID($BK14,10,1) -> 0 | BP14: =MID($BK14,9,1) -> 9 | BQ14: =MID($BK14,8,1) -> 0 | BR14: =MID($BK14,7,1) -> 2 | BS14: =MID($BK14,6,1) -> 1 | BT14: =MID($BK14,5,1) -> 8 | BU14: =MID($BK14,4,1) -> 1 | BV14: =MID($BK14,3,1) -> 0 | BW14: =MID($BK14,2,1) -> 2 | BX14: =MID($BK14,1,1) -> 1 | BY14: صبراته | BZ14: ليبي | CA14: مستجد | CB14: نظامي | CC14: أحلام الشيباني
A15: 5 | B15: سارة ضياء محمد الترهونى | C15: 43288 | D15: نشوة عاشور صالح | E15: الفترة الاول | F15: 32 | G15: 64 | H15: 35 | I15: 12 | J15: 60 | K15: =SUM(F15:J15) -> 203 | L15: جيد جداَ | M15: جيد جداَ | O15: الفترة الثانية | U15: =SUM(P15:T15) -> 0 | Y15: الفترة الثالثة | AE15: =SUM(Z15:AD15) -> 0 | AR15: =K15+ROW()*0.0000001 -> 203 | AS15: =B15 -> سارة ضياء محمد الترهونى | AU15: 17 | AV15: =IFERROR(LARGE($AR$11:$AR$396,AU15),"") -> 3.94e-05 | AW15: =IFERROR(VLOOKUP(AV15,الترتيب1,2,0),"") -> 0 | AX15: =U15+ROW()*0.0000001 -> 1.5e-06 | AY15: =AS15 -> سارة ضياء محمد الترهونى | AZ15: 17 | BA15: =IFERROR(LARGE($AX$11:$AX$396,AZ15),"") -> 3.8e-05 | BB15: =IFERROR(VLOOKUP(BA15,الترتيب2,2,0),"") -> 0 | BC15: =AE15+ROW()*0.0000001 -> 1.5e-06 | BD15: =AY15 -> سارة ضياء محمد الترهونى | BE15: 17 | BF15: =IFERROR(LARGE($BC$11:$BC$396,BE15),"") -> 3.8e-05 | BG15: =IFERROR(VLOOKUP(BF15,الترتيب3,2,0),"") -> 0 | BK15: 220180602649 | BL15: الترهوني | BM15: =MID($BK15,12,1) -> 9 | BN15: =MID($BK15,11,1) -> 4 | BO15: =MID($BK15,10,1) -> 6 | BP15: =MID($BK15,9,1) -> 2 | BQ15: =MID($BK15,8,1) -> 0 | BR15: =MID($BK15,7,1) -> 6 | BS15: =MID($BK15,6,1) -> 0 | BT15: =MID($BK15,5,1) -> 8 | BU15: =MID($BK15,4,1) -> 1 | BV15: =MID($BK15,3,1) -> 0 | BW15: =MID($BK15,2,1) -> 2 | BX15: =MID($BK15,1,1) -> 2 | BY15: تاجوراء | BZ15: ليبي | CA15: مستجد | CB15: نظامي | CC15: أحلام الشيباني
A16: 6 | B16: سوزان عبدالباسط اللافى محمد | C16: 43171 | D16: حليمة على محمد | E16: الفترة الاول | F16: 36 | G16: 70 | H16: 36 | I16: 12 | J16: 60 | K16: =SUM(F16:J16) -> 214 | L16: جيد جداَ | M16: جيد جداَ | O16: الفترة الثانية | U16: =SUM(P16:T16) -> 0 | Y16: الفترة الثالثة | AE16: =SUM(Z16:AD16) -> 0 | AR16: =K16+ROW()*0.0000001 -> 214 | AS16: =B16 -> سوزان عبدالباسط اللافى محمد | AU16: 18 | AV16: =IFERROR(LARGE($AR$11:$AR$396,AU16),"") -> 3.93e-05 | AW16: =IFERROR(VLOOKUP(AV16,الترتيب1,2,0),"") -> 0 | AX16: =U16+ROW()*0.0000001 -> 1.6e-06 | AY16: =AS16 -> سوزان عبدالباسط اللافى محمد | AZ16: 18 | BA16: =IFERROR(LARGE($AX$11:$AX$396,AZ16),"") -> 3.79e-05 | BB16: =IFERROR(VLOOKUP(BA16,الترتيب2,2,0),"") -> 0 | BC16: =AE16+ROW()*0.0000001 -> 1.6e-06 | BD16: =AY16 -> سوزان عبدالباسط اللافى محمد | BE16: 18 | BF16: =IFERROR(LARGE($BC$11:$BC$396,BE16),"") -> 3.79e-05 | BG16: =IFERROR(VLOOKUP(BF16,الترتيب3,2,0),"") -> 0 | BK16: 220180204533 | BL16: محمد | BM16: =MID($BK16,12,1) -> 3 | BN16: =MID($BK16,11,1) -> 3 | BO16: =MID($BK16,10,1) -> 5 | BP16: =MID($BK16,9,1) -> 4 | BQ16: =MID($BK16,8,1) -> 0 | BR16: =MID($BK16,7,1) -> 2 | BS16: =MID($BK16,6,1) -> 0 | BT16: =MID($BK16,5,1) -> 8 | BU16: =MID($BK16,4,1) -> 1 | BV16: =MID($BK16,3,1) -> 0 | BW16: =MID($BK16,2,1) -> 2 | BX16: =MID($BK16,1,1) -> 2 | BY16: تاجوراء | BZ16: ليبية | CA16: مستجد | CB16: نظامي | CC16: أحلام الشيباني
A17: 7 | B17: عبدالرحمن فرج محمد المغربي | C17: 43179 | D17: منى على محمد المغربي | E17: الفترة الاول | F17: 32 | G17: 70 | H17: 36 | I17: 12 | J17: 58 | K17: =SUM(F17:J17) -> 208 | L17: جيد جداَ | M17: جيد جداَ | O17: الفترة الثانية | U17: =SUM(P17:T17) -> 0 | Y17: الفترة الثالثة | AE17: =SUM(Z17:AD17) -> 0 | AR17: =K17+ROW()*0.0000001 -> 208 | AS17: =B17 -> عبدالرحمن فرج محمد المغربي | AU17: 20 | AV17: =IFERROR(LARGE($AR$11:$AR$396,AU17),"") -> 3.91e-05 | AW17: =IFERROR(VLOOKUP(AV17,الترتيب1,2,0),"") -> 0 | AX17: =U17+ROW()*0.0000001 -> 1.7e-06 | AY17: =AS17 -> عبدالرحمن فرج محمد المغربي | AZ17: 20 | BA17: =IFERROR(LARGE($AX$11:$AX$396,AZ17),"") -> 3.77e-05 | BB17: =IFERROR(VLOOKUP(BA17,الترتيب2,2,0),"") -> 0 | BC17: =AE17+ROW()*0.0000001 -> 1.7e-06 | BD17: =AY17 -> عبدالرحمن فرج محمد المغربي | BE17: 20 | BF17: =IFERROR(LARGE($BC$11:$BC$396,BE17),"") -> 3.77e-05 | BG17: =IFERROR(VLOOKUP(BF17,الترتيب3,2,0),"") -> 0 | BK17: 120180241465 | BL17: المغربي | BM17: =MID($BK17,12,1) -> 5 | BN17: =MID($BK17,11,1) -> 6 | BO17: =MID($BK17,10,1) -> 4 | BP17: =MID($BK17,9,1) -> 1 | BQ17: =MID($BK17,8,1) -> 4 | BR17: =MID($BK17,7,1) -> 2 | BS17: =MID($BK17,6,1) -> 0 | BT17: =MID($BK17,5,1) -> 8 | BU17: =MID($BK17,4,1) -> 1 | BV17: =MID($BK17,3,1) -> 0 | BW17: =MID($BK17,2,1) -> 2 | BX17: =MID($BK17,1,1) -> 1 | BY17: تاجوراء | BZ17: ليبي | CA17: مستجد | CB17: نظامي | CC17: أحلام الشيباني
A18: 8 | B18: عبدالمجيد محمد عبدالمجيد عرابى | C18: 43448 | D18: سارة مصطفى ميلاد | E18: الفترة الاول | F18: 26 | G18: 42 | H18: 25 | I18: 10 | J18: 25 | K18: =SUM(F18:J18) -> 128 | L18: جيد جداَ | M18: جيد جداَ | O18: الفترة الثانية | U18: =SUM(P18:T18) -> 0 | Y18: الفترة الثالثة | AE18: =SUM(Z18:AD18) -> 0 | AR18: =K18+ROW()*0.0000001 -> 128 | AS18: =B18 -> عبدالمجيد محمد عبدالمجيد عرابى | AU18: 21 | AV18: =IFERROR(LARGE($AR$11:$AR$396,AU18),"") -> 3.9e-05 | AW18: =IFERROR(VLOOKUP(AV18,الترتيب1,2,0),"") -> 0 | AX18: =U18+ROW()*0.0000001 -> 1.8e-06 | AY18: =AS18 -> عبدالمجيد محمد عبدالمجيد عرابى | AZ18: 21 | BA18: =IFERROR(LARGE($AX$11:$AX$396,AZ18),"") -> 3.76e-05 | BB18: =IFERROR(VLOOKUP(BA18,الترتيب2,2,0),"") -> 0 | BC18: =AE18+ROW()*0.0000001 -> 1.8e-06 | BD18: =AY18 -> عبدالمجيد محمد عبدالمجيد عرابى | BE18: 21 | BF18: =IFERROR(LARGE($BC$11:$BC$396,BE18),"") -> 3.76e-05 | BG18: =IFERROR(VLOOKUP(BF18,الترتيب3,2,0),"") -> 0 | BK18: 120181034240 | BL18: عرابي | BM18: =MID($BK18,12,1) -> 0 | BN18: =MID($BK18,11,1) -> 4 | BO18: =MID($BK18,10,1) -> 2 | BP18: =MID($BK18,9,1) -> 4 | BQ18: =MID($BK18,8,1) -> 3 | BR18: =MID($BK18,7,1) -> 0 | BS18: =MID($BK18,6,1) -> 1 | BT18: =MID($BK18,5,1) -> 8 | BU18: =MID($BK18,4,1) -> 1 | BV18: =MID($BK18,3,1) -> 0 | BW18: =MID($BK18,2,1) -> 2 | BX18: =MID($BK18,1,1) -> 1 | BY18: طرابلس | BZ18: ليبي | CA18: مستجد | CB18: نظامي | CC18: أحلام الشيباني
A19: 9 | B19: قاسم عبدالمنعم موسي الشيخي | C19: 43178 | D19: هاجر عبدالسلام ونيس | E19: الفترة الاول | F19: 35 | G19: 68 | H19: 36 | I19: 12 | J19: 60 | K19: =SUM(F19:J19) -> 211 | L19: جيد جداَ | M19: جيد جداَ | O19: الفترة الثانية | U19: =SUM(P19:T19) -> 0 | Y19: الفترة الثالثة | AE19: =SUM(Z19:AD19) -> 0 | AR19: =K19+ROW()*0.0000001 -> 211 | AS19: =B19 -> قاسم عبدالمنعم موسي الشيخي | AU19: 22 | AV19: =IFERROR(LARGE($AR$11:$AR$396,AU19),"") -> 3.89e-05 | AW19: =IFERROR(VLOOKUP(AV19,الترتيب1,2,0),"") -> 0 | AX19: =U19+ROW()*0.0000001 -> 1.9e-06 | AY19: =AS19 -> قاسم عبدالمنعم موسي الشيخي | AZ19: 22 | BA19: =IFERROR(LARGE($AX$11:$AX$396,AZ19),"") -> 3.75e-05 | BB19: =IFERROR(VLOOKUP(BA19,الترتيب2,2,0),"") -> 0 | BC19: =AE19+ROW()*0.0000001 -> 1.9e-06 | BD19: =AY19 -> قاسم عبدالمنعم موسي الشيخي | BE19: 22 | BF19: =IFERROR(LARGE($BC$11:$BC$396,BE19),"") -> 3.75e-05 | BG19: =IFERROR(VLOOKUP(BF19,الترتيب3,2,0),"") -> 0 | BK19: 120181204148 | BL19: الشيخي | BM19: =MID($BK19,12,1) -> 8 | BN19: =MID($BK19,11,1) -> 4 | BO19: =MID($BK19,10,1) -> 1 | BP19: =MID($BK19,9,1) -> 4 | BQ19: =MID($BK19,8,1) -> 0 | BR19: =MID($BK19,7,1) -> 2 | BS19: =MID($BK19,6,1) -> 1 | BT19: =MID($BK19,5,1) -> 8 | BU19: =MID($BK19,4,1) -> 1 | BV19: =MID($BK19,3,1) -> 0 | BW19: =MID($BK19,2,1) -> 2 | BX19: =MID($BK19,1,1) -> 1 | BY19: تاجوراء | BZ19: ليبي | CA19: مستجد | CB19: نظامي | CC19: أحلام الشيباني
A20: 10 | B20: مثاب نورالدين احمد الديب | C20: 43390 | D20: امنهة صالح عبدالله | E20: الفترة الاول | F20: 34 | G20: 70 | H20: 35 | I20: 12 | J20: 60 | K20: =SUM(F20:J20) -> 211 | L20: جيد جداَ | M20: جيد جداَ | O20: الفترة الثانية | U20: =SUM(P20:T20) -> 0 | Y20: الفترة الثالثة | AE20: =SUM(Z20:AD20) -> 0 | AR20: =K20+ROW()*0.0000001 -> 211 | AS20: =B20 -> مثاب نورالدين احمد الديب | AU20: 30 | AV20: =IFERROR(LARGE($AR$11:$AR$396,AU20),"") -> 3.81e-05 | AW20: =IFERROR(VLOOKUP(AV20,الترتيب1,2,0),"") -> 0 | AX20: =U20+ROW()*0.0000001 -> 2e-06 | AY20: =AS20 -> مثاب نورالدين احمد الديب | AZ20: 30 | BA20: =IFERROR(LARGE($AX$11:$AX$396,AZ20),"") -> 3.67e-05 | BB20: =IFERROR(VLOOKUP(BA20,الترتيب2,2,0),"") -> 0 | BC20: =AE20+ROW()*0.0000001 -> 2e-06 | BD20: =AY20 -> مثاب نورالدين احمد الديب | BE20: 30 | BF20: =IFERROR(LARGE($BC$11:$BC$396,BE20),"") -> 3.67e-05 | BG20: =IFERROR(VLOOKUP(BF20,الترتيب3,2,0),"") -> 0 | BK20: 220181120911 | BL20: الذيب | BM20: =MID($BK20,12,1) -> 1 | BN20: =MID($BK20,11,1) -> 1 | BO20: =MID($BK20,10,1) -> 9 | BP20: =MID($BK20,9,1) -> 0 | BQ20: =MID($BK20,8,1) -> 2 | BR20: =MID($BK20,7,1) -> 1 | BS20: =MID($BK20,6,1) -> 1 | BT20: =MID($BK20,5,1) -> 8 | BU20: =MID($BK20,4,1) -> 1 | BV20: =MID($BK20,3,1) -> 0 | BW20: =MID($BK20,2,1) -> 2 | BX20: =MID($BK20,1,1) -> 2 | BY20: تاجوراء | BZ20: ليبية | CA20: مستجد | CB20: نظامي | CC20: أحلام الشيباني
A21: 11 | B21: ميرال صالح محمد ديماس | C21: 43430 | D21: دالين كحيل | E21: الفترة الاول | F21: 36 | G21: 66 | H21: 36 | I21: 12 | J21: 60 | K21: =SUM(F21:J21) -> 210 | L21: جيد جداَ | M21: جيد جداَ | O21: الفترة الثانية | U21: =SUM(P21:T21) -> 0 | Y21: الفترة الثالثة | AE21: =SUM(Z21:AD21) -> 0 | AR21: =K21+ROW()*0.0000001 -> 210 | AS21: =B21 -> ميرال صالح محمد ديماس | AU21: 24 | AV21: =IFERROR(LARGE($AR$11:$AR$396,AU21),"") -> 3.87e-05 | AW21: =IFERROR(VLOOKUP(AV21,الترتيب1,2,0),"") -> 0 | AX21: =U21+ROW()*0.0000001 -> 2.1e-06 | AY21: =AS21 -> ميرال صالح محمد ديماس | AZ21: 24 | BA21: =IFERROR(LARGE($AX$11:$AX$396,AZ21),"") -> 3.73e-05 | BB21: =IFERROR(VLOOKUP(BA21,الترتيب2,2,0),"") -> 0 | BC21: =AE21+ROW()*0.0000001 -> 2.1e-06 | BD21: =AY21 -> ميرال صالح محمد ديماس | BE21: 24 | BF21: =IFERROR(LARGE($BC$11:$BC$396,BE21),"") -> 3.73e-05 | BG21: =IFERROR(VLOOKUP(BF21,الترتيب3,2,0),"") -> 0 | BL21: ديماس | BM21: =MID($BK21,12,1) | BN21: =MID($BK21,11,1) | BO21: =MID($BK21,10,1) | BP21: =MID($BK21,9,1) | BQ21: =MID($BK21,8,1) | BR21: =MID($BK21,7,1) | BS21: =MID($BK21,6,1) | BT21: =MID($BK21,5,1) | BU21: =MID($BK21,4,1) | BV21: =MID($BK21,3,1) | BW21: =MID($BK21,2,1) | BX21: =MID($BK21,1,1) | BY21: ليبيا | BZ21: سورية | CA21: مستجد | CB21: نظامي | CC21: أحلام الشيباني
A22: 12 | B22: ندى علاء محمد سلطان | C22: 43184 | D22: ايه إبراهيم | E22: الفترة الاول | F22: 35 | G22: 69 | H22: 36 | I22: 12 | J22: 59 | K22: =SUM(F22:J22) -> 211 | L22: جيد جداَ | M22: جيد جداَ | O22: الفترة الثانية | U22: =SUM(P22:T22) -> 0 | Y22: الفترة الثالثة | AE22: =SUM(Z22:AD22) -> 0 | AR22: =K22+ROW()*0.0000001 -> 211 | AS22: =B22 -> ندى علاء محمد سلطان | AU22: 25 | AV22: =IFERROR(LARGE($AR$11:$AR$396,AU22),"") -> 3.86e-05 | AW22: =IFERROR(VLOOKUP(AV22,الترتيب1,2,0),"") -> 0 | AX22: =U22+ROW()*0.0000001 -> 2.2e-06 | AY22: =AS22 -> ندى علاء محمد سلطان | AZ22: 25 | BA22: =IFERROR(LARGE($AX$11:$AX$396,AZ22),"") -> 3.72e-05 | BB22: =IFERROR(VLOOKUP(BA22,الترتيب2,2,0),"") -> 0 | BC22: =AE22+ROW()*0.0000001 -> 2.2e-06 | BD22: =AY22 -> ندى علاء محمد سلطان | BE22: 25 | BF22: =IFERROR(LARGE($BC$11:$BC$396,BE22),"") -> 3.72e-05 | BG22: =IFERROR(VLOOKUP(BF22,الترتيب3,2,0),"") -> 0 | BL22: سلطان | BM22: =MID($BK22,12,1) | BN22: =MID($BK22,11,1) | BO22: =MID($BK22,10,1) | BP22: =MID($BK22,9,1) | BQ22: =MID($BK22,8,1) | BR22: =MID($BK22,7,1) | BS22: =MID($BK22,6,1) | BT22: =MID($BK22,5,1) | BU22: =MID($BK22,4,1) | BV22: =MID($BK22,3,1) | BW22: =MID($BK22,2,1) | BX22: =MID($BK22,1,1) | BY22: ليبيا | BZ22: مصرية | CA22: مستجد | CB22: نظامي | CC22: أحلام الشيباني
A23: 13 | B23: نصير نور الدين عبدالله الشاوش | C23: 43361 | D23: عائشة سليمان بشير | E23: الفترة الاول | F23: 34 | G23: 68 | H23: 34 | I23: 12 | J23: 50 | K23: =SUM(F23:J23) -> 198 | L23: جيد جداَ | M23: جيد جداَ | O23: الفترة الثانية | U23: =SUM(P23:T23) -> 0 | Y23: الفترة الثالثة | AE23: =SUM(Z23:AD23) -> 0 | AR23: =K23+ROW()*0.0000001 -> 198 | AS23: =B23 -> نصير نور الدين عبدالله الشاوش | AU23: 26 | AV23: =IFERROR(LARGE($AR$11:$AR$396,AU23),"") -> 3.85e-05 | AW23: =IFERROR(VLOOKUP(AV23,الترتيب1,2,0),"") -> 0 | AX23: =U23+ROW()*0.0000001 -> 2.3e-06 | AY23: =AS23 -> نصير نور الدين عبدالله الشاوش | AZ23: 26 | BA23: =IFERROR(LARGE($AX$11:$AX$396,AZ23),"") -> 3.71e-05 | BB23: =IFERROR(VLOOKUP(BA23,الترتيب2,2,0),"") -> 0 | BC23: =AE23+ROW()*0.0000001 -> 2.3e-06 | BD23: =AY23 -> نصير نور الدين عبدالله الشاوش | BE23: 26 | BF23: =IFERROR(LARGE($BC$11:$BC$396,BE23),"") -> 3.71e-05 | BG23: =IFERROR(VLOOKUP(BF23,الترتيب3,2,0),"") -> 0 | BK23: 120180737423 | BL23: الشاوش | BM23: =MID($BK23,12,1) -> 3 | BN23: =MID($BK23,11,1) -> 2 | BO23: =MID($BK23,10,1) -> 4 | BP23: =MID($BK23,9,1) -> 7 | BQ23: =MID($BK23,8,1) -> 3 | BR23: =MID($BK23,7,1) -> 7 | BS23: =MID($BK23,6,1) -> 0 | BT23: =MID($BK23,5,1) -> 8 | BU23: =MID($BK23,4,1) -> 1 | BV23: =MID($BK23,3,1) -> 0 | BW23: =MID($BK23,2,1) -> 2 | BX23: =MID($BK23,1,1) -> 1 | BY23: تاجوراء | BZ23: ليبي | CA23: مستجد | CB23: نظامي | CC23: أحلام الشيباني
A24: 14 | B24: وسام خليل محمد علي المغربي | C24: 43381 | D24: انتصار على محمد | E24: الفترة الاول | F24: 34 | G24: 64 | H24: 35 | I24: 12 | J24: 59 | K24: =SUM(F24:J24) -> 204 | L24: جيد جداَ | M24: جيد جداَ | O24: الفترة الثانية | U24: =SUM(P24:T24) -> 0 | Y24: الفترة الثالثة | AE24: =SUM(Z24:AD24) -> 0 | AR24: =K24+ROW()*0.0000001 -> 204 | AS24: =B24 -> وسام خليل محمد علي المغربي | AU24: 27 | AV24: =IFERROR(LARGE($AR$11:$AR$396,AU24),"") -> 3.84e-05 | AW24: =IFERROR(VLOOKUP(AV24,الترتيب1,2,0),"") -> 0 | AX24: =U24+ROW()*0.0000001 -> 2.4e-06 | AY24: =AS24 -> وسام خليل محمد علي المغربي | AZ24: 27 | BA24: =IFERROR(LARGE($AX$11:$AX$396,AZ24),"") -> 3.7e-05 | BB24: =IFERROR(VLOOKUP(BA24,الترتيب2,2,0),"") -> 0 | BC24: =AE24+ROW()*0.0000001 -> 2.4e-06 | BD24: =AY24 -> وسام خليل محمد علي المغربي | BE24: 27 | BF24: =IFERROR(LARGE($BC$11:$BC$396,BE24),"") -> 3.7e-05 | BG24: =IFERROR(VLOOKUP(BF24,الترتيب3,2,0),"") -> 0 | BK24: 120180783129 | BL24: المغربي | BM24: =MID($BK24,12,1) -> 9 | BN24: =MID($BK24,11,1) -> 2 | BO24: =MID($BK24,10,1) -> 1 | BP24: =MID($BK24,9,1) -> 3 | BQ24: =MID($BK24,8,1) -> 8 | BR24: =MID($BK24,7,1) -> 7 | BS24: =MID($BK24,6,1) -> 0 | BT24: =MID($BK24,5,1) -> 8 | BU24: =MID($BK24,4,1) -> 1 | BV24: =MID($BK24,3,1) -> 0 | BW24: =MID($BK24,2,1) -> 2 | BX24: =MID($BK24,1,1) -> 1 | BY24: تاجوراء | BZ24: ليبي | CA24: مستجد | CB24: نظامي | CC24: أحلام الشيباني
A25: 15 | E25: الفترة الاول | K25: =SUM(F25:J25) -> 0 | O25: الفترة الثانية | U25: =SUM(P25:T25) -> 0 | Y25: الفترة الثالثة | AE25: =SUM(Z25:AD25) -> 0 | AR25: =K25+ROW()*0.0000001 -> 2.5e-06 | AS25: =B25 -> 0 | AU25: 28 | AV25: =IFERROR(LARGE($AR$11:$AR$396,AU25),"") -> 3.83e-05 | AW25: =IFERROR(VLOOKUP(AV25,الترتيب1,2,0),"") -> 0 | AX25: =U25+ROW()*0.0000001 -> 2.5e-06 | AY25: =AS25 -> 0 | AZ25: 28 | BA25: =IFERROR(LARGE($AX$11:$AX$396,AZ25),"") -> 3.69e-05 | BB25: =IFERROR(VLOOKUP(BA25,الترتيب2,2,0),"") -> 0 | BC25: =AE25+ROW()*0.0000001 -> 2.5e-06 | BD25: =AY25 -> 0 | BE25: 28 | BF25: =IFERROR(LARGE($BC$11:$BC$396,BE25),"") -> 3.69e-05 | BG25: =IFERROR(VLOOKUP(BF25,الترتيب3,2,0),"") -> 0 | BM25: =MID($BK25,12,1) | BN25: =MID($BK25,11,1) | BO25: =MID($BK25,10,1) | BP25: =MID($BK25,9,1) | BQ25: =MID($BK25,8,1) | BR25: =MID($BK25,7,1) | BS25: =MID($BK25,6,1) | BT25: =MID($BK25,5,1) | BU25: =MID($BK25,4,1) | BV25: =MID($BK25,3,1) | BW25: =MID($BK25,2,1) | BX25: =MID($BK25,1,1) | CA25: مستجد | CB25: نظامي | CC25: أحلام الشيباني
A26: 16 | E26: الفترة الاول | K26: =SUM(F26:J26) -> 0 | O26: الفترة الثانية | U26: =SUM(P26:T26) -> 0 | Y26: الفترة الثالثة | AE26: =SUM(Z26:AD26) -> 0 | AR26: =K26+ROW()*0.0000001 -> 2.6e-06 | AS26: =B26 -> 0 | AU26: 31 | AV26: =IFERROR(LARGE($AR$11:$AR$396,AU26),"") -> 3.8e-05 | AW26: =IFERROR(VLOOKUP(AV26,الترتيب1,2,0),"") -> 0 | AX26: =U26+ROW()*0.0000001 -> 2.6e-06 | AY26: =AS26 -> 0 | AZ26: 31 | BA26: =IFERROR(LARGE($AX$11:$AX$396,AZ26),"") -> 3.66e-05 | BB26: =IFERROR(VLOOKUP(BA26,الترتيب2,2,0),"") -> 0 | BC26: =AE26+ROW()*0.0000001 -> 2.6e-06 | BD26: =AY26 -> 0 | BE26: 31 | BF26: =IFERROR(LARGE($BC$11:$BC$396,BE26),"") -> 3.66e-05 | BG26: =IFERROR(VLOOKUP(BF26,الترتيب3,2,0),"") -> 0 | BM26: =MID($BK26,12,1) | BN26: =MID($BK26,11,1) | BO26: =MID($BK26,10,1) | BP26: =MID($BK26,9,1) | BQ26: =MID($BK26,8,1) | BR26: =MID($BK26,7,1) | BS26: =MID($BK26,6,1) | BT26: =MID($BK26,5,1) | BU26: =MID($BK26,4,1) | BV26: =MID($BK26,3,1) | BW26: =MID($BK26,2,1) | BX26: =MID($BK26,1,1) | CB26: نظامي | CC26: أحلام الشيباني
A27: 17 | E27: الفترة الاول | K27: =SUM(F27:J27) -> 0 | O27: الفترة الثانية | U27: =SUM(P27:T27) -> 0 | Y27: الفترة الثالثة | AE27: =SUM(Z27:AD27) -> 0 | AR27: =K27+ROW()*0.0000001 -> 2.7e-06 | AS27: =B27 -> 0 | AU27: 32 | AV27: =IFERROR(LARGE($AR$11:$AR$396,AU27),"") -> 3.79e-05 | AW27: =IFERROR(VLOOKUP(AV27,الترتيب1,2,0),"") -> 0 | AX27: =U27+ROW()*0.0000001 -> 2.7e-06 | AY27: =AS27 -> 0 | AZ27: 32 | BA27: =IFERROR(LARGE($AX$11:$AX$396,AZ27),"") -> 3.65e-05 | BB27: =IFERROR(VLOOKUP(BA27,الترتيب2,2,0),"") -> 0 | BC27: =AE27+ROW()*0.0000001 -> 2.7e-06 | BD27: =AY27 -> 0 | BE27: 32 | BF27: =IFERROR(LARGE($BC$11:$BC$396,BE27),"") -> 3.65e-05 | BG27: =IFERROR(VLOOKUP(BF27,الترتيب3,2,0),"") -> 0 | BM27: =MID($BK27,12,1) | BN27: =MID($BK27,11,1) | BO27: =MID($BK27,10,1) | BP27: =MID($BK27,9,1) | BQ27: =MID($BK27,8,1) | BR27: =MID($BK27,7,1) | BS27: =MID($BK27,6,1) | BT27: =MID($BK27,5,1) | BU27: =MID($BK27,4,1) | BV27: =MID($BK27,3,1) | BW27: =MID($BK27,2,1) | BX27: =MID($BK27,1,1) | CB27: نظامي | CC27: أحلام الشيباني
A28: 18 | E28: الفترة الاول | K28: =SUM(F28:J28) -> 0 | O28: الفترة الثانية | U28: =SUM(P28:T28) -> 0 | Y28: الفترة الثالثة | AE28: =SUM(Z28:AD28) -> 0 | AR28: =K28+ROW()*0.0000001 -> 2.8e-06 | AS28: =B28 -> 0 | AU28: 33 | AV28: =IFERROR(LARGE($AR$11:$AR$396,AU28),"") -> 3.78e-05 | AW28: =IFERROR(VLOOKUP(AV28,الترتيب1,2,0),"") -> 0 | AX28: =U28+ROW()*0.0000001 -> 2.8e-06 | AY28: =AS28 -> 0 | AZ28: 33 | BA28: =IFERROR(LARGE($AX$11:$AX$396,AZ28),"") -> 3.64e-05 | BB28: =IFERROR(VLOOKUP(BA28,الترتيب2,2,0),"") -> 0 | BC28: =AE28+ROW()*0.0000001 -> 2.8e-06 | BD28: =AY28 -> 0 | BE28: 33 | BF28: =IFERROR(LARGE($BC$11:$BC$396,BE28),"") -> 3.64e-05 | BG28: =IFERROR(VLOOKUP(BF28,الترتيب3,2,0),"") -> 0 | BM28: =MID($BK28,12,1) | BN28: =MID($BK28,11,1) | BO28: =MID($BK28,10,1) | BP28: =MID($BK28,9,1) | BQ28: =MID($BK28,8,1) | BR28: =MID($BK28,7,1) | BS28: =MID($BK28,6,1) | BT28: =MID($BK28,5,1) | BU28: =MID($BK28,4,1) | BV28: =MID($BK28,3,1) | BW28: =MID($BK28,2,1) | BX28: =MID($BK28,1,1) | CB28: نظامي | CC28: أحلام الشيباني
A29: 19 | E29: الفترة الاول | K29: =SUM(F29:J29) -> 0 | O29: الفترة الثانية | U29: =SUM(P29:T29) -> 0 | Y29: الفترة الثالثة | AE29: =SUM(Z29:AD29) -> 0 | AR29: =K29+ROW()*0.0000001 -> 2.9e-06 | AS29: =B29 -> 0 | AU29: 34 | AV29: =IFERROR(LARGE($AR$11:$AR$396,AU29),"") -> 3.77e-05 | AW29: =IFERROR(VLOOKUP(AV29,الترتيب1,2,0),"") -> 0 | AX29: =U29+ROW()*0.0000001 -> 2.9e-06 | AY29: =AS29 -> 0 | AZ29: 34 | BA29: =IFERROR(LARGE($AX$11:$AX$396,AZ29),"") -> 3.63e-05 | BB29: =IFERROR(VLOOKUP(BA29,الترتيب2,2,0),"") -> 0 | BC29: =AE29+ROW()*0.0000001 -> 2.9e-06 | BD29: =AY29 -> 0 | BE29: 34 | BF29: =IFERROR(LARGE($BC$11:$BC$396,BE29),"") -> 3.63e-05 | BG29: =IFERROR(VLOOKUP(BF29,الترتيب3,2,0),"") -> 0 | BM29: =MID($BK29,12,1) | BN29: =MID($BK29,11,1) | BO29: =MID($BK29,10,1) | BP29: =MID($BK29,9,1) | BQ29: =MID($BK29,8,1) | BR29: =MID($BK29,7,1) | BS29: =MID($BK29,6,1) | BT29: =MID($BK29,5,1) | BU29: =MID($BK29,4,1) | BV29: =MID($BK29,3,1) | BW29: =MID($BK29,2,1) | BX29: =MID($BK29,1,1) | CB29: نظامي | CC29: أحلام الشيباني
A30: 20 | E30: الفترة الاول | K30: =SUM(F30:J30) -> 0 | O30: الفترة الثانية | U30: =SUM(P30:T30) -> 0 | Y30: الفترة الثالثة | AE30: =SUM(Z30:AD30) -> 0 | AR30: =K30+ROW()*0.0000001 -> 3e-06 | AS30: =B30 -> 0 | AU30: 35 | AV30: =IFERROR(LARGE($AR$11:$AR$396,AU30),"") -> 3.76e-05 | AW30: =IFERROR(VLOOKUP(AV30,الترتيب1,2,0),"") -> 0 | AX30: =U30+ROW()*0.0000001 -> 3e-06 | AY30: =AS30 -> 0 | AZ30: 35 | BA30: =IFERROR(LARGE($AX$11:$AX$396,AZ30),"") -> 3.62e-05 | BB30: =IFERROR(VLOOKUP(BA30,الترتيب2,2,0),"") -> 0 | BC30: =AE30+ROW()*0.0000001 -> 3e-06 | BD30: =AY30 -> 0 | BE30: 35 | BF30: =IFERROR(LARGE($BC$11:$BC$396,BE30),"") -> 3.62e-05 | BG30: =IFERROR(VLOOKUP(BF30,الترتيب3,2,0),"") -> 0 | BM30: =MID($BK30,12,1) | BN30: =MID($BK30,11,1) | BO30: =MID($BK30,10,1) | BP30: =MID($BK30,9,1) | BQ30: =MID($BK30,8,1) | BR30: =MID($BK30,7,1) | BS30: =MID($BK30,6,1) | BT30: =MID($BK30,5,1) | BU30: =MID($BK30,4,1) | BV30: =MID($BK30,3,1) | BW30: =MID($BK30,2,1) | BX30: =MID($BK30,1,1) | CB30: نظامي | CC30: أحلام الشيباني
A31: 21 | E31: الفترة الاول | K31: =SUM(F31:J31) -> 0 | O31: الفترة الثانية | U31: =SUM(P31:T31) -> 0 | Y31: الفترة الثالثة | AE31: =SUM(Z31:AD31) -> 0 | AR31: =K31+ROW()*0.0000001 -> 3.1e-06 | AS31: =B31 -> 0 | AU31: 36 | AV31: =IFERROR(LARGE($AR$11:$AR$396,AU31),"") -> 3.75e-05 | AW31: =IFERROR(VLOOKUP(AV31,الترتيب1,2,0),"") -> 0 | AX31: =U31+ROW()*0.0000001 -> 3.1e-06 | AY31: =AS31 -> 0 | AZ31: 36 | BA31: =IFERROR(LARGE($AX$11:$AX$396,AZ31),"") -> 3.61e-05 | BB31: =IFERROR(VLOOKUP(BA31,الترتيب2,2,0),"") -> 0 | BC31: =AE31+ROW()*0.0000001 -> 3.1e-06 | BD31: =AY31 -> 0 | BE31: 36 | BF31: =IFERROR(LARGE($BC$11:$BC$396,BE31),"") -> 3.61e-05 | BG31: =IFERROR(VLOOKUP(BF31,الترتيب3,2,0),"") -> 0 | BM31: =MID($BK31,12,1) | BN31: =MID($BK31,11,1) | BO31: =MID($BK31,10,1) | BP31: =MID($BK31,9,1) | BQ31: =MID($BK31,8,1) | BR31: =MID($BK31,7,1) | BS31: =MID($BK31,6,1) | BT31: =MID($BK31,5,1) | BU31: =MID($BK31,4,1) | BV31: =MID($BK31,3,1) | BW31: =MID($BK31,2,1) | BX31: =MID($BK31,1,1) | CB31: نظامي | CC31: أحلام الشيباني
A32: 22 | E32: الفترة الاول | K32: =SUM(F32:J32) -> 0 | O32: الفترة الثانية | U32: =SUM(P32:T32) -> 0 | Y32: الفترة الثالثة | AE32: =SUM(Z32:AD32) -> 0 | AR32: =K32+ROW()*0.0000001 -> 3.2e-06 | AS32: =B32 -> 0 | AU32: 37 | AV32: =IFERROR(LARGE($AR$11:$AR$396,AU32),"") -> 3.74e-05 | AW32: =IFERROR(VLOOKUP(AV32,الترتيب1,2,0),"") -> 0 | AX32: =U32+ROW()*0.0000001 -> 3.2e-06 | AY32: =AS32 -> 0 | AZ32: 37 | BA32: =IFERROR(LARGE($AX$11:$AX$396,AZ32),"") -> 3.6e-05 | BB32: =IFERROR(VLOOKUP(BA32,الترتيب2,2,0),"") -> 0 | BC32: =AE32+ROW()*0.0000001 -> 3.2e-06 | BD32: =AY32 -> 0 | BE32: 37 | BF32: =IFERROR(LARGE($BC$11:$BC$396,BE32),"") -> 3.6e-05 | BG32: =IFERROR(VLOOKUP(BF32,الترتيب3,2,0),"") -> 0 | BM32: =MID($BK32,12,1) | BN32: =MID($BK32,11,1) | BO32: =MID($BK32,10,1) | BP32: =MID($BK32,9,1) | BQ32: =MID($BK32,8,1) | BR32: =MID($BK32,7,1) | BS32: =MID($BK32,6,1) | BT32: =MID($BK32,5,1) | BU32: =MID($BK32,4,1) | BV32: =MID($BK32,3,1) | BW32: =MID($BK32,2,1) | BX32: =MID($BK32,1,1) | CB32: نظامي | CC32: أحلام الشيباني
A33: 23 | E33: الفترة الاول | K33: =SUM(F33:J33) -> 0 | O33: الفترة الثانية | U33: =SUM(P33:T33) -> 0 | Y33: الفترة الثالثة | AE33: =SUM(Z33:AD33) -> 0 | AR33: =K33+ROW()*0.0000001 -> 3.3e-06 | AS33: =B33 -> 0 | AU33: 38 | AV33: =IFERROR(LARGE($AR$11:$AR$396,AU33),"") -> 3.73e-05 | AW33: =IFERROR(VLOOKUP(AV33,الترتيب1,2,0),"") -> 0 | AX33: =U33+ROW()*0.0000001 -> 3.3e-06 | AY33: =AS33 -> 0 | AZ33: 38 | BA33: =IFERROR(LARGE($AX$11:$AX$396,AZ33),"") -> 3.59e-05 | BB33: =IFERROR(VLOOKUP(BA33,الترتيب2,2,0),"") -> 0 | BC33: =AE33+ROW()*0.0000001 -> 3.3e-06 | BD33: =AY33 -> 0 | BE33: 38 | BF33: =IFERROR(LARGE($BC$11:$BC$396,BE33),"") -> 3.59e-05 | BG33: =IFERROR(VLOOKUP(BF33,الترتيب3,2,0),"") -> 0 | BM33: =MID($BK33,12,1) | BN33: =MID($BK33,11,1) | BO33: =MID($BK33,10,1) | BP33: =MID($BK33,9,1) | BQ33: =MID($BK33,8,1) | BR33: =MID($BK33,7,1) | BS33: =MID($BK33,6,1) | BT33: =MID($BK33,5,1) | BU33: =MID($BK33,4,1) | BV33: =MID($BK33,3,1) | BW33: =MID($BK33,2,1) | BX33: =MID($BK33,1,1) | CB33: نظامي | CC33: أحلام الشيباني
A34: 24 | E34: الفترة الاول | K34: =SUM(F34:J34) -> 0 | O34: الفترة الثانية | U34: =SUM(P34:T34) -> 0 | Y34: الفترة الثالثة | AE34: =SUM(Z34:AD34) -> 0 | AR34: =K34+ROW()*0.0000001 -> 3.4e-06 | AS34: =B34 -> 0 | AU34: 39 | AV34: =IFERROR(LARGE($AR$11:$AR$396,AU34),"") -> 3.72e-05 | AW34: =IFERROR(VLOOKUP(AV34,الترتيب1,2,0),"") -> 0 | AX34: =U34+ROW()*0.0000001 -> 3.4e-06 | AY34: =AS34 -> 0 | AZ34: 39 | BA34: =IFERROR(LARGE($AX$11:$AX$396,AZ34),"") -> 3.58e-05 | BB34: =IFERROR(VLOOKUP(BA34,الترتيب2,2,0),"") -> 0 | BC34: =AE34+ROW()*0.0000001 -> 3.4e-06 | BD34: =AY34 -> 0 | BE34: 39 | BF34: =IFERROR(LARGE($BC$11:$BC$396,BE34),"") -> 3.58e-05 | BG34: =IFERROR(VLOOKUP(BF34,الترتيب3,2,0),"") -> 0 | BM34: =MID($BK34,12,1) | BN34: =MID($BK34,11,1) | BO34: =MID($BK34,10,1) | BP34: =MID($BK34,9,1) | BQ34: =MID($BK34,8,1) | BR34: =MID($BK34,7,1) | BS34: =MID($BK34,6,1) | BT34: =MID($BK34,5,1) | BU34: =MID($BK34,4,1) | BV34: =MID($BK34,3,1) | BW34: =MID($BK34,2,1) | BX34: =MID($BK34,1,1) | CB34: نظامي | CC34: أحلام الشيباني
A35: 25 | E35: الفترة الاول | K35: =SUM(F35:J35) -> 0 | O35: الفترة الثانية | U35: =SUM(P35:T35) -> 0 | Y35: الفترة الثالثة | AE35: =SUM(Z35:AD35) -> 0 | AR35: =K35+ROW()*0.0000001 -> 3.5e-06 | AS35: =B35 -> 0 | AU35: 40 | AV35: =IFERROR(LARGE($AR$11:$AR$396,AU35),"") -> 3.71e-05 | AW35: =IFERROR(VLOOKUP(AV35,الترتيب1,2,0),"") -> 0 | AX35: =U35+ROW()*0.0000001 -> 3.5e-06 | AY35: =AS35 -> 0 | AZ35: 40 | BA35: =IFERROR(LARGE($AX$11:$AX$396,AZ35),"") -> 3.57e-05 | BB35: =IFERROR(VLOOKUP(BA35,الترتيب2,2,0),"") -> 0 | BC35: =AE35+ROW()*0.0000001 -> 3.5e-06 | BD35: =AY35 -> 0 | BE35: 40 | BF35: =IFERROR(LARGE($BC$11:$BC$396,BE35),"") -> 3.57e-05 | BG35: =IFERROR(VLOOKUP(BF35,الترتيب3,2,0),"") -> 0 | BM35: =MID($BK35,12,1) | BN35: =MID($BK35,11,1) | BO35: =MID($BK35,10,1) | BP35: =MID($BK35,9,1) | BQ35: =MID($BK35,8,1) | BR35: =MID($BK35,7,1) | BS35: =MID($BK35,6,1) | BT35: =MID($BK35,5,1) | BU35: =MID($BK35,4,1) | BV35: =MID($BK35,3,1) | BW35: =MID($BK35,2,1) | BX35: =MID($BK35,1,1) | CB35: نظامي | CC35: أحلام الشيباني
A36: 26 | E36: الفترة الاول | K36: =SUM(F36:J36) -> 0 | O36: الفترة الثانية | U36: =SUM(P36:T36) -> 0 | Y36: الفترة الثالثة | AE36: =SUM(Z36:AD36) -> 0 | AR36: =K36+ROW()*0.0000001 -> 3.6e-06 | AS36: =B36 -> 0 | AU36: 41 | AV36: =IFERROR(LARGE($AR$11:$AR$396,AU36),"") -> 3.7e-05 | AW36: =IFERROR(VLOOKUP(AV36,الترتيب1,2,0),"") -> 0 | AX36: =U36+ROW()*0.0000001 -> 3.6e-06 | AY36: =AS36 -> 0 | AZ36: 41 | BA36: =IFERROR(LARGE($AX$11:$AX$396,AZ36),"") -> 3.56e-05 | BB36: =IFERROR(VLOOKUP(BA36,الترتيب2,2,0),"") -> 0 | BC36: =AE36+ROW()*0.0000001 -> 3.6e-06 | BD36: =AY36 -> 0 | BE36: 41 | BF36: =IFERROR(LARGE($BC$11:$BC$396,BE36),"") -> 3.56e-05 | BG36: =IFERROR(VLOOKUP(BF36,الترتيب3,2,0),"") -> 0 | BM36: =MID($BK36,12,1) | BN36: =MID($BK36,11,1) | BO36: =MID($BK36,10,1) | BP36: =MID($BK36,9,1) | BQ36: =MID($BK36,8,1) | BR36: =MID($BK36,7,1) | BS36: =MID($BK36,6,1) | BT36: =MID($BK36,5,1) | BU36: =MID($BK36,4,1) | BV36: =MID($BK36,3,1) | BW36: =MID($BK36,2,1) | BX36: =MID($BK36,1,1) | CB36: نظامي | CC36: أحلام الشيباني
A37: 27 | E37: الفترة الاول | K37: =SUM(F37:J37) -> 0 | O37: الفترة الثانية | U37: =SUM(P37:T37) -> 0 | Y37: الفترة الثالثة | AE37: =SUM(Z37:AD37) -> 0 | AR37: =K37+ROW()*0.0000001 -> 3.7e-06 | AS37: =B37 -> 0 | AU37: 42 | AV37: =IFERROR(LARGE($AR$11:$AR$396,AU37),"") -> 3.69e-05 | AW37: =IFERROR(VLOOKUP(AV37,الترتيب1,2,0),"") -> 0 | AX37: =U37+ROW()*0.0000001 -> 3.7e-06 | AY37: =AS37 -> 0 | AZ37: 42 | BA37: =IFERROR(LARGE($AX$11:$AX$396,AZ37),"") -> 3.55e-05 | BB37: =IFERROR(VLOOKUP(BA37,الترتيب2,2,0),"") -> 0 | BC37: =AE37+ROW()*0.0000001 -> 3.7e-06 | BD37: =AY37 -> 0 | BE37: 42 | BF37: =IFERROR(LARGE($BC$11:$BC$396,BE37),"") -> 3.55e-05 | BG37: =IFERROR(VLOOKUP(BF37,الترتيب3,2,0),"") -> 0 | BM37: =MID($BK37,12,1) | BN37: =MID($BK37,11,1) | BO37: =MID($BK37,10,1) | BP37: =MID($BK37,9,1) | BQ37: =MID($BK37,8,1) | BR37: =MID($BK37,7,1) | BS37: =MID($BK37,6,1) | BT37: =MID($BK37,5,1) | BU37: =MID($BK37,4,1) | BV37: =MID($BK37,3,1) | BW37: =MID($BK37,2,1) | BX37: =MID($BK37,1,1) | CB37: نظامي | CC37: أحلام الشيباني
... A48: 38 | E48: الفترة الاول | K48: =SUM(F48:J48) -> 0 | O48: الفترة الثانية | U48: =SUM(P48:T48) -> 0 | Y48: الفترة الثالثة | AE48: =SUM(Z48:AD48) -> 0 | AR48: =K48+ROW()*0.0000001 -> 4.8e-06 | AS48: =B48 -> 0 | AU48: 53 | AV48: =IFERROR(LARGE($AR$11:$AR$396,AU48),"") -> 3.58e-05 | AW48: =IFERROR(VLOOKUP(AV48,الترتيب1,2,0),"") -> 0 | AX48: =U48+ROW()*0.0000001 -> 4.8e-06 | AY48: =AS48 -> 0 | AZ48: 53 | BA48: =IFERROR(LARGE($AX$11:$AX$396,AZ48),"") -> 3.44e-05 | BB48: =IFERROR(VLOOKUP(BA48,الترتيب2,2,0),"") -> 0 | BC48: =AE48+ROW()*0.0000001 -> 4.8e-06 | BD48: =AY48 -> 0 | BE48: 53 | BF48: =IFERROR(LARGE($BC$11:$BC$396,BE48),"") -> 3.44e-05 | BG48: =IFERROR(VLOOKUP(BF48,الترتيب3,2,0),"") -> 0 | BM48: =MID($BK48,12,1) | BN48: =MID($BK48,11,1) | BO48: =MID($BK48,10,1) | BP48: =MID($BK48,9,1) | BQ48: =MID($BK48,8,1) | BR48: =MID($BK48,7,1) | BS48: =MID($BK48,6,1) | BT48: =MID($BK48,5,1) | BU48: =MID($BK48,4,1) | BV48: =MID($BK48,3,1) | BW48: =MID($BK48,2,1) | BX48: =MID($BK48,1,1) | CB48: نظامي | CC48: أحلام الشيباني
A49: 39 | K49: =SUM(F49:J49) -> 0 | O49: الفترة الثانية | U49: =SUM(P49:T49) -> 0 | Y49: الفترة الثالثة | AE49: =SUM(Z49:AD49) -> 0 | AR49: =K49+ROW()*0.0000001 -> 4.9e-06 | AS49: =B49 -> 0 | AU49: 54 | AV49: =IFERROR(LARGE($AR$11:$AR$396,AU49),"") -> 3.57e-05 | AW49: =IFERROR(VLOOKUP(AV49,الترتيب1,2,0),"") -> 0 | AX49: =U49+ROW()*0.0000001 -> 4.9e-06 | AY49: =AS49 -> 0 | AZ49: 54 | BA49: =IFERROR(LARGE($AX$11:$AX$396,AZ49),"") -> 3.43e-05 | BB49: =IFERROR(VLOOKUP(BA49,الترتيب2,2,0),"") -> 0 | BC49: =AE49+ROW()*0.0000001 -> 4.9e-06 | BD49: =AY49 -> 0 | BE49: 54 | BF49: =IFERROR(LARGE($BC$11:$BC$396,BE49),"") -> 3.43e-05 | BG49: =IFERROR(VLOOKUP(BF49,الترتيب3,2,0),"") -> 0 | BM49: =MID($BK49,12,1) | BN49: =MID($BK49,11,1) | BO49: =MID($BK49,10,1) | BP49: =MID($BK49,9,1) | BQ49: =MID($BK49,8,1) | BR49: =MID($BK49,7,1) | BS49: =MID($BK49,6,1) | BT49: =MID($BK49,5,1) | BU49: =MID($BK49,4,1) | BV49: =MID($BK49,3,1) | BW49: =MID($BK49,2,1) | BX49: =MID($BK49,1,1) | CB49: نظامي | CC49: أحلام الشيباني
A50: 40 | K50: =SUM(F50:J50) -> 0 | O50: الفترة الثانية | U50: =SUM(P50:T50) -> 0 | Y50: الفترة الثالثة | AE50: =SUM(Z50:AD50) -> 0 | AR50: =K50+ROW()*0.0000001 -> 5e-06 | AS50: =B50 -> 0 | AU50: 55 | AV50: =IFERROR(LARGE($AR$11:$AR$396,AU50),"") -> 3.56e-05 | AW50: =IFERROR(VLOOKUP(AV50,الترتيب1,2,0),"") -> 0 | AX50: =U50+ROW()*0.0000001 -> 5e-06 | AY50: =AS50 -> 0 | AZ50: 55 | BA50: =IFERROR(LARGE($AX$11:$AX$396,AZ50),"") -> 3.42e-05 | BB50: =IFERROR(VLOOKUP(BA50,الترتيب2,2,0),"") -> 0 | BC50: =AE50+ROW()*0.0000001 -> 5e-06 | BD50: =AY50 -> 0 | BE50: 55 | BF50: =IFERROR(LARGE($BC$11:$BC$396,BE50),"") -> 3.42e-05 | BG50: =IFERROR(VLOOKUP(BF50,الترتيب3,2,0),"") -> 0 | BM50: =MID($BK50,12,1) | BN50: =MID($BK50,11,1) | BO50: =MID($BK50,10,1) | BP50: =MID($BK50,9,1) | BQ50: =MID($BK50,8,1) | BR50: =MID($BK50,7,1) | BS50: =MID($BK50,6,1) | BT50: =MID($BK50,5,1) | BU50: =MID($BK50,4,1) | BV50: =MID($BK50,3,1) | BW50: =MID($BK50,2,1) | BX50: =MID($BK50,1,1) | CB50: نظامي | CC50: أحلام الشيباني
A51: 41 | K51: =SUM(F51:J51) -> 0 | O51: الفترة الثانية | U51: =SUM(P51:T51) -> 0 | Y51: الفترة الثالثة | AE51: =SUM(Z51:AD51) -> 0 | AR51: =K51+ROW()*0.0000001 -> 5.1e-06 | AS51: =B51 -> 0 | AU51: 56 | AV51: =IFERROR(LARGE($AR$11:$AR$396,AU51),"") -> 3.55e-05 | AW51: =IFERROR(VLOOKUP(AV51,الترتيب1,2,0),"") -> 0 | AX51: =U51+ROW()*0.0000001 -> 5.1e-06 | AY51: =AS51 -> 0 | AZ51: 56 | BA51: =IFERROR(LARGE($AX$11:$AX$396,AZ51),"") -> 3.41e-05 | BB51: =IFERROR(VLOOKUP(BA51,الترتيب2,2,0),"") -> 0 | BC51: =AE51+ROW()*0.0000001 -> 5.1e-06 | BD51: =AY51 -> 0 | BE51: 56 | BF51: =IFERROR(LARGE($BC$11:$BC$396,BE51),"") -> 3.41e-05 | BG51: =IFERROR(VLOOKUP(BF51,الترتيب3,2,0),"") -> 0 | BM51: =MID($BK51,12,1) | BN51: =MID($BK51,11,1) | BO51: =MID($BK51,10,1) | BP51: =MID($BK51,9,1) | BQ51: =MID($BK51,8,1) | BR51: =MID($BK51,7,1) | BS51: =MID($BK51,6,1) | BT51: =MID($BK51,5,1) | BU51: =MID($BK51,4,1) | BV51: =MID($BK51,3,1) | BW51: =MID($BK51,2,1) | BX51: =MID($BK51,1,1) | CB51: نظامي | CC51: أحلام الشيباني
A52: 42 | K52: =SUM(F52:J52) -> 0 | O52: الفترة الثانية | U52: =SUM(P52:T52) -> 0 | Y52: الفترة الثالثة | AE52: =SUM(Z52:AD52) -> 0 | AR52: =K52+ROW()*0.0000001 -> 5.2e-06 | AS52: =B52 -> 0 | AU52: 57 | AV52: =IFERROR(LARGE($AR$11:$AR$396,AU52),"") -> 3.54e-05 | AW52: =IFERROR(VLOOKUP(AV52,الترتيب1,2,0),"") -> 0 | AX52: =U52+ROW()*0.0000001 -> 5.2e-06 | AY52: =AS52 -> 0 | AZ52: 57 | BA52: =IFERROR(LARGE($AX$11:$AX$396,AZ52),"") -> 3.4e-05 | BB52: =IFERROR(VLOOKUP(BA52,الترتيب2,2,0),"") -> 0 | BC52: =AE52+ROW()*0.0000001 -> 5.2e-06 | BD52: =AY52 -> 0 | BE52: 57 | BF52: =IFERROR(LARGE($BC$11:$BC$396,BE52),"") -> 3.4e-05 | BG52: =IFERROR(VLOOKUP(BF52,الترتيب3,2,0),"") -> 0 | BM52: =MID($BK52,12,1) | BN52: =MID($BK52,11,1) | BO52: =MID($BK52,10,1) | BP52: =MID($BK52,9,1) | BQ52: =MID($BK52,8,1) | BR52: =MID($BK52,7,1) | BS52: =MID($BK52,6,1) | BT52: =MID($BK52,5,1) | BU52: =MID($BK52,4,1) | BV52: =MID($BK52,3,1) | BW52: =MID($BK52,2,1) | BX52: =MID($BK52,1,1) | CB52: نظامي | CC52: أحلام الشيباني
A53: 43 | K53: =SUM(F53:J53) -> 0 | O53: الفترة الثانية | U53: =SUM(P53:T53) -> 0 | Y53: الفترة الثالثة | AE53: =SUM(Z53:AD53) -> 0 | AR53: =K53+ROW()*0.0000001 -> 5.3e-06 | AS53: =B53 -> 0 | AU53: 58 | AV53: =IFERROR(LARGE($AR$11:$AR$396,AU53),"") -> 3.53e-05 | AW53: =IFERROR(VLOOKUP(AV53,الترتيب1,2,0),"") -> 0 | AX53: =U53+ROW()*0.0000001 -> 5.3e-06 | AY53: =AS53 -> 0 | AZ53: 58 | BA53: =IFERROR(LARGE($AX$11:$AX$396,AZ53),"") -> 3.39e-05 | BB53: =IFERROR(VLOOKUP(BA53,الترتيب2,2,0),"") -> 0 | BC53: =AE53+ROW()*0.0000001 -> 5.3e-06 | BD53: =AY53 -> 0 | BE53: 58 | BF53: =IFERROR(LARGE($BC$11:$BC$396,BE53),"") -> 3.39e-05 | BG53: =IFERROR(VLOOKUP(BF53,الترتيب3,2,0),"") -> 0 | BM53: =MID($BK53,12,1) | BN53: =MID($BK53,11,1) | BO53: =MID($BK53,10,1) | BP53: =MID($BK53,9,1) | BQ53: =MID($BK53,8,1) | BR53: =MID($BK53,7,1) | BS53: =MID($BK53,6,1) | BT53: =MID($BK53,5,1) | BU53: =MID($BK53,4,1) | BV53: =MID($BK53,3,1) | BW53: =MID($BK53,2,1) | BX53: =MID($BK53,1,1) | CB53: نظامي | CC53: أحلام الشيباني
A54: 44 | K54: =SUM(F54:J54) -> 0 | O54: الفترة الثانية | U54: =SUM(P54:T54) -> 0 | Y54: الفترة الثالثة | AE54: =SUM(Z54:AD54) -> 0 | AR54: =K54+ROW()*0.0000001 -> 5.4e-06 | AS54: =B54 -> 0 | AU54: 59 | AV54: =IFERROR(LARGE($AR$11:$AR$396,AU54),"") -> 3.52e-05 | AW54: =IFERROR(VLOOKUP(AV54,الترتيب1,2,0),"") -> 0 | AX54: =U54+ROW()*0.0000001 -> 5.4e-06 | AY54: =AS54 -> 0 | AZ54: 59 | BA54: =IFERROR(LARGE($AX$11:$AX$396,AZ54),"") -> 3.38e-05 | BB54: =IFERROR(VLOOKUP(BA54,الترتيب2,2,0),"") -> 0 | BC54: =AE54+ROW()*0.0000001 -> 5.4e-06 | BD54: =AY54 -> 0 | BE54: 59 | BF54: =IFERROR(LARGE($BC$11:$BC$396,BE54),"") -> 3.38e-05 | BG54: =IFERROR(VLOOKUP(BF54,الترتيب3,2,0),"") -> 0 | BM54: =MID($BK54,12,1) | BN54: =MID($BK54,11,1) | BO54: =MID($BK54,10,1) | BP54: =MID($BK54,9,1) | BQ54: =MID($BK54,8,1) | BR54: =MID($BK54,7,1) | BS54: =MID($BK54,6,1) | BT54: =MID($BK54,5,1) | BU54: =MID($BK54,4,1) | BV54: =MID($BK54,3,1) | BW54: =MID($BK54,2,1) | BX54: =MID($BK54,1,1) | CB54: نظامي | CC54: أحلام الشيباني
A55: 45 | K55: =SUM(F55:J55) -> 0 | O55: الفترة الثانية | U55: =SUM(P55:T55) -> 0 | Y55: الفترة الثالثة | AE55: =SUM(Z55:AD55) -> 0 | AR55: =K55+ROW()*0.0000001 -> 5.5e-06 | AS55: =B55 -> 0 | AU55: 60 | AV55: =IFERROR(LARGE($AR$11:$AR$396,AU55),"") -> 3.51e-05 | AW55: =IFERROR(VLOOKUP(AV55,الترتيب1,2,0),"") -> 0 | AX55: =U55+ROW()*0.0000001 -> 5.5e-06 | AY55: =AS55 -> 0 | AZ55: 60 | BA55: =IFERROR(LARGE($AX$11:$AX$396,AZ55),"") -> 3.37e-05 | BB55: =IFERROR(VLOOKUP(BA55,الترتيب2,2,0),"") -> 0 | BC55: =AE55+ROW()*0.0000001 -> 5.5e-06 | BD55: =AY55 -> 0 | BE55: 60 | BF55: =IFERROR(LARGE($BC$11:$BC$396,BE55),"") -> 3.37e-05 | BG55: =IFERROR(VLOOKUP(BF55,الترتيب3,2,0),"") -> 0 | BM55: =MID($BK55,12,1) | BN55: =MID($BK55,11,1) | BO55: =MID($BK55,10,1) | BP55: =MID($BK55,9,1) | BQ55: =MID($BK55,8,1) | BR55: =MID($BK55,7,1) | BS55: =MID($BK55,6,1) | BT55: =MID($BK55,5,1) | BU55: =MID($BK55,4,1) | BV55: =MID($BK55,3,1) | BW55: =MID($BK55,2,1) | BX55: =MID($BK55,1,1) | CB55: نظامي | CC55: أحلام الشيباني
A56: 46 | K56: =SUM(F56:J56) -> 0 | O56: الفترة الثانية | U56: =SUM(P56:T56) -> 0 | Y56: الفترة الثالثة | AE56: =SUM(Z56:AD56) -> 0 | AR56: =K56+ROW()*0.0000001 -> 5.6e-06 | AS56: =B56 -> 0 | AU56: 61 | AV56: =IFERROR(LARGE($AR$11:$AR$396,AU56),"") -> 3.5e-05 | AW56: =IFERROR(VLOOKUP(AV56,الترتيب1,2,0),"") -> 0 | AX56: =U56+ROW()*0.0000001 -> 5.6e-06 | AY56: =AS56 -> 0 | AZ56: 61 | BA56: =IFERROR(LARGE($AX$11:$AX$396,AZ56),"") -> 3.36e-05 | BB56: =IFERROR(VLOOKUP(BA56,الترتيب2,2,0),"") -> 0 | BC56: =AE56+ROW()*0.0000001 -> 5.6e-06 | BD56: =AY56 -> 0 | BE56: 61 | BF56: =IFERROR(LARGE($BC$11:$BC$396,BE56),"") -> 3.36e-05 | BG56: =IFERROR(VLOOKUP(BF56,الترتيب3,2,0),"") -> 0 | BM56: =MID($BK56,12,1) | BN56: =MID($BK56,11,1) | BO56: =MID($BK56,10,1) | BP56: =MID($BK56,9,1) | BQ56: =MID($BK56,8,1) | BR56: =MID($BK56,7,1) | BS56: =MID($BK56,6,1) | BT56: =MID($BK56,5,1) | BU56: =MID($BK56,4,1) | BV56: =MID($BK56,3,1) | BW56: =MID($BK56,2,1) | BX56: =MID($BK56,1,1) | CB56: نظامي | CC56: أحلام الشيباني
A57: 47 | K57: =SUM(F57:J57) -> 0 | O57: الفترة الثانية | U57: =SUM(P57:T57) -> 0 | Y57: الفترة الثالثة | AE57: =SUM(Z57:AD57) -> 0 | AR57: =K57+ROW()*0.0000001 -> 5.7e-06 | AS57: =B57 -> 0 | AU57: 62 | AV57: =IFERROR(LARGE($AR$11:$AR$396,AU57),"") -> 3.49e-05 | AW57: =IFERROR(VLOOKUP(AV57,الترتيب1,2,0),"") -> 0 | AX57: =U57+ROW()*0.0000001 -> 5.7e-06 | AY57: =AS57 -> 0 | AZ57: 62 | BA57: =IFERROR(LARGE($AX$11:$AX$396,AZ57),"") -> 3.35e-05 | BB57: =IFERROR(VLOOKUP(BA57,الترتيب2,2,0),"") -> 0 | BC57: =AE57+ROW()*0.0000001 -> 5.7e-06 | BD57: =AY57 -> 0 | BE57: 62 | BF57: =IFERROR(LARGE($BC$11:$BC$396,BE57),"") -> 3.35e-05 | BG57: =IFERROR(VLOOKUP(BF57,الترتيب3,2,0),"") -> 0 | BM57: =MID($BK57,12,1) | BN57: =MID($BK57,11,1) | BO57: =MID($BK57,10,1) | BP57: =MID($BK57,9,1) | BQ57: =MID($BK57,8,1) | BR57: =MID($BK57,7,1) | BS57: =MID($BK57,6,1) | BT57: =MID($BK57,5,1) | BU57: =MID($BK57,4,1) | BV57: =MID($BK57,3,1) | BW57: =MID($BK57,2,1) | BX57: =MID($BK57,1,1) | CB57: نظامي | CC57: أحلام الشيباني
A58: 48 | K58: =SUM(F58:J58) -> 0 | O58: الفترة الثانية | U58: =SUM(P58:T58) -> 0 | Y58: الفترة الثالثة | AE58: =SUM(Z58:AD58) -> 0 | AR58: =K58+ROW()*0.0000001 -> 5.8e-06 | AS58: =B58 -> 0 | AU58: 63 | AV58: =IFERROR(LARGE($AR$11:$AR$396,AU58),"") -> 3.48e-05 | AW58: =IFERROR(VLOOKUP(AV58,الترتيب1,2,0),"") -> 0 | AX58: =U58+ROW()*0.0000001 -> 5.8e-06 | AY58: =AS58 -> 0 | AZ58: 63 | BA58: =IFERROR(LARGE($AX$11:$AX$396,AZ58),"") -> 3.34e-05 | BB58: =IFERROR(VLOOKUP(BA58,الترتيب2,2,0),"") -> 0 | BC58: =AE58+ROW()*0.0000001 -> 5.8e-06 | BD58: =AY58 -> 0 | BE58: 63 | BF58: =IFERROR(LARGE($BC$11:$BC$396,BE58),"") -> 3.34e-05 | BG58: =IFERROR(VLOOKUP(BF58,الترتيب3,2,0),"") -> 0 | BM58: =MID($BK58,12,1) | BN58: =MID($BK58,11,1) | BO58: =MID($BK58,10,1) | BP58: =MID($BK58,9,1) | BQ58: =MID($BK58,8,1) | BR58: =MID($BK58,7,1) | BS58: =MID($BK58,6,1) | BT58: =MID($BK58,5,1) | BU58: =MID($BK58,4,1) | BV58: =MID($BK58,3,1) | BW58: =MID($BK58,2,1) | BX58: =MID($BK58,1,1) | CB58: نظامي | CC58: أحلام الشيباني
A59: 49 | K59: =SUM(F59:J59) -> 0 | O59: الفترة الثانية | U59: =SUM(P59:T59) -> 0 | Y59: الفترة الثالثة | AE59: =SUM(Z59:AD59) -> 0 | AR59: =K59+ROW()*0.0000001 -> 5.9e-06 | AS59: =B59 -> 0 | AU59: 64 | AV59: =IFERROR(LARGE($AR$11:$AR$396,AU59),"") -> 3.47e-05 | AW59: =IFERROR(VLOOKUP(AV59,الترتيب1,2,0),"") -> 0 | AX59: =U59+ROW()*0.0000001 -> 5.9e-06 | AY59: =AS59 -> 0 | AZ59: 64 | BA59: =IFERROR(LARGE($AX$11:$AX$396,AZ59),"") -> 3.33e-05 | BB59: =IFERROR(VLOOKUP(BA59,الترتيب2,2,0),"") -> 0 | BC59: =AE59+ROW()*0.0000001 -> 5.9e-06 | BD59: =AY59 -> 0 | BE59: 64 | BF59: =IFERROR(LARGE($BC$11:$BC$396,BE59),"") -> 3.33e-05 | BG59: =IFERROR(VLOOKUP(BF59,الترتيب3,2,0),"") -> 0 | BM59: =MID($BK59,12,1) | BN59: =MID($BK59,11,1) | BO59: =MID($BK59,10,1) | BP59: =MID($BK59,9,1) | BQ59: =MID($BK59,8,1) | BR59: =MID($BK59,7,1) | BS59: =MID($BK59,6,1) | BT59: =MID($BK59,5,1) | BU59: =MID($BK59,4,1) | BV59: =MID($BK59,3,1) | BW59: =MID($BK59,2,1) | BX59: =MID($BK59,1,1) | CB59: نظامي | CC59: أحلام الشيباني
A60: 50 | K60: =SUM(F60:J60) -> 0 | O60: الفترة الثانية | U60: =SUM(P60:T60) -> 0 | Y60: الفترة الثالثة | AE60: =SUM(Z60:AD60) -> 0 | AR60: =K60+ROW()*0.0000001 -> 6e-06 | AS60: =B60 -> 0 | AU60: 65 | AV60: =IFERROR(LARGE($AR$11:$AR$396,AU60),"") -> 3.46e-05 | AW60: =IFERROR(VLOOKUP(AV60,الترتيب1,2,0),"") -> 0 | AX60: =U60+ROW()*0.0000001 -> 6e-06 | AY60: =AS60 -> 0 | AZ60: 65 | BA60: =IFERROR(LARGE($AX$11:$AX$396,AZ60),"") -> 3.32e-05 | BB60: =IFERROR(VLOOKUP(BA60,الترتيب2,2,0),"") -> 0 | BC60: =AE60+ROW()*0.0000001 -> 6e-06 | BD60: =AY60 -> 0 | BE60: 65 | BF60: =IFERROR(LARGE($BC$11:$BC$396,BE60),"") -> 3.32e-05 | BG60: =IFERROR(VLOOKUP(BF60,الترتيب3,2,0),"") -> 0 | BM60: =MID($BK60,12,1) | BN60: =MID($BK60,11,1) | BO60: =MID($BK60,10,1) | BP60: =MID($BK60,9,1) | BQ60: =MID($BK60,8,1) | BR60: =MID($BK60,7,1) | BS60: =MID($BK60,6,1) | BT60: =MID($BK60,5,1) | BU60: =MID($BK60,4,1) | BV60: =MID($BK60,3,1) | BW60: =MID($BK60,2,1) | BX60: =MID($BK60,1,1) | CB60: نظامي | CC60: أحلام الشيباني
... A101: 91 | K101: =SUM(F101:J101) -> 0 | O101: الفترة الثانية | U101: =SUM(P101:T101) -> 0 | Y101: الفترة الثالثة | AE101: =SUM(Z101:AD101) -> 0 | AR101: =K101+ROW()*0.0000001 -> 1.01e-05 | AS101: =B101 -> 0 | AU101: 106 | AV101: =IFERROR(LARGE($AR$11:$AR$396,AU101),"") -> 3.05e-05 | AW101: =IFERROR(VLOOKUP(AV101,الترتيب1,2,0),"") -> 0 | AX101: =U101+ROW()*0.0000001 -> 1.01e-05 | AY101: =AS101 -> 0 | AZ101: 106 | BA101: =IFERROR(LARGE($AX$11:$AX$396,AZ101),"") -> 2.91e-05 | BB101: =IFERROR(VLOOKUP(BA101,الترتيب2,2,0),"") -> 0 | BC101: =AE101+ROW()*0.0000001 -> 1.01e-05 | BD101: =AY101 -> 0 | BE101: 106 | BF101: =IFERROR(LARGE($BC$11:$BC$396,BE101),"") -> 2.91e-05 | BG101: =IFERROR(VLOOKUP(BF101,الترتيب3,2,0),"") -> 0 | BM101: =MID($BK101,12,1) | BN101: =MID($BK101,11,1) | BO101: =MID($BK101,10,1) | BP101: =MID($BK101,9,1) | BQ101: =MID($BK101,8,1) | BR101: =MID($BK101,7,1) | BS101: =MID($BK101,6,1) | BT101: =MID($BK101,5,1) | BU101: =MID($BK101,4,1) | BV101: =MID($BK101,3,1) | BW101: =MID($BK101,2,1) | BX101: =MID($BK101,1,1) | CB101: نظامي | CC101: أحلام الشيباني
A102: 92 | K102: =SUM(F102:J102) -> 0 | O102: الفترة الثانية | U102: =SUM(P102:T102) -> 0 | Y102: الفترة الثالثة | AE102: =SUM(Z102:AD102) -> 0 | AR102: =K102+ROW()*0.0000001 -> 1.02e-05 | AS102: =B102 -> 0 | AU102: 107 | AV102: =IFERROR(LARGE($AR$11:$AR$396,AU102),"") -> 3.04e-05 | AW102: =IFERROR(VLOOKUP(AV102,الترتيب1,2,0),"") -> 0 | AX102: =U102+ROW()*0.0000001 -> 1.02e-05 | AY102: =AS102 -> 0 | AZ102: 107 | BA102: =IFERROR(LARGE($AX$11:$AX$396,AZ102),"") -> 2.9e-05 | BB102: =IFERROR(VLOOKUP(BA102,الترتيب2,2,0),"") -> 0 | BC102: =AE102+ROW()*0.0000001 -> 1.02e-05 | BD102: =AY102 -> 0 | BE102: 107 | BF102: =IFERROR(LARGE($BC$11:$BC$396,BE102),"") -> 2.9e-05 | BG102: =IFERROR(VLOOKUP(BF102,الترتيب3,2,0),"") -> 0 | BM102: =MID($BK102,12,1) | BN102: =MID($BK102,11,1) | BO102: =MID($BK102,10,1) | BP102: =MID($BK102,9,1) | BQ102: =MID($BK102,8,1) | BR102: =MID($BK102,7,1) | BS102: =MID($BK102,6,1) | BT102: =MID($BK102,5,1) | BU102: =MID($BK102,4,1) | BV102: =MID($BK102,3,1) | BW102: =MID($BK102,2,1) | BX102: =MID($BK102,1,1) | CB102: نظامي
A103: 93 | K103: =SUM(F103:J103) -> 0 | O103: الفترة الثانية | U103: =SUM(P103:T103) -> 0 | Y103: الفترة الثالثة | AE103: =SUM(Z103:AD103) -> 0 | AR103: =K103+ROW()*0.0000001 -> 1.03e-05 | AS103: =B103 -> 0 | AU103: 108 | AV103: =IFERROR(LARGE($AR$11:$AR$396,AU103),"") -> 3.03e-05 | AW103: =IFERROR(VLOOKUP(AV103,الترتيب1,2,0),"") -> 0 | AX103: =U103+ROW()*0.0000001 -> 1.03e-05 | AY103: =AS103 -> 0 | AZ103: 108 | BA103: =IFERROR(LARGE($AX$11:$AX$396,AZ103),"") -> 2.89e-05 | BB103: =IFERROR(VLOOKUP(BA103,الترتيب2,2,0),"") -> 0 | BC103: =AE103+ROW()*0.0000001 -> 1.03e-05 | BD103: =AY103 -> 0 | BE103: 108 | BF103: =IFERROR(LARGE($BC$11:$BC$396,BE103),"") -> 2.89e-05 | BG103: =IFERROR(VLOOKUP(BF103,الترتيب3,2,0),"") -> 0 | BM103: =MID($BK103,12,1) | BN103: =MID($BK103,11,1) | BO103: =MID($BK103,10,1) | BP103: =MID($BK103,9,1) | BQ103: =MID($BK103,8,1) | BR103: =MID($BK103,7,1) | BS103: =MID($BK103,6,1) | BT103: =MID($BK103,5,1) | BU103: =MID($BK103,4,1) | BV103: =MID($BK103,3,1) | BW103: =MID($BK103,2,1) | BX103: =MID($BK103,1,1) | CB103: نظامي
A104: 94 | K104: =SUM(F104:J104) -> 0 | O104: الفترة الثانية | U104: =SUM(P104:T104) -> 0 | Y104: الفترة الثالثة | AE104: =SUM(Z104:AD104) -> 0 | AR104: =K104+ROW()*0.0000001 -> 1.04e-05 | AS104: =B104 -> 0 | AU104: 109 | AV104: =IFERROR(LARGE($AR$11:$AR$396,AU104),"") -> 3.02e-05 | AW104: =IFERROR(VLOOKUP(AV104,الترتيب1,2,0),"") -> 0 | AX104: =U104+ROW()*0.0000001 -> 1.04e-05 | AY104: =AS104 -> 0 | AZ104: 109 | BA104: =IFERROR(LARGE($AX$11:$AX$396,AZ104),"") -> 2.88e-05 | BB104: =IFERROR(VLOOKUP(BA104,الترتيب2,2,0),"") -> 0 | BC104: =AE104+ROW()*0.0000001 -> 1.04e-05 | BD104: =AY104 -> 0 | BE104: 109 | BF104: =IFERROR(LARGE($BC$11:$BC$396,BE104),"") -> 2.88e-05 | BG104: =IFERROR(VLOOKUP(BF104,الترتيب3,2,0),"") -> 0 | BM104: =MID($BK104,12,1) | BN104: =MID($BK104,11,1) | BO104: =MID($BK104,10,1) | BP104: =MID($BK104,9,1) | BQ104: =MID($BK104,8,1) | BR104: =MID($BK104,7,1) | BS104: =MID($BK104,6,1) | BT104: =MID($BK104,5,1) | BU104: =MID($BK104,4,1) | BV104: =MID($BK104,3,1) | BW104: =MID($BK104,2,1) | BX104: =MID($BK104,1,1) | CB104: نظامي
A105: 95 | K105: =SUM(F105:J105) -> 0 | O105: الفترة الثانية | U105: =SUM(P105:T105) -> 0 | Y105: الفترة الثالثة | AE105: =SUM(Z105:AD105) -> 0 | AR105: =K105+ROW()*0.0000001 -> 1.05e-05 | AS105: =B105 -> 0 | AU105: 110 | AV105: =IFERROR(LARGE($AR$11:$AR$396,AU105),"") -> 3.01e-05 | AW105: =IFERROR(VLOOKUP(AV105,الترتيب1,2,0),"") -> 0 | AX105: =U105+ROW()*0.0000001 -> 1.05e-05 | AY105: =AS105 -> 0 | AZ105: 110 | BA105: =IFERROR(LARGE($AX$11:$AX$396,AZ105),"") -> 2.87e-05 | BB105: =IFERROR(VLOOKUP(BA105,الترتيب2,2,0),"") -> 0 | BC105: =AE105+ROW()*0.0000001 -> 1.05e-05 | BD105: =AY105 -> 0 | BE105: 110 | BF105: =IFERROR(LARGE($BC$11:$BC$396,BE105),"") -> 2.87e-05 | BG105: =IFERROR(VLOOKUP(BF105,الترتيب3,2,0),"") -> 0 | BM105: =MID($BK105,12,1) | BN105: =MID($BK105,11,1) | BO105: =MID($BK105,10,1) | BP105: =MID($BK105,9,1) | BQ105: =MID($BK105,8,1) | BR105: =MID($BK105,7,1) | BS105: =MID($BK105,6,1) | BT105: =MID($BK105,5,1) | BU105: =MID($BK105,4,1) | BV105: =MID($BK105,3,1) | BW105: =MID($BK105,2,1) | BX105: =MID($BK105,1,1) | CB105: نظامي
A106: 96 | K106: =SUM(F106:J106) -> 0 | O106: الفترة الثانية | U106: =SUM(P106:T106) -> 0 | Y106: الفترة الثالثة | AE106: =SUM(Z106:AD106) -> 0 | AR106: =K106+ROW()*0.0000001 -> 1.06e-05 | AS106: =B106 -> 0 | AU106: 111 | AV106: =IFERROR(LARGE($AR$11:$AR$396,AU106),"") -> 3e-05 | AW106: =IFERROR(VLOOKUP(AV106,الترتيب1,2,0),"") -> 0 | AX106: =U106+ROW()*0.0000001 -> 1.06e-05 | AY106: =AS106 -> 0 | AZ106: 111 | BA106: =IFERROR(LARGE($AX$11:$AX$396,AZ106),"") -> 2.86e-05 | BB106: =IFERROR(VLOOKUP(BA106,الترتيب2,2,0),"") -> 0 | BC106: =AE106+ROW()*0.0000001 -> 1.06e-05 | BD106: =AY106 -> 0 | BE106: 111 | BF106: =IFERROR(LARGE($BC$11:$BC$396,BE106),"") -> 2.86e-05 | BG106: =IFERROR(VLOOKUP(BF106,الترتيب3,2,0),"") -> 0 | BM106: =MID($BK106,12,1) | BN106: =MID($BK106,11,1) | BO106: =MID($BK106,10,1) | BP106: =MID($BK106,9,1) | BQ106: =MID($BK106,8,1) | BR106: =MID($BK106,7,1) | BS106: =MID($BK106,6,1) | BT106: =MID($BK106,5,1) | BU106: =MID($BK106,4,1) | BV106: =MID($BK106,3,1) | BW106: =MID($BK106,2,1) | BX106: =MID($BK106,1,1) | CB106: نظامي
A107: 97 | K107: =SUM(F107:J107) -> 0 | O107: الفترة الثانية | U107: =SUM(P107:T107) -> 0 | Y107: الفترة الثالثة | AE107: =SUM(Z107:AD107) -> 0 | AR107: =K107+ROW()*0.0000001 -> 1.07e-05 | AS107: =B107 -> 0 | AU107: 112 | AV107: =IFERROR(LARGE($AR$11:$AR$396,AU107),"") -> 2.99e-05 | AW107: =IFERROR(VLOOKUP(AV107,الترتيب1,2,0),"") -> 0 | AX107: =U107+ROW()*0.0000001 -> 1.07e-05 | AY107: =AS107 -> 0 | AZ107: 112 | BA107: =IFERROR(LARGE($AX$11:$AX$396,AZ107),"") -> 2.85e-05 | BB107: =IFERROR(VLOOKUP(BA107,الترتيب2,2,0),"") -> 0 | BC107: =AE107+ROW()*0.0000001 -> 1.07e-05 | BD107: =AY107 -> 0 | BE107: 112 | BF107: =IFERROR(LARGE($BC$11:$BC$396,BE107),"") -> 2.85e-05 | BG107: =IFERROR(VLOOKUP(BF107,الترتيب3,2,0),"") -> 0 | BM107: =MID($BK107,12,1) | BN107: =MID($BK107,11,1) | BO107: =MID($BK107,10,1) | BP107: =MID($BK107,9,1) | BQ107: =MID($BK107,8,1) | BR107: =MID($BK107,7,1) | BS107: =MID($BK107,6,1) | BT107: =MID($BK107,5,1) | BU107: =MID($BK107,4,1) | BV107: =MID($BK107,3,1) | BW107: =MID($BK107,2,1) | BX107: =MID($BK107,1,1) | CB107: نظامي
A108: 98 | K108: =SUM(F108:J108) -> 0 | O108: الفترة الثانية | U108: =SUM(P108:T108) -> 0 | Y108: الفترة الثالثة | AE108: =SUM(Z108:AD108) -> 0 | AR108: =K108+ROW()*0.0000001 -> 1.08e-05 | AS108: =B108 -> 0 | AU108: 113 | AV108: =IFERROR(LARGE($AR$11:$AR$396,AU108),"") -> 2.98e-05 | AW108: =IFERROR(VLOOKUP(AV108,الترتيب1,2,0),"") -> 0 | AX108: =U108+ROW()*0.0000001 -> 1.08e-05 | AY108: =AS108 -> 0 | AZ108: 113 | BA108: =IFERROR(LARGE($AX$11:$AX$396,AZ108),"") -> 2.84e-05 | BB108: =IFERROR(VLOOKUP(BA108,الترتيب2,2,0),"") -> 0 | BC108: =AE108+ROW()*0.0000001 -> 1.08e-05 | BD108: =AY108 -> 0 | BE108: 113 | BF108: =IFERROR(LARGE($BC$11:$BC$396,BE108),"") -> 2.84e-05 | BG108: =IFERROR(VLOOKUP(BF108,الترتيب3,2,0),"") -> 0 | BM108: =MID($BK108,12,1) | BN108: =MID($BK108,11,1) | BO108: =MID($BK108,10,1) | BP108: =MID($BK108,9,1) | BQ108: =MID($BK108,8,1) | BR108: =MID($BK108,7,1) | BS108: =MID($BK108,6,1) | BT108: =MID($BK108,5,1) | BU108: =MID($BK108,4,1) | BV108: =MID($BK108,3,1) | BW108: =MID($BK108,2,1) | BX108: =MID($BK108,1,1) | CB108: نظامي
A109: 99 | K109: =SUM(F109:J109) -> 0 | O109: الفترة الثانية | U109: =SUM(P109:T109) -> 0 | Y109: الفترة الثالثة | AE109: =SUM(Z109:AD109) -> 0 | AR109: =K109+ROW()*0.0000001 -> 1.09e-05 | AS109: =B109 -> 0 | AU109: 114 | AV109: =IFERROR(LARGE($AR$11:$AR$396,AU109),"") -> 2.97e-05 | AW109: =IFERROR(VLOOKUP(AV109,الترتيب1,2,0),"") -> 0 | AX109: =U109+ROW()*0.0000001 -> 1.09e-05 | AY109: =AS109 -> 0 | AZ109: 114 | BA109: =IFERROR(LARGE($AX$11:$AX$396,AZ109),"") -> 2.83e-05 | BB109: =IFERROR(VLOOKUP(BA109,الترتيب2,2,0),"") -> 0 | BC109: =AE109+ROW()*0.0000001 -> 1.09e-05 | BD109: =AY109 -> 0 | BE109: 114 | BF109: =IFERROR(LARGE($BC$11:$BC$396,BE109),"") -> 2.83e-05 | BG109: =IFERROR(VLOOKUP(BF109,الترتيب3,2,0),"") -> 0 | BM109: =MID($BK109,12,1) | BN109: =MID($BK109,11,1) | BO109: =MID($BK109,10,1) | BP109: =MID($BK109,9,1) | BQ109: =MID($BK109,8,1) | BR109: =MID($BK109,7,1) | BS109: =MID($BK109,6,1) | BT109: =MID($BK109,5,1) | BU109: =MID($BK109,4,1) | BV109: =MID($BK109,3,1) | BW109: =MID($BK109,2,1) | BX109: =MID($BK109,1,1) | CB109: نظامي
A110: 100 | K110: =SUM(F110:J110) -> 0 | O110: الفترة الثانية | U110: =SUM(P110:T110) -> 0 | Y110: الفترة الثالثة | AE110: =SUM(Z110:AD110) -> 0 | AR110: =K110+ROW()*0.0000001 -> 1.1e-05 | AS110: =B110 -> 0 | AU110: 115 | AV110: =IFERROR(LARGE($AR$11:$AR$396,AU110),"") -> 2.96e-05 | AW110: =IFERROR(VLOOKUP(AV110,الترتيب1,2,0),"") -> 0 | AX110: =U110+ROW()*0.0000001 -> 1.1e-05 | AY110: =AS110 -> 0 | AZ110: 115 | BA110: =IFERROR(LARGE($AX$11:$AX$396,AZ110),"") -> 2.82e-05 | BB110: =IFERROR(VLOOKUP(BA110,الترتيب2,2,0),"") -> 0 | BC110: =AE110+ROW()*0.0000001 -> 1.1e-05 | BD110: =AY110 -> 0 | BE110: 115 | BF110: =IFERROR(LARGE($BC$11:$BC$396,BE110),"") -> 2.82e-05 | BG110: =IFERROR(VLOOKUP(BF110,الترتيب3,2,0),"") -> 0 | BM110: =MID($BK110,12,1) | BN110: =MID($BK110,11,1) | BO110: =MID($BK110,10,1) | BP110: =MID($BK110,9,1) | BQ110: =MID($BK110,8,1) | BR110: =MID($BK110,7,1) | BS110: =MID($BK110,6,1) | BT110: =MID($BK110,5,1) | BU110: =MID($BK110,4,1) | BV110: =MID($BK110,3,1) | BW110: =MID($BK110,2,1) | BX110: =MID($BK110,1,1) | CB110: نظامي
A111: 101 | K111: =SUM(F111:J111) -> 0 | O111: الفترة الثانية | U111: =SUM(P111:T111) -> 0 | Y111: الفترة الثالثة | AE111: =SUM(Z111:AD111) -> 0 | AR111: =K111+ROW()*0.0000001 -> 1.11e-05 | AS111: =B111 -> 0 | AU111: 116 | AV111: =IFERROR(LARGE($AR$11:$AR$396,AU111),"") -> 2.95e-05 | AW111: =IFERROR(VLOOKUP(AV111,الترتيب1,2,0),"") -> 0 | AX111: =U111+ROW()*0.0000001 -> 1.11e-05 | AY111: =AS111 -> 0 | AZ111: 116 | BA111: =IFERROR(LARGE($AX$11:$AX$396,AZ111),"") -> 2.81e-05 | BB111: =IFERROR(VLOOKUP(BA111,الترتيب2,2,0),"") -> 0 | BC111: =AE111+ROW()*0.0000001 -> 1.11e-05 | BD111: =AY111 -> 0 | BE111: 116 | BF111: =IFERROR(LARGE($BC$11:$BC$396,BE111),"") -> 2.81e-05 | BG111: =IFERROR(VLOOKUP(BF111,الترتيب3,2,0),"") -> 0 | BM111: =MID($BK111,12,1) | BN111: =MID($BK111,11,1) | BO111: =MID($BK111,10,1) | BP111: =MID($BK111,9,1) | BQ111: =MID($BK111,8,1) | BR111: =MID($BK111,7,1) | BS111: =MID($BK111,6,1) | BT111: =MID($BK111,5,1) | BU111: =MID($BK111,4,1) | BV111: =MID($BK111,3,1) | BW111: =MID($BK111,2,1) | BX111: =MID($BK111,1,1) | CB111: نظامي
A112: 102 | K112: =SUM(F112:J112) -> 0 | O112: الفترة الثانية | U112: =SUM(P112:T112) -> 0 | Y112: الفترة الثالثة | AE112: =SUM(Z112:AD112) -> 0 | AR112: =K112+ROW()*0.0000001 -> 1.12e-05 | AS112: =B112 -> 0 | AU112: 117 | AV112: =IFERROR(LARGE($AR$11:$AR$396,AU112),"") -> 2.94e-05 | AW112: =IFERROR(VLOOKUP(AV112,الترتيب1,2,0),"") -> 0 | AX112: =U112+ROW()*0.0000001 -> 1.12e-05 | AY112: =AS112 -> 0 | AZ112: 117 | BA112: =IFERROR(LARGE($AX$11:$AX$396,AZ112),"") -> 2.8e-05 | BB112: =IFERROR(VLOOKUP(BA112,الترتيب2,2,0),"") -> 0 | BC112: =AE112+ROW()*0.0000001 -> 1.12e-05 | BD112: =AY112 -> 0 | BE112: 117 | BF112: =IFERROR(LARGE($BC$11:$BC$396,BE112),"") -> 2.8e-05 | BG112: =IFERROR(VLOOKUP(BF112,الترتيب3,2,0),"") -> 0 | BM112: =MID($BK112,12,1) | BN112: =MID($BK112,11,1) | BO112: =MID($BK112,10,1) | BP112: =MID($BK112,9,1) | BQ112: =MID($BK112,8,1) | BR112: =MID($BK112,7,1) | BS112: =MID($BK112,6,1) | BT112: =MID($BK112,5,1) | BU112: =MID($BK112,4,1) | BV112: =MID($BK112,3,1) | BW112: =MID($BK112,2,1) | BX112: =MID($BK112,1,1) | CB112: نظامي
A113: 103 | K113: =SUM(F113:J113) -> 0 | O113: الفترة الثانية | U113: =SUM(P113:T113) -> 0 | Y113: الفترة الثالثة | AE113: =SUM(Z113:AD113) -> 0 | AR113: =K113+ROW()*0.0000001 -> 1.13e-05 | AS113: =B113 -> 0 | AU113: 118 | AV113: =IFERROR(LARGE($AR$11:$AR$396,AU113),"") -> 2.93e-05 | AW113: =IFERROR(VLOOKUP(AV113,الترتيب1,2,0),"") -> 0 | AX113: =U113+ROW()*0.0000001 -> 1.13e-05 | AY113: =AS113 -> 0 | AZ113: 118 | BA113: =IFERROR(LARGE($AX$11:$AX$396,AZ113),"") -> 2.79e-05 | BB113: =IFERROR(VLOOKUP(BA113,الترتيب2,2,0),"") -> 0 | BC113: =AE113+ROW()*0.0000001 -> 1.13e-05 | BD113: =AY113 -> 0 | BE113: 118 | BF113: =IFERROR(LARGE($BC$11:$BC$396,BE113),"") -> 2.79e-05 | BG113: =IFERROR(VLOOKUP(BF113,الترتيب3,2,0),"") -> 0 | BM113: =MID($BK113,12,1) | BN113: =MID($BK113,11,1) | BO113: =MID($BK113,10,1) | BP113: =MID($BK113,9,1) | BQ113: =MID($BK113,8,1) | BR113: =MID($BK113,7,1) | BS113: =MID($BK113,6,1) | BT113: =MID($BK113,5,1) | BU113: =MID($BK113,4,1) | BV113: =MID($BK113,3,1) | BW113: =MID($BK113,2,1) | BX113: =MID($BK113,1,1) | CB113: نظامي
... A229: 219 | K229: =SUM(F229:J229) -> 0 | O229: الفترة الثانية | U229: =SUM(P229:T229) -> 0 | Y229: الفترة الثالثة | AE229: =SUM(Z229:AD229) -> 0 | AR229: =K229+ROW()*0.0000001 -> 2.29e-05 | AS229: =B229 -> 0 | AU229: 234 | AV229: =IFERROR(LARGE($AR$11:$AR$396,AU229),"") -> 1.77e-05 | AW229: =IFERROR(VLOOKUP(AV229,الترتيب1,2,0),"") -> 0 | AX229: =U229+ROW()*0.0000001 -> 2.29e-05 | AY229: =AS229 -> 0 | AZ229: 234 | BA229: =IFERROR(LARGE($AX$11:$AX$396,AZ229),"") -> 1.63e-05 | BB229: =IFERROR(VLOOKUP(BA229,الترتيب2,2,0),"") -> 0 | BC229: =AE229+ROW()*0.0000001 -> 2.29e-05 | BD229: =AY229 -> 0 | BE229: 234 | BF229: =IFERROR(LARGE($BC$11:$BC$396,BE229),"") -> 1.63e-05 | BG229: =IFERROR(VLOOKUP(BF229,الترتيب3,2,0),"") -> 0 | BM229: =MID($BK229,12,1) | BN229: =MID($BK229,11,1) | BO229: =MID($BK229,10,1) | BP229: =MID($BK229,9,1) | BQ229: =MID($BK229,8,1) | BR229: =MID($BK229,7,1) | BS229: =MID($BK229,6,1) | BT229: =MID($BK229,5,1) | BU229: =MID($BK229,4,1) | BV229: =MID($BK229,3,1) | BW229: =MID($BK229,2,1) | BX229: =MID($BK229,1,1) | CB229: نظامي
A230: 220 | E230: الفترة الأولى | K230: =SUM(F230:J230) -> 0 | O230: الفترة الثانية | U230: =SUM(P230:T230) -> 0 | Y230: الفترة الثالثة | AE230: =SUM(Z230:AD230) -> 0 | AR230: =K230+ROW()*0.0000001 -> 2.3e-05 | AS230: =B230 -> 0 | AU230: 235 | AV230: =IFERROR(LARGE($AR$11:$AR$396,AU230),"") -> 1.76e-05 | AW230: =IFERROR(VLOOKUP(AV230,الترتيب1,2,0),"") -> 0 | AX230: =U230+ROW()*0.0000001 -> 2.3e-05 | AY230: =AS230 -> 0 | AZ230: 235 | BA230: =IFERROR(LARGE($AX$11:$AX$396,AZ230),"") -> 1.62e-05 | BB230: =IFERROR(VLOOKUP(BA230,الترتيب2,2,0),"") -> 0 | BC230: =AE230+ROW()*0.0000001 -> 2.3e-05 | BD230: =AY230 -> 0 | BE230: 235 | BF230: =IFERROR(LARGE($BC$11:$BC$396,BE230),"") -> 1.62e-05 | BG230: =IFERROR(VLOOKUP(BF230,الترتيب3,2,0),"") -> 0 | BM230: =MID($BK230,12,1) | BN230: =MID($BK230,11,1) | BO230: =MID($BK230,10,1) | BP230: =MID($BK230,9,1) | BQ230: =MID($BK230,8,1) | BR230: =MID($BK230,7,1) | BS230: =MID($BK230,6,1) | BT230: =MID($BK230,5,1) | BU230: =MID($BK230,4,1) | BV230: =MID($BK230,3,1) | BW230: =MID($BK230,2,1) | BX230: =MID($BK230,1,1) | CB230: نظامي
A231: 221 | E231: الفترة الأولى | K231: =SUM(F231:J231) -> 0 | O231: الفترة الثانية | U231: =SUM(P231:T231) -> 0 | Y231: الفترة الثالثة | AE231: =SUM(Z231:AD231) -> 0 | AR231: =K231+ROW()*0.0000001 -> 2.31e-05 | AS231: =B231 -> 0 | AU231: 236 | AV231: =IFERROR(LARGE($AR$11:$AR$396,AU231),"") -> 1.75e-05 | AW231: =IFERROR(VLOOKUP(AV231,الترتيب1,2,0),"") -> 0 | AX231: =U231+ROW()*0.0000001 -> 2.31e-05 | AY231: =AS231 -> 0 | AZ231: 236 | BA231: =IFERROR(LARGE($AX$11:$AX$396,AZ231),"") -> 1.61e-05 | BB231: =IFERROR(VLOOKUP(BA231,الترتيب2,2,0),"") -> 0 | BC231: =AE231+ROW()*0.0000001 -> 2.31e-05 | BD231: =AY231 -> 0 | BE231: 236 | BF231: =IFERROR(LARGE($BC$11:$BC$396,BE231),"") -> 1.61e-05 | BG231: =IFERROR(VLOOKUP(BF231,الترتيب3,2,0),"") -> 0 | BM231: =MID($BK231,12,1) | BN231: =MID($BK231,11,1) | BO231: =MID($BK231,10,1) | BP231: =MID($BK231,9,1) | BQ231: =MID($BK231,8,1) | BR231: =MID($BK231,7,1) | BS231: =MID($BK231,6,1) | BT231: =MID($BK231,5,1) | BU231: =MID($BK231,4,1) | BV231: =MID($BK231,3,1) | BW231: =MID($BK231,2,1) | BX231: =MID($BK231,1,1) | CB231: نظامي
A232: 222 | E232: الفترة الأولى | K232: =SUM(F232:J232) -> 0 | O232: الفترة الثانية | U232: =SUM(P232:T232) -> 0 | Y232: الفترة الثالثة | AE232: =SUM(Z232:AD232) -> 0 | AR232: =K232+ROW()*0.0000001 -> 2.32e-05 | AS232: =B232 -> 0 | AU232: 237 | AV232: =IFERROR(LARGE($AR$11:$AR$396,AU232),"") -> 1.74e-05 | AW232: =IFERROR(VLOOKUP(AV232,الترتيب1,2,0),"") -> 0 | AX232: =U232+ROW()*0.0000001 -> 2.32e-05 | AY232: =AS232 -> 0 | AZ232: 237 | BA232: =IFERROR(LARGE($AX$11:$AX$396,AZ232),"") -> 1.6e-05 | BB232: =IFERROR(VLOOKUP(BA232,الترتيب2,2,0),"") -> 0 | BC232: =AE232+ROW()*0.0000001 -> 2.32e-05 | BD232: =AY232 -> 0 | BE232: 237 | BF232: =IFERROR(LARGE($BC$11:$BC$396,BE232),"") -> 1.6e-05 | BG232: =IFERROR(VLOOKUP(BF232,الترتيب3,2,0),"") -> 0 | BM232: =MID($BK232,12,1) | BN232: =MID($BK232,11,1) | BO232: =MID($BK232,10,1) | BP232: =MID($BK232,9,1) | BQ232: =MID($BK232,8,1) | BR232: =MID($BK232,7,1) | BS232: =MID($BK232,6,1) | BT232: =MID($BK232,5,1) | BU232: =MID($BK232,4,1) | BV232: =MID($BK232,3,1) | BW232: =MID($BK232,2,1) | BX232: =MID($BK232,1,1) | CB232: نظامي
A233: 223 | E233: الفترة الأولى | K233: =SUM(F233:J233) -> 0 | O233: الفترة الثانية | U233: =SUM(P233:T233) -> 0 | Y233: الفترة الثالثة | AE233: =SUM(Z233:AD233) -> 0 | AR233: =K233+ROW()*0.0000001 -> 2.33e-05 | AS233: =B233 -> 0 | AU233: 238 | AV233: =IFERROR(LARGE($AR$11:$AR$396,AU233),"") -> 1.73e-05 | AW233: =IFERROR(VLOOKUP(AV233,الترتيب1,2,0),"") -> 0 | AX233: =U233+ROW()*0.0000001 -> 2.33e-05 | AY233: =AS233 -> 0 | AZ233: 238 | BA233: =IFERROR(LARGE($AX$11:$AX$396,AZ233),"") -> 1.59e-05 | BB233: =IFERROR(VLOOKUP(BA233,الترتيب2,2,0),"") -> 0 | BC233: =AE233+ROW()*0.0000001 -> 2.33e-05 | BD233: =AY233 -> 0 | BE233: 238 | BF233: =IFERROR(LARGE($BC$11:$BC$396,BE233),"") -> 1.59e-05 | BG233: =IFERROR(VLOOKUP(BF233,الترتيب3,2,0),"") -> 0 | BM233: =MID($BK233,12,1) | BN233: =MID($BK233,11,1) | BO233: =MID($BK233,10,1) | BP233: =MID($BK233,9,1) | BQ233: =MID($BK233,8,1) | BR233: =MID($BK233,7,1) | BS233: =MID($BK233,6,1) | BT233: =MID($BK233,5,1) | BU233: =MID($BK233,4,1) | BV233: =MID($BK233,3,1) | BW233: =MID($BK233,2,1) | BX233: =MID($BK233,1,1) | CB233: نظامي
A234: 224 | E234: الفترة الأولى | K234: =SUM(F234:J234) -> 0 | O234: الفترة الثانية | U234: =SUM(P234:T234) -> 0 | Y234: الفترة الثالثة | AE234: =SUM(Z234:AD234) -> 0 | AR234: =K234+ROW()*0.0000001 -> 2.34e-05 | AS234: =B234 -> 0 | AU234: 239 | AV234: =IFERROR(LARGE($AR$11:$AR$396,AU234),"") -> 1.72e-05 | AW234: =IFERROR(VLOOKUP(AV234,الترتيب1,2,0),"") -> 0 | AX234: =U234+ROW()*0.0000001 -> 2.34e-05 | AY234: =AS234 -> 0 | AZ234: 239 | BA234: =IFERROR(LARGE($AX$11:$AX$396,AZ234),"") -> 1.58e-05 | BB234: =IFERROR(VLOOKUP(BA234,الترتيب2,2,0),"") -> 0 | BC234: =AE234+ROW()*0.0000001 -> 2.34e-05 | BD234: =AY234 -> 0 | BE234: 239 | BF234: =IFERROR(LARGE($BC$11:$BC$396,BE234),"") -> 1.58e-05 | BG234: =IFERROR(VLOOKUP(BF234,الترتيب3,2,0),"") -> 0 | BM234: =MID($BK234,12,1) | BN234: =MID($BK234,11,1) | BO234: =MID($BK234,10,1) | BP234: =MID($BK234,9,1) | BQ234: =MID($BK234,8,1) | BR234: =MID($BK234,7,1) | BS234: =MID($BK234,6,1) | BT234: =MID($BK234,5,1) | BU234: =MID($BK234,4,1) | BV234: =MID($BK234,3,1) | BW234: =MID($BK234,2,1) | BX234: =MID($BK234,1,1) | CB234: نظامي
A235: 225 | E235: الفترة الأولى | K235: =SUM(F235:J235) -> 0 | O235: الفترة الثانية | U235: =SUM(P235:T235) -> 0 | Y235: الفترة الثالثة | AE235: =SUM(Z235:AD235) -> 0 | AR235: =K235+ROW()*0.0000001 -> 2.35e-05 | AS235: =B235 -> 0 | AU235: 240 | AV235: =IFERROR(LARGE($AR$11:$AR$396,AU235),"") -> 1.71e-05 | AW235: =IFERROR(VLOOKUP(AV235,الترتيب1,2,0),"") -> 0 | AX235: =U235+ROW()*0.0000001 -> 2.35e-05 | AY235: =AS235 -> 0 | AZ235: 240 | BA235: =IFERROR(LARGE($AX$11:$AX$396,AZ235),"") -> 1.57e-05 | BB235: =IFERROR(VLOOKUP(BA235,الترتيب2,2,0),"") -> 0 | BC235: =AE235+ROW()*0.0000001 -> 2.35e-05 | BD235: =AY235 -> 0 | BE235: 240 | BF235: =IFERROR(LARGE($BC$11:$BC$396,BE235),"") -> 1.57e-05 | BG235: =IFERROR(VLOOKUP(BF235,الترتيب3,2,0),"") -> 0 | BM235: =MID($BK235,12,1) | BN235: =MID($BK235,11,1) | BO235: =MID($BK235,10,1) | BP235: =MID($BK235,9,1) | BQ235: =MID($BK235,8,1) | BR235: =MID($BK235,7,1) | BS235: =MID($BK235,6,1) | BT235: =MID($BK235,5,1) | BU235: =MID($BK235,4,1) | BV235: =MID($BK235,3,1) | BW235: =MID($BK235,2,1) | BX235: =MID($BK235,1,1) | CB235: نظامي
A236: 226 | E236: الفترة الأولى | K236: =SUM(F236:J236) -> 0 | O236: الفترة الثانية | U236: =SUM(P236:T236) -> 0 | Y236: الفترة الثالثة | AE236: =SUM(Z236:AD236) -> 0 | AR236: =K236+ROW()*0.0000001 -> 2.36e-05 | AS236: =B236 -> 0 | AU236: 241 | AV236: =IFERROR(LARGE($AR$11:$AR$396,AU236),"") -> 1.7e-05 | AW236: =IFERROR(VLOOKUP(AV236,الترتيب1,2,0),"") -> 0 | AX236: =U236+ROW()*0.0000001 -> 2.36e-05 | AY236: =AS236 -> 0 | AZ236: 241 | BA236: =IFERROR(LARGE($AX$11:$AX$396,AZ236),"") -> 1.56e-05 | BB236: =IFERROR(VLOOKUP(BA236,الترتيب2,2,0),"") -> 0 | BC236: =AE236+ROW()*0.0000001 -> 2.36e-05 | BD236: =AY236 -> 0 | BE236: 241 | BF236: =IFERROR(LARGE($BC$11:$BC$396,BE236),"") -> 1.56e-05 | BG236: =IFERROR(VLOOKUP(BF236,الترتيب3,2,0),"") -> 0 | BM236: =MID($BK236,12,1) | BN236: =MID($BK236,11,1) | BO236: =MID($BK236,10,1) | BP236: =MID($BK236,9,1) | BQ236: =MID($BK236,8,1) | BR236: =MID($BK236,7,1) | BS236: =MID($BK236,6,1) | BT236: =MID($BK236,5,1) | BU236: =MID($BK236,4,1) | BV236: =MID($BK236,3,1) | BW236: =MID($BK236,2,1) | BX236: =MID($BK236,1,1) | CB236: نظامي
A237: 227 | E237: الفترة الأولى | K237: =SUM(F237:J237) -> 0 | O237: الفترة الثانية | U237: =SUM(P237:T237) -> 0 | Y237: الفترة الثالثة | AE237: =SUM(Z237:AD237) -> 0 | AR237: =K237+ROW()*0.0000001 -> 2.37e-05 | AS237: =B237 -> 0 | AU237: 242 | AV237: =IFERROR(LARGE($AR$11:$AR$396,AU237),"") -> 1.69e-05 | AW237: =IFERROR(VLOOKUP(AV237,الترتيب1,2,0),"") -> 0 | AX237: =U237+ROW()*0.0000001 -> 2.37e-05 | AY237: =AS237 -> 0 | AZ237: 242 | BA237: =IFERROR(LARGE($AX$11:$AX$396,AZ237),"") -> 1.55e-05 | BB237: =IFERROR(VLOOKUP(BA237,الترتيب2,2,0),"") -> 0 | BC237: =AE237+ROW()*0.0000001 -> 2.37e-05 | BD237: =AY237 -> 0 | BE237: 242 | BF237: =IFERROR(LARGE($BC$11:$BC$396,BE237),"") -> 1.55e-05 | BG237: =IFERROR(VLOOKUP(BF237,الترتيب3,2,0),"") -> 0 | BM237: =MID($BK237,12,1) | BN237: =MID($BK237,11,1) | BO237: =MID($BK237,10,1) | BP237: =MID($BK237,9,1) | BQ237: =MID($BK237,8,1) | BR237: =MID($BK237,7,1) | BS237: =MID($BK237,6,1) | BT237: =MID($BK237,5,1) | BU237: =MID($BK237,4,1) | BV237: =MID($BK237,3,1) | BW237: =MID($BK237,2,1) | BX237: =MID($BK237,1,1) | CB237: نظامي
A238: 228 | E238: الفترة الأولى | K238: =SUM(F238:J238) -> 0 | O238: الفترة الثانية | U238: =SUM(P238:T238) -> 0 | Y238: الفترة الثالثة | AE238: =SUM(Z238:AD238) -> 0 | AR238: =K238+ROW()*0.0000001 -> 2.38e-05 | AS238: =B238 -> 0 | AU238: 243 | AV238: =IFERROR(LARGE($AR$11:$AR$396,AU238),"") -> 1.68e-05 | AW238: =IFERROR(VLOOKUP(AV238,الترتيب1,2,0),"") -> 0 | AX238: =U238+ROW()*0.0000001 -> 2.38e-05 | AY238: =AS238 -> 0 | AZ238: 243 | BA238: =IFERROR(LARGE($AX$11:$AX$396,AZ238),"") -> 1.54e-05 | BB238: =IFERROR(VLOOKUP(BA238,الترتيب2,2,0),"") -> 0 | BC238: =AE238+ROW()*0.0000001 -> 2.38e-05 | BD238: =AY238 -> 0 | BE238: 243 | BF238: =IFERROR(LARGE($BC$11:$BC$396,BE238),"") -> 1.54e-05 | BG238: =IFERROR(VLOOKUP(BF238,الترتيب3,2,0),"") -> 0 | BM238: =MID($BK238,12,1) | BN238: =MID($BK238,11,1) | BO238: =MID($BK238,10,1) | BP238: =MID($BK238,9,1) | BQ238: =MID($BK238,8,1) | BR238: =MID($BK238,7,1) | BS238: =MID($BK238,6,1) | BT238: =MID($BK238,5,1) | BU238: =MID($BK238,4,1) | BV238: =MID($BK238,3,1) | BW238: =MID($BK238,2,1) | BX238: =MID($BK238,1,1) | CB238: نظامي
A239: 229 | E239: الفترة الأولى | K239: =SUM(F239:J239) -> 0 | O239: الفترة الثانية | U239: =SUM(P239:T239) -> 0 | Y239: الفترة الثالثة | AE239: =SUM(Z239:AD239) -> 0 | AR239: =K239+ROW()*0.0000001 -> 2.39e-05 | AS239: =B239 -> 0 | AU239: 244 | AV239: =IFERROR(LARGE($AR$11:$AR$396,AU239),"") -> 1.67e-05 | AW239: =IFERROR(VLOOKUP(AV239,الترتيب1,2,0),"") -> 0 | AX239: =U239+ROW()*0.0000001 -> 2.39e-05 | AY239: =AS239 -> 0 | AZ239: 244 | BA239: =IFERROR(LARGE($AX$11:$AX$396,AZ239),"") -> 1.53e-05 | BB239: =IFERROR(VLOOKUP(BA239,الترتيب2,2,0),"") -> 0 | BC239: =AE239+ROW()*0.0000001 -> 2.39e-05 | BD239: =AY239 -> 0 | BE239: 244 | BF239: =IFERROR(LARGE($BC$11:$BC$396,BE239),"") -> 1.53e-05 | BG239: =IFERROR(VLOOKUP(BF239,الترتيب3,2,0),"") -> 0 | BM239: =MID($BK239,12,1) | BN239: =MID($BK239,11,1) | BO239: =MID($BK239,10,1) | BP239: =MID($BK239,9,1) | BQ239: =MID($BK239,8,1) | BR239: =MID($BK239,7,1) | BS239: =MID($BK239,6,1) | BT239: =MID($BK239,5,1) | BU239: =MID($BK239,4,1) | BV239: =MID($BK239,3,1) | BW239: =MID($BK239,2,1) | BX239: =MID($BK239,1,1) | CB239: نظامي
