Workbook
Name اسماء: ادخال1!$B$11:$EP$510
Name الترتيب1: ادخال1!$AR$11:$AS$396
Name الترتيب2: ادخال1!$AX$11:$AY$395
Name الترتيب3: ادخال1!$BC$11:$BD$397
Name عمود1: ادخال1!$A$11:$A$395
Name عمود2: ادخال1!$B$11:$B$395
Name مستجد: ادخال1!$CH$3:$CH$4
Name مسلسل: ادخال1!$A$11:$B$395

Sheet بيانات الصحيفة 
A1: 8 | B1: دولة ليبيا | P1: =A1-5 -> 3 | Q1: دولة ليبيا | AE1: =P1-5 -> -2 | AF1: دولة ليبيا | AT1: =AE1-5 -> -7 | AU1: دولة ليبيا
A2: وزارة التعليم | P2: وزارة التعليم | AE2: وزارة التعليم | AT2: وزارة التعليم
A3: المركز الوطني للامتحانات | P3: المركز الوطني للامتحانات | AE3: المركز الوطني للامتحانات | AT3: المركز الوطني للامتحانات
A4: بطاقة تقدير الدرجات لمرحلة التعليم | K4: =ادخال1!$CD$7 -> الاساسي | P4: بطاقة تقدير الدرجات لمرحلة التعليم | Z4: =ادخال1!$CD$7 -> الاساسي | AE4: بطاقة تقدير الدرجات لمرحلة التعليم | AO4: =ادخال1!$CD$7 -> الاساسي | AT4: بطاقة تقدير الدرجات لمرحلة التعليم | BD4: =ادخال1!$CD$7 -> الاساسي
A5: للصف | G5: =ادخال1!$CB$5 -> الاول الابتدائي | P5: للصف | V5: =ادخال1!$CB$5 -> الاول الابتدائي | AE5: للصف | AK5: =ادخال1!$CB$5 -> الاول الابتدائي | AT5: للصف | AZ5: =ادخال1!$CB$5 -> الاول الابتدائي
A6: العام الدراسي | B6: =ادخال1!$CA$8 -> 1447هـ/1448 هـ | F6: هجرية | H6: الموافق | J6: =ادخال1!$CB$8 -> 2026 /2025م | N6: ميلادية | P6: العام الدراسي | Q6: =ادخال1!$CA$8 -> 1447هـ/1448 هـ | U6: هجرية | W6: الموافق | Y6: =ادخال1!$CB$8 -> 2026 /2025م | AC6: ميلادية | AE6: العام الدراسي | AF6: =ادخال1!$CA$8 -> 1447هـ/1448 هـ | AJ6: هجرية | AL6: الموافق | AN6: =ادخال1!$CB$8 -> 2026 /2025م | AR6: ميلادية | AT6: العام الدراسي | AU6: =ادخال1!$CA$8 -> 1447هـ/1448 هـ | AY6: هجرية | BA6: الموافق | BC6: =ادخال1!$CB$8 -> 2026 /2025م | BG6: ميلادية
A7: شؤون التعليم بمنطقة | B7: =ادخال1!$CB$4 -> تاجوراء | P7: شؤون التعليم بمنطقة | Q7: =ادخال1!$CB$4 -> تاجوراء | AE7: شؤون التعليم بمنطقة | AF7: =ادخال1!$CB$4 -> تاجوراء | AT7: شؤون التعليم بمنطقة | AU7: =ادخال1!$CB$4 -> تاجوراء
A8: مدرســــــــــــــــــــــة | B8: =ادخال1!$BZ$6 -> مدرسة سهول العلم للتعيم الخاص | J8: الكــــائنة بـ : | M8: =ادخال1!$BZ$8 -> تاجوراء الجنوبي | P8: مدرســــــــــــــــــــــة | Q8: =ادخال1!$BZ$6 -> مدرسة سهول العلم للتعيم الخاص | Y8: الكــــائنة بـ : | AB8: =ادخال1!$BZ$8 -> تاجوراء الجنوبي | AE8: مدرســــــــــــــــــــــة | AF8: =ادخال1!$BZ$6 -> مدرسة سهول العلم للتعيم الخاص | AN8: الكــــائنة بـ : | AQ8: =ادخال1!$BZ$8 -> تاجوراء الجنوبي | AT8: مدرســــــــــــــــــــــة | AU8: =ادخال1!$BZ$6 -> مدرسة سهول العلم للتعيم الخاص | BC8: الكــــائنة بـ : | BF8: =ادخال1!$BZ$8 -> تاجوراء الجنوبي
A9: اسم التلميذ بالكـــامل | B9: =IFERROR(VLOOKUP(A1,مسلسل,2,0),0) -> عروة محمد مفتاح حمد الشيخي | C9: =IFERROR(VLOOKUP(B9,مسلسل,2,0),0) -> 0 | D9: =IFERROR(VLOOKUP(C9,مسلسل,2,0),0) -> 0 | E9: =IFERROR(VLOOKUP(D9,مسلسل,2,0),0) -> 0 | F9: =IFERROR(VLOOKUP(E9,مسلسل,2,0),0) -> 0 | G9: =IFERROR(VLOOKUP(F9,مسلسل,2,0),0) -> 0 | H9: =IFERROR(VLOOKUP(G9,مسلسل,2,0),0) -> 0 | I9: =IFERROR(VLOOKUP(H9,مسلسل,2,0),0) -> 0 | J9: اللقــــــــب | M9: =IFERROR(VLOOKUP(B9,اسماء,63,0),"") -> الشيخي | P9: اسم التلميذ بالكـــامل | Q9: =IFERROR(VLOOKUP(P1,مسلسل,2,0),0) -> أيان محمد النفاتي الهليب | R9: =IFERROR(VLOOKUP(Q9,مسلسل,2,0),0) -> 0 | S9: =IFERROR(VLOOKUP(R9,مسلسل,2,0),0) -> 0 | T9: =IFERROR(VLOOKUP(S9,مسلسل,2,0),0) -> 0 | U9: =IFERROR(VLOOKUP(T9,مسلسل,2,0),0) -> 0 | V9: =IFERROR(VLOOKUP(U9,مسلسل,2,0),0) -> 0 | W9: =IFERROR(VLOOKUP(V9,مسلسل,2,0),0) -> 0 | X9: =IFERROR(VLOOKUP(W9,مسلسل,2,0),0) -> 0 | Y9: اللقــــــــب | AB9: =IFERROR(VLOOKUP(Q9,اسماء,63,0),"") -> الهليب | AE9: اسم التلميذ بالكـــامل | AF9: =IFERROR(VLOOKUP(AE1,مسلسل,2,0),0) -> 0 | AG9: =IFERROR(VLOOKUP(AF9,مسلسل,2,0),0) -> 0 | AH9: =IFERROR(VLOOKUP(AG9,مسلسل,2,0),0) -> 0 | AI9: =IFERROR(VLOOKUP(AH9,مسلسل,2,0),0) -> 0 | AJ9: =IFERROR(VLOOKUP(AI9,مسلسل,2,0),0) -> 0 | AK9: =IFERROR(VLOOKUP(AJ9,مسلسل,2,0),0) -> 0 | AL9: =IFERROR(VLOOKUP(AK9,مسلسل,2,0),0) -> 0 | AM9: =IFERROR(VLOOKUP(AL9,مسلسل,2,0),0) -> 0 | AN9: اللقــــــــب | AQ9: =IFERROR(VLOOKUP(AF9,اسماء,63,0),"") | AT9: اسم التلميذ بالكـــامل | AU9: =IFERROR(VLOOKUP(AT1,مسلسل,2,0),0) -> 0 | AV9: =IFERROR(VLOOKUP(AU9,مسلسل,2,0),0) -> 0 | AW9: =IFERROR(VLOOKUP(AV9,مسلسل,2,0),0) -> 0 | AX9: =IFERROR(VLOOKUP(AW9,مسلسل,2,0),0) -> 0 | AY9: =IFERROR(VLOOKUP(AX9,مسلسل,2,0),0) -> 0 | AZ9: =IFERROR(VLOOKUP(AY9,مسلسل,2,0),0) -> 0 | BA9: =IFERROR(VLOOKUP(AZ9,مسلسل,2,0),0) -> 0 | BB9: =IFERROR(VLOOKUP(BA9,مسلسل,2,0),0) -> 0 | BC9: اللقــــــــب | BF9: =IFERROR(VLOOKUP(AU9,اسماء,63,0),"")
A10: مكان وتاريخ الميلاد | B10: =IFERROR(VLOOKUP(B9,اسماء,76,0),"") -> تاجوراء | E10: =IFERROR(VLOOKUP(B9,اسماء,2,0),"") -> 43570 | I10: اسم الوالدة بالكامل | M10: =IFERROR(VLOOKUP(B9,اسماء,3,0),"") -> عائشة عوض موسى | P10: مكان وتاريخ الميلاد | Q10: =IFERROR(VLOOKUP(Q9,اسماء,76,0),"") -> تاجوراء | T10: =IFERROR(VLOOKUP(Q9,اسماء,2,0),"") -> 43507 | X10: اسم الوالدة بالكامل | AB10: =IFERROR(VLOOKUP(Q9,اسماء,3,0),"") -> فاطمة النفاتي الهروال | AE10: مكان وتاريخ الميلاد | AF10: =IFERROR(VLOOKUP(AF9,اسماء,76,0),"") | AI10: =IFERROR(VLOOKUP(AF9,اسماء,2,0),"") | AM10: اسم الوالدة بالكامل | AQ10: =IFERROR(VLOOKUP(AF9,اسماء,3,0),"") | AT10: مكان وتاريخ الميلاد | AU10: =IFERROR(VLOOKUP(AU9,اسماء,76,0),"") | AX10: =IFERROR(VLOOKUP(AU9,اسماء,2,0),"") | BB10: اسم الوالدة بالكامل | BF10: =IFERROR(VLOOKUP(AU9,اسماء,3,0),"")
A11: الرقم الوطنــــــــــي | B11: =IFERROR(VLOOKUP(B9,اسماء,64,0),"") -> 1 | C11: =IFERROR(VLOOKUP(B9,اسماء,65,0),"") -> 2 | D11: =IFERROR(VLOOKUP(B9,اسماء,66,0),"") -> 0 | E11: =IFERROR(VLOOKUP(B9,اسماء,67,0),"") -> 1 | F11: =IFERROR(VLOOKUP(B9,اسماء,68,0),"") -> 9 | G11: =IFERROR(VLOOKUP(B9,اسماء,69,0),"") -> 0 | H11: =IFERROR(VLOOKUP(B9,اسماء,70,0),"") -> 3 | I11: =IFERROR(VLOOKUP(B9,اسماء,71,0),"") -> 6 | J11: =IFERROR(VLOOKUP(B9,اسماء,72,0),"") -> 9 | K11: =IFERROR(VLOOKUP(B9,اسماء,73,0),"") -> 4 | L11: =IFERROR(VLOOKUP(B9,اسماء,74,0),"") -> 4 | M11: =IFERROR(VLOOKUP(B9,اسماء,75,0),"") -> 5 | P11: الرقم الوطنــــــــــي | Q11: =IFERROR(VLOOKUP(Q9,اسماء,64,0),"") -> 2 | R11: =IFERROR(VLOOKUP(Q9,اسماء,65,0),"") -> 2 | S11: =IFERROR(VLOOKUP(Q9,اسماء,66,0),"") -> 0 | T11: =IFERROR(VLOOKUP(Q9,اسماء,67,0),"") -> 1 | U11: =IFERROR(VLOOKUP(Q9,اسماء,68,0),"") -> 9 | V11: =IFERROR(VLOOKUP(Q9,اسماء,69,0),"") -> 0 | W11: =IFERROR(VLOOKUP(Q9,اسماء,70,0),"") -> 9 | X11: =IFERROR(VLOOKUP(Q9,اسماء,71,0),"") -> 0 | Y11: =IFERROR(VLOOKUP(Q9,اسماء,72,0),"") -> 3 | Z11: =IFERROR(VLOOKUP(Q9,اسماء,73,0),"") -> 0 | AA11: =IFERROR(VLOOKUP(Q9,اسماء,74,0),"") -> 5 | AB11: =IFERROR(VLOOKUP(Q9,اسماء,75,0),"") -> 9 | AE11: الرقم الوطنــــــــــي | AF11: =IFERROR(VLOOKUP(AF9,اسماء,64,0),"") | AG11: =IFERROR(VLOOKUP(AF9,اسماء,65,0),"") | AH11: =IFERROR(VLOOKUP(AF9,اسماء,66,0),"") | AI11: =IFERROR(VLOOKUP(AF9,اسماء,67,0),"") | AJ11: =IFERROR(VLOOKUP(AF9,اسماء,68,0),"") | AK11: =IFERROR(VLOOKUP(AF9,اسماء,69,0),"") | AL11: =IFERROR(VLOOKUP(AF9,اسماء,70,0),"") | AM11: =IFERROR(VLOOKUP(AF9,اسماء,71,0),"") | AN11: =IFERROR(VLOOKUP(AF9,اسماء,72,0),"") | AO11: =IFERROR(VLOOKUP(AF9,اسماء,73,0),"") | AP11: =IFERROR(VLOOKUP(AF9,اسماء,74,0),"") | AQ11: =IFERROR(VLOOKUP(AF9,اسماء,75,0),"") | AT11: الرقم الوطنــــــــــي | AU11: =IFERROR(VLOOKUP(AU9,اسماء,64,0),"") | AV11: =IFERROR(VLOOKUP(AU9,اسماء,65,0),"") | AW11: =IFERROR(VLOOKUP(AU9,اسماء,66,0),"") | AX11: =IFERROR(VLOOKUP(AU9,اسماء,67,0),"") | AY11: =IFERROR(VLOOKUP(AU9,اسماء,68,0),"") | AZ11: =IFERROR(VLOOKUP(AU9,اسماء,69,0),"") | BA11: =IFERROR(VLOOKUP(AU9,اسماء,70,0),"") | BB11: =IFERROR(VLOOKUP(AU9,اسماء,71,0),"") | BC11: =IFERROR(VLOOKUP(AU9,اسماء,72,0),"") | BD11: =IFERROR(VLOOKUP(AU9,اسماء,73,0),"") | BE11: =IFERROR(VLOOKUP(AU9,اسماء,74,0),"") | BF11: =IFERROR(VLOOKUP(AU9,اسماء,75,0),"")
A12: جنسيـــــة التلمــــيذ | B12: =IFERROR(VLOOKUP(B9,اسماء,77,0),"") -> ليبي | G12: مستجد/ | I12: معيد | K12: =IFERROR(VLOOKUP(B9,اسماء,78,0),"") -> مستجد | P12: جنسيـــــة التلمــــيذ | Q12: =IFERROR(VLOOKUP(Q9,اسماء,77,0),"") -> ليبية | V12: مستجد/ | X12: معيد | Z12: =IFERROR(VLOOKUP(Q9,اسماء,78,0),"") -> مستجد | AE12: جنسيـــــة التلمــــيذ | AF12: =IFERROR(VLOOKUP(AF9,اسماء,77,0),"") | AK12: مستجد/ | AM12: معيد | AO12: =IFERROR(VLOOKUP(AF9,اسماء,78,0),"") | AT12: جنسيـــــة التلمــــيذ | AU12: =IFERROR(VLOOKUP(AU9,اسماء,77,0),"") | AZ12: مستجد/ | BB12: معيد | BD12: =IFERROR(VLOOKUP(AU9,اسماء,78,0),"")
A13: رائــــــد الصــــــف | B13: =IFERROR(VLOOKUP(B9,اسماء,80,0),"") -> نسرين السائح | G13: صفة القيد | K13: =IFERROR(VLOOKUP(B9,اسماء,79,0),"") -> نظامي | P13: رائــــــد الصــــــف | Q13: =IFERROR(VLOOKUP(Q9,اسماء,80,0),"") -> نسرين السائح | V13: صفة القيد | Z13: =IFERROR(VLOOKUP(Q9,اسماء,79,0),"") -> نظامي | AE13: رائــــــد الصــــــف | AF13: =IFERROR(VLOOKUP(AF9,اسماء,80,0),"") | AK13: صفة القيد | AO13: =IFERROR(VLOOKUP(AF9,اسماء,79,0),"") | AT13: رائــــــد الصــــــف | AU13: =IFERROR(VLOOKUP(AU9,اسماء,77,0),"") | AZ13: صفة القيد | BD13: =IFERROR(VLOOKUP(AU9,اسماء,76,0),"")
A14: (يكتب اسم التلميذ مطابقاً لشهادة الميلاد) | P14: (يكتب اسم التلميذ مطابقاً لشهادة الميلاد) | AE14: (يكتب اسم التلميذ مطابقاً لشهادة الميلاد) | AT14: (يكتب اسم التلميذ مطابقاً لشهادة الميلاد)
A15: الانتقـــــــــال | P15: الانتقـــــــــال | AE15: الانتقـــــــــال | AT15: الانتقـــــــــال
A16: بناء على طلب ولي أمر التلميذ فإن إدارة هذه المدرسة توافق على انتقاله إلــــــى | P16: بناء على طلب ولي أمر التلميذ فإن إدارة هذه المدرسة توافق على انتقاله إلــــــى | AE16: بناء على طلب ولي أمر التلميذ فإن إدارة هذه المدرسة توافق على انتقاله إلــــــى | AT16: بناء على طلب ولي أمر التلميذ فإن إدارة هذه المدرسة توافق على انتقاله إلــــــى
A17: مدرســــــة | P17: مدرســــــة | AE17: مدرســــــة | AT17: مدرســــــة
A18: يعتمد مديرالمدرسة | N18: يعتمد مكتب الامتحانات | P18: يعتمد مديرالمدرسة | AC18: يعتمد مكتب الامتحانات | AE18: يعتمد مديرالمدرسة | AR18: يعتمد مكتب الامتحانات | AT18: يعتمد مديرالمدرسة | BG18: يعتمد مكتب الامتحانات
A23: =A1-1 -> 7 | B23: دولة ليبيا | P23: =P1-1 -> 2 | Q23: دولة ليبيا | AE23: =AE1-1 -> -3 | AF23: دولة ليبيا | AT23: =AT1-1 -> -8 | AU23: دولة ليبيا
A24: وزارة التعليم | P24: وزارة التعليم | AE24: وزارة التعليم | AT24: وزارة التعليم
A25: المركز الوطني للامتحانات | P25: المركز الوطني للامتحانات | AE25: المركز الوطني للامتحانات | AT25: المركز الوطني للامتحانات
A26: بطاقة تقدير الدرجات لمرحلة التعليم | K26: =ادخال1!$CD$7 -> الاساسي | P26: بطاقة تقدير الدرجات لمرحلة التعليم | Z26: =ادخال1!$CD$7 -> الاساسي | AE26: بطاقة تقدير الدرجات لمرحلة التعليم | AO26: =ادخال1!$CD$7 -> الاساسي | AT26: بطاقة تقدير الدرجات لمرحلة التعليم | BD26: =ادخال1!$CD$7 -> الاساسي
A27: للصف | G27: =ادخال1!$CB$5 -> الاول الابتدائي | P27: للصف | V27: =ادخال1!$CB$5 -> الاول الابتدائي | AE27: للصف | AK27: =ادخال1!$CB$5 -> الاول الابتدائي | AT27: للصف | AZ27: =ادخال1!$CB$5 -> الاول الابتدائي
A28: العام الدراسي | B28: =ادخال1!$CA$8 -> 1447هـ/1448 هـ | F28: هجرية | H28: الموافق | J28: =ادخال1!$CB$8 -> 2026 /2025م | N28: ميلادية | P28: العام الدراسي | Q28: =ادخال1!$CA$8 -> 1447هـ/1448 هـ | U28: هجرية | W28: الموافق | Y28: =ادخال1!$CB$8 -> 2026 /2025م | AC28: ميلادية | AE28: العام الدراسي | AF28: =ادخال1!$CA$8 -> 1447هـ/1448 هـ | AJ28: هجرية | AL28: الموافق | AN28: =ادخال1!$CB$8 -> 2026 /2025م | AR28: ميلادية | AT28: العام الدراسي | AU28: =ادخال1!$CA$8 -> 1447هـ/1448 هـ | AY28: هجرية | BA28: الموافق | BC28: =ادخال1!$CB$8 -> 2026 /2025م | BG28: ميلادية
A29: شؤون التعليم بمنطقة | B29: =ادخال1!$CB$4 -> تاجوراء | P29: شؤون التعليم بمنطقة | Q29: =ادخال1!$CB$4 -> تاجوراء | AE29: شؤون التعليم بمنطقة | AF29: =ادخال1!$CB$4 -> تاجوراء | AT29: شؤون التعليم بمنطقة | AU29: =ادخال1!$CB$4 -> تاجوراء
A30: مدرســــــــــــــــــــــة | B30: =ادخال1!$BZ$6 -> مدرسة سهول العلم للتعيم الخاص | J30: الكــــائنة بـ : | M30: =ادخال1!$BZ$8 -> تاجوراء الجنوبي | P30: مدرســــــــــــــــــــــة | Q30: =ادخال1!$BZ$6 -> مدرسة سهول العلم للتعيم الخاص | Y30: الكــــائنة بـ : | AB30: =ادخال1!$BZ$8 -> تاجوراء الجنوبي | AE30: مدرســــــــــــــــــــــة | AF30: =ادخال1!$BZ$6 -> مدرسة سهول العلم للتعيم الخاص | AN30: الكــــائنة بـ : | AQ30: =ادخال1!$BZ$8 -> تاجوراء الجنوبي | AT30: مدرســــــــــــــــــــــة | AU30: =ادخال1!$BZ$6 -> مدرسة سهول العلم للتعيم الخاص | BC30: الكــــائنة بـ : | BF30: =ادخال1!$BZ$8 -> تاجوراء الجنوبي
A31: اسم التلميذ بالكـــامل | B31: =IFERROR(VLOOKUP(A23,مسلسل,2,0),0) -> عبدالسلام محمد سالم المحمودي | C31: =IFERROR(VLOOKUP(B31,مسلسل,2,0),0) -> 0 | D31: =IFERROR(VLOOKUP(C31,مسلسل,2,0),0) -> 0 | E31: =IFERROR(VLOOKUP(D31,مسلسل,2,0),0) -> 0 | F31: =IFERROR(VLOOKUP(E31,مسلسل,2,0),0) -> 0 | G31: =IFERROR(VLOOKUP(F31,مسلسل,2,0),0) -> 0 | H31: =IFERROR(VLOOKUP(G31,مسلسل,2,0),0) -> 0 | I31: =IFERROR(VLOOKUP(H31,مسلسل,2,0),0) -> 0 | J31: اللقــــــــب | M31: =IFERROR(VLOOKUP(B31,اسماء,63,0),"") -> المحمودي | P31: اسم التلميذ بالكـــامل | Q31: =IFERROR(VLOOKUP(P23,مسلسل,2,0),0) -> إلين خالد محمد احمودة | R31: =IFERROR(VLOOKUP(Q31,مسلسل,2,0),0) -> 0 | S31: =IFERROR(VLOOKUP(R31,مسلسل,2,0),0) -> 0 | T31: =IFERROR(VLOOKUP(S31,مسلسل,2,0),0) -> 0 | U31: =IFERROR(VLOOKUP(T31,مسلسل,2,0),0) -> 0 | V31: =IFERROR(VLOOKUP(U31,مسلسل,2,0),0) -> 0 | W31: =IFERROR(VLOOKUP(V31,مسلسل,2,0),0) -> 0 | X31: =IFERROR(VLOOKUP(W31,مسلسل,2,0),0) -> 0 | Y31: اللقــــــــب | AB31: =IFERROR(VLOOKUP(Q31,اسماء,63,0),"") -> احمودة | AE31: اسم التلميذ بالكـــامل | AF31: =IFERROR(VLOOKUP(AE23,مسلسل,2,0),0) -> 0 | AG31: =IFERROR(VLOOKUP(AF31,مسلسل,2,0),0) -> 0 | AH31: =IFERROR(VLOOKUP(AG31,مسلسل,2,0),0) -> 0 | AI31: =IFERROR(VLOOKUP(AH31,مسلسل,2,0),0) -> 0 | AJ31: =IFERROR(VLOOKUP(AI31,مسلسل,2,0),0) -> 0 | AK31: =IFERROR(VLOOKUP(AJ31,مسلسل,2,0),0) -> 0 | AL31: =IFERROR(VLOOKUP(AK31,مسلسل,2,0),0) -> 0 | AM31: =IFERROR(VLOOKUP(AL31,مسلسل,2,0),0) -> 0 | AN31: اللقــــــــب | AQ31: =IFERROR(VLOOKUP(AF31,اسماء,63,0),"") | AT31: اسم التلميذ بالكـــامل | AU31: =IFERROR(VLOOKUP(AT23,مسلسل,2,0),0) -> 0 | AV31: =IFERROR(VLOOKUP(AU31,مسلسل,2,0),0) -> 0 | AW31: =IFERROR(VLOOKUP(AV31,مسلسل,2,0),0) -> 0 | AX31: =IFERROR(VLOOKUP(AW31,مسلسل,2,0),0) -> 0 | AY31: =IFERROR(VLOOKUP(AX31,مسلسل,2,0),0) -> 0 | AZ31: =IFERROR(VLOOKUP(AY31,مسلسل,2,0),0) -> 0 | BA31: =IFERROR(VLOOKUP(AZ31,مسلسل,2,0),0) -> 0 | BB31: =IFERROR(VLOOKUP(BA31,مسلسل,2,0),0) -> 0 | BC31: اللقــــــــب | BF31: =IFERROR(VLOOKUP(AU31,اسماء,63,0),"")
A32: مكان وتاريخ الميلاد | B32: =IFERROR(VLOOKUP(B31,اسماء,76,0),"") -> تاجوراء | E32: =IFERROR(VLOOKUP(B31,اسماء,2,0),"") -> 43564 | I32: اسم الوالدة بالكامل | M32: =IFERROR(VLOOKUP(B31,اسماء,3,0),"") -> نسرين محمد الغراري | P32: مكان وتاريخ الميلاد | Q32: =IFERROR(VLOOKUP(Q31,اسماء,76,0),"") -> طرابلس | T32: =IFERROR(VLOOKUP(Q31,اسماء,2,0),"") -> 43514 | X32: اسم الوالدة بالكامل | AB32: =IFERROR(VLOOKUP(Q31,اسماء,3,0),"") -> خولة محمد صالح الماضي | AE32: مكان وتاريخ الميلاد | AF32: =IFERROR(VLOOKUP(AF31,اسماء,76,0),"") | AI32: =IFERROR(VLOOKUP(AF31,اسماء,2,0),"") | AM32: اسم الوالدة بالكامل | AQ32: =IFERROR(VLOOKUP(AF31,اسماء,3,0),"") | AT32: مكان وتاريخ الميلاد | AU32: =IFERROR(VLOOKUP(AU31,اسماء,76,0),"") | AX32: =IFERROR(VLOOKUP(AU31,اسماء,2,0),"") | BB32: اسم الوالدة بالكامل | BF32: =IFERROR(VLOOKUP(AU31,اسماء,3,0),"")
A33: الرقم الوطنــــــــــي | B33: =IFERROR(VLOOKUP(B31,اسماء,64,0),"") -> 1 | C33: =IFERROR(VLOOKUP(B31,اسماء,65,0),"") -> 2 | D33: =IFERROR(VLOOKUP(B31,اسماء,66,0),"") -> 0 | E33: =IFERROR(VLOOKUP(B31,اسماء,67,0),"") -> 1 | F33: =IFERROR(VLOOKUP(B31,اسماء,68,0),"") -> 9 | G33: =IFERROR(VLOOKUP(B31,اسماء,69,0),"") -> 0 | H33: =IFERROR(VLOOKUP(B31,اسماء,70,0),"") -> 2 | I33: =IFERROR(VLOOKUP(B31,اسماء,71,0),"") -> 8 | J33: =IFERROR(VLOOKUP(B31,اسماء,72,0),"") -> 5 | K33: =IFERROR(VLOOKUP(B31,اسماء,73,0),"") -> 3 | L33: =IFERROR(VLOOKUP(B31,اسماء,74,0),"") -> 1 | M33: =IFERROR(VLOOKUP(B31,اسماء,75,0),"") -> 8 | P33: الرقم الوطنــــــــــي | Q33: =IFERROR(VLOOKUP(Q31,اسماء,64,0),"") -> 2 | R33: =IFERROR(VLOOKUP(Q31,اسماء,65,0),"") -> 2 | S33: =IFERROR(VLOOKUP(Q31,اسماء,66,0),"") -> 0 | T33: =IFERROR(VLOOKUP(Q31,اسماء,67,0),"") -> 1 | U33: =IFERROR(VLOOKUP(Q31,اسماء,68,0),"") -> 9 | V33: =IFERROR(VLOOKUP(Q31,اسماء,69,0),"") -> 0 | W33: =IFERROR(VLOOKUP(Q31,اسماء,70,0),"") -> 3 | X33: =IFERROR(VLOOKUP(Q31,اسماء,71,0),"") -> 7 | Y33: =IFERROR(VLOOKUP(Q31,اسماء,72,0),"") -> 7 | Z33: =IFERROR(VLOOKUP(Q31,اسماء,73,0),"") -> 2 | AA33: =IFERROR(VLOOKUP(Q31,اسماء,74,0),"") -> 9 | AB33: =IFERROR(VLOOKUP(Q31,اسماء,75,0),"") -> 2 | AE33: الرقم الوطنــــــــــي | AF33: =IFERROR(VLOOKUP(AF31,اسماء,64,0),"") | AG33: =IFERROR(VLOOKUP(AF31,اسماء,65,0),"") | AH33: =IFERROR(VLOOKUP(AF31,اسماء,66,0),"") | AI33: =IFERROR(VLOOKUP(AF31,اسماء,67,0),"") | AJ33: =IFERROR(VLOOKUP(AF31,اسماء,68,0),"") | AK33: =IFERROR(VLOOKUP(AF31,اسماء,69,0),"") | AL33: =IFERROR(VLOOKUP(AF31,اسماء,70,0),"") | AM33: =IFERROR(VLOOKUP(AF31,اسماء,71,0),"") | AN33: =IFERROR(VLOOKUP(AF31,اسماء,72,0),"") | AO33: =IFERROR(VLOOKUP(AF31,اسماء,73,0),"") | AP33: =IFERROR(VLOOKUP(AF31,اسماء,74,0),"") | AQ33: =IFERROR(VLOOKUP(AF31,اسماء,75,0),"") | AT33: الرقم الوطنــــــــــي | AU33: =IFERROR(VLOOKUP(AU31,اسماء,64,0),"") | AV33: =IFERROR(VLOOKUP(AU31,اسماء,65,0),"") | AW33: =IFERROR(VLOOKUP(AU31,اسماء,66,0),"") | AX33: =IFERROR(VLOOKUP(AU31,اسماء,67,0),"") | AY33: =IFERROR(VLOOKUP(AU31,اسماء,68,0),"") | AZ33: =IFERROR(VLOOKUP(AU31,اسماء,69,0),"") | BA33: =IFERROR(VLOOKUP(AU31,اسماء,70,0),"") | BB33: =IFERROR(VLOOKUP(AU31,اسماء,71,0),"") | BC33: =IFERROR(VLOOKUP(AU31,اسماء,72,0),"") | BD33: =IFERROR(VLOOKUP(AU31,اسماء,73,0),"") | BE33: =IFERROR(VLOOKUP(AU31,اسماء,74,0),"") | BF33: =IFERROR(VLOOKUP(AU31,اسماء,75,0),"")
A34: جنسيـــــة التلمــــيذ | B34: =IFERROR(VLOOKUP(B31,اسماء,77,0),"") -> ليبي | G34: مستجد/ | I34: معيد | K34: =IFERROR(VLOOKUP(B31,اسماء,78,0),"") -> مستجد | P34: جنسيـــــة التلمــــيذ | Q34: =IFERROR(VLOOKUP(Q31,اسماء,77,0),"") -> ليبية | V34: مستجد/ | X34: معيد | Z34: =IFERROR(VLOOKUP(Q31,اسماء,78,0),"") -> مستجد | AE34: جنسيـــــة التلمــــيذ | AF34: =IFERROR(VLOOKUP(AF31,اسماء,77,0),"") | AK34: مستجد/ | AM34: معيد | AO34: =IFERROR(VLOOKUP(AF31,اسماء,78,0),"") | AT34: جنسيـــــة التلمــــيذ | AU34: =IFERROR(VLOOKUP(AU31,اسماء,77,0),"") | AZ34: مستجد/ | BB34: معيد | BD34: =IFERROR(VLOOKUP(AU31,اسماء,78,0),"")
A35: رائــــــد الصــــــف | B35: =IFERROR(VLOOKUP(B31,اسماء,80,0),"") -> نسرين السائح | G35: صفة القيد | K35: =IFERROR(VLOOKUP(B31,اسماء,79,0),"") -> نظامي | P35: رائــــــد الصــــــف | Q35: =IFERROR(VLOOKUP(Q31,اسماء,80,0),"") -> نسرين السائح | V35: صفة القيد | Z35: =IFERROR(VLOOKUP(Q31,اسماء,79,0),"") -> نظامي | AE35: رائــــــد الصــــــف | AF35: =IFERROR(VLOOKUP(AF31,اسماء,80,0),"") | AK35: صفة القيد | AO35: =IFERROR(VLOOKUP(AF31,اسماء,79,0),"") | AT35: رائــــــد الصــــــف | AU35: =IFERROR(VLOOKUP(AU31,اسماء,77,0),"") | AZ35: صفة القيد | BD35: =IFERROR(VLOOKUP(AU31,اسماء,76,0),"")
A36: (يكتب اسم التلميذ مطابقاً لشهادة الميلاد) | P36: (يكتب اسم التلميذ مطابقاً لشهادة الميلاد) | AE36: (يكتب اسم التلميذ مطابقاً لشهادة الميلاد) | AT36: (يكتب اسم التلميذ مطابقاً لشهادة الميلاد)
A37: الانتقـــــــــال | P37: الانتقـــــــــال | AE37: الانتقـــــــــال | AT37: الانتقـــــــــال
A38: بناء على طلب ولي أمر التلميذ فإن إدارة هذه المدرسة توافق على انتقاله إلــــــى | P38: بناء على طلب ولي أمر التلميذ فإن إدارة هذه المدرسة توافق على انتقاله إلــــــى | AE38: بناء على طلب ولي أمر التلميذ فإن إدارة هذه المدرسة توافق على انتقاله إلــــــى | AT38: بناء على طلب ولي أمر التلميذ فإن إدارة هذه المدرسة توافق على انتقاله إلــــــى
A39: مدرســــــة | P39: مدرســــــة | AE39: مدرســــــة | AT39: مدرســــــة
A40: يعتمد مديرالمدرسة | N40: يعتمد مكتب الامتحانات | P40: يعتمد مديرالمدرسة | AC40: يعتمد مكتب الامتحانات | AE40: يعتمد مديرالمدرسة | AR40: يعتمد مكتب الامتحانات | AT40: يعتمد مديرالمدرسة | BG40: يعتمد مكتب الامتحانات
A45: =A23-1 -> 6 | B45: دولة ليبيا | P45: =P23-1 -> 1 | Q45: دولة ليبيا | AE45: =AE23-1 -> -4 | AF45: دولة ليبيا | AT45: =AT23-1 -> -9 | AU45: دولة ليبيا
A46: وزارة التعليم | P46: وزارة التعليم | AE46: وزارة التعليم | AT46: وزارة التعليم
A47: المركز الوطني للامتحانات | P47: المركز الوطني للامتحانات | AE47: المركز الوطني للامتحانات | AT47: المركز الوطني للامتحانات
A48: بطاقة تقدير الدرجات لمرحلة التعليم | K48: =ادخال1!$CD$7 -> الاساسي | P48: بطاقة تقدير الدرجات لمرحلة التعليم | Z48: =ادخال1!$CD$7 -> الاساسي | AE48: بطاقة تقدير الدرجات لمرحلة التعليم | AO48: =ادخال1!$CD$7 -> الاساسي | AT48: بطاقة تقدير الدرجات لمرحلة التعليم | BD48: =ادخال1!$CD$7 -> الاساسي
A49: للصف | G49: =ادخال1!$CB$5 -> الاول الابتدائي | P49: للصف | V49: =ادخال1!$CB$5 -> الاول الابتدائي | AE49: للصف | AK49: =ادخال1!$CB$5 -> الاول الابتدائي | AT49: للصف | AZ49: =ادخال1!$CB$5 -> الاول الابتدائي
A50: العام الدراسي | B50: =ادخال1!$CA$8 -> 1447هـ/1448 هـ | F50: هجرية | H50: الموافق | J50: =ادخال1!$CB$8 -> 2026 /2025م | N50: ميلادية | P50: العام الدراسي | Q50: =ادخال1!$CA$8 -> 1447هـ/1448 هـ | U50: هجرية | W50: الموافق | Y50: =ادخال1!$CB$8 -> 2026 /2025م | AC50: ميلادية | AE50: العام الدراسي | AF50: =ادخال1!$CA$8 -> 1447هـ/1448 هـ | AJ50: هجرية | AL50: الموافق | AN50: =ادخال1!$CB$8 -> 2026 /2025م | AR50: ميلادية | AT50: العام الدراسي | AU50: =ادخال1!$CA$8 -> 1447هـ/1448 هـ | AY50: هجرية | BA50: الموافق | BC50: =ادخال1!$CB$8 -> 2026 /2025م | BG50: ميلادية
A51: شؤون التعليم بمنطقة | B51: =ادخال1!$CB$4 -> تاجوراء | P51: شؤون التعليم بمنطقة | Q51: =ادخال1!$CB$4 -> تاجوراء | AE51: شؤون التعليم بمنطقة | AF51: =ادخال1!$CB$4 -> تاجوراء | AT51: شؤون التعليم بمنطقة | AU51: =ادخال1!$CB$4 -> تاجوراء
A52: مدرســــــــــــــــــــــة | B52: =ادخال1!$BZ$6 -> مدرسة سهول العلم للتعيم الخاص | J52: الكــــائنة بـ : | M52: =ادخال1!$BZ$8 -> تاجوراء الجنوبي | P52: مدرســــــــــــــــــــــة | Q52: =ادخال1!$BZ$6 -> مدرسة سهول العلم للتعيم الخاص | Y52: الكــــائنة بـ : | AB52: =ادخال1!$BZ$8 -> تاجوراء الجنوبي | AE52: مدرســــــــــــــــــــــة | AF52: =ادخال1!$BZ$6 -> مدرسة سهول العلم للتعيم الخاص | AN52: الكــــائنة بـ : | AQ52: =ادخال1!$BZ$8 -> تاجوراء الجنوبي | AT52: مدرســــــــــــــــــــــة | AU52: =ادخال1!$BZ$6 -> مدرسة سهول العلم للتعيم الخاص | BC52: الكــــائنة بـ : | BF52: =ادخال1!$BZ$8 -> تاجوراء الجنوبي
A53: اسم التلميذ بالكـــامل | B53: =IFERROR(VLOOKUP(A45,مسلسل,2,0),0) -> صباح النور أحمد صباح النور محمدين أحمد | C53: =IFERROR(VLOOKUP(B53,مسلسل,2,0),0) -> 0 | D53: =IFERROR(VLOOKUP(C53,مسلسل,2,0),0) -> 0 | E53: =IFERROR(VLOOKUP(D53,مسلسل,2,0),0) -> 0 | F53: =IFERROR(VLOOKUP(E53,مسلسل,2,0),0) -> 0 | G53: =IFERROR(VLOOKUP(F53,مسلسل,2,0),0) -> 0 | H53: =IFERROR(VLOOKUP(G53,مسلسل,2,0),0) -> 0 | I53: =IFERROR(VLOOKUP(H53,مسلسل,2,0),0) -> 0 | J53: اللقــــــــب | M53: =IFERROR(VLOOKUP(B53,اسماء,63,0),"") -> ابرهيم | P53: اسم التلميذ بالكـــامل | Q53: =IFERROR(VLOOKUP(P45,مسلسل,2,0),0) -> إبراهيم حمدي عبدالهادي ديهوم | R53: =IFERROR(VLOOKUP(Q53,مسلسل,2,0),0) -> 0 | S53: =IFERROR(VLOOKUP(R53,مسلسل,2,0),0) -> 0 | T53: =IFERROR(VLOOKUP(S53,مسلسل,2,0),0) -> 0 | U53: =IFERROR(VLOOKUP(T53,مسلسل,2,0),0) -> 0 | V53: =IFERROR(VLOOKUP(U53,مسلسل,2,0),0) -> 0 | W53: =IFERROR(VLOOKUP(V53,مسلسل,2,0),0) -> 0 | X53: =IFERROR(VLOOKUP(W53,مسلسل,2,0),0) -> 0 | Y53: اللقــــــــب | AB53: =IFERROR(VLOOKUP(Q53,اسماء,63,0),"") -> ديهوم | AE53: اسم التلميذ بالكـــامل | AF53: =IFERROR(VLOOKUP(AE45,مسلسل,2,0),0) -> 0 | AG53: =IFERROR(VLOOKUP(AF53,مسلسل,2,0),0) -> 0 | AH53: =IFERROR(VLOOKUP(AG53,مسلسل,2,0),0) -> 0 | AI53: =IFERROR(VLOOKUP(AH53,مسلسل,2,0),0) -> 0 | AJ53: =IFERROR(VLOOKUP(AI53,مسلسل,2,0),0) -> 0 | AK53: =IFERROR(VLOOKUP(AJ53,مسلسل,2,0),0) -> 0 | AL53: =IFERROR(VLOOKUP(AK53,مسلسل,2,0),0) -> 0 | AM53: =IFERROR(VLOOKUP(AL53,مسلسل,2,0),0) -> 0 | AN53: اللقــــــــب | AQ53: =IFERROR(VLOOKUP(AF53,اسماء,63,0),"") | AT53: اسم التلميذ بالكـــامل | AU53: =IFERROR(VLOOKUP(AT45,مسلسل,2,0),0) -> 0 | AV53: =IFERROR(VLOOKUP(AU53,مسلسل,2,0),0) -> 0 | AW53: =IFERROR(VLOOKUP(AV53,مسلسل,2,0),0) -> 0 | AX53: =IFERROR(VLOOKUP(AW53,مسلسل,2,0),0) -> 0 | AY53: =IFERROR(VLOOKUP(AX53,مسلسل,2,0),0) -> 0 | AZ53: =IFERROR(VLOOKUP(AY53,مسلسل,2,0),0) -> 0 | BA53: =IFERROR(VLOOKUP(AZ53,مسلسل,2,0),0) -> 0 | BB53: =IFERROR(VLOOKUP(BA53,مسلسل,2,0),0) -> 0 | BC53: اللقــــــــب | BF53: =IFERROR(VLOOKUP(AU53,اسماء,63,0),"")
A54: مكان وتاريخ الميلاد | B54: =IFERROR(VLOOKUP(B53,اسماء,76,0),"") -> السودان | E54: =IFERROR(VLOOKUP(B53,اسماء,2,0),"") -> 43474 | I54: اسم الوالدة بالكامل | M54: =IFERROR(VLOOKUP(B53,اسماء,3,0),"") -> رماز سعيد ادريس | P54: مكان وتاريخ الميلاد | Q54: =IFERROR(VLOOKUP(Q53,اسماء,76,0),"") -> تاجوراء | T54: =IFERROR(VLOOKUP(Q53,اسماء,2,0),"") -> 43508 | X54: اسم الوالدة بالكامل | AB54: =IFERROR(VLOOKUP(Q53,اسماء,3,0),"") -> هدي حسين مسعود | AE54: مكان وتاريخ الميلاد | AF54: =IFERROR(VLOOKUP(AF53,اسماء,76,0),"") | AI54: =IFERROR(VLOOKUP(AF53,اسماء,2,0),"") | AM54: اسم الوالدة بالكامل | AQ54: =IFERROR(VLOOKUP(AF53,اسماء,3,0),"") | AT54: مكان وتاريخ الميلاد | AU54: =IFERROR(VLOOKUP(AU53,اسماء,76,0),"") | AX54: =IFERROR(VLOOKUP(AU53,اسماء,2,0),"") | BB54: اسم الوالدة بالكامل | BF54: =IFERROR(VLOOKUP(AU53,اسماء,3,0),"")
A55: الرقم الوطنــــــــــي | B55: =IFERROR(VLOOKUP(B53,اسماء,64,0),"") | C55: =IFERROR(VLOOKUP(B53,اسماء,65,0),"") | D55: =IFERROR(VLOOKUP(B53,اسماء,66,0),"") | E55: =IFERROR(VLOOKUP(B53,اسماء,67,0),"") | F55: =IFERROR(VLOOKUP(B53,اسماء,68,0),"") | G55: =IFERROR(VLOOKUP(B53,اسماء,69,0),"") | H55: =IFERROR(VLOOKUP(B53,اسماء,70,0),"") | I55: =IFERROR(VLOOKUP(B53,اسماء,71,0),"") | J55: =IFERROR(VLOOKUP(B53,اسماء,72,0),"") | K55: =IFERROR(VLOOKUP(B53,اسماء,73,0),"") | L55: =IFERROR(VLOOKUP(B53,اسماء,74,0),"") | M55: =IFERROR(VLOOKUP(B53,اسماء,75,0),"") | P55: الرقم الوطنــــــــــي | Q55: =IFERROR(VLOOKUP(Q53,اسماء,64,0),"") -> 1 | R55: =IFERROR(VLOOKUP(Q53,اسماء,65,0),"") -> 2 | S55: =IFERROR(VLOOKUP(Q53,اسماء,66,0),"") -> 0 | T55: =IFERROR(VLOOKUP(Q53,اسماء,67,0),"") -> 1 | U55: =IFERROR(VLOOKUP(Q53,اسماء,68,0),"") -> 9 | V55: =IFERROR(VLOOKUP(Q53,اسماء,69,0),"") -> 0 | W55: =IFERROR(VLOOKUP(Q53,اسماء,70,0),"") -> 1 | X55: =IFERROR(VLOOKUP(Q53,اسماء,71,0),"") -> 4 | Y55: =IFERROR(VLOOKUP(Q53,اسماء,72,0),"") -> 2 | Z55: =IFERROR(VLOOKUP(Q53,اسماء,73,0),"") -> 7 | AA55: =IFERROR(VLOOKUP(Q53,اسماء,74,0),"") -> 2 | AB55: =IFERROR(VLOOKUP(Q53,اسماء,75,0),"") -> 5 | AE55: الرقم الوطنــــــــــي | AF55: =IFERROR(VLOOKUP(AF53,اسماء,64,0),"") | AG55: =IFERROR(VLOOKUP(AF53,اسماء,65,0),"") | AH55: =IFERROR(VLOOKUP(AF53,اسماء,66,0),"") | AI55: =IFERROR(VLOOKUP(AF53,اسماء,67,0),"") | AJ55: =IFERROR(VLOOKUP(AF53,اسماء,68,0),"") | AK55: =IFERROR(VLOOKUP(AF53,اسماء,69,0),"") | AL55: =IFERROR(VLOOKUP(AF53,اسماء,70,0),"") | AM55: =IFERROR(VLOOKUP(AF53,اسماء,71,0),"") | AN55: =IFERROR(VLOOKUP(AF53,اسماء,72,0),"") | AO55: =IFERROR(VLOOKUP(AF53,اسماء,73,0),"") | AP55: =IFERROR(VLOOKUP(AF53,اسماء,74,0),"") | AQ55: =IFERROR(VLOOKUP(AF53,اسماء,75,0),"") | AT55: الرقم الوطنــــــــــي | AU55: =IFERROR(VLOOKUP(AU53,اسماء,64,0),"") | AV55: =IFERROR(VLOOKUP(AU53,اسماء,65,0),"") | AW55: =IFERROR(VLOOKUP(AU53,اسماء,66,0),"") | AX55: =IFERROR(VLOOKUP(AU53,اسماء,67,0),"") | AY55: =IFERROR(VLOOKUP(AU53,اسماء,68,0),"") | AZ55: =IFERROR(VLOOKUP(AU53,اسماء,69,0),"") | BA55: =IFERROR(VLOOKUP(AU53,اسماء,70,0),"") | BB55: =IFERROR(VLOOKUP(AU53,اسماء,71,0),"") | BC55: =IFERROR(VLOOKUP(AU53,اسماء,72,0),"") | BD55: =IFERROR(VLOOKUP(AU53,اسماء,73,0),"") | BE55: =IFERROR(VLOOKUP(AU53,اسماء,74,0),"") | BF55: =IFERROR(VLOOKUP(AU53,اسماء,75,0),"")
A56: جنسيـــــة التلمــــيذ | B56: =IFERROR(VLOOKUP(B53,اسماء,77,0),"") -> سوداني | G56: مستجد/ | I56: معيد | K56: =IFERROR(VLOOKUP(B53,اسماء,78,0),"") -> مستجد | P56: جنسيـــــة التلمــــيذ | Q56: =IFERROR(VLOOKUP(Q53,اسماء,77,0),"") -> ليبي | V56: مستجد/ | X56: معيد | Z56: =IFERROR(VLOOKUP(Q53,اسماء,78,0),"") -> مستجد | AE56: جنسيـــــة التلمــــيذ | AF56: =IFERROR(VLOOKUP(AF53,اسماء,77,0),"") | AK56: مستجد/ | AM56: معيد | AO56: =IFERROR(VLOOKUP(AF53,اسماء,78,0),"") | AT56: جنسيـــــة التلمــــيذ | AU56: =IFERROR(VLOOKUP(AU53,اسماء,77,0),"") | AZ56: مستجد/ | BB56: معيد | BD56: =IFERROR(VLOOKUP(AU53,اسماء,78,0),"")
A57: رائــــــد الصــــــف | B57: =IFERROR(VLOOKUP(B53,اسماء,80,0),"") -> نسرين السائح | G57: صفة القيد | K57: =IFERROR(VLOOKUP(B53,اسماء,79,0),"") -> نظامي | P57: رائــــــد الصــــــف | Q57: =IFERROR(VLOOKUP(Q53,اسماء,80,0),"") -> نسرين السائح | V57: صفة القيد | Z57: =IFERROR(VLOOKUP(Q53,اسماء,79,0),"") -> نظامي | AE57: رائــــــد الصــــــف | AF57: =IFERROR(VLOOKUP(AF53,اسماء,80,0),"") | AK57: صفة القيد | AO57: =IFERROR(VLOOKUP(AF53,اسماء,79,0),"") | AT57: رائــــــد الصــــــف | AU57: =IFERROR(VLOOKUP(AU53,اسماء,77,0),"") | AZ57: صفة القيد | BD57: =IFERROR(VLOOKUP(AU53,اسماء,76,0),"")
A58: (يكتب اسم التلميذ مطابقاً لشهادة الميلاد) | P58: (يكتب اسم التلميذ مطابقاً لشهادة الميلاد) | AE58: (يكتب اسم التلميذ مطابقاً لشهادة الميلاد) | AT58: (يكتب اسم التلميذ مطابقاً لشهادة الميلاد)
A59: الانتقـــــــــال | P59: الانتقـــــــــال | AE59: الانتقـــــــــال | AT59: الانتقـــــــــال
A60: بناء على طلب ولي أمر التلميذ فإن إدارة هذه المدرسة توافق على انتقاله إلــــــى | P60: بناء على طلب ولي أمر التلميذ فإن إدارة هذه المدرسة توافق على انتقاله إلــــــى | AE60: بناء على طلب ولي أمر التلميذ فإن إدارة هذه المدرسة توافق على انتقاله إلــــــى | AT60: بناء على طلب ولي أمر التلميذ فإن إدارة هذه المدرسة توافق على انتقاله إلــــــى
A61: مدرســــــة | P61: مدرســــــة | AE61: مدرســــــة | AT61: مدرســــــة
A62: يعتمد مديرالمدرسة | N62: يعتمد مكتب الامتحانات | P62: يعتمد مديرالمدرسة | AC62: يعتمد مكتب الامتحانات | AE62: يعتمد مديرالمدرسة | AR62: يعتمد مكتب الامتحانات | AT62: يعتمد مديرالمدرسة | BG62: يعتمد مكتب الامتحانات
A67: =A45-1 -> 5 | B67: دولة ليبيا | P67: =P45-1 -> 0 | Q67: دولة ليبيا | AE67: =AE45-1 -> -5 | AF67: دولة ليبيا | AT67: =AT45-1 -> -10 | AU67: دولة ليبيا
A68: وزارة التعليم | P68: وزارة التعليم | AE68: وزارة التعليم | AT68: وزارة التعليم
A69: المركز الوطني للامتحانات | P69: المركز الوطني للامتحانات | AE69: المركز الوطني للامتحانات | AT69: المركز الوطني للامتحانات
A70: بطاقة تقدير الدرجات لمرحلة التعليم | K70: =ادخال1!$CD$7 -> الاساسي | P70: بطاقة تقدير الدرجات لمرحلة التعليم | Z70: =ادخال1!$CD$7 -> الاساسي | AE70: بطاقة تقدير الدرجات لمرحلة التعليم | AO70: =ادخال1!$CD$7 -> الاساسي | AT70: بطاقة تقدير الدرجات لمرحلة التعليم | BD70: =ادخال1!$CD$7 -> الاساسي
A71: للصف | G71: =ادخال1!$CB$5 -> الاول الابتدائي | P71: للصف | V71: =ادخال1!$CB$5 -> الاول الابتدائي | AE71: للصف | AK71: =ادخال1!$CB$5 -> الاول الابتدائي | AT71: للصف | AZ71: =ادخال1!$CB$5 -> الاول الابتدائي
A72: العام الدراسي | B72: =ادخال1!$CA$8 -> 1447هـ/1448 هـ | F72: هجرية | H72: الموافق | J72: =ادخال1!$CB$8 -> 2026 /2025م | N72: ميلادية | P72: العام الدراسي | Q72: =ادخال1!$CA$8 -> 1447هـ/1448 هـ | U72: هجرية | W72: الموافق | Y72: =ادخال1!$CB$8 -> 2026 /2025م | AC72: ميلادية | AE72: العام الدراسي | AF72: =ادخال1!$CA$8 -> 1447هـ/1448 هـ | AJ72: هجرية | AL72: الموافق | AN72: =ادخال1!$CB$8 -> 2026 /2025م | AR72: ميلادية | AT72: العام الدراسي | AU72: =ادخال1!$CA$8 -> 1447هـ/1448 هـ | AY72: هجرية | BA72: الموافق | BC72: =ادخال1!$CB$8 -> 2026 /2025م | BG72: ميلادية
A73: شؤون التعليم بمنطقة | B73: =ادخال1!$CB$4 -> تاجوراء | P73: شؤون التعليم بمنطقة | Q73: =ادخال1!$CB$4 -> تاجوراء | AE73: شؤون التعليم بمنطقة | AF73: =ادخال1!$CB$4 -> تاجوراء | AT73: شؤون التعليم بمنطقة | AU73: =ادخال1!$CB$4 -> تاجوراء
A74: مدرســــــــــــــــــــــة | B74: =ادخال1!$BZ$6 -> مدرسة سهول العلم للتعيم الخاص | J74: الكــــائنة بـ : | M74: =ادخال1!$BZ$8 -> تاجوراء الجنوبي | P74: مدرســــــــــــــــــــــة | Q74: =ادخال1!$BZ$6 -> مدرسة سهول العلم للتعيم الخاص | Y74: الكــــائنة بـ : | AB74: =ادخال1!$BZ$8 -> تاجوراء الجنوبي | AE74: مدرســــــــــــــــــــــة | AF74: =ادخال1!$BZ$6 -> مدرسة سهول العلم للتعيم الخاص | AN74: الكــــائنة بـ : | AQ74: =ادخال1!$BZ$8 -> تاجوراء الجنوبي | AT74: مدرســــــــــــــــــــــة | AU74: =ادخال1!$BZ$6 -> مدرسة سهول العلم للتعيم الخاص | BC74: الكــــائنة بـ : | BF74: =ادخال1!$BZ$8 -> تاجوراء الجنوبي
A75: اسم التلميذ بالكـــامل | B75: =IFERROR(VLOOKUP(A67,مسلسل,2,0),0) -> سيدرا عبدالسلام علي الاطوش | C75: =IFERROR(VLOOKUP(B75,مسلسل,2,0),0) -> 0 | D75: =IFERROR(VLOOKUP(C75,مسلسل,2,0),0) -> 0 | E75: =IFERROR(VLOOKUP(D75,مسلسل,2,0),0) -> 0 | F75: =IFERROR(VLOOKUP(E75,مسلسل,2,0),0) -> 0 | G75: =IFERROR(VLOOKUP(F75,مسلسل,2,0),0) -> 0 | H75: =IFERROR(VLOOKUP(G75,مسلسل,2,0),0) -> 0 | I75: =IFERROR(VLOOKUP(H75,مسلسل,2,0),0) -> 0 | J75: اللقــــــــب | M75: =IFERROR(VLOOKUP(B75,اسماء,63,0),"") -> الاطوش | P75: اسم التلميذ بالكـــامل | Q75: =IFERROR(VLOOKUP(P67,مسلسل,2,0),0) -> 0 | R75: =IFERROR(VLOOKUP(Q75,مسلسل,2,0),0) -> 0 | S75: =IFERROR(VLOOKUP(R75,مسلسل,2,0),0) -> 0 | T75: =IFERROR(VLOOKUP(S75,مسلسل,2,0),0) -> 0 | U75: =IFERROR(VLOOKUP(T75,مسلسل,2,0),0) -> 0 | V75: =IFERROR(VLOOKUP(U75,مسلسل,2,0),0) -> 0 | W75: =IFERROR(VLOOKUP(V75,مسلسل,2,0),0) -> 0 | X75: =IFERROR(VLOOKUP(W75,مسلسل,2,0),0) -> 0 | Y75: اللقــــــــب | AB75: =IFERROR(VLOOKUP(Q75,اسماء,63,0),"") | AE75: اسم التلميذ بالكـــامل | AF75: =IFERROR(VLOOKUP(AE67,مسلسل,2,0),0) -> 0 | AG75: =IFERROR(VLOOKUP(AF75,مسلسل,2,0),0) -> 0 | AH75: =IFERROR(VLOOKUP(AG75,مسلسل,2,0),0) -> 0 | AI75: =IFERROR(VLOOKUP(AH75,مسلسل,2,0),0) -> 0 | AJ75: =IFERROR(VLOOKUP(AI75,مسلسل,2,0),0) -> 0 | AK75: =IFERROR(VLOOKUP(AJ75,مسلسل,2,0),0) -> 0 | AL75: =IFERROR(VLOOKUP(AK75,مسلسل,2,0),0) -> 0 | AM75: =IFERROR(VLOOKUP(AL75,مسلسل,2,0),0) -> 0 | AN75: اللقــــــــب | AQ75: =IFERROR(VLOOKUP(AF75,اسماء,63,0),"") | AT75: اسم التلميذ بالكـــامل | AU75: =IFERROR(VLOOKUP(AT67,مسلسل,2,0),0) -> 0 | AV75: =IFERROR(VLOOKUP(AU75,مسلسل,2,0),0) -> 0 | AW75: =IFERROR(VLOOKUP(AV75,مسلسل,2,0),0) -> 0 | AX75: =IFERROR(VLOOKUP(AW75,مسلسل,2,0),0) -> 0 | AY75: =IFERROR(VLOOKUP(AX75,مسلسل,2,0),0) -> 0 | AZ75: =IFERROR(VLOOKUP(AY75,مسلسل,2,0),0) -> 0 | BA75: =IFERROR(VLOOKUP(AZ75,مسلسل,2,0),0) -> 0 | BB75: =IFERROR(VLOOKUP(BA75,مسلسل,2,0),0) -> 0 | BC75: اللقــــــــب | BF75: =IFERROR(VLOOKUP(AU75,اسماء,63,0),"")
A76: مكان وتاريخ الميلاد | B76: =IFERROR(VLOOKUP(B75,اسماء,76,0),"") -> تاجوراء | E76: =IFERROR(VLOOKUP(B75,اسماء,2,0),"") -> 43691 | I76: اسم الوالدة بالكامل | M76: =IFERROR(VLOOKUP(B75,اسماء,3,0),"") -> حنان ابوعائشة | P76: مكان وتاريخ الميلاد | Q76: =IFERROR(VLOOKUP(Q75,اسماء,76,0),"") | T76: =IFERROR(VLOOKUP(Q75,اسماء,2,0),"") | X76: اسم الوالدة بالكامل | AB76: =IFERROR(VLOOKUP(Q75,اسماء,3,0),"") | AE76: مكان وتاريخ الميلاد | AF76: =IFERROR(VLOOKUP(AF75,اسماء,76,0),"") | AI76: =IFERROR(VLOOKUP(AF75,اسماء,2,0),"") | AM76: اسم الوالدة بالكامل | AQ76: =IFERROR(VLOOKUP(AF75,اسماء,3,0),"") | AT76: مكان وتاريخ الميلاد | AU76: =IFERROR(VLOOKUP(AU75,اسماء,76,0),"") | AX76: =IFERROR(VLOOKUP(AU75,اسماء,2,0),"") | BB76: اسم الوالدة بالكامل | BF76: =IFERROR(VLOOKUP(AU75,اسماء,3,0),"")
A77: الرقم الوطنــــــــــي | B77: =IFERROR(VLOOKUP(B75,اسماء,64,0),"") -> 2 | C77: =IFERROR(VLOOKUP(B75,اسماء,65,0),"") -> 2 | D77: =IFERROR(VLOOKUP(B75,اسماء,66,0),"") -> 0 | E77: =IFERROR(VLOOKUP(B75,اسماء,67,0),"") -> 1 | F77: =IFERROR(VLOOKUP(B75,اسماء,68,0),"") -> 9 | G77: =IFERROR(VLOOKUP(B75,اسماء,69,0),"") -> 0 | H77: =IFERROR(VLOOKUP(B75,اسماء,70,0),"") -> 6 | I77: =IFERROR(VLOOKUP(B75,اسماء,71,0),"") -> 3 | J77: =IFERROR(VLOOKUP(B75,اسماء,72,0),"") -> 8 | K77: =IFERROR(VLOOKUP(B75,اسماء,73,0),"") -> 3 | L77: =IFERROR(VLOOKUP(B75,اسماء,74,0),"") -> 3 | M77: =IFERROR(VLOOKUP(B75,اسماء,75,0),"") -> 1 | P77: الرقم الوطنــــــــــي | Q77: =IFERROR(VLOOKUP(Q75,اسماء,64,0),"") | R77: =IFERROR(VLOOKUP(Q75,اسماء,65,0),"") | S77: =IFERROR(VLOOKUP(Q75,اسماء,66,0),"") | T77: =IFERROR(VLOOKUP(Q75,اسماء,67,0),"") | U77: =IFERROR(VLOOKUP(Q75,اسماء,68,0),"") | V77: =IFERROR(VLOOKUP(Q75,اسماء,69,0),"") | W77: =IFERROR(VLOOKUP(Q75,اسماء,70,0),"") | X77: =IFERROR(VLOOKUP(Q75,اسماء,71,0),"") | Y77: =IFERROR(VLOOKUP(Q75,اسماء,72,0),"") | Z77: =IFERROR(VLOOKUP(Q75,اسماء,73,0),"") | AA77: =IFERROR(VLOOKUP(Q75,اسماء,74,0),"") | AB77: =IFERROR(VLOOKUP(Q75,اسماء,75,0),"") | AE77: الرقم الوطنــــــــــي | AF77: =IFERROR(VLOOKUP(AF75,اسماء,64,0),"") | AG77: =IFERROR(VLOOKUP(AF75,اسماء,65,0),"") | AH77: =IFERROR(VLOOKUP(AF75,اسماء,66,0),"") | AI77: =IFERROR(VLOOKUP(AF75,اسماء,67,0),"") | AJ77: =IFERROR(VLOOKUP(AF75,اسماء,68,0),"") | AK77: =IFERROR(VLOOKUP(AF75,اسماء,69,0),"") | AL77: =IFERROR(VLOOKUP(AF75,اسماء,70,0),"") | AM77: =IFERROR(VLOOKUP(AF75,اسماء,71,0),"") | AN77: =IFERROR(VLOOKUP(AF75,اسماء,72,0),"") | AO77: =IFERROR(VLOOKUP(AF75,اسماء,73,0),"") | AP77: =IFERROR(VLOOKUP(AF75,اسماء,74,0),"") | AQ77: =IFERROR(VLOOKUP(AF75,اسماء,75,0),"") | AT77: الرقم الوطنــــــــــي | AU77: =IFERROR(VLOOKUP(AU75,اسماء,64,0),"") | AV77: =IFERROR(VLOOKUP(AU75,اسماء,65,0),"") | AW77: =IFERROR(VLOOKUP(AU75,اسماء,66,0),"") | AX77: =IFERROR(VLOOKUP(AU75,اسماء,67,0),"") | AY77: =IFERROR(VLOOKUP(AU75,اسماء,68,0),"") | AZ77: =IFERROR(VLOOKUP(AU75,اسماء,69,0),"") | BA77: =IFERROR(VLOOKUP(AU75,اسماء,70,0),"") | BB77: =IFERROR(VLOOKUP(AU75,اسماء,71,0),"") | BC77: =IFERROR(VLOOKUP(AU75,اسماء,72,0),"") | BD77: =IFERROR(VLOOKUP(AU75,اسماء,73,0),"") | BE77: =IFERROR(VLOOKUP(AU75,اسماء,74,0),"") | BF77: =IFERROR(VLOOKUP(AU75,اسماء,75,0),"")
A78: جنسيـــــة التلمــــيذ | B78: =IFERROR(VLOOKUP(B75,اسماء,77,0),"") -> ليبية | G78: مستجد/ | I78: معيد | K78: =IFERROR(VLOOKUP(B75,اسماء,78,0),"") -> مستجد | P78: جنسيـــــة التلمــــيذ | Q78: =IFERROR(VLOOKUP(Q75,اسماء,77,0),"") | V78: مستجد/ | X78: معيد | Z78: =IFERROR(VLOOKUP(Q75,اسماء,78,0),"") | AE78: جنسيـــــة التلمــــيذ | AF78: =IFERROR(VLOOKUP(AF75,اسماء,77,0),"") | AK78: مستجد/ | AM78: معيد | AO78: =IFERROR(VLOOKUP(AF75,اسماء,78,0),"") | AT78: جنسيـــــة التلمــــيذ | AU78: =IFERROR(VLOOKUP(AU75,اسماء,77,0),"") | AZ78: مستجد/ | BB78: معيد | BD78: =IFERROR(VLOOKUP(AU75,اسماء,78,0),"")
A79: رائــــــد الصــــــف | B79: =IFERROR(VLOOKUP(B75,اسماء,80,0),"") -> نسرين السائح | G79: صفة القيد | K79: =IFERROR(VLOOKUP(B75,اسماء,79,0),"") -> نظامي | P79: رائــــــد الصــــــف | Q79: =IFERROR(VLOOKUP(Q75,اسماء,80,0),"") | V79: صفة القيد | Z79: =IFERROR(VLOOKUP(Q75,اسماء,79,0),"") | AE79: رائــــــد الصــــــف | AF79: =IFERROR(VLOOKUP(AF75,اسماء,80,0),"") | AK79: صفة القيد | AO79: =IFERROR(VLOOKUP(AF75,اسماء,79,0),"") | AT79: رائــــــد الصــــــف | AU79: =IFERROR(VLOOKUP(AU75,اسماء,77,0),"") | AZ79: صفة القيد | BD79: =IFERROR(VLOOKUP(AU75,اسماء,76,0),"")
A80: (يكتب اسم التلميذ مطابقاً لشهادة الميلاد) | P80: (يكتب اسم التلميذ مطابقاً لشهادة الميلاد) | AE80: (يكتب اسم التلميذ مطابقاً لشهادة الميلاد) | AT80: (يكتب اسم التلميذ مطابقاً لشهادة الميلاد)
A81: الانتقـــــــــال | P81: الانتقـــــــــال | AE81: الانتقـــــــــال | AT81: الانتقـــــــــال
A82: بناء على طلب ولي أمر التلميذ فإن إدارة هذه المدرسة توافق على انتقاله إلــــــى | P82: بناء على طلب ولي أمر التلميذ فإن إدارة هذه المدرسة توافق على انتقاله إلــــــى | AE82: بناء على طلب ولي أمر التلميذ فإن إدارة هذه المدرسة توافق على انتقاله إلــــــى | AT82: بناء على طلب ولي أمر التلميذ فإن إدارة هذه المدرسة توافق على انتقاله إلــــــى
A83: مدرســــــة | P83: مدرســــــة | AE83: مدرســــــة | AT83: مدرســــــة
A84: يعتمد مديرالمدرسة | N84: يعتمد مكتب الامتحانات | P84: يعتمد مديرالمدرسة | AC84: يعتمد مكتب الامتحانات | AE84: يعتمد مديرالمدرسة | AR84: يعتمد مكتب الامتحانات | AT84: يعتمد مديرالمدرسة | BG84: يعتمد مكتب الامتحانات
A89: =A67-1 -> 4 | B89: دولة ليبيا | P89: =P67-1 -> -1 | Q89: دولة ليبيا | AE89: =AE67-1 -> -6 | AF89: دولة ليبيا | AT89: =AT67-1 -> -11 | AU89: دولة ليبيا
A90: وزارة التعليم | P90: وزارة التعليم | AE90: وزارة التعليم | AT90: وزارة التعليم
A91: المركز الوطني للامتحانات | P91: المركز الوطني للامتحانات | AE91: المركز الوطني للامتحانات | AT91: المركز الوطني للامتحانات
A92: بطاقة تقدير الدرجات لمرحلة التعليم | K92: =ادخال1!$CD$7 -> الاساسي | P92: بطاقة تقدير الدرجات لمرحلة التعليم | Z92: =ادخال1!$CD$7 -> الاساسي | AE92: بطاقة تقدير الدرجات لمرحلة التعليم | AO92: =ادخال1!$CD$7 -> الاساسي | AT92: بطاقة تقدير الدرجات لمرحلة التعليم | BD92: =ادخال1!$CD$7 -> الاساسي
A93: للصف | G93: =ادخال1!$CB$5 -> الاول الابتدائي | P93: للصف | V93: =ادخال1!$CB$5 -> الاول الابتدائي | AE93: للصف | AK93: =ادخال1!$CB$5 -> الاول الابتدائي | AT93: للصف | AZ93: =ادخال1!$CB$5 -> الاول الابتدائي
A94: العام الدراسي | B94: =ادخال1!$CA$8 -> 1447هـ/1448 هـ | F94: هجرية | H94: الموافق | J94: =ادخال1!$CB$8 -> 2026 /2025م | N94: ميلادية | P94: العام الدراسي | Q94: =ادخال1!$CA$8 -> 1447هـ/1448 هـ | U94: هجرية | W94: الموافق | Y94: =ادخال1!$CB$8 -> 2026 /2025م | AC94: ميلادية | AE94: العام الدراسي | AF94: =ادخال1!$CA$8 -> 1447هـ/1448 هـ | AJ94: هجرية | AL94: الموافق | AN94: =ادخال1!$CB$8 -> 2026 /2025م | AR94: ميلادية | AT94: العام الدراسي | AU94: =ادخال1!$CA$8 -> 1447هـ/1448 هـ | AY94: هجرية | BA94: الموافق | BC94: =ادخال1!$CB$8 -> 2026 /2025م | BG94: ميلادية
A95: شؤون التعليم بمنطقة | B95: =ادخال1!$CB$4 -> تاجوراء | P95: شؤون التعليم بمنطقة | Q95: =ادخال1!$CB$4 -> تاجوراء | AE95: شؤون التعليم بمنطقة | AF95: =ادخال1!$CB$4 -> تاجوراء | AT95: شؤون التعليم بمنطقة | AU95: =ادخال1!$CB$4 -> تاجوراء
A96: مدرســــــــــــــــــــــة | B96: =ادخال1!$BZ$6 -> مدرسة سهول العلم للتعيم الخاص | J96: الكــــائنة بـ : | M96: =ادخال1!$BZ$8 -> تاجوراء الجنوبي | P96: مدرســــــــــــــــــــــة | Q96: =ادخال1!$BZ$6 -> مدرسة سهول العلم للتعيم الخاص | Y96: الكــــائنة بـ : | AB96: =ادخال1!$BZ$8 -> تاجوراء الجنوبي | AE96: مدرســــــــــــــــــــــة | AF96: =ادخال1!$BZ$6 -> مدرسة سهول العلم للتعيم الخاص | AN96: الكــــائنة بـ : | AQ96: =ادخال1!$BZ$8 -> تاجوراء الجنوبي | AT96: مدرســــــــــــــــــــــة | AU96: =ادخال1!$BZ$6 -> مدرسة سهول العلم للتعيم الخاص | BC96: الكــــائنة بـ : | BF96: =ادخال1!$BZ$8 -> تاجوراء الجنوبي
A97: اسم التلميذ بالكـــامل | B97: =IFERROR(VLOOKUP(A89,مسلسل,2,0),0) -> جود هيثم مختار اخشيبة | C97: =IFERROR(VLOOKUP(B97,مسلسل,2,0),0) -> 0 | D97: =IFERROR(VLOOKUP(C97,مسلسل,2,0),0) -> 0 | E97: =IFERROR(VLOOKUP(D97,مسلسل,2,0),0) -> 0 | F97: =IFERROR(VLOOKUP(E97,مسلسل,2,0),0) -> 0 | G97: =IFERROR(VLOOKUP(F97,مسلسل,2,0),0) -> 0 | H97: =IFERROR(VLOOKUP(G97,مسلسل,2,0),0) -> 0 | I97: =IFERROR(VLOOKUP(H97,مسلسل,2,0),0) -> 0 | J97: اللقــــــــب | M97: =IFERROR(VLOOKUP(B97,اسماء,63,0),"") -> اخشيبه | P97: اسم التلميذ بالكـــامل | Q97: =IFERROR(VLOOKUP(P89,مسلسل,2,0),0) -> 0 | R97: =IFERROR(VLOOKUP(Q97,مسلسل,2,0),0) -> 0 | S97: =IFERROR(VLOOKUP(R97,مسلسل,2,0),0) -> 0 | T97: =IFERROR(VLOOKUP(S97,مسلسل,2,0),0) -> 0 | U97: =IFERROR(VLOOKUP(T97,مسلسل,2,0),0) -> 0 | V97: =IFERROR(VLOOKUP(U97,مسلسل,2,0),0) -> 0 | W97: =IFERROR(VLOOKUP(V97,مسلسل,2,0),0) -> 0 | X97: =IFERROR(VLOOKUP(W97,مسلسل,2,0),0) -> 0 | Y97: اللقــــــــب | AB97: =IFERROR(VLOOKUP(Q97,اسماء,63,0),"") | AE97: اسم التلميذ بالكـــامل | AF97: =IFERROR(VLOOKUP(AE89,مسلسل,2,0),0) -> 0 | AG97: =IFERROR(VLOOKUP(AF97,مسلسل,2,0),0) -> 0 | AH97: =IFERROR(VLOOKUP(AG97,مسلسل,2,0),0) -> 0 | AI97: =IFERROR(VLOOKUP(AH97,مسلسل,2,0),0) -> 0 | AJ97: =IFERROR(VLOOKUP(AI97,مسلسل,2,0),0) -> 0 | AK97: =IFERROR(VLOOKUP(AJ97,مسلسل,2,0),0) -> 0 | AL97: =IFERROR(VLOOKUP(AK97,مسلسل,2,0),0) -> 0 | AM97: =IFERROR(VLOOKUP(AL97,مسلسل,2,0),0) -> 0 | AN97: اللقــــــــب | AQ97: =IFERROR(VLOOKUP(AF97,اسماء,63,0),"") | AT97: اسم التلميذ بالكـــامل | AU97: =IFERROR(VLOOKUP(AT89,مسلسل,2,0),0) -> 0 | AV97: =IFERROR(VLOOKUP(AU97,مسلسل,2,0),0) -> 0 | AW97: =IFERROR(VLOOKUP(AV97,مسلسل,2,0),0) -> 0 | AX97: =IFERROR(VLOOKUP(AW97,مسلسل,2,0),0) -> 0 | AY97: =IFERROR(VLOOKUP(AX97,مسلسل,2,0),0) -> 0 | AZ97: =IFERROR(VLOOKUP(AY97,مسلسل,2,0),0) -> 0 | BA97: =IFERROR(VLOOKUP(AZ97,مسلسل,2,0),0) -> 0 | BB97: =IFERROR(VLOOKUP(BA97,مسلسل,2,0),0) -> 0 | BC97: اللقــــــــب | BF97: =IFERROR(VLOOKUP(AU97,اسماء,63,0),"")
A98: مكان وتاريخ الميلاد | B98: =IFERROR(VLOOKUP(B97,اسماء,76,0),"") -> تاجوراء | E98: =IFERROR(VLOOKUP(B97,اسماء,2,0),"") -> 43528 | I98: اسم الوالدة بالكامل | M98: =IFERROR(VLOOKUP(B97,اسماء,3,0),"") -> اماني عبداللطيف قريفة | P98: مكان وتاريخ الميلاد | Q98: =IFERROR(VLOOKUP(Q97,اسماء,76,0),"") | T98: =IFERROR(VLOOKUP(Q97,اسماء,2,0),"") | X98: اسم الوالدة بالكامل | AB98: =IFERROR(VLOOKUP(Q97,اسماء,3,0),"") | AE98: مكان وتاريخ الميلاد | AF98: =IFERROR(VLOOKUP(AF97,اسماء,76,0),"") | AI98: =IFERROR(VLOOKUP(AF97,اسماء,2,0),"") | AM98: اسم الوالدة بالكامل | AQ98: =IFERROR(VLOOKUP(AF97,اسماء,3,0),"") | AT98: مكان وتاريخ الميلاد | AU98: =IFERROR(VLOOKUP(AU97,اسماء,76,0),"") | AX98: =IFERROR(VLOOKUP(AU97,اسماء,2,0),"") | BB98: اسم الوالدة بالكامل | BF98: =IFERROR(VLOOKUP(AU97,اسماء,3,0),"")
A99: الرقم الوطنــــــــــي | B99: =IFERROR(VLOOKUP(B97,اسماء,64,0),"") -> 2 | C99: =IFERROR(VLOOKUP(B97,اسماء,65,0),"") -> 2 | D99: =IFERROR(VLOOKUP(B97,اسماء,66,0),"") -> 0 | E99: =IFERROR(VLOOKUP(B97,اسماء,67,0),"") -> 1 | F99: =IFERROR(VLOOKUP(B97,اسماء,68,0),"") -> 9 | G99: =IFERROR(VLOOKUP(B97,اسماء,69,0),"") -> 0 | H99: =IFERROR(VLOOKUP(B97,اسماء,70,0),"") -> 1 | I99: =IFERROR(VLOOKUP(B97,اسماء,71,0),"") -> 5 | J99: =IFERROR(VLOOKUP(B97,اسماء,72,0),"") -> 0 | K99: =IFERROR(VLOOKUP(B97,اسماء,73,0),"") -> 0 | L99: =IFERROR(VLOOKUP(B97,اسماء,74,0),"") -> 3 | M99: =IFERROR(VLOOKUP(B97,اسماء,75,0),"") -> 9 | P99: الرقم الوطنــــــــــي | Q99: =IFERROR(VLOOKUP(Q97,اسماء,64,0),"") | R99: =IFERROR(VLOOKUP(Q97,اسماء,65,0),"") | S99: =IFERROR(VLOOKUP(Q97,اسماء,66,0),"") | T99: =IFERROR(VLOOKUP(Q97,اسماء,67,0),"") | U99: =IFERROR(VLOOKUP(Q97,اسماء,68,0),"") | V99: =IFERROR(VLOOKUP(Q97,اسماء,69,0),"") | W99: =IFERROR(VLOOKUP(Q97,اسماء,70,0),"") | X99: =IFERROR(VLOOKUP(Q97,اسماء,71,0),"") | Y99: =IFERROR(VLOOKUP(Q97,اسماء,72,0),"") | Z99: =IFERROR(VLOOKUP(Q97,اسماء,73,0),"") | AA99: =IFERROR(VLOOKUP(Q97,اسماء,74,0),"") | AB99: =IFERROR(VLOOKUP(Q97,اسماء,75,0),"") | AE99: الرقم الوطنــــــــــي | AF99: =IFERROR(VLOOKUP(AF97,اسماء,64,0),"") | AG99: =IFERROR(VLOOKUP(AF97,اسماء,65,0),"") | AH99: =IFERROR(VLOOKUP(AF97,اسماء,66,0),"") | AI99: =IFERROR(VLOOKUP(AF97,اسماء,67,0),"") | AJ99: =IFERROR(VLOOKUP(AF97,اسماء,68,0),"") | AK99: =IFERROR(VLOOKUP(AF97,اسماء,69,0),"") | AL99: =IFERROR(VLOOKUP(AF97,اسماء,70,0),"") | AM99: =IFERROR(VLOOKUP(AF97,اسماء,71,0),"") | AN99: =IFERROR(VLOOKUP(AF97,اسماء,72,0),"") | AO99: =IFERROR(VLOOKUP(AF97,اسماء,73,0),"") | AP99: =IFERROR(VLOOKUP(AF97,اسماء,74,0),"") | AQ99: =IFERROR(VLOOKUP(AF97,اسماء,75,0),"") | AT99: الرقم الوطنــــــــــي | AU99: =IFERROR(VLOOKUP(AU97,اسماء,64,0),"") | AV99: =IFERROR(VLOOKUP(AU97,اسماء,65,0),"") | AW99: =IFERROR(VLOOKUP(AU97,اسماء,66,0),"") | AX99: =IFERROR(VLOOKUP(AU97,اسماء,67,0),"") | AY99: =IFERROR(VLOOKUP(AU97,اسماء,68,0),"") | AZ99: =IFERROR(VLOOKUP(AU97,اسماء,69,0),"") | BA99: =IFERROR(VLOOKUP(AU97,اسماء,70,0),"") | BB99: =IFERROR(VLOOKUP(AU97,اسماء,71,0),"") | BC99: =IFERROR(VLOOKUP(AU97,اسماء,72,0),"") | BD99: =IFERROR(VLOOKUP(AU97,اسماء,73,0),"") | BE99: =IFERROR(VLOOKUP(AU97,اسماء,74,0),"") | BF99: =IFERROR(VLOOKUP(AU97,اسماء,75,0),"")
A100: جنسيـــــة التلمــــيذ | B100: =IFERROR(VLOOKUP(B97,اسماء,77,0),"") -> ليبية | G100: مستجد/ | I100: معيد | K100: =IFERROR(VLOOKUP(B97,اسماء,78,0),"") -> مستجد | P100: جنسيـــــة التلمــــيذ | Q100: =IFERROR(VLOOKUP(Q97,اسماء,77,0),"") | V100: مستجد/ | X100: معيد | Z100: =IFERROR(VLOOKUP(Q97,اسماء,78,0),"") | AE100: جنسيـــــة التلمــــيذ | AF100: =IFERROR(VLOOKUP(AF97,اسماء,77,0),"") | AK100: مستجد/ | AM100: معيد | AO100: =IFERROR(VLOOKUP(AF97,اسماء,78,0),"") | AT100: جنسيـــــة التلمــــيذ | AU100: =IFERROR(VLOOKUP(AU97,اسماء,77,0),"") | AZ100: مستجد/ | BB100: معيد | BD100: =IFERROR(VLOOKUP(AU97,اسماء,78,0),"")
A101: رائــــــد الصــــــف | B101: =IFERROR(VLOOKUP(B97,اسماء,80,0),"") -> نسرين السائح | G101: صفة القيد | K101: =IFERROR(VLOOKUP(B97,اسماء,79,0),"") -> نظامي | P101: رائــــــد الصــــــف | Q101: =IFERROR(VLOOKUP(Q97,اسماء,80,0),"") | V101: صفة القيد | Z101: =IFERROR(VLOOKUP(Q97,اسماء,79,0),"") | AE101: رائــــــد الصــــــف | AF101: =IFERROR(VLOOKUP(AF97,اسماء,80,0),"") | AK101: صفة القيد | AO101: =IFERROR(VLOOKUP(AF97,اسماء,79,0),"") | AT101: رائــــــد الصــــــف | AU101: =IFERROR(VLOOKUP(AU97,اسماء,77,0),"") | AZ101: صفة القيد | BD101: =IFERROR(VLOOKUP(AU97,اسماء,76,0),"")
A102: (يكتب اسم التلميذ مطابقاً لشهادة الميلاد) | P102: (يكتب اسم التلميذ مطابقاً لشهادة الميلاد) | AE102: (يكتب اسم التلميذ مطابقاً لشهادة الميلاد) | AT102: (يكتب اسم التلميذ مطابقاً لشهادة الميلاد)
A103: الانتقـــــــــال | P103: الانتقـــــــــال | AE103: الانتقـــــــــال | AT103: الانتقـــــــــال
A104: بناء على طلب ولي أمر التلميذ فإن إدارة هذه المدرسة توافق على انتقاله إلــــــى | P104: بناء على طلب ولي أمر التلميذ فإن إدارة هذه المدرسة توافق على انتقاله إلــــــى | AE104: بناء على طلب ولي أمر التلميذ فإن إدارة هذه المدرسة توافق على انتقاله إلــــــى | AT104: بناء على طلب ولي أمر التلميذ فإن إدارة هذه المدرسة توافق على انتقاله إلــــــى
A105: مدرســــــة | P105: مدرســــــة | AE105: مدرســــــة | AT105: مدرســــــة
A106: يعتمد مديرالمدرسة | N106: يعتمد مكتب الامتحانات | P106: يعتمد مديرالمدرسة | AC106: يعتمد مكتب الامتحانات | AE106: يعتمد مديرالمدرسة | AR106: يعتمد مكتب الامتحانات | AT106: يعتمد مديرالمدرسة | BG106: يعتمد مكتب الامتحانات

Sheet الرئيسية

Sheet صحيفة الفترات
A1: بطاقة تقدير الدرجات للصــــف | D1: =ادخال1!$K$4 -> الأول | F1: من التعليم الأساسي | J1: 8 | L1: بطاقة تقدير الدرجات للصــــف | O1: =ادخال1!$K$4 -> الأول | Q1: من التعليم الأساسي | U1: =J1+5 -> 13 | W1: بطاقة تقدير الدرجات للصــــف | Z1: =ادخال1!$K$4 -> الأول | AB1: من التعليم الأساسي | AF1: =U1+5 -> 18 | AH1: بطاقة تقدير الدرجات للصــــف | AK1: =ادخال1!$K$4 -> الأول | AM1: من التعليم الأساسي | AQ1: =AF1+5 -> 23
A2: المدرسة/ | B2: =ادخال1!$B$5 -> سهول العلم للتعليم الخاص | F2: الاسم | G2: =H14 -> عروة محمد مفتاح حمد الشيخي | M2: =ادخال1!$B$5 -> سهول العلم للتعليم الخاص | Q2: الاسم | R2: =S14 -> يزن إبراهيم رجب الفيل | W2: المدرسة/ | X2: =ادخال1!$B$5 -> سهول العلم للتعليم الخاص | AB2: الاسم | AC2: =AD14 -> 0 | AH2: المدرسة/ | AI2: =ادخال1!$B$5 -> سهول العلم للتعليم الخاص | AM2: الاسم | AN2: =AO14 -> 0
A3: الفترات | B3: عدد الحصص | C3: الفترة الأولي 30 % | E3: الفترة الثانية 30 % | H3: ملاحظــات عن نتيجة التلميذ خلال كل فترة : | L3: الفترات | M3: عدد الحصص | N3: الفترة الأولي 30 % | P3: الفترة الثانية 30 % | S3: ملاحظــات عن نتيجة التلميذ خلال كل فترة : | W3: الفترات | X3: عدد الحصص | Y3: الفترة الأولي 30 % | AA3: الفترة الثانية 30 % | AD3: ملاحظــات عن نتيجة التلميذ خلال كل فترة : | AH3: الفترات | AI3: عدد الحصص | AJ3: الفترة الأولي 30 % | AL3: الفترة الثانية 30 % | AO3: ملاحظــات عن نتيجة التلميذ خلال كل فترة :
A4: المواد الدراسية | C4: الدرجة الكبرى | D4: درجة التلميذ | E4: الدرجة الكبرى | F4: درجة التلميذ | H4: الأولي : | I4: =IF(D10=0,"",IF(AND(D5>=C5*0.4,D6>=C6*0.4,D7>=C7*0.4,D8>=C8*0.4,D9>=C9*0.4),LOOKUP(D10,'النتيجة النهائية'!$AA$6:$AB$10),"ضعيف ويحتاج الى اهتمام في المواد")) -> ممتاز | L4: المواد الدراسية | N4: الدرجة الكبرى | O4: درجة التلميذ | P4: الدرجة الكبرى | Q4: درجة التلميذ | S4: الأولي : | T4: =IF(O10=0,"",IF(AND(O5>=N5*0.4,O6>=N6*0.4,O7>=N7*0.4,O8>=N8*0.4,O9>=N9*0.4),LOOKUP(O10,'النتيجة النهائية'!$AA$6:$AB$10),"ضعيف ويحتاج الى اهتمام في المواد")) -> ممتاز | W4: المواد الدراسية | Y4: الدرجة الكبرى | Z4: درجة التلميذ | AA4: الدرجة الكبرى | AB4: درجة التلميذ | AD4: الأولي : | AE4: =IF(Z10=0,"",IF(AND(Z5>=Y5*0.4,Z6>=Y6*0.4,Z7>=Y7*0.4,Z8>=Y8*0.4,Z9>=Y9*0.4),LOOKUP(Z10,'النتيجة النهائية'!$AA$6:$AB$10),"ضعيف ويحتاج الى اهتمام في المواد")) | AH4: المواد الدراسية | AJ4: الدرجة الكبرى | AK4: درجة التلميذ | AL4: الدرجة الكبرى | AM4: درجة التلميذ | AO4: الأولي : | AP4: =IF(AK10=0,"",IF(AND(AK5>=AJ5*0.4,AK6>=AJ6*0.4,AK7>=AJ7*0.4,AK8>=AJ8*0.4,AK9>=AJ9*0.4),LOOKUP(AK10,'النتيجة النهائية'!$AA$6:$AB$10),"ضعيف ويحتاج الى اهتمام في المواد"))
A5: =ادخال1!$F$9 -> التربية الإسلامية | B5: =ادخال1!$F$7 -> 3 | C5: =40*B5*0.3 -> 36 | D5: =IFERROR(VLOOKUP(H14,اسماء,5,0),"") -> 34 | E5: =40*B5*0.3 -> 36 | F5: =IFERROR(VLOOKUP(H14,اسماء,15,0),"") -> 0 | H5: =IF(D5=0,"",IF(D5<C5*0.4,A5,"")) | I5: =IF(D6=0,"",IF(D6<C6*0.4,A6,"")) | J5: =IF(D7=0,"",IF(D7<C7*0.4,A7,"")) | L5: =ادخال1!$F$9 -> التربية الإسلامية | M5: =ادخال1!$F$7 -> 3 | N5: =40*M5*0.3 -> 36 | O5: =IFERROR(VLOOKUP(S14,اسماء,5,0),"") -> 35 | P5: =40*M5*0.3 -> 36 | Q5: =IFERROR(VLOOKUP(S14,اسماء,15,0),"") -> 0 | S5: =IF(O5=0,"",IF(O5<N5*0.4,L5,"")) | T5: =IF(O6=0,"",IF(O6<N6*0.4,L6,"")) | U5: =IF(O7=0,"",IF(O7<N7*0.4,L7,"")) | W5: =ادخال1!$F$9 -> التربية الإسلامية | X5: =ادخال1!$F$7 -> 3 | Y5: =40*X5*0.3 -> 36 | Z5: =IFERROR(VLOOKUP(AD14,اسماء,5,0),"") | AA5: =40*X5*0.3 -> 36 | AB5: =IFERROR(VLOOKUP(AD14,اسماء,15,0),"") | AD5: =IF(Z5=0,"",IF(Z5<Y5*0.4,W5,"")) | AE5: =IF(Z6=0,"",IF(Z6<Y6*0.4,W6,"")) | AF5: =IF(Z7=0,"",IF(Z7<Y7*0.4,W7,"")) | AH5: =ادخال1!$F$9 -> التربية الإسلامية | AI5: =ادخال1!$F$7 -> 3 | AJ5: =40*AI5*0.3 -> 36 | AK5: =IFERROR(VLOOKUP(AO14,اسماء,5,0),"") | AL5: =40*AI5*0.3 -> 36 | AM5: =IFERROR(VLOOKUP(AO14,اسماء,15,0),"") | AO5: =IF(AK5=0,"",IF(AK5<AJ5*0.4,AH5,"")) | AP5: =IF(AK6=0,"",IF(AK6<AJ6*0.4,AH6,"")) | AQ5: =IF(AK7=0,"",IF(AK7<AJ7*0.4,AH7,""))
A6: =ادخال1!$G$9 -> اللغة العربية | B6: =ادخال1!$G$7 -> 6 | C6: =40*B6*0.3 -> 72 | D6: =IFERROR(VLOOKUP(H14,اسماء,6,0),"") -> 64 | E6: =40*B6*0.3 -> 72 | F6: =IFERROR(VLOOKUP(H14,اسماء,16,0),"") -> 0 | H6: =IF(D8=0,"",IF(D8<C8*0.4,A8,"")) | I6: =IF(D9=0,"",IF(D9<C9*0.4,A9,"")) | L6: =ادخال1!$G$9 -> اللغة العربية | M6: =ادخال1!$G$7 -> 6 | N6: =40*M6*0.3 -> 72 | O6: =IFERROR(VLOOKUP(S14,اسماء,6,0),"") -> 66 | P6: =40*M6*0.3 -> 72 | Q6: =IFERROR(VLOOKUP(S14,اسماء,16,0),"") -> 0 | S6: =IF(O8=0,"",IF(O8<N8*0.4,L8,"")) | T6: =IF(O9=0,"",IF(O9<N9*0.4,L9,"")) | W6: =ادخال1!$G$9 -> اللغة العربية | X6: =ادخال1!$G$7 -> 6 | Y6: =40*X6*0.3 -> 72 | Z6: =IFERROR(VLOOKUP(AD14,اسماء,6,0),"") | AA6: =40*X6*0.3 -> 72 | AB6: =IFERROR(VLOOKUP(AD14,اسماء,16,0),"") | AD6: =IF(Z8=0,"",IF(Z8<Y8*0.4,W8,"")) | AE6: =IF(Z9=0,"",IF(Z9<Y9*0.4,W9,"")) | AH6: =ادخال1!$G$9 -> اللغة العربية | AI6: =ادخال1!$G$7 -> 6 | AJ6: =40*AI6*0.3 -> 72 | AK6: =IFERROR(VLOOKUP(AO14,اسماء,6,0),"") | AL6: =40*AI6*0.3 -> 72 | AM6: =IFERROR(VLOOKUP(AO14,اسماء,16,0),"") | AO6: =IF(AK8=0,"",IF(AK8<AJ8*0.4,AH8,"")) | AP6: =IF(AK9=0,"",IF(AK9<AJ9*0.4,AH9,""))
A7: =ادخال1!$H$9 -> اللغة الإنجليزية | B7: =ادخال1!$H$7 -> 3 | C7: =40*B7*0.3 -> 36 | D7: =IFERROR(VLOOKUP(H14,اسماء,7,0),"") -> 36 | E7: =40*B7*0.3 -> 36 | F7: =IFERROR(VLOOKUP(H14,اسماء,17,0),"") -> 0 | H7: الثانية :- | I7: =IF(F10=0,"",IF(AND(F5>=E5*0.4,F6>=E6*0.4,F7>=E7*0.4,F8>=E8*0.4,F9>=E9*0.4),LOOKUP(F10,'النتيجة النهائية'!$AA$6:$AB$10),"ضعيف ويحتاج الى اهتمام في المواد")) | L7: =ادخال1!$H$9 -> اللغة الإنجليزية | M7: =ادخال1!$H$7 -> 3 | N7: =40*M7*0.3 -> 36 | O7: =IFERROR(VLOOKUP(S14,اسماء,7,0),"") -> 29 | P7: =40*M7*0.3 -> 36 | Q7: =IFERROR(VLOOKUP(S14,اسماء,17,0),"") -> 0 | S7: الثانية :- | T7: =IF(Q10=0,"",IF(AND(Q5>=P5*0.4,Q6>=P6*0.4,Q7>=P7*0.4,Q8>=P8*0.4,Q9>=P9*0.4),LOOKUP(Q10,'النتيجة النهائية'!$AA$6:$AB$10),"ضعيف ويحتاج الى اهتمام في المواد")) | W7: =ادخال1!$H$9 -> اللغة الإنجليزية | X7: =ادخال1!$H$7 -> 3 | Y7: =40*X7*0.3 -> 36 | Z7: =IFERROR(VLOOKUP(AD14,اسماء,7,0),"") | AA7: =40*X7*0.3 -> 36 | AB7: =IFERROR(VLOOKUP(AD14,اسماء,17,0),"") | AD7: الثانية :- | AE7: =IF(AB10=0,"",IF(AND(AB5>=AA5*0.4,AB6>=AA6*0.4,AB7>=AA7*0.4,AB8>=AA8*0.4,AB9>=AA9*0.4),LOOKUP(AB10,'النتيجة النهائية'!$AA$6:$AB$10),"ضعيف ويحتاج الى اهتمام في المواد")) | AH7: =ادخال1!$H$9 -> اللغة الإنجليزية | AI7: =ادخال1!$H$7 -> 3 | AJ7: =40*AI7*0.3 -> 36 | AK7: =IFERROR(VLOOKUP(AO14,اسماء,7,0),"") | AL7: =40*AI7*0.3 -> 36 | AM7: =IFERROR(VLOOKUP(AO14,اسماء,17,0),"") | AO7: الثانية :- | AP7: =IF(AM10=0,"",IF(AND(AM5>=AL5*0.4,AM6>=AL6*0.4,AM7>=AL7*0.4,AM8>=AL8*0.4,AM9>=AL9*0.4),LOOKUP(AM10,'النتيجة النهائية'!$AA$6:$AB$10),"ضعيف ويحتاج الى اهتمام في المواد"))
A8: =ادخال1!$I$9 -> الحاسوب | B8: =ادخال1!$I$7 -> 1 | C8: =40*B8*0.3 -> 12 | D8: =IFERROR(VLOOKUP(H14,اسماء,8,0),"") -> 12 | E8: =40*B8*0.3 -> 12 | F8: =IFERROR(VLOOKUP(H14,اسماء,18,0),"") -> 0 | H8: =IF(F5=0,"",IF(F5<E5*0.4,A5,"")) | I8: =IF(F6=0,"",IF(F6<E6*0.4,A6,"")) | J8: =IF(F7=0,"",IF(F7<E7*0.4,A7,"")) | L8: =ادخال1!$I$9 -> الحاسوب | M8: =ادخال1!$I$7 -> 1 | N8: =40*M8*0.3 -> 12 | O8: =IFERROR(VLOOKUP(S14,اسماء,8,0),"") -> 12 | P8: =40*M8*0.3 -> 12 | Q8: =IFERROR(VLOOKUP(S14,اسماء,18,0),"") -> 0 | S8: =IF(Q5=0,"",IF(Q5<P5*0.4,L5,"")) | T8: =IF(Q6=0,"",IF(Q6<P6*0.4,L6,"")) | U8: =IF(Q7=0,"",IF(Q7<P7*0.4,L7,"")) | W8: =ادخال1!$I$9 -> الحاسوب | X8: =ادخال1!$I$7 -> 1 | Y8: =40*X8*0.3 -> 12 | Z8: =IFERROR(VLOOKUP(AD14,اسماء,8,0),"") | AA8: =40*X8*0.3 -> 12 | AB8: =IFERROR(VLOOKUP(AD14,اسماء,18,0),"") | AD8: =IF(AB5=0,"",IF(AB5<AA5*0.4,W5,"")) | AE8: =IF(AB6=0,"",IF(AB6<AA6*0.4,W6,"")) | AF8: =IF(AB7=0,"",IF(AB7<AA7*0.4,W7,"")) | AH8: =ادخال1!$I$9 -> الحاسوب | AI8: =ادخال1!$I$7 -> 1 | AJ8: =40*AI8*0.3 -> 12 | AK8: =IFERROR(VLOOKUP(AO14,اسماء,8,0),"") | AL8: =40*AI8*0.3 -> 12 | AM8: =IFERROR(VLOOKUP(AO14,اسماء,18,0),"") | AO8: =IF(AM5=0,"",IF(AM5<AL5*0.4,AH5,"")) | AP8: =IF(AM6=0,"",IF(AM6<AL6*0.4,AH6,"")) | AQ8: =IF(AM7=0,"",IF(AM7<AL7*0.4,AH7,""))
A9: =ادخال1!$J$9 -> الرياضيات | B9: =ادخال1!$J$7 -> 5 | C9: =40*B9*0.3 -> 60 | D9: =IFERROR(VLOOKUP(H14,اسماء,9,0),"") -> 59 | E9: =40*B9*0.3 -> 60 | F9: =IFERROR(VLOOKUP(H14,اسماء,19,0),"") -> 0 | H9: =IF(F8=0,"",IF(F8<E8*0.4,A8,"")) | I9: =IF(F9=0,"",IF(F9<E9*0.4,A9,"")) | L9: =ادخال1!$J$9 -> الرياضيات | M9: =ادخال1!$J$7 -> 5 | N9: =40*M9*0.3 -> 60 | O9: =IFERROR(VLOOKUP(S14,اسماء,9,0),"") -> 57 | P9: =40*M9*0.3 -> 60 | Q9: =IFERROR(VLOOKUP(S14,اسماء,19,0),"") -> 0 | S9: =IF(Q8=0,"",IF(Q8<P8*0.4,L8,"")) | T9: =IF(Q9=0,"",IF(Q9<P9*0.4,L9,"")) | W9: =ادخال1!$J$9 -> الرياضيات | X9: =ادخال1!$J$7 -> 5 | Y9: =40*X9*0.3 -> 60 | Z9: =IFERROR(VLOOKUP(AD14,اسماء,9,0),"") | AA9: =40*X9*0.3 -> 60 | AB9: =IFERROR(VLOOKUP(AD14,اسماء,19,0),"") | AD9: =IF(AB8=0,"",IF(AB8<AA8*0.4,W8,"")) | AE9: =IF(AB9=0,"",IF(AB9<AA9*0.4,W9,"")) | AH9: =ادخال1!$J$9 -> الرياضيات | AI9: =ادخال1!$J$7 -> 5 | AJ9: =40*AI9*0.3 -> 60 | AK9: =IFERROR(VLOOKUP(AO14,اسماء,9,0),"") | AL9: =40*AI9*0.3 -> 60 | AM9: =IFERROR(VLOOKUP(AO14,اسماء,19,0),"") | AO9: =IF(AM8=0,"",IF(AM8<AL8*0.4,AH8,"")) | AP9: =IF(AM9=0,"",IF(AM9<AL9*0.4,AH9,""))
A10: المجموع العـام | C10: =SUM(C5:C9) -> 216 | D10: =SUM(D5:D9) -> 205 | E10: =SUM(E5:E9) -> 216 | F10: =SUM(F5:F9) -> 0 | H10: مدير المدرسة/ | I10: =ادخال1!$BG$5 -> د. عبدالرحمن خليفة العريبي | L10: المجموع العـام | N10: =SUM(N5:N9) -> 216 | O10: =SUM(O5:O9) -> 199 | P10: =SUM(P5:P9) -> 216 | Q10: =SUM(Q5:Q9) -> 0 | S10: مدير المدرسة/ | T10: =ادخال1!$BG$5 -> د. عبدالرحمن خليفة العريبي | W10: المجموع العـام | Y10: =SUM(Y5:Y9) -> 216 | Z10: =SUM(Z5:Z9) -> 0 | AA10: =SUM(AA5:AA9) -> 216 | AB10: =SUM(AB5:AB9) -> 0 | AD10: مدير المدرسة/ | AE10: =ادخال1!$BG$5 -> د. عبدالرحمن خليفة العريبي | AH10: المجموع العـام | AJ10: =SUM(AJ5:AJ9) -> 216 | AK10: =SUM(AK5:AK9) -> 0 | AL10: =SUM(AL5:AL9) -> 216 | AM10: =SUM(AM5:AM9) -> 0 | AO10: مدير المدرسة/ | AP10: =ادخال1!$BG$5 -> د. عبدالرحمن خليفة العريبي
A11: =ادخال1!$L$8 -> التربية الفنية | B11: =ادخال1!$L$7 -> 1 | C11: =IFERROR(VLOOKUP(H14,اسماء,11,0),"") -> جيد جداَ | E11: =IFERROR(VLOOKUP(H14,اسماء,21,0),"") -> 0 | H11: التاريخ | I11: =TODAY() -> 46008 | L11: =ادخال1!$L$8 -> التربية الفنية | M11: =ادخال1!$L$7 -> 1 | N11: =IFERROR(VLOOKUP(S14,اسماء,11,0),"") -> جيد جداَ | P11: =IFERROR(VLOOKUP(S14,اسماء,21,0),"") -> 0 | S11: التاريخ | T11: =TODAY() -> 46008 | W11: =ادخال1!$L$8 -> التربية الفنية | X11: =ادخال1!$L$7 -> 1 | Y11: =IFERROR(VLOOKUP(AD14,اسماء,11,0),"") | AA11: =IFERROR(VLOOKUP(AD14,اسماء,21,0),"") | AD11: التاريخ | AE11: =TODAY() -> 46008 | AH11: =ادخال1!$L$8 -> التربية الفنية | AI11: =ادخال1!$L$7 -> 1 | AJ11: =IFERROR(VLOOKUP(AO14,اسماء,11,0),"") | AL11: =IFERROR(VLOOKUP(AO14,اسماء,21,0),"") | AO11: التاريخ | AP11: =TODAY() -> 46008
A12: =ادخال1!$M$8 -> التربية البدنية | B12: =ادخال1!$M$7 -> 2 | C12: =IFERROR(VLOOKUP(H14,اسماء,12,0),"") -> جيد جداَ | E12: =IFERROR(VLOOKUP(H14,اسماء,22,0),"") -> 0 | L12: =ادخال1!$M$8 -> التربية البدنية | M12: =ادخال1!$M$7 -> 2 | N12: =IFERROR(VLOOKUP(S14,اسماء,12,0),"") -> جيد جداَ | P12: =IFERROR(VLOOKUP(S14,اسماء,22,0),"") -> 0 | W12: =ادخال1!$M$8 -> التربية البدنية | X12: =ادخال1!$M$7 -> 2 | Y12: =IFERROR(VLOOKUP(AD14,اسماء,12,0),"") | AA12: =IFERROR(VLOOKUP(AD14,اسماء,22,0),"") | AH12: =ادخال1!$M$8 -> التربية البدنية | AI12: =ادخال1!$M$7 -> 2 | AJ12: =IFERROR(VLOOKUP(AO14,اسماء,12,0),"") | AL12: =IFERROR(VLOOKUP(AO14,اسماء,22,0),"")
A13: =ادخال1!$N$8 -> مكتبة | B13: =ادخال1!$N$7 -> 1 | C13: =IFERROR(VLOOKUP(H14,اسماء,13,0),"") -> 0 | E13: =IFERROR(VLOOKUP(H14,اسماء,23,0),"") -> 0 | L13: =ادخال1!$N$8 -> مكتبة | M13: =ادخال1!$N$7 -> 1 | N13: =IFERROR(VLOOKUP(S14,اسماء,13,0),"") -> 0 | P13: =IFERROR(VLOOKUP(S14,اسماء,23,0),"") -> 0 | W13: =ادخال1!$N$8 -> مكتبة | X13: =ادخال1!$N$7 -> 1 | Y13: =IFERROR(VLOOKUP(AD14,اسماء,13,0),"") | AA13: =IFERROR(VLOOKUP(AD14,اسماء,23,0),"") | AH13: =ادخال1!$N$8 -> مكتبة | AI13: =ادخال1!$N$7 -> 1 | AJ13: =IFERROR(VLOOKUP(AO14,اسماء,13,0),"") | AL13: =IFERROR(VLOOKUP(AO14,اسماء,23,0),"")
A14: الرقم الوطني | B14: =IFERROR(VLOOKUP(H14,اسماء,62,0),"") -> 544963091021 | C14: =IFERROR(VLOOKUP(G19,اسماء,8,0),"") | D14: =IFERROR(VLOOKUP(H19,اسماء,8,0),"") | E14: =IFERROR(VLOOKUP(I19,اسماء,8,0),"") | H14: =INDEX(عمود2,MATCH(J1,عمود1)) -> عروة محمد مفتاح حمد الشيخي | L14: الرقم الوطني | M14: =IFERROR(VLOOKUP(S14,اسماء,62,0),"") -> 906086091021 | N14: =IFERROR(VLOOKUP(R19,اسماء,8,0),"") | O14: =IFERROR(VLOOKUP(S19,اسماء,8,0),"") | P14: =IFERROR(VLOOKUP(T19,اسماء,8,0),"") | S14: =INDEX(عمود2,MATCH(U1,عمود1)) -> يزن إبراهيم رجب الفيل | W14: الرقم الوطني | X14: =IFERROR(VLOOKUP(AD14,اسماء,62,0),"") | Y14: =IFERROR(VLOOKUP(AC19,اسماء,8,0),"") | Z14: =IFERROR(VLOOKUP(AD19,اسماء,8,0),"") | AA14: =IFERROR(VLOOKUP(AE19,اسماء,8,0),"") | AD14: =INDEX(عمود2,MATCH(AF1,عمود1)) -> 0 | AH14: الرقم الوطني | AI14: =IFERROR(VLOOKUP(AO14,اسماء,62,0),"") | AJ14: =IFERROR(VLOOKUP(AN19,اسماء,8,0),"") | AK14: =IFERROR(VLOOKUP(AO19,اسماء,8,0),"") | AL14: =IFERROR(VLOOKUP(AP19,اسماء,8,0),"") | AO14: =INDEX(عمود2,MATCH(AQ1,عمود1)) -> 0
A15: الســــــلوك | C15: =IFERROR(VLOOKUP(H14,اسماء,34,0),"") -> 0 | E15: =IFERROR(VLOOKUP(H14,اسماء,35,0),"") -> 0 | H15: كل كشط أو تغيير في هذه البطاقة يلغيها. | L15: الســــــلوك | N15: =IFERROR(VLOOKUP(S14,اسماء,34,0),"") -> 0 | P15: =IFERROR(VLOOKUP(S14,اسماء,35,0),"") -> 0 | S15: كل كشط أو تغيير في هذه البطاقة يلغيها. | W15: الســــــلوك | Y15: =IFERROR(VLOOKUP(AD14,اسماء,34,0),"") | AA15: =IFERROR(VLOOKUP(AD14,اسماء,35,0),"") | AD15: كل كشط أو تغيير في هذه البطاقة يلغيها. | AH15: الســــــلوك | AJ15: =IFERROR(VLOOKUP(AO14,اسماء,34,0),"") | AL15: =IFERROR(VLOOKUP(AO14,اسماء,35,0),"") | AO15: كل كشط أو تغيير في هذه البطاقة يلغيها.
A16: غياب مشروع | C16: =IFERROR(VLOOKUP(H14,اسماء,37,0),"") -> 0 | E16: =IFERROR(VLOOKUP(H14,اسماء,39,0),"") -> 0 | L16: غياب مشروع | N16: =IFERROR(VLOOKUP(S14,اسماء,37,0),"") -> 0 | P16: =IFERROR(VLOOKUP(S14,اسماء,39,0),"") -> 0 | W16: غياب مشروع | Y16: =IFERROR(VLOOKUP(AD14,اسماء,37,0),"") | AA16: =IFERROR(VLOOKUP(AD14,اسماء,39,0),"") | AH16: غياب مشروع | AJ16: =IFERROR(VLOOKUP(AO14,اسماء,37,0),"") | AL16: =IFERROR(VLOOKUP(AO14,اسماء,39,0),"")
A17: غياب غير مشروع | C17: =IFERROR(VLOOKUP(H14,اسماء,38,0),"") -> 0 | E17: =IFERROR(VLOOKUP(H14,اسماء,40,0),"") -> 0 | L17: غياب غير مشروع | N17: =IFERROR(VLOOKUP(S14,اسماء,38,0),"") -> 0 | P17: =IFERROR(VLOOKUP(S14,اسماء,40,0),"") -> 0 | W17: غياب غير مشروع | Y17: =IFERROR(VLOOKUP(AD14,اسماء,38,0),"") | AA17: =IFERROR(VLOOKUP(AD14,اسماء,40,0),"") | AH17: غياب غير مشروع | AJ17: =IFERROR(VLOOKUP(AO14,اسماء,38,0),"") | AL17: =IFERROR(VLOOKUP(AO14,اسماء,40,0),"")
A19: التوقيعــــات | B19: رائــد الصف | D19: مديـر المدرسة | H19: ولي الامر | L19: التوقيعــــات | M19: رائــد الصف | O19: مديـر المدرسة | S19: ولي الامر | W19: التوقيعــــات | X19: رائــد الصف | Z19: مديـر المدرسة | AD19: ولي الامر | AH19: التوقيعــــات | AI19: رائــد الصف | AK19: مديـر المدرسة | AO19: ولي الامر
A20: الفترة الاولى | L20: الفترة الاولى | W20: الفترة الاولى | AH20: الفترة الاولى
A21: الفترة الثانية | L21: الفترة الثانية | W21: الفترة الثانية | AH21: الفترة الثانية
A23: بطاقة تقدير الدرجات للصــــف | D23: =ادخال1!$K$4 -> الأول | F23: من التعليم الأساسي | J23: =J1+1 -> 9 | L23: بطاقة تقدير الدرجات للصــــف | O23: =ادخال1!$K$4 -> الأول | Q23: من التعليم الأساسي | U23: =U1+1 -> 14 | W23: بطاقة تقدير الدرجات للصــــف | Z23: =ادخال1!$K$4 -> الأول | AB23: من التعليم الأساسي | AF23: =AF1+1 -> 19 | AH23: بطاقة تقدير الدرجات للصــــف | AK23: =ادخال1!$K$4 -> الأول | AM23: من التعليم الأساسي | AQ23: =AQ1+1 -> 24
A24: المدرسة/ | B24: =ادخال1!$B$5 -> سهول العلم للتعليم الخاص | F24: الاسم | G24: =H36 -> ماسة جمال بشير الرويعي | L24: المدرسة/ | M24: =ادخال1!$B$5 -> سهول العلم للتعليم الخاص | Q24: الاسم | R24: =S36 -> يوسف فرج محمد المغربي | W24: المدرسة/ | X24: =ادخال1!$B$5 -> سهول العلم للتعليم الخاص | AB24: الاسم | AC24: =AD36 -> 0 | AH24: المدرسة/ | AI24: =ادخال1!$B$5 -> سهول العلم للتعليم الخاص | AM24: الاسم | AN24: =AO36 -> 0
A25: الفترات | B25: عدد الحصص | C25: الفترة الأولي 30 % | E25: الفترة الثانية 30 % | H25: ملاحظــات عن نتيجة التلميذ خلال كل فترة : | L25: الفترات | M25: عدد الحصص | N25: الفترة الأولي 30 % | P25: الفترة الثانية 30 % | S25: ملاحظــات عن نتيجة التلميذ خلال كل فترة : | W25: الفترات | X25: عدد الحصص | Y25: الفترة الأولي 30 % | AA25: الفترة الثانية 30 % | AD25: ملاحظــات عن نتيجة التلميذ خلال كل فترة : | AH25: الفترات | AI25: عدد الحصص | AJ25: الفترة الأولي 30 % | AL25: الفترة الثانية 30 % | AO25: ملاحظــات عن نتيجة التلميذ خلال كل فترة :
A26: المواد الدراسية | C26: الدرجة الكبرى | D26: درجة التلميذ | E26: الدرجة الكبرى | F26: درجة التلميذ | H26: الأولي : | I26: =IF(D32=0,"",IF(AND(D27>=C27*0.4,D28>=C28*0.4,D29>=C29*0.4,D30>=C30*0.4,D31>=C31*0.4),LOOKUP(D32,'النتيجة النهائية'!$AA$6:$AB$10),"ضعيف ويحتاج الى اهتمام في المواد")) -> ممتاز | L26: المواد الدراسية | N26: الدرجة الكبرى | O26: درجة التلميذ | P26: الدرجة الكبرى | Q26: درجة التلميذ | S26: الأولي : | T26: =IF(O32=0,"",IF(AND(O27>=N27*0.4,O28>=N28*0.4,O29>=N29*0.4,O30>=N30*0.4,O31>=N31*0.4),LOOKUP(O32,'النتيجة النهائية'!$AA$6:$AB$10),"ضعيف ويحتاج الى اهتمام في المواد")) -> ممتاز | W26: المواد الدراسية | Y26: الدرجة الكبرى | Z26: درجة التلميذ | AA26: الدرجة الكبرى | AB26: درجة التلميذ | AD26: الأولي : | AE26: =IF(Z32=0,"",IF(AND(Z27>=Y27*0.4,Z28>=Y28*0.4,Z29>=Y29*0.4,Z30>=Y30*0.4,Z31>=Y31*0.4),LOOKUP(Z32,'النتيجة النهائية'!$AA$6:$AB$10),"ضعيف ويحتاج الى اهتمام في المواد")) | AH26: المواد الدراسية | AJ26: الدرجة الكبرى | AK26: درجة التلميذ | AL26: الدرجة الكبرى | AM26: درجة التلميذ | AO26: الأولي : | AP26: =IF(AK32=0,"",IF(AND(AK27>=AJ27*0.4,AK28>=AJ28*0.4,AK29>=AJ29*0.4,AK30>=AJ30*0.4,AK31>=AJ31*0.4),LOOKUP(AK32,'النتيجة النهائية'!$AA$6:$AB$10),"ضعيف ويحتاج الى اهتمام في المواد"))
A27: =ادخال1!$F$9 -> التربية الإسلامية | B27: =ادخال1!$F$7 -> 3 | C27: =40*B27*0.3 -> 36 | D27: =IFERROR(VLOOKUP(H36,اسماء,5,0),"") -> 36 | E27: =40*B27*0.3 -> 36 | F27: =IFERROR(VLOOKUP(H36,اسماء,15,0),"") -> 0 | H27: =IF(D27=0,"",IF(D27<C27*0.4,A27,"")) | I27: =IF(D28=0,"",IF(D28<C28*0.4,A28,"")) | J27: =IF(D29=0,"",IF(D29<C29*0.4,A29,"")) | L27: =ادخال1!$F$9 -> التربية الإسلامية | M27: =ادخال1!$F$7 -> 3 | N27: =40*M27*0.3 -> 36 | O27: =IFERROR(VLOOKUP(S36,اسماء,5,0),"") -> 36 | P27: =40*M27*0.3 -> 36 | Q27: =IFERROR(VLOOKUP(S36,اسماء,15,0),"") -> 0 | S27: =IF(O27=0,"",IF(O27<N27*0.4,L27,"")) | T27: =IF(O28=0,"",IF(O28<N28*0.4,L28,"")) | U27: =IF(O29=0,"",IF(O29<N29*0.4,L29,"")) | W27: =ادخال1!$F$9 -> التربية الإسلامية | X27: =ادخال1!$F$7 -> 3 | Y27: =40*X27*0.3 -> 36 | Z27: =IFERROR(VLOOKUP(AD36,اسماء,5,0),"") | AA27: =40*X27*0.3 -> 36 | AB27: =IFERROR(VLOOKUP(AD36,اسماء,15,0),"") | AD27: =IF(Z27=0,"",IF(Z27<Y27*0.4,W27,"")) | AE27: =IF(Z28=0,"",IF(Z28<Y28*0.4,W28,"")) | AF27: =IF(Z29=0,"",IF(Z29<Y29*0.4,W29,"")) | AH27: =ادخال1!$F$9 -> التربية الإسلامية | AI27: =ادخال1!$F$7 -> 3 | AJ27: =40*AI27*0.3 -> 36 | AK27: =IFERROR(VLOOKUP(AO36,اسماء,5,0),"") | AL27: =40*AI27*0.3 -> 36 | AM27: =IFERROR(VLOOKUP(AO36,اسماء,15,0),"") | AO27: =IF(AK27=0,"",IF(AK27<AJ27*0.4,AH27,"")) | AP27: =IF(AK28=0,"",IF(AK28<AJ28*0.4,AH28,"")) | AQ27: =IF(AK29=0,"",IF(AK29<AJ29*0.4,AH29,""))
A28: =ادخال1!$G$9 -> اللغة العربية | B28: =ادخال1!$G$7 -> 6 | C28: =40*B28*0.3 -> 72 | D28: =IFERROR(VLOOKUP(H36,اسماء,6,0),"") -> 69 | E28: =40*B28*0.3 -> 72 | F28: =IFERROR(VLOOKUP(H36,اسماء,16,0),"") -> 0 | H28: =IF(D30=0,"",IF(D30<C30*0.4,A30,"")) | I28: =IF(D31=0,"",IF(D31<C31*0.4,A31,"")) | L28: =ادخال1!$G$9 -> اللغة العربية | M28: =ادخال1!$G$7 -> 6 | N28: =40*M28*0.3 -> 72 | O28: =IFERROR(VLOOKUP(S36,اسماء,6,0),"") -> 70 | P28: =40*M28*0.3 -> 72 | Q28: =IFERROR(VLOOKUP(S36,اسماء,16,0),"") -> 0 | S28: =IF(O30=0,"",IF(O30<N30*0.4,L30,"")) | T28: =IF(O31=0,"",IF(O31<N31*0.4,L31,"")) | W28: =ادخال1!$G$9 -> اللغة العربية | X28: =ادخال1!$G$7 -> 6 | Y28: =40*X28*0.3 -> 72 | Z28: =IFERROR(VLOOKUP(AD36,اسماء,6,0),"") | AA28: =40*X28*0.3 -> 72 | AB28: =IFERROR(VLOOKUP(AD36,اسماء,16,0),"") | AD28: =IF(Z30=0,"",IF(Z30<Y30*0.4,W30,"")) | AE28: =IF(Z31=0,"",IF(Z31<Y31*0.4,W31,"")) | AH28: =ادخال1!$G$9 -> اللغة العربية | AI28: =ادخال1!$G$7 -> 6 | AJ28: =40*AI28*0.3 -> 72 | AK28: =IFERROR(VLOOKUP(AO36,اسماء,6,0),"") | AL28: =40*AI28*0.3 -> 72 | AM28: =IFERROR(VLOOKUP(AO36,اسماء,16,0),"") | AO28: =IF(AK30=0,"",IF(AK30<AJ30*0.4,AH30,"")) | AP28: =IF(AK31=0,"",IF(AK31<AJ31*0.4,AH31,""))
A29: =ادخال1!$H$9 -> اللغة الإنجليزية | B29: =ادخال1!$H$7 -> 3 | C29: =40*B29*0.3 -> 36 | D29: =IFERROR(VLOOKUP(H36,اسماء,7,0),"") -> 33 | E29: =40*B29*0.3 -> 36 | F29: =IFERROR(VLOOKUP(H36,اسماء,17,0),"") -> 0 | H29: الثانية :- | I29: =IF(F32=0,"",IF(AND(F27>=E27*0.4,F28>=E28*0.4,F29>=E29*0.4,F30>=E30*0.4,F31>=E31*0.4),LOOKUP(F32,'النتيجة النهائية'!$AA$6:$AB$10),"ضعيف ويحتاج الى اهتمام في المواد")) | L29: =ادخال1!$H$9 -> اللغة الإنجليزية | M29: =ادخال1!$H$7 -> 3 | N29: =40*M29*0.3 -> 36 | O29: =IFERROR(VLOOKUP(S36,اسماء,7,0),"") -> 35 | P29: =40*M29*0.3 -> 36 | Q29: =IFERROR(VLOOKUP(S36,اسماء,17,0),"") -> 0 | S29: الثانية :- | T29: =IF(Q32=0,"",IF(AND(Q27>=P27*0.4,Q28>=P28*0.4,Q29>=P29*0.4,Q30>=P30*0.4,Q31>=P31*0.4),LOOKUP(Q32,'النتيجة النهائية'!$AA$6:$AB$10),"ضعيف ويحتاج الى اهتمام في المواد")) | W29: =ادخال1!$H$9 -> اللغة الإنجليزية | X29: =ادخال1!$H$7 -> 3 | Y29: =40*X29*0.3 -> 36 | Z29: =IFERROR(VLOOKUP(AD36,اسماء,7,0),"") | AA29: =40*X29*0.3 -> 36 | AB29: =IFERROR(VLOOKUP(AD36,اسماء,17,0),"") | AD29: الثانية :- | AE29: =IF(AB32=0,"",IF(AND(AB27>=AA27*0.4,AB28>=AA28*0.4,AB29>=AA29*0.4,AB30>=AA30*0.4,AB31>=AA31*0.4),LOOKUP(AB32,'النتيجة النهائية'!$AA$6:$AB$10),"ضعيف ويحتاج الى اهتمام في المواد")) | AH29: =ادخال1!$H$9 -> اللغة الإنجليزية | AI29: =ادخال1!$H$7 -> 3 | AJ29: =40*AI29*0.3 -> 36 | AK29: =IFERROR(VLOOKUP(AO36,اسماء,7,0),"") | AL29: =40*AI29*0.3 -> 36 | AM29: =IFERROR(VLOOKUP(AO36,اسماء,17,0),"") | AO29: الثانية :- | AP29: =IF(AM32=0,"",IF(AND(AM27>=AL27*0.4,AM28>=AL28*0.4,AM29>=AL29*0.4,AM30>=AL30*0.4,AM31>=AL31*0.4),LOOKUP(AM32,'النتيجة النهائية'!$AA$6:$AB$10),"ضعيف ويحتاج الى اهتمام في المواد"))
A30: =ادخال1!$I$9 -> الحاسوب | B30: =ادخال1!$I$7 -> 1 | C30: =40*B30*0.3 -> 12 | D30: =IFERROR(VLOOKUP(H36,اسماء,8,0),"") -> 12 | E30: =40*B30*0.3 -> 12 | F30: =IFERROR(VLOOKUP(H36,اسماء,18,0),"") -> 0 | H30: =IF(F27=0,"",IF(F27<E27*0.4,A27,"")) | I30: =IF(F28=0,"",IF(F28<E28*0.4,A28,"")) | J30: =IF(F29=0,"",IF(F29<E29*0.4,A29,"")) | L30: =ادخال1!$I$9 -> الحاسوب | M30: =ادخال1!$I$7 -> 1 | N30: =40*M30*0.3 -> 12 | O30: =IFERROR(VLOOKUP(S36,اسماء,8,0),"") -> 12 | P30: =40*M30*0.3 -> 12 | Q30: =IFERROR(VLOOKUP(S36,اسماء,18,0),"") -> 0 | S30: =IF(Q27=0,"",IF(Q27<P27*0.4,L27,"")) | T30: =IF(Q28=0,"",IF(Q28<P28*0.4,L28,"")) | U30: =IF(Q29=0,"",IF(Q29<P29*0.4,L29,"")) | W30: =ادخال1!$I$9 -> الحاسوب | X30: =ادخال1!$I$7 -> 1 | Y30: =40*X30*0.3 -> 12 | Z30: =IFERROR(VLOOKUP(AD36,اسماء,8,0),"") | AA30: =40*X30*0.3 -> 12 | AB30: =IFERROR(VLOOKUP(AD36,اسماء,18,0),"") | AD30: =IF(AB27=0,"",IF(AB27<AA27*0.4,W27,"")) | AE30: =IF(AB28=0,"",IF(AB28<AA28*0.4,W28,"")) | AF30: =IF(AB29=0,"",IF(AB29<AA29*0.4,W29,"")) | AH30: =ادخال1!$I$9 -> الحاسوب | AI30: =ادخال1!$I$7 -> 1 | AJ30: =40*AI30*0.3 -> 12 | AK30: =IFERROR(VLOOKUP(AO36,اسماء,8,0),"") | AL30: =40*AI30*0.3 -> 12 | AM30: =IFERROR(VLOOKUP(AO36,اسماء,18,0),"") | AO30: =IF(AM27=0,"",IF(AM27<AL27*0.4,AH27,"")) | AP30: =IF(AM28=0,"",IF(AM28<AL28*0.4,AH28,"")) | AQ30: =IF(AM29=0,"",IF(AM29<AL29*0.4,AH29,""))
A31: =ادخال1!$J$9 -> الرياضيات | B31: =ادخال1!$J$7 -> 5 | C31: =40*B31*0.3 -> 60 | D31: =IFERROR(VLOOKUP(H36,اسماء,9,0),"") -> 59 | E31: =40*B31*0.3 -> 60 | F31: =IFERROR(VLOOKUP(H36,اسماء,19,0),"") -> 0 | H31: =IF(F30=0,"",IF(F30<E30*0.4,A30,"")) | I31: =IF(F31=0,"",IF(F31<E31*0.4,A31,"")) | L31: =ادخال1!$J$9 -> الرياضيات | M31: =ادخال1!$J$7 -> 5 | N31: =40*M31*0.3 -> 60 | O31: =IFERROR(VLOOKUP(S36,اسماء,9,0),"") -> 59 | P31: =40*M31*0.3 -> 60 | Q31: =IFERROR(VLOOKUP(S36,اسماء,19,0),"") -> 0 | S31: =IF(Q30=0,"",IF(Q30<P30*0.4,L30,"")) | T31: =IF(Q31=0,"",IF(Q31<P31*0.4,L31,"")) | W31: =ادخال1!$J$9 -> الرياضيات | X31: =ادخال1!$J$7 -> 5 | Y31: =40*X31*0.3 -> 60 | Z31: =IFERROR(VLOOKUP(AD36,اسماء,9,0),"") | AA31: =40*X31*0.3 -> 60 | AB31: =IFERROR(VLOOKUP(AD36,اسماء,19,0),"") | AD31: =IF(AB30=0,"",IF(AB30<AA30*0.4,W30,"")) | AE31: =IF(AB31=0,"",IF(AB31<AA31*0.4,W31,"")) | AH31: =ادخال1!$J$9 -> الرياضيات | AI31: =ادخال1!$J$7 -> 5 | AJ31: =40*AI31*0.3 -> 60 | AK31: =IFERROR(VLOOKUP(AO36,اسماء,9,0),"") | AL31: =40*AI31*0.3 -> 60 | AM31: =IFERROR(VLOOKUP(AO36,اسماء,19,0),"") | AO31: =IF(AM30=0,"",IF(AM30<AL30*0.4,AH30,"")) | AP31: =IF(AM31=0,"",IF(AM31<AL31*0.4,AH31,""))
A32: المجموع العـام | C32: =SUM(C27:C31) -> 216 | D32: =SUM(D27:D31) -> 209 | E32: =SUM(E27:E31) -> 216 | F32: =SUM(F27:F31) -> 0 | H32: مدير المدرسة/ | I32: =ادخال1!$BG$5 -> د. عبدالرحمن خليفة العريبي | L32: المجموع العـام | N32: =SUM(N27:N31) -> 216 | O32: =SUM(O27:O31) -> 212 | P32: =SUM(P27:P31) -> 216 | Q32: =SUM(Q27:Q31) -> 0 | S32: مدير المدرسة/ | T32: =ادخال1!$BG$5 -> د. عبدالرحمن خليفة العريبي | W32: المجموع العـام | Y32: =SUM(Y27:Y31) -> 216 | Z32: =SUM(Z27:Z31) -> 0 | AA32: =SUM(AA27:AA31) -> 216 | AB32: =SUM(AB27:AB31) -> 0 | AD32: مدير المدرسة/ | AE32: =ادخال1!$BG$5 -> د. عبدالرحمن خليفة العريبي | AH32: المجموع العـام | AJ32: =SUM(AJ27:AJ31) -> 216 | AK32: =SUM(AK27:AK31) -> 0 | AL32: =SUM(AL27:AL31) -> 216 | AM32: =SUM(AM27:AM31) -> 0 | AO32: مدير المدرسة/ | AP32: =ادخال1!$BG$5 -> د. عبدالرحمن خليفة العريبي
A33: =ادخال1!$L$8 -> التربية الفنية | B33: =ادخال1!$L$7 -> 1 | C33: =IFERROR(VLOOKUP(H36,اسماء,11,0),"") -> جيد جداَ | E33: =IFERROR(VLOOKUP(H36,اسماء,21,0),"") -> 0 | H33: التاريخ | I33: =TODAY() -> 46008 | L33: =ادخال1!$L$8 -> التربية الفنية | M33: =ادخال1!$L$7 -> 1 | N33: =IFERROR(VLOOKUP(S36,اسماء,11,0),"") -> جيد جداَ | P33: =IFERROR(VLOOKUP(S36,اسماء,21,0),"") -> 0 | S33: التاريخ | T33: =TODAY() -> 46008 | W33: =ادخال1!$L$8 -> التربية الفنية | X33: =ادخال1!$L$7 -> 1 | Y33: =IFERROR(VLOOKUP(AD36,اسماء,11,0),"") | AA33: =IFERROR(VLOOKUP(AD36,اسماء,21,0),"") | AD33: التاريخ | AE33: =TODAY() -> 46008 | AH33: =ادخال1!$L$8 -> التربية الفنية | AI33: =ادخال1!$L$7 -> 1 | AJ33: =IFERROR(VLOOKUP(AO36,اسماء,11,0),"") | AL33: =IFERROR(VLOOKUP(AO36,اسماء,21,0),"") | AO33: التاريخ | AP33: =TODAY() -> 46008
A34: =ادخال1!$M$8 -> التربية البدنية | B34: =ادخال1!$M$7 -> 2 | C34: =IFERROR(VLOOKUP(H36,اسماء,12,0),"") -> جيد جداَ | E34: =IFERROR(VLOOKUP(H36,اسماء,22,0),"") -> 0 | L34: =ادخال1!$M$8 -> التربية البدنية | M34: =ادخال1!$M$7 -> 2 | N34: =IFERROR(VLOOKUP(S36,اسماء,12,0),"") -> جيد جداَ | P34: =IFERROR(VLOOKUP(S36,اسماء,22,0),"") -> 0 | W34: =ادخال1!$M$8 -> التربية البدنية | X34: =ادخال1!$M$7 -> 2 | Y34: =IFERROR(VLOOKUP(AD36,اسماء,12,0),"") | AA34: =IFERROR(VLOOKUP(AD36,اسماء,22,0),"") | AH34: =ادخال1!$M$8 -> التربية البدنية | AI34: =ادخال1!$M$7 -> 2 | AJ34: =IFERROR(VLOOKUP(AO36,اسماء,12,0),"") | AL34: =IFERROR(VLOOKUP(AO36,اسماء,22,0),"")
A35: =ادخال1!$N$8 -> مكتبة | B35: =ادخال1!$N$7 -> 1 | C35: =IFERROR(VLOOKUP(H36,اسماء,13,0),"") -> 0 | E35: =IFERROR(VLOOKUP(H36,اسماء,23,0),"") -> 0 | L35: =ادخال1!$N$8 -> مكتبة | M35: =ادخال1!$N$7 -> 1 | N35: =IFERROR(VLOOKUP(S36,اسماء,13,0),"") -> 0 | P35: =IFERROR(VLOOKUP(S36,اسماء,23,0),"") -> 0 | W35: =ادخال1!$N$8 -> مكتبة | X35: =ادخال1!$N$7 -> 1 | Y35: =IFERROR(VLOOKUP(AD36,اسماء,13,0),"") | AA35: =IFERROR(VLOOKUP(AD36,اسماء,23,0),"") | AH35: =ادخال1!$N$8 -> مكتبة | AI35: =ادخال1!$N$7 -> 1 | AJ35: =IFERROR(VLOOKUP(AO36,اسماء,13,0),"") | AL35: =IFERROR(VLOOKUP(AO36,اسماء,23,0),"")
A36: الرقم الوطني | B36: =IFERROR(VLOOKUP(H36,اسماء,62,0),"") -> 202464091022 | C36: =IFERROR(VLOOKUP(G41,اسماء,8,0),"") | D36: =IFERROR(VLOOKUP(H41,اسماء,8,0),"") | E36: =IFERROR(VLOOKUP(I41,اسماء,8,0),"") | H36: =INDEX(عمود2,MATCH(J23,عمود1)) -> ماسة جمال بشير الرويعي | L36: الرقم الوطني | M36: =IFERROR(VLOOKUP(S36,اسماء,62,0),"") -> 654632191021 | N36: =IFERROR(VLOOKUP(R41,اسماء,8,0),"") | O36: =IFERROR(VLOOKUP(S41,اسماء,8,0),"") | P36: =IFERROR(VLOOKUP(T41,اسماء,8,0),"") | S36: =INDEX(عمود2,MATCH(U23,عمود1)) -> يوسف فرج محمد المغربي | W36: الرقم الوطني | X36: =IFERROR(VLOOKUP(AD36,اسماء,62,0),"") | Y36: =IFERROR(VLOOKUP(AC41,اسماء,8,0),"") | Z36: =IFERROR(VLOOKUP(AD41,اسماء,8,0),"") | AA36: =IFERROR(VLOOKUP(AE41,اسماء,8,0),"") | AD36: =INDEX(عمود2,MATCH(AF23,عمود1)) -> 0 | AH36: الرقم الوطني | AI36: =IFERROR(VLOOKUP(AO36,اسماء,62,0),"") | AJ36: =IFERROR(VLOOKUP(AN41,اسماء,8,0),"") | AK36: =IFERROR(VLOOKUP(AO41,اسماء,8,0),"") | AL36: =IFERROR(VLOOKUP(AP41,اسماء,8,0),"") | AO36: =INDEX(عمود2,MATCH(AQ23,عمود1)) -> 0
A37: الســــــلوك | C37: =IFERROR(VLOOKUP(H36,اسماء,34,0),"") -> 0 | E37: =IFERROR(VLOOKUP(H36,اسماء,35,0),"") -> 0 | H37: كل كشط أو تغيير في هذه البطاقة يلغيها. | L37: الســــــلوك | N37: =IFERROR(VLOOKUP(S36,اسماء,34,0),"") -> 0 | P37: =IFERROR(VLOOKUP(S36,اسماء,35,0),"") -> 0 | S37: كل كشط أو تغيير في هذه البطاقة يلغيها. | W37: الســــــلوك | Y37: =IFERROR(VLOOKUP(AD36,اسماء,34,0),"") | AA37: =IFERROR(VLOOKUP(AD36,اسماء,35,0),"") | AD37: كل كشط أو تغيير في هذه البطاقة يلغيها. | AH37: الســــــلوك | AJ37: =IFERROR(VLOOKUP(AO36,اسماء,34,0),"") | AL37: =IFERROR(VLOOKUP(AO36,اسماء,35,0),"") | AO37: كل كشط أو تغيير في هذه البطاقة يلغيها.
A38: غياب مشروع | C38: =IFERROR(VLOOKUP(H36,اسماء,37,0),"") -> 0 | E38: =IFERROR(VLOOKUP(H36,اسماء,39,0),"") -> 0 | L38: غياب مشروع | N38: =IFERROR(VLOOKUP(S36,اسماء,37,0),"") -> 0 | P38: =IFERROR(VLOOKUP(S36,اسماء,39,0),"") -> 0 | W38: غياب مشروع | Y38: =IFERROR(VLOOKUP(AD36,اسماء,37,0),"") | AA38: =IFERROR(VLOOKUP(AD36,اسماء,39,0),"") | AH38: غياب مشروع | AJ38: =IFERROR(VLOOKUP(AO36,اسماء,37,0),"") | AL38: =IFERROR(VLOOKUP(AO36,اسماء,39,0),"")
A39: غياب غير مشروع | C39: =IFERROR(VLOOKUP(H36,اسماء,38,0),"") -> 0 | E39: =IFERROR(VLOOKUP(H36,اسماء,40,0),"") -> 0 | L39: غياب غير مشروع | N39: =IFERROR(VLOOKUP(S36,اسماء,38,0),"") -> 0 | P39: =IFERROR(VLOOKUP(S36,اسماء,40,0),"") -> 0 | W39: غياب غير مشروع | Y39: =IFERROR(VLOOKUP(AD36,اسماء,38,0),"") | AA39: =IFERROR(VLOOKUP(AD36,اسماء,40,0),"") | AH39: غياب غير مشروع | AJ39: =IFERROR(VLOOKUP(AO36,اسماء,38,0),"") | AL39: =IFERROR(VLOOKUP(AO36,اسماء,40,0),"")
A40: التوقيعــــات | B40: رائــد الصف | D40: مديـر المدرسة | H40: ولي الامر | L40: التوقيعــــات | M40: رائــد الصف | O40: مديـر المدرسة | S40: ولي الامر | W40: التوقيعــــات | X40: رائــد الصف | Z40: مديـر المدرسة | AD40: ولي الامر | AH40: التوقيعــــات | AI40: رائــد الصف | AK40: مديـر المدرسة | AO40: ولي الامر
A41: الفترة الاولى | L41: الفترة الاولى | W41: الفترة الاولى | AH41: الفترة الاولى
A42: الفترة الثانية | L42: الفترة الثانية | W42: الفترة الثانية | AH42: الفترة الثانية
A44: بطاقة تقدير الدرجات للصــــف | D44: =ادخال1!$K$4 -> الأول | F44: من التعليم الأساسي | J44: =J23+1 -> 10 | L44: بطاقة تقدير الدرجات للصــــف | O44: =ادخال1!$K$4 -> الأول | Q44: من التعليم الأساسي | U44: =U23+1 -> 15 | W44: بطاقة تقدير الدرجات للصــــف | Z44: =ادخال1!$K$4 -> الأول | AB44: من التعليم الأساسي | AF44: =AF23+1 -> 20 | AH44: بطاقة تقدير الدرجات للصــــف | AK44: =ادخال1!$K$4 -> الأول | AM44: من التعليم الأساسي | AQ44: =AQ23+1 -> 25
A45: المدرسة/ | B45: =ادخال1!$B$5 -> سهول العلم للتعليم الخاص | F45: الاسم | G45: =H57 -> محمد وليد مصطفى الورشفاني | L45: المدرسة/ | M45: =ادخال1!$B$5 -> سهول العلم للتعليم الخاص | Q45: الاسم | R45: =S57 -> ميسم سالم محمد بن مصير | W45: المدرسة/ | X45: =ادخال1!$B$5 -> سهول العلم للتعليم الخاص | AB45: الاسم | AC45: =AD57 -> 0 | AH45: المدرسة/ | AI45: =ادخال1!$B$5 -> سهول العلم للتعليم الخاص | AM45: الاسم | AN45: =AO57 -> 0
A46: الفترات | B46: عدد الحصص | C46: الفترة الأولي 30 % | E46: الفترة الثانية 30 % | H46: ملاحظــات عن نتيجة التلميذ خلال كل فترة : | L46: الفترات | M46: عدد الحصص | N46: الفترة الأولي 30 % | P46: الفترة الثانية 30 % | S46: ملاحظــات عن نتيجة التلميذ خلال كل فترة : | W46: الفترات | X46: عدد الحصص | Y46: الفترة الأولي 30 % | AA46: الفترة الثانية 30 % | AD46: ملاحظــات عن نتيجة التلميذ خلال كل فترة : | AH46: الفترات | AI46: عدد الحصص | AJ46: الفترة الأولي 30 % | AL46: الفترة الثانية 30 % | AO46: ملاحظــات عن نتيجة التلميذ خلال كل فترة :
A47: المواد الدراسية | C47: الدرجة الكبرى | D47: درجة التلميذ | E47: الدرجة الكبرى | F47: درجة التلميذ | H47: الأولي : | I47: =IF(D53=0,"",IF(AND(D48>=C48*0.4,D49>=C49*0.4,D50>=C50*0.4,D51>=C51*0.4,D52>=C52*0.4),LOOKUP(D53,'النتيجة النهائية'!$AA$6:$AB$10),"ضعيف ويحتاج الى اهتمام في المواد")) -> جيد | L47: المواد الدراسية | N47: الدرجة الكبرى | O47: درجة التلميذ | P47: الدرجة الكبرى | Q47: درجة التلميذ | S47: الأولي : | T47: =IF(O53=0,"",IF(AND(O48>=N48*0.4,O49>=N49*0.4,O50>=N50*0.4,O51>=N51*0.4,O52>=N52*0.4),LOOKUP(O53,'النتيجة النهائية'!$AA$6:$AB$10),"ضعيف ويحتاج الى اهتمام في المواد")) -> ممتاز | W47: المواد الدراسية | Y47: الدرجة الكبرى | Z47: درجة التلميذ | AA47: الدرجة الكبرى | AB47: درجة التلميذ | AD47: الأولي : | AE47: =IF(Z53=0,"",IF(AND(Z48>=Y48*0.4,Z49>=Y49*0.4,Z50>=Y50*0.4,Z51>=Y51*0.4,Z52>=Y52*0.4),LOOKUP(Z53,'النتيجة النهائية'!$AA$6:$AB$10),"ضعيف ويحتاج الى اهتمام في المواد")) | AH47: المواد الدراسية | AJ47: الدرجة الكبرى | AK47: درجة التلميذ | AL47: الدرجة الكبرى | AM47: درجة التلميذ | AO47: الأولي : | AP47: =IF(AK53=0,"",IF(AND(AK48>=AJ48*0.4,AK49>=AJ49*0.4,AK50>=AJ50*0.4,AK51>=AJ51*0.4,AK52>=AJ52*0.4),LOOKUP(AK53,'النتيجة النهائية'!$AA$6:$AB$10),"ضعيف ويحتاج الى اهتمام في المواد"))
A48: =ادخال1!$F$9 -> التربية الإسلامية | B48: =ادخال1!$F$7 -> 3 | C48: =40*B48*0.3 -> 36 | D48: =IFERROR(VLOOKUP(H57,اسماء,5,0),"") -> 29 | E48: =40*B48*0.3 -> 36 | F48: =IFERROR(VLOOKUP(H57,اسماء,15,0),"") -> 0 | H48: =IF(D48=0,"",IF(D48<C48*0.4,A48,"")) | I48: =IF(D49=0,"",IF(D49<C49*0.4,A49,"")) | J48: =IF(D50=0,"",IF(D50<C50*0.4,A50,"")) | L48: =ادخال1!$F$9 -> التربية الإسلامية | M48: =ادخال1!$F$7 -> 3 | N48: =40*M48*0.3 -> 36 | O48: =IFERROR(VLOOKUP(S57,اسماء,5,0),"") -> 36 | P48: =40*M48*0.3 -> 36 | Q48: =IFERROR(VLOOKUP(S57,اسماء,15,0),"") -> 0 | S48: =IF(O48=0,"",IF(O48<N48*0.4,L48,"")) | T48: =IF(O49=0,"",IF(O49<N49*0.4,L49,"")) | U48: =IF(O50=0,"",IF(O50<N50*0.4,L50,"")) | W48: =ادخال1!$F$9 -> التربية الإسلامية | X48: =ادخال1!$F$7 -> 3 | Y48: =40*X48*0.3 -> 36 | Z48: =IFERROR(VLOOKUP(AD57,اسماء,5,0),"") | AA48: =40*X48*0.3 -> 36 | AB48: =IFERROR(VLOOKUP(AD57,اسماء,15,0),"") | AD48: =IF(Z48=0,"",IF(Z48<Y48*0.4,W48,"")) | AE48: =IF(Z49=0,"",IF(Z49<Y49*0.4,W49,"")) | AF48: =IF(Z50=0,"",IF(Z50<Y50*0.4,W50,"")) | AH48: =ادخال1!$F$9 -> التربية الإسلامية | AI48: =ادخال1!$F$7 -> 3 | AJ48: =40*AI48*0.3 -> 36 | AK48: =IFERROR(VLOOKUP(AO57,اسماء,5,0),"") | AL48: =40*AI48*0.3 -> 36 | AM48: =IFERROR(VLOOKUP(AO57,اسماء,15,0),"") | AO48: =IF(AK48=0,"",IF(AK48<AJ48*0.4,AH48,"")) | AP48: =IF(AK49=0,"",IF(AK49<AJ49*0.4,AH49,"")) | AQ48: =IF(AK50=0,"",IF(AK50<AJ50*0.4,AH50,""))
A49: =ادخال1!$G$9 -> اللغة العربية | B49: =ادخال1!$G$7 -> 6 | C49: =40*B49*0.3 -> 72 | D49: =IFERROR(VLOOKUP(H57,اسماء,6,0),"") -> 55 | E49: =40*B49*0.3 -> 72 | F49: =IFERROR(VLOOKUP(H57,اسماء,16,0),"") -> 0 | H49: =IF(D51=0,"",IF(D51<C51*0.4,A51,"")) | I49: =IF(D52=0,"",IF(D52<C52*0.4,A52,"")) | L49: =ادخال1!$G$9 -> اللغة العربية | M49: =ادخال1!$G$7 -> 6 | N49: =40*M49*0.3 -> 72 | O49: =IFERROR(VLOOKUP(S57,اسماء,6,0),"") -> 70 | P49: =40*M49*0.3 -> 72 | Q49: =IFERROR(VLOOKUP(S57,اسماء,16,0),"") -> 0 | S49: =IF(O51=0,"",IF(O51<N51*0.4,L51,"")) | T49: =IF(O52=0,"",IF(O52<N52*0.4,L52,"")) | W49: =ادخال1!$G$9 -> اللغة العربية | X49: =ادخال1!$G$7 -> 6 | Y49: =40*X49*0.3 -> 72 | Z49: =IFERROR(VLOOKUP(AD57,اسماء,6,0),"") | AA49: =40*X49*0.3 -> 72 | AB49: =IFERROR(VLOOKUP(AD57,اسماء,16,0),"") | AD49: =IF(Z51=0,"",IF(Z51<Y51*0.4,W51,"")) | AE49: =IF(Z52=0,"",IF(Z52<Y52*0.4,W52,"")) | AH49: =ادخال1!$G$9 -> اللغة العربية | AI49: =ادخال1!$G$7 -> 6 | AJ49: =40*AI49*0.3 -> 72 | AK49: =IFERROR(VLOOKUP(AO57,اسماء,6,0),"") | AL49: =40*AI49*0.3 -> 72 | AM49: =IFERROR(VLOOKUP(AO57,اسماء,16,0),"") | AO49: =IF(AK51=0,"",IF(AK51<AJ51*0.4,AH51,"")) | AP49: =IF(AK52=0,"",IF(AK52<AJ52*0.4,AH52,""))
A50: =ادخال1!$H$9 -> اللغة الإنجليزية | B50: =ادخال1!$H$7 -> 3 | C50: =40*B50*0.3 -> 36 | D50: =IFERROR(VLOOKUP(H57,اسماء,7,0),"") -> 29 | E50: =40*B50*0.3 -> 36 | F50: =IFERROR(VLOOKUP(H57,اسماء,17,0),"") -> 0 | H50: الثانية :- | I50: =IF(F53=0,"",IF(AND(F48>=E48*0.4,F49>=E49*0.4,F50>=E50*0.4,F51>=E51*0.4,F52>=E52*0.4),LOOKUP(F53,'النتيجة النهائية'!$AA$6:$AB$10),"ضعيف ويحتاج الى اهتمام في المواد")) | L50: =ادخال1!$H$9 -> اللغة الإنجليزية | M50: =ادخال1!$H$7 -> 3 | N50: =40*M50*0.3 -> 36 | O50: =IFERROR(VLOOKUP(S57,اسماء,7,0),"") -> 35 | P50: =40*M50*0.3 -> 36 | Q50: =IFERROR(VLOOKUP(S57,اسماء,17,0),"") -> 0 | S50: الثانية :- | T50: =IF(Q53=0,"",IF(AND(Q48>=P48*0.4,Q49>=P49*0.4,Q50>=P50*0.4,Q51>=P51*0.4,Q52>=P52*0.4),LOOKUP(Q53,'النتيجة النهائية'!$AA$6:$AB$10),"ضعيف ويحتاج الى اهتمام في المواد")) | W50: =ادخال1!$H$9 -> اللغة الإنجليزية | X50: =ادخال1!$H$7 -> 3 | Y50: =40*X50*0.3 -> 36 | Z50: =IFERROR(VLOOKUP(AD57,اسماء,7,0),"") | AA50: =40*X50*0.3 -> 36 | AB50: =IFERROR(VLOOKUP(AD57,اسماء,17,0),"") | AD50: الثانية :- | AE50: =IF(AB53=0,"",IF(AND(AB48>=AA48*0.4,AB49>=AA49*0.4,AB50>=AA50*0.4,AB51>=AA51*0.4,AB52>=AA52*0.4),LOOKUP(AB53,'النتيجة النهائية'!$AA$6:$AB$10),"ضعيف ويحتاج الى اهتمام في المواد")) | AH50: =ادخال1!$H$9 -> اللغة الإنجليزية | AI50: =ادخال1!$H$7 -> 3 | AJ50: =40*AI50*0.3 -> 36 | AK50: =IFERROR(VLOOKUP(AO57,اسماء,7,0),"") | AL50: =40*AI50*0.3 -> 36 | AM50: =IFERROR(VLOOKUP(AO57,اسماء,17,0),"") | AO50: الثانية :- | AP50: =IF(AM53=0,"",IF(AND(AM48>=AL48*0.4,AM49>=AL49*0.4,AM50>=AL50*0.4,AM51>=AL51*0.4,AM52>=AL52*0.4),LOOKUP(AM53,'النتيجة النهائية'!$AA$6:$AB$10),"ضعيف ويحتاج الى اهتمام في المواد"))
A51: =ادخال1!$I$9 -> الحاسوب | B51: =ادخال1!$I$7 -> 1 | C51: =40*B51*0.3 -> 12 | D51: =IFERROR(VLOOKUP(H57,اسماء,8,0),"") -> 12 | E51: =40*B51*0.3 -> 12 | F51: =IFERROR(VLOOKUP(H57,اسماء,18,0),"") -> 0 | H51: =IF(F48=0,"",IF(F48<E48*0.4,A48,"")) | I51: =IF(F49=0,"",IF(F49<E49*0.4,A49,"")) | J51: =IF(F50=0,"",IF(F50<E50*0.4,A50,"")) | L51: =ادخال1!$I$9 -> الحاسوب | M51: =ادخال1!$I$7 -> 1 | N51: =40*M51*0.3 -> 12 | O51: =IFERROR(VLOOKUP(S57,اسماء,8,0),"") -> 12 | P51: =40*M51*0.3 -> 12 | Q51: =IFERROR(VLOOKUP(S57,اسماء,18,0),"") -> 0 | S51: =IF(Q48=0,"",IF(Q48<P48*0.4,L48,"")) | T51: =IF(Q49=0,"",IF(Q49<P49*0.4,L49,"")) | U51: =IF(Q50=0,"",IF(Q50<P50*0.4,L50,"")) | W51: =ادخال1!$I$9 -> الحاسوب | X51: =ادخال1!$I$7 -> 1 | Y51: =40*X51*0.3 -> 12 | Z51: =IFERROR(VLOOKUP(AD57,اسماء,8,0),"") | AA51: =40*X51*0.3 -> 12 | AB51: =IFERROR(VLOOKUP(AD57,اسماء,18,0),"") | AD51: =IF(AB48=0,"",IF(AB48<AA48*0.4,W48,"")) | AE51: =IF(AB49=0,"",IF(AB49<AA49*0.4,W49,"")) | AF51: =IF(AB50=0,"",IF(AB50<AA50*0.4,W50,"")) | AH51: =ادخال1!$I$9 -> الحاسوب | AI51: =ادخال1!$I$7 -> 1 | AJ51: =40*AI51*0.3 -> 12 | AK51: =IFERROR(VLOOKUP(AO57,اسماء,8,0),"") | AL51: =40*AI51*0.3 -> 12 | AM51: =IFERROR(VLOOKUP(AO57,اسماء,18,0),"") | AO51: =IF(AM48=0,"",IF(AM48<AL48*0.4,AH48,"")) | AP51: =IF(AM49=0,"",IF(AM49<AL49*0.4,AH49,"")) | AQ51: =IF(AM50=0,"",IF(AM50<AL50*0.4,AH50,""))
A52: =ادخال1!$J$9 -> الرياضيات | B52: =ادخال1!$J$7 -> 5 | C52: =40*B52*0.3 -> 60 | D52: =IFERROR(VLOOKUP(H57,اسماء,9,0),"") -> 28 | E52: =40*B52*0.3 -> 60 | F52: =IFERROR(VLOOKUP(H57,اسماء,19,0),"") -> 0 | H52: =IF(F51=0,"",IF(F51<E51*0.4,A51,"")) | I52: =IF(F52=0,"",IF(F52<E52*0.4,A52,"")) | L52: =ادخال1!$J$9 -> الرياضيات | M52: =ادخال1!$J$7 -> 5 | N52: =40*M52*0.3 -> 60 | O52: =IFERROR(VLOOKUP(S57,اسماء,9,0),"") -> 59 | P52: =40*M52*0.3 -> 60 | Q52: =IFERROR(VLOOKUP(S57,اسماء,19,0),"") -> 0 | S52: =IF(Q51=0,"",IF(Q51<P51*0.4,L51,"")) | T52: =IF(Q52=0,"",IF(Q52<P52*0.4,L52,"")) | W52: =ادخال1!$J$9 -> الرياضيات | X52: =ادخال1!$J$7 -> 5 | Y52: =40*X52*0.3 -> 60 | Z52: =IFERROR(VLOOKUP(AD57,اسماء,9,0),"") | AA52: =40*X52*0.3 -> 60 | AB52: =IFERROR(VLOOKUP(AD57,اسماء,19,0),"") | AD52: =IF(AB51=0,"",IF(AB51<AA51*0.4,W51,"")) | AE52: =IF(AB52=0,"",IF(AB52<AA52*0.4,W52,"")) | AH52: =ادخال1!$J$9 -> الرياضيات | AI52: =ادخال1!$J$7 -> 5 | AJ52: =40*AI52*0.3 -> 60 | AK52: =IFERROR(VLOOKUP(AO57,اسماء,9,0),"") | AL52: =40*AI52*0.3 -> 60 | AM52: =IFERROR(VLOOKUP(AO57,اسماء,19,0),"") | AO52: =IF(AM51=0,"",IF(AM51<AL51*0.4,AH51,"")) | AP52: =IF(AM52=0,"",IF(AM52<AL52*0.4,AH52,""))
A53: المجموع العـام | C53: =SUM(C48:C52) -> 216 | D53: =SUM(D48:D52) -> 153 | E53: =SUM(E48:E52) -> 216 | F53: =SUM(F48:F52) -> 0 | H53: مدير المدرسة/ | I53: =ادخال1!$BG$5 -> د. عبدالرحمن خليفة العريبي | L53: المجموع العـام | N53: =SUM(N48:N52) -> 216 | O53: =SUM(O48:O52) -> 212 | P53: =SUM(P48:P52) -> 216 | Q53: =SUM(Q48:Q52) -> 0 | S53: مدير المدرسة/ | T53: =ادخال1!$BG$5 -> د. عبدالرحمن خليفة العريبي | W53: المجموع العـام | Y53: =SUM(Y48:Y52) -> 216 | Z53: =SUM(Z48:Z52) -> 0 | AA53: =SUM(AA48:AA52) -> 216 | AB53: =SUM(AB48:AB52) -> 0 | AD53: مدير المدرسة/ | AE53: =ادخال1!$BG$5 -> د. عبدالرحمن خليفة العريبي | AH53: المجموع العـام | AJ53: =SUM(AJ48:AJ52) -> 216 | AK53: =SUM(AK48:AK52) -> 0 | AL53: =SUM(AL48:AL52) -> 216 | AM53: =SUM(AM48:AM52) -> 0 | AO53: مدير المدرسة/ | AP53: =ادخال1!$BG$5 -> د. عبدالرحمن خليفة العريبي
A54: =ادخال1!$L$8 -> التربية الفنية | B54: =ادخال1!$L$7 -> 1 | C54: =IFERROR(VLOOKUP(H57,اسماء,11,0),"") -> جيد جداَ | E54: =IFERROR(VLOOKUP(H57,اسماء,21,0),"") -> 0 | H54: التاريخ | I54: =TODAY() -> 46008 | L54: =ادخال1!$L$8 -> التربية الفنية | M54: =ادخال1!$L$7 -> 1 | N54: =IFERROR(VLOOKUP(S57,اسماء,11,0),"") -> جيد جداَ | P54: =IFERROR(VLOOKUP(S57,اسماء,21,0),"") -> 0 | S54: التاريخ | T54: =TODAY() -> 46008 | W54: =ادخال1!$L$8 -> التربية الفنية | X54: =ادخال1!$L$7 -> 1 | Y54: =IFERROR(VLOOKUP(AD57,اسماء,11,0),"") | AA54: =IFERROR(VLOOKUP(AD57,اسماء,21,0),"") | AD54: التاريخ | AE54: =TODAY() -> 46008 | AH54: =ادخال1!$L$8 -> التربية الفنية | AI54: =ادخال1!$L$7 -> 1 | AJ54: =IFERROR(VLOOKUP(AO57,اسماء,11,0),"") | AL54: =IFERROR(VLOOKUP(AO57,اسماء,21,0),"") | AO54: التاريخ | AP54: =TODAY() -> 46008
A55: =ادخال1!$M$8 -> التربية البدنية | B55: =ادخال1!$M$7 -> 2 | C55: =IFERROR(VLOOKUP(H57,اسماء,12,0),"") -> جيد جداَ | E55: =IFERROR(VLOOKUP(H57,اسماء,22,0),"") -> 0 | L55: =ادخال1!$M$8 -> التربية البدنية | M55: =ادخال1!$M$7 -> 2 | N55: =IFERROR(VLOOKUP(S57,اسماء,12,0),"") -> جيد جداَ | P55: =IFERROR(VLOOKUP(S57,اسماء,22,0),"") -> 0 | W55: =ادخال1!$M$8 -> التربية البدنية | X55: =ادخال1!$M$7 -> 2 | Y55: =IFERROR(VLOOKUP(AD57,اسماء,12,0),"") | AA55: =IFERROR(VLOOKUP(AD57,اسماء,22,0),"") | AH55: =ادخال1!$M$8 -> التربية البدنية | AI55: =ادخال1!$M$7 -> 2 | AJ55: =IFERROR(VLOOKUP(AO57,اسماء,12,0),"") | AL55: =IFERROR(VLOOKUP(AO57,اسماء,22,0),"")
A56: =ادخال1!$N$8 -> مكتبة | B56: =ادخال1!$N$7 -> 1 | C56: =IFERROR(VLOOKUP(H57,اسماء,13,0),"") -> 0 | E56: =IFERROR(VLOOKUP(H57,اسماء,23,0),"") -> 0 | L56: =ادخال1!$N$8 -> مكتبة | M56: =ادخال1!$N$7 -> 1 | N56: =IFERROR(VLOOKUP(S57,اسماء,13,0),"") -> 0 | P56: =IFERROR(VLOOKUP(S57,اسماء,23,0),"") -> 0 | W56: =ادخال1!$N$8 -> مكتبة | X56: =ادخال1!$N$7 -> 1 | Y56: =IFERROR(VLOOKUP(AD57,اسماء,13,0),"") | AA56: =IFERROR(VLOOKUP(AD57,اسماء,23,0),"") | AH56: =ادخال1!$N$8 -> مكتبة | AI56: =ادخال1!$N$7 -> 1 | AJ56: =IFERROR(VLOOKUP(AO57,اسماء,13,0),"") | AL56: =IFERROR(VLOOKUP(AO57,اسماء,23,0),"")
A57: الرقم الوطني | B57: =IFERROR(VLOOKUP(H57,اسماء,62,0),"") -> 232081191021 | C57: =IFERROR(VLOOKUP(G62,اسماء,8,0),"") | D57: =IFERROR(VLOOKUP(H62,اسماء,8,0),"") | E57: =IFERROR(VLOOKUP(I62,اسماء,8,0),"") | H57: =INDEX(عمود2,MATCH(J44,عمود1)) -> محمد وليد مصطفى الورشفاني | L57: الرقم الوطني | M57: =IFERROR(VLOOKUP(S57,اسماء,62,0),"") -> 362496091022 | N57: =IFERROR(VLOOKUP(R62,اسماء,8,0),"") | O57: =IFERROR(VLOOKUP(S62,اسماء,8,0),"") | P57: =IFERROR(VLOOKUP(T62,اسماء,8,0),"") | S57: =INDEX(عمود2,MATCH(U44,عمود1)) -> ميسم سالم محمد بن مصير | W57: الرقم الوطني | X57: =IFERROR(VLOOKUP(AD57,اسماء,62,0),"") | Y57: =IFERROR(VLOOKUP(AC62,اسماء,8,0),"") | Z57: =IFERROR(VLOOKUP(AD62,اسماء,8,0),"") | AA57: =IFERROR(VLOOKUP(AE62,اسماء,8,0),"") | AD57: =INDEX(عمود2,MATCH(AF44,عمود1)) -> 0 | AH57: الرقم الوطني | AI57: =IFERROR(VLOOKUP(AO57,اسماء,62,0),"") | AJ57: =IFERROR(VLOOKUP(AN62,اسماء,8,0),"") | AK57: =IFERROR(VLOOKUP(AO62,اسماء,8,0),"") | AL57: =IFERROR(VLOOKUP(AP62,اسماء,8,0),"") | AO57: =INDEX(عمود2,MATCH(AQ44,عمود1)) -> 0
A58: الســــــلوك | C58: =IFERROR(VLOOKUP(H57,اسماء,34,0),"") -> 0 | E58: =IFERROR(VLOOKUP(H57,اسماء,35,0),"") -> 0 | H58: كل كشط أو تغيير في هذه البطاقة يلغيها. | L58: الســــــلوك | N58: =IFERROR(VLOOKUP(S57,اسماء,34,0),"") -> 0 | P58: =IFERROR(VLOOKUP(S57,اسماء,35,0),"") -> 0 | S58: كل كشط أو تغيير في هذه البطاقة يلغيها. | W58: الســــــلوك | Y58: =IFERROR(VLOOKUP(AD57,اسماء,34,0),"") | AA58: =IFERROR(VLOOKUP(AD57,اسماء,35,0),"") | AD58: كل كشط أو تغيير في هذه البطاقة يلغيها. | AH58: الســــــلوك | AJ58: =IFERROR(VLOOKUP(AO57,اسماء,34,0),"") | AL58: =IFERROR(VLOOKUP(AO57,اسماء,35,0),"") | AO58: كل كشط أو تغيير في هذه البطاقة يلغيها.
A59: غياب مشروع | C59: =IFERROR(VLOOKUP(H57,اسماء,37,0),"") -> 0 | E59: =IFERROR(VLOOKUP(H57,اسماء,39,0),"") -> 0 | L59: غياب مشروع | N59: =IFERROR(VLOOKUP(S57,اسماء,37,0),"") -> 0 | P59: =IFERROR(VLOOKUP(S57,اسماء,39,0),"") -> 0 | W59: غياب مشروع | Y59: =IFERROR(VLOOKUP(AD57,اسماء,37,0),"") | AA59: =IFERROR(VLOOKUP(AD57,اسماء,39,0),"") | AH59: غياب مشروع | AJ59: =IFERROR(VLOOKUP(AO57,اسماء,37,0),"") | AL59: =IFERROR(VLOOKUP(AO57,اسماء,39,0),"")
A60: غياب غير مشروع | C60: =IFERROR(VLOOKUP(H57,اسماء,38,0),"") -> 0 | E60: =IFERROR(VLOOKUP(H57,اسماء,40,0),"") -> 0 | L60: غياب غير مشروع | N60: =IFERROR(VLOOKUP(S57,اسماء,38,0),"") -> 0 | P60: =IFERROR(VLOOKUP(S57,اسماء,40,0),"") -> 0 | W60: غياب غير مشروع | Y60: =IFERROR(VLOOKUP(AD57,اسماء,38,0),"") | AA60: =IFERROR(VLOOKUP(AD57,اسماء,40,0),"") | AH60: غياب غير مشروع | AJ60: =IFERROR(VLOOKUP(AO57,اسماء,38,0),"") | AL60: =IFERROR(VLOOKUP(AO57,اسماء,40,0),"")
A61: التوقيعــــات | B61: رائــد الصف | D61: مديـر المدرسة | H61: ولي الامر | L61: التوقيعــــات | M61: رائــد الصف | O61: مديـر المدرسة | S61: ولي الامر | W61: التوقيعــــات | X61: رائــد الصف | Z61: مديـر المدرسة | AD61: ولي الامر | AH61: التوقيعــــات | AI61: رائــد الصف | AK61: مديـر المدرسة | AO61: ولي الامر
A62: الفترة الاولى | L62: الفترة الاولى | W62: الفترة الاولى | AH62: الفترة الاولى
A63: الفترة الثانية | L63: الفترة الثانية | W63: الفترة الثانية | AH63: الفترة الثانية
A65: بطاقة تقدير الدرجات للصــــف | D65: =ادخال1!$K$4 -> الأول | F65: من التعليم الأساسي | J65: =J44+1 -> 11 | L65: بطاقة تقدير الدرجات للصــــف | O65: =ادخال1!$K$4 -> الأول | Q65: من التعليم الأساسي | U65: =U44+1 -> 16 | W65: بطاقة تقدير الدرجات للصــــف | Z65: =ادخال1!$K$4 -> الأول | AB65: من التعليم الأساسي | AF65: =AF44+1 -> 21 | AH65: بطاقة تقدير الدرجات للصــــف | AK65: =ادخال1!$K$4 -> الأول | AM65: من التعليم الأساسي | AQ65: =AQ44+1 -> 26
A66: المدرسة/ | B66: =ادخال1!$B$5 -> سهول العلم للتعليم الخاص | F66: الاسم | G66: =H78 -> محمود محمد محمود ابوبكر | L66: المدرسة/ | M66: =ادخال1!$B$5 -> سهول العلم للتعليم الخاص | Q66: الاسم | R66: =S78 -> 0 | W66: المدرسة/ | X66: =ادخال1!$B$5 -> سهول العلم للتعليم الخاص | AB66: الاسم | AC66: =AD78 -> 0 | AH66: المدرسة/ | AI66: =ادخال1!$B$5 -> سهول العلم للتعليم الخاص | AM66: الاسم | AN66: =AO78 -> 0
A67: الفترات | B67: عدد الحصص | C67: الفترة الأولي 30 % | E67: الفترة الثانية 30 % | H67: ملاحظــات عن نتيجة التلميذ خلال كل فترة : | L67: الفترات | M67: عدد الحصص | N67: الفترة الأولي 30 % | P67: الفترة الثانية 30 % | S67: ملاحظــات عن نتيجة التلميذ خلال كل فترة : | W67: الفترات | X67: عدد الحصص | Y67: الفترة الأولي 30 % | AA67: الفترة الثانية 30 % | AD67: ملاحظــات عن نتيجة التلميذ خلال كل فترة : | AH67: الفترات | AI67: عدد الحصص | AJ67: الفترة الأولي 30 % | AL67: الفترة الثانية 30 % | AO67: ملاحظــات عن نتيجة التلميذ خلال كل فترة :
A68: المواد الدراسية | C68: الدرجة الكبرى | D68: درجة التلميذ | E68: الدرجة الكبرى | F68: درجة التلميذ | H68: الأولي : | I68: =IF(D74=0,"",IF(AND(D69>=C69*0.4,D70>=C70*0.4,D71>=C71*0.4,D72>=C72*0.4,D73>=C73*0.4),LOOKUP(D74,'النتيجة النهائية'!$AA$6:$AB$10),"ضعيف ويحتاج الى اهتمام في المواد")) -> ممتاز | L68: المواد الدراسية | N68: الدرجة الكبرى | O68: درجة التلميذ | P68: الدرجة الكبرى | Q68: درجة التلميذ | S68: الأولي : | T68: =IF(O74=0,"",IF(AND(O69>=N69*0.4,O70>=N70*0.4,O71>=N71*0.4,O72>=N72*0.4,O73>=N73*0.4),LOOKUP(O74,'النتيجة النهائية'!$AA$6:$AB$10),"ضعيف ويحتاج الى اهتمام في المواد")) | W68: المواد الدراسية | Y68: الدرجة الكبرى | Z68: درجة التلميذ | AA68: الدرجة الكبرى | AB68: درجة التلميذ | AD68: الأولي : | AE68: =IF(Z74=0,"",IF(AND(Z69>=Y69*0.4,Z70>=Y70*0.4,Z71>=Y71*0.4,Z72>=Y72*0.4,Z73>=Y73*0.4),LOOKUP(Z74,'النتيجة النهائية'!$AA$6:$AB$10),"ضعيف ويحتاج الى اهتمام في المواد")) | AH68: المواد الدراسية | AJ68: الدرجة الكبرى | AK68: درجة التلميذ | AL68: الدرجة الكبرى | AM68: درجة التلميذ | AO68: الأولي : | AP68: =IF(AK74=0,"",IF(AND(AK69>=AJ69*0.4,AK70>=AJ70*0.4,AK71>=AJ71*0.4,AK72>=AJ72*0.4,AK73>=AJ73*0.4),LOOKUP(AK74,'النتيجة النهائية'!$AA$6:$AB$10),"ضعيف ويحتاج الى اهتمام في المواد"))
A69: =ادخال1!$F$9 -> التربية الإسلامية | B69: =ادخال1!$F$7 -> 3 | C69: =40*B69*0.3 -> 36 | D69: =IFERROR(VLOOKUP(H78,اسماء,5,0),"") -> 34 | E69: =40*B69*0.3 -> 36 | F69: =IFERROR(VLOOKUP(H78,اسماء,15,0),"") -> 0 | H69: =IF(D69=0,"",IF(D69<C69*0.4,A69,"")) | I69: =IF(D70=0,"",IF(D70<C70*0.4,A70,"")) | J69: =IF(D71=0,"",IF(D71<C71*0.4,A71,"")) | L69: =ادخال1!$F$9 -> التربية الإسلامية | M69: =ادخال1!$F$7 -> 3 | N69: =40*M69*0.3 -> 36 | O69: =IFERROR(VLOOKUP(S78,اسماء,5,0),"") | P69: =40*M69*0.3 -> 36 | Q69: =IFERROR(VLOOKUP(S78,اسماء,15,0),"") | S69: =IF(O69=0,"",IF(O69<N69*0.4,L69,"")) | T69: =IF(O70=0,"",IF(O70<N70*0.4,L70,"")) | U69: =IF(O71=0,"",IF(O71<N71*0.4,L71,"")) | W69: =ادخال1!$F$9 -> التربية الإسلامية | X69: =ادخال1!$F$7 -> 3 | Y69: =40*X69*0.3 -> 36 | Z69: =IFERROR(VLOOKUP(AD78,اسماء,5,0),"") | AA69: =40*X69*0.3 -> 36 | AB69: =IFERROR(VLOOKUP(AD78,اسماء,15,0),"") | AD69: =IF(Z69=0,"",IF(Z69<Y69*0.4,W69,"")) | AE69: =IF(Z70=0,"",IF(Z70<Y70*0.4,W70,"")) | AF69: =IF(Z71=0,"",IF(Z71<Y71*0.4,W71,"")) | AH69: =ادخال1!$F$9 -> التربية الإسلامية | AI69: =ادخال1!$F$7 -> 3 | AJ69: =40*AI69*0.3 -> 36 | AK69: =IFERROR(VLOOKUP(AO78,اسماء,5,0),"") | AL69: =40*AI69*0.3 -> 36 | AM69: =IFERROR(VLOOKUP(AO78,اسماء,15,0),"") | AO69: =IF(AK69=0,"",IF(AK69<AJ69*0.4,AH69,"")) | AP69: =IF(AK70=0,"",IF(AK70<AJ70*0.4,AH70,"")) | AQ69: =IF(AK71=0,"",IF(AK71<AJ71*0.4,AH71,""))
A70: =ادخال1!$G$9 -> اللغة العربية | B70: =ادخال1!$G$7 -> 6 | C70: =40*B70*0.3 -> 72 | D70: =IFERROR(VLOOKUP(H78,اسماء,6,0),"") -> 63 | E70: =40*B70*0.3 -> 72 | F70: =IFERROR(VLOOKUP(H78,اسماء,16,0),"") -> 0 | H70: =IF(D72=0,"",IF(D72<C72*0.4,A72,"")) | I70: =IF(D73=0,"",IF(D73<C73*0.4,A73,"")) | L70: =ادخال1!$G$9 -> اللغة العربية | M70: =ادخال1!$G$7 -> 6 | N70: =40*M70*0.3 -> 72 | O70: =IFERROR(VLOOKUP(S78,اسماء,6,0),"") | P70: =40*M70*0.3 -> 72 | Q70: =IFERROR(VLOOKUP(S78,اسماء,16,0),"") | S70: =IF(O72=0,"",IF(O72<N72*0.4,L72,"")) | T70: =IF(O73=0,"",IF(O73<N73*0.4,L73,"")) | W70: =ادخال1!$G$9 -> اللغة العربية | X70: =ادخال1!$G$7 -> 6 | Y70: =40*X70*0.3 -> 72 | Z70: =IFERROR(VLOOKUP(AD78,اسماء,6,0),"") | AA70: =40*X70*0.3 -> 72 | AB70: =IFERROR(VLOOKUP(AD78,اسماء,16,0),"") | AD70: =IF(Z72=0,"",IF(Z72<Y72*0.4,W72,"")) | AE70: =IF(Z73=0,"",IF(Z73<Y73*0.4,W73,"")) | AH70: =ادخال1!$G$9 -> اللغة العربية | AI70: =ادخال1!$G$7 -> 6 | AJ70: =40*AI70*0.3 -> 72 | AK70: =IFERROR(VLOOKUP(AO78,اسماء,6,0),"") | AL70: =40*AI70*0.3 -> 72 | AM70: =IFERROR(VLOOKUP(AO78,اسماء,16,0),"") | AO70: =IF(AK72=0,"",IF(AK72<AJ72*0.4,AH72,"")) | AP70: =IF(AK73=0,"",IF(AK73<AJ73*0.4,AH73,""))
A71: =ادخال1!$H$9 -> اللغة الإنجليزية | B71: =ادخال1!$H$7 -> 3 | C71: =40*B71*0.3 -> 36 | D71: =IFERROR(VLOOKUP(H78,اسماء,7,0),"") -> 34 | E71: =40*B71*0.3 -> 36 | F71: =IFERROR(VLOOKUP(H78,اسماء,17,0),"") -> 0 | H71: الثانية :- | I71: =IF(F74=0,"",IF(AND(F69>=E69*0.4,F70>=E70*0.4,F71>=E71*0.4,F72>=E72*0.4,F73>=E73*0.4),LOOKUP(F74,'النتيجة النهائية'!$AA$6:$AB$10),"ضعيف ويحتاج الى اهتمام في المواد")) | L71: =ادخال1!$H$9 -> اللغة الإنجليزية | M71: =ادخال1!$H$7 -> 3 | N71: =40*M71*0.3 -> 36 | O71: =IFERROR(VLOOKUP(S78,اسماء,7,0),"") | P71: =40*M71*0.3 -> 36 | Q71: =IFERROR(VLOOKUP(S78,اسماء,17,0),"") | S71: الثانية :- | T71: =IF(Q74=0,"",IF(AND(Q69>=P69*0.4,Q70>=P70*0.4,Q71>=P71*0.4,Q72>=P72*0.4,Q73>=P73*0.4),LOOKUP(Q74,'النتيجة النهائية'!$AA$6:$AB$10),"ضعيف ويحتاج الى اهتمام في المواد")) | W71: =ادخال1!$H$9 -> اللغة الإنجليزية | X71: =ادخال1!$H$7 -> 3 | Y71: =40*X71*0.3 -> 36 | Z71: =IFERROR(VLOOKUP(AD78,اسماء,7,0),"") | AA71: =40*X71*0.3 -> 36 | AB71: =IFERROR(VLOOKUP(AD78,اسماء,17,0),"") | AD71: الثانية :- | AE71: =IF(AB74=0,"",IF(AND(AB69>=AA69*0.4,AB70>=AA70*0.4,AB71>=AA71*0.4,AB72>=AA72*0.4,AB73>=AA73*0.4),LOOKUP(AB74,'النتيجة النهائية'!$AA$6:$AB$10),"ضعيف ويحتاج الى اهتمام في المواد")) | AH71: =ادخال1!$H$9 -> اللغة الإنجليزية | AI71: =ادخال1!$H$7 -> 3 | AJ71: =40*AI71*0.3 -> 36 | AK71: =IFERROR(VLOOKUP(AO78,اسماء,7,0),"") | AL71: =40*AI71*0.3 -> 36 | AM71: =IFERROR(VLOOKUP(AO78,اسماء,17,0),"") | AO71: الثانية :- | AP71: =IF(AM74=0,"",IF(AND(AM69>=AL69*0.4,AM70>=AL70*0.4,AM71>=AL71*0.4,AM72>=AL72*0.4,AM73>=AL73*0.4),LOOKUP(AM74,'النتيجة النهائية'!$AA$6:$AB$10),"ضعيف ويحتاج الى اهتمام في المواد"))
A72: =ادخال1!$I$9 -> الحاسوب | B72: =ادخال1!$I$7 -> 1 | C72: =40*B72*0.3 -> 12 | D72: =IFERROR(VLOOKUP(H78,اسماء,8,0),"") -> 12 | E72: =40*B72*0.3 -> 12 | F72: =IFERROR(VLOOKUP(H78,اسماء,18,0),"") -> 0 | H72: =IF(F69=0,"",IF(F69<E69*0.4,A69,"")) | I72: =IF(F70=0,"",IF(F70<E70*0.4,A70,"")) | J72: =IF(F71=0,"",IF(F71<E71*0.4,A71,"")) | L72: =ادخال1!$I$9 -> الحاسوب | M72: =ادخال1!$I$7 -> 1 | N72: =40*M72*0.3 -> 12 | O72: =IFERROR(VLOOKUP(S78,اسماء,8,0),"") | P72: =40*M72*0.3 -> 12 | Q72: =IFERROR(VLOOKUP(S78,اسماء,18,0),"") | S72: =IF(Q69=0,"",IF(Q69<P69*0.4,L69,"")) | T72: =IF(Q70=0,"",IF(Q70<P70*0.4,L70,"")) | U72: =IF(Q71=0,"",IF(Q71<P71*0.4,L71,"")) | W72: =ادخال1!$I$9 -> الحاسوب | X72: =ادخال1!$I$7 -> 1 | Y72: =40*X72*0.3 -> 12 | Z72: =IFERROR(VLOOKUP(AD78,اسماء,8,0),"") | AA72: =40*X72*0.3 -> 12 | AB72: =IFERROR(VLOOKUP(AD78,اسماء,18,0),"") | AD72: =IF(AB69=0,"",IF(AB69<AA69*0.4,W69,"")) | AE72: =IF(AB70=0,"",IF(AB70<AA70*0.4,W70,"")) | AF72: =IF(AB71=0,"",IF(AB71<AA71*0.4,W71,"")) | AH72: =ادخال1!$I$9 -> الحاسوب | AI72: =ادخال1!$I$7 -> 1 | AJ72: =40*AI72*0.3 -> 12 | AK72: =IFERROR(VLOOKUP(AO78,اسماء,8,0),"") | AL72: =40*AI72*0.3 -> 12 | AM72: =IFERROR(VLOOKUP(AO78,اسماء,18,0),"") | AO72: =IF(AM69=0,"",IF(AM69<AL69*0.4,AH69,"")) | AP72: =IF(AM70=0,"",IF(AM70<AL70*0.4,AH70,"")) | AQ72: =IF(AM71=0,"",IF(AM71<AL71*0.4,AH71,""))
A73: =ادخال1!$J$9 -> الرياضيات | B73: =ادخال1!$J$7 -> 5 | C73: =40*B73*0.3 -> 60 | D73: =IFERROR(VLOOKUP(H78,اسماء,9,0),"") -> 49 | E73: =40*B73*0.3 -> 60 | F73: =IFERROR(VLOOKUP(H78,اسماء,19,0),"") -> 0 | H73: =IF(F72=0,"",IF(F72<E72*0.4,A72,"")) | I73: =IF(F73=0,"",IF(F73<E73*0.4,A73,"")) | L73: =ادخال1!$J$9 -> الرياضيات | M73: =ادخال1!$J$7 -> 5 | N73: =40*M73*0.3 -> 60 | O73: =IFERROR(VLOOKUP(S78,اسماء,9,0),"") | P73: =40*M73*0.3 -> 60 | Q73: =IFERROR(VLOOKUP(S78,اسماء,19,0),"") | S73: =IF(Q72=0,"",IF(Q72<P72*0.4,L72,"")) | T73: =IF(Q73=0,"",IF(Q73<P73*0.4,L73,"")) | W73: =ادخال1!$J$9 -> الرياضيات | X73: =ادخال1!$J$7 -> 5 | Y73: =40*X73*0.3 -> 60 | Z73: =IFERROR(VLOOKUP(AD78,اسماء,9,0),"") | AA73: =40*X73*0.3 -> 60 | AB73: =IFERROR(VLOOKUP(AD78,اسماء,19,0),"") | AD73: =IF(AB72=0,"",IF(AB72<AA72*0.4,W72,"")) | AE73: =IF(AB73=0,"",IF(AB73<AA73*0.4,W73,"")) | AH73: =ادخال1!$J$9 -> الرياضيات | AI73: =ادخال1!$J$7 -> 5 | AJ73: =40*AI73*0.3 -> 60 | AK73: =IFERROR(VLOOKUP(AO78,اسماء,9,0),"") | AL73: =40*AI73*0.3 -> 60 | AM73: =IFERROR(VLOOKUP(AO78,اسماء,19,0),"") | AO73: =IF(AM72=0,"",IF(AM72<AL72*0.4,AH72,"")) | AP73: =IF(AM73=0,"",IF(AM73<AL73*0.4,AH73,""))
A74: المجموع العـام | C74: =SUM(C69:C73) -> 216 | D74: =SUM(D69:D73) -> 192 | E74: =SUM(E69:E73) -> 216 | F74: =SUM(F69:F73) -> 0 | H74: مدير المدرسة/ | I74: =ادخال1!$BG$5 -> د. عبدالرحمن خليفة العريبي | L74: المجموع العـام | N74: =SUM(N69:N73) -> 216 | O74: =SUM(O69:O73) -> 0 | P74: =SUM(P69:P73) -> 216 | Q74: =SUM(Q69:Q73) -> 0 | S74: مدير المدرسة/ | T74: =ادخال1!$BG$5 -> د. عبدالرحمن خليفة العريبي | W74: المجموع العـام | Y74: =SUM(Y69:Y73) -> 216 | Z74: =SUM(Z69:Z73) -> 0 | AA74: =SUM(AA69:AA73) -> 216 | AB74: =SUM(AB69:AB73) -> 0 | AD74: مدير المدرسة/ | AE74: =ادخال1!$BG$5 -> د. عبدالرحمن خليفة العريبي | AH74: المجموع العـام | AJ74: =SUM(AJ69:AJ73) -> 216 | AK74: =SUM(AK69:AK73) -> 0 | AL74: =SUM(AL69:AL73) -> 216 | AM74: =SUM(AM69:AM73) -> 0 | AO74: مدير المدرسة/ | AP74: =ادخال1!$BG$5 -> د. عبدالرحمن خليفة العريبي
A75: =ادخال1!$L$8 -> التربية الفنية | B75: =ادخال1!$L$7 -> 1 | C75: =IFERROR(VLOOKUP(H78,اسماء,11,0),"") -> جيد جداَ | E75: =IFERROR(VLOOKUP(H78,اسماء,21,0),"") -> 0 | H75: التاريخ | I75: =TODAY() -> 46008 | L75: =ادخال1!$L$8 -> التربية الفنية | M75: =ادخال1!$L$7 -> 1 | N75: =IFERROR(VLOOKUP(S78,اسماء,11,0),"") | P75: =IFERROR(VLOOKUP(S78,اسماء,21,0),"") | S75: التاريخ | T75: =TODAY() -> 46008 | W75: =ادخال1!$L$8 -> التربية الفنية | X75: =ادخال1!$L$7 -> 1 | Y75: =IFERROR(VLOOKUP(AD78,اسماء,11,0),"") | AA75: =IFERROR(VLOOKUP(AD78,اسماء,21,0),"") | AD75: التاريخ | AE75: =TODAY() -> 46008 | AH75: =ادخال1!$L$8 -> التربية الفنية | AI75: =ادخال1!$L$7 -> 1 | AJ75: =IFERROR(VLOOKUP(AO78,اسماء,11,0),"") | AL75: =IFERROR(VLOOKUP(AO78,اسماء,21,0),"") | AO75: التاريخ | AP75: =TODAY() -> 46008
A76: =ادخال1!$M$8 -> التربية البدنية | B76: =ادخال1!$M$7 -> 2 | C76: =IFERROR(VLOOKUP(H78,اسماء,12,0),"") -> جيد جداَ | E76: =IFERROR(VLOOKUP(H78,اسماء,22,0),"") -> 0 | L76: =ادخال1!$M$8 -> التربية البدنية | M76: =ادخال1!$M$7 -> 2 | N76: =IFERROR(VLOOKUP(S78,اسماء,12,0),"") | P76: =IFERROR(VLOOKUP(S78,اسماء,22,0),"") | W76: =ادخال1!$M$8 -> التربية البدنية | X76: =ادخال1!$M$7 -> 2 | Y76: =IFERROR(VLOOKUP(AD78,اسماء,12,0),"") | AA76: =IFERROR(VLOOKUP(AD78,اسماء,22,0),"") | AH76: =ادخال1!$M$8 -> التربية البدنية | AI76: =ادخال1!$M$7 -> 2 | AJ76: =IFERROR(VLOOKUP(AO78,اسماء,12,0),"") | AL76: =IFERROR(VLOOKUP(AO78,اسماء,22,0),"")
A77: =ادخال1!$N$8 -> مكتبة | B77: =ادخال1!$N$7 -> 1 | C77: =IFERROR(VLOOKUP(H78,اسماء,13,0),"") -> 0 | E77: =IFERROR(VLOOKUP(H78,اسماء,23,0),"") -> 0 | L77: =ادخال1!$N$8 -> مكتبة | M77: =ادخال1!$N$7 -> 1 | N77: =IFERROR(VLOOKUP(S78,اسماء,13,0),"") | P77: =IFERROR(VLOOKUP(S78,اسماء,23,0),"") | W77: =ادخال1!$N$8 -> مكتبة | X77: =ادخال1!$N$7 -> 1 | Y77: =IFERROR(VLOOKUP(AD78,اسماء,13,0),"") | AA77: =IFERROR(VLOOKUP(AD78,اسماء,23,0),"") | AH77: =ادخال1!$N$8 -> مكتبة | AI77: =ادخال1!$N$7 -> 1 | AJ77: =IFERROR(VLOOKUP(AO78,اسماء,13,0),"") | AL77: =IFERROR(VLOOKUP(AO78,اسماء,23,0),"")
A78: الرقم الوطني | B78: =IFERROR(VLOOKUP(H78,اسماء,62,0),"") -> 571596091021 | C78: =IFERROR(VLOOKUP(G83,اسماء,8,0),"") | D78: =IFERROR(VLOOKUP(H83,اسماء,8,0),"") | E78: =IFERROR(VLOOKUP(I83,اسماء,8,0),"") | H78: =INDEX(عمود2,MATCH(J65,عمود1)) -> محمود محمد محمود ابوبكر | L78: الرقم الوطني | M78: =IFERROR(VLOOKUP(S78,اسماء,62,0),"") | N78: =IFERROR(VLOOKUP(R83,اسماء,8,0),"") | O78: =IFERROR(VLOOKUP(S83,اسماء,8,0),"") | P78: =IFERROR(VLOOKUP(T83,اسماء,8,0),"") | S78: =INDEX(عمود2,MATCH(U65,عمود1)) -> 0 | W78: الرقم الوطني | X78: =IFERROR(VLOOKUP(AD78,اسماء,62,0),"") | Y78: =IFERROR(VLOOKUP(AC83,اسماء,8,0),"") | Z78: =IFERROR(VLOOKUP(AD83,اسماء,8,0),"") | AA78: =IFERROR(VLOOKUP(AE83,اسماء,8,0),"") | AD78: =INDEX(عمود2,MATCH(AF65,عمود1)) -> 0 | AH78: الرقم الوطني | AI78: =IFERROR(VLOOKUP(AO78,اسماء,62,0),"") | AJ78: =IFERROR(VLOOKUP(AN83,اسماء,8,0),"") | AK78: =IFERROR(VLOOKUP(AO83,اسماء,8,0),"") | AL78: =IFERROR(VLOOKUP(AP83,اسماء,8,0),"") | AO78: =INDEX(عمود2,MATCH(AQ65,عمود1)) -> 0
A79: الســــــلوك | C79: =IFERROR(VLOOKUP(H78,اسماء,34,0),"") -> 0 | E79: =IFERROR(VLOOKUP(H78,اسماء,35,0),"") -> 0 | H79: كل كشط أو تغيير في هذه البطاقة يلغيها. | L79: الســــــلوك | N79: =IFERROR(VLOOKUP(S78,اسماء,34,0),"") | P79: =IFERROR(VLOOKUP(S78,اسماء,35,0),"") | S79: كل كشط أو تغيير في هذه البطاقة يلغيها. | W79: الســــــلوك | Y79: =IFERROR(VLOOKUP(AD78,اسماء,34,0),"") | AA79: =IFERROR(VLOOKUP(AD78,اسماء,35,0),"") | AD79: كل كشط أو تغيير في هذه البطاقة يلغيها. | AH79: الســــــلوك | AJ79: =IFERROR(VLOOKUP(AO78,اسماء,34,0),"") | AL79: =IFERROR(VLOOKUP(AO78,اسماء,35,0),"") | AO79: كل كشط أو تغيير في هذه البطاقة يلغيها.
A80: غياب مشروع | C80: =IFERROR(VLOOKUP(H78,اسماء,37,0),"") -> 0 | E80: =IFERROR(VLOOKUP(H78,اسماء,39,0),"") -> 0 | L80: غياب مشروع | N80: =IFERROR(VLOOKUP(S78,اسماء,37,0),"") | P80: =IFERROR(VLOOKUP(S78,اسماء,39,0),"") | W80: غياب مشروع | Y80: =IFERROR(VLOOKUP(AD78,اسماء,37,0),"") | AA80: =IFERROR(VLOOKUP(AD78,اسماء,39,0),"") | AH80: غياب مشروع | AJ80: =IFERROR(VLOOKUP(AO78,اسماء,37,0),"") | AL80: =IFERROR(VLOOKUP(AO78,اسماء,39,0),"")
A81: غياب غير مشروع | C81: =IFERROR(VLOOKUP(H78,اسماء,38,0),"") -> 0 | E81: =IFERROR(VLOOKUP(H78,اسماء,40,0),"") -> 0 | L81: غياب غير مشروع | N81: =IFERROR(VLOOKUP(S78,اسماء,38,0),"") | P81: =IFERROR(VLOOKUP(S78,اسماء,40,0),"") | W81: غياب غير مشروع | Y81: =IFERROR(VLOOKUP(AD78,اسماء,38,0),"") | AA81: =IFERROR(VLOOKUP(AD78,اسماء,40,0),"") | AH81: غياب غير مشروع | AJ81: =IFERROR(VLOOKUP(AO78,اسماء,38,0),"") | AL81: =IFERROR(VLOOKUP(AO78,اسماء,40,0),"")
A82: التوقيعــــات | B82: رائــد الصف | D82: مديـر المدرسة | H82: ولي الامر | L82: التوقيعــــات | M82: رائــد الصف | O82: مديـر المدرسة | S82: ولي الامر | W82: التوقيعــــات | X82: رائــد الصف | Z82: مديـر المدرسة | AD82: ولي الامر | AH82: التوقيعــــات | AI82: رائــد الصف | AK82: مديـر المدرسة | AO82: ولي الامر
A83: الفترة الاولى | L83: الفترة الاولى | W83: الفترة الاولى | AH83: الفترة الاولى
A84: الفترة الثانية | L84: الفترة الثانية | W84: الفترة الثانية | AH84: الفترة الثانية
A86: بطاقة تقدير الدرجات للصــــف | D86: =ادخال1!$K$4 -> الأول | F86: من التعليم الأساسي | J86: =J65+1 -> 12 | L86: بطاقة تقدير الدرجات للصــــف | O86: =ادخال1!$K$4 -> الأول | Q86: من التعليم الأساسي | U86: =U65+1 -> 17 | W86: بطاقة تقدير الدرجات للصــــف | Z86: =ادخال1!$K$4 -> الأول | AB86: من التعليم الأساسي | AF86: =AF65+1 -> 22 | AH86: بطاقة تقدير الدرجات للصــــف | AK86: =ادخال1!$K$4 -> الأول | AM86: من التعليم الأساسي | AQ86: =AQ65+1 -> 27
A87: المدرسة/ | B87: =ادخال1!$B$5 -> سهول العلم للتعليم الخاص | F87: الاسم | G87: =H99 -> مروان سامي حمد النفاتي | L87: المدرسة/ | M87: =ادخال1!$B$5 -> سهول العلم للتعليم الخاص | Q87: الاسم | R87: =S99 -> 0 | W87: المدرسة/ | X87: =ادخال1!$B$5 -> سهول العلم للتعليم الخاص | AB87: الاسم | AC87: =AD99 -> 0 | AH87: المدرسة/ | AI87: =ادخال1!$B$5 -> سهول العلم للتعليم الخاص | AM87: الاسم | AN87: =AO99 -> 0
A88: الفترات | B88: عدد الحصص | C88: الفترة الأولي 30 % | E88: الفترة الثانية 30 % | H88: ملاحظــات عن نتيجة التلميذ خلال كل فترة : | L88: الفترات | M88: عدد الحصص | N88: الفترة الأولي 30 % | P88: الفترة الثانية 30 % | S88: ملاحظــات عن نتيجة التلميذ خلال كل فترة : | W88: الفترات | X88: عدد الحصص | Y88: الفترة الأولي 30 % | AA88: الفترة الثانية 30 % | AD88: ملاحظــات عن نتيجة التلميذ خلال كل فترة : | AH88: الفترات | AI88: عدد الحصص | AJ88: الفترة الأولي 30 % | AL88: الفترة الثانية 30 % | AO88: ملاحظــات عن نتيجة التلميذ خلال كل فترة :
A89: المواد الدراسية | C89: الدرجة الكبرى | D89: درجة التلميذ | E89: الدرجة الكبرى | F89: درجة التلميذ | H89: الأولي : | I89: =IF(D95=0,"",IF(AND(D90>=C90*0.4,D91>=C91*0.4,D92>=C92*0.4,D93>=C93*0.4,D94>=C94*0.4),LOOKUP(D95,'النتيجة النهائية'!$AA$6:$AB$10),"ضعيف ويحتاج الى اهتمام في المواد")) -> ممتاز | L89: المواد الدراسية | N89: الدرجة الكبرى | O89: درجة التلميذ | P89: الدرجة الكبرى | Q89: درجة التلميذ | S89: الأولي : | T89: =IF(O95=0,"",IF(AND(O90>=N90*0.4,O91>=N91*0.4,O92>=N92*0.4,O93>=N93*0.4,O94>=N94*0.4),LOOKUP(O95,'النتيجة النهائية'!$AA$6:$AB$10),"ضعيف ويحتاج الى اهتمام في المواد")) | W89: المواد الدراسية | Y89: الدرجة الكبرى | Z89: درجة التلميذ | AA89: الدرجة الكبرى | AB89: درجة التلميذ | AD89: الأولي : | AE89: =IF(Z95=0,"",IF(AND(Z90>=Y90*0.4,Z91>=Y91*0.4,Z92>=Y92*0.4,Z93>=Y93*0.4,Z94>=Y94*0.4),LOOKUP(Z95,'النتيجة النهائية'!$AA$6:$AB$10),"ضعيف ويحتاج الى اهتمام في المواد")) | AH89: المواد الدراسية | AJ89: الدرجة الكبرى | AK89: درجة التلميذ | AL89: الدرجة الكبرى | AM89: درجة التلميذ | AO89: الأولي : | AP89: =IF(AK95=0,"",IF(AND(AK90>=AJ90*0.4,AK91>=AJ91*0.4,AK92>=AJ92*0.4,AK93>=AJ93*0.4,AK94>=AJ94*0.4),LOOKUP(AK95,'النتيجة النهائية'!$AA$6:$AB$10),"ضعيف ويحتاج الى اهتمام في المواد"))
A90: =ادخال1!$F$9 -> التربية الإسلامية | B90: =ادخال1!$F$7 -> 3 | C90: =40*B90*0.3 -> 36 | D90: =IFERROR(VLOOKUP(H99,اسماء,5,0),"") -> 36 | E90: =40*B90*0.3 -> 36 | F90: =IFERROR(VLOOKUP(H99,اسماء,15,0),"") -> 0 | H90: =IF(D90=0,"",IF(D90<C90*0.4,A90,"")) | I90: =IF(D91=0,"",IF(D91<C91*0.4,A91,"")) | J90: =IF(D92=0,"",IF(D92<C92*0.4,A92,"")) | L90: =ادخال1!$F$9 -> التربية الإسلامية | M90: =ادخال1!$F$7 -> 3 | N90: =40*M90*0.3 -> 36 | O90: =IFERROR(VLOOKUP(S99,اسماء,5,0),"") | P90: =40*M90*0.3 -> 36 | Q90: =IFERROR(VLOOKUP(S99,اسماء,15,0),"") | S90: =IF(O90=0,"",IF(O90<N90*0.4,L90,"")) | T90: =IF(O91=0,"",IF(O91<N91*0.4,L91,"")) | U90: =IF(O92=0,"",IF(O92<N92*0.4,L92,"")) | W90: =ادخال1!$F$9 -> التربية الإسلامية | X90: =ادخال1!$F$7 -> 3 | Y90: =40*X90*0.3 -> 36 | Z90: =IFERROR(VLOOKUP(AD99,اسماء,5,0),"") | AA90: =40*X90*0.3 -> 36 | AB90: =IFERROR(VLOOKUP(AD99,اسماء,15,0),"") | AD90: =IF(Z90=0,"",IF(Z90<Y90*0.4,W90,"")) | AE90: =IF(Z91=0,"",IF(Z91<Y91*0.4,W91,"")) | AF90: =IF(Z92=0,"",IF(Z92<Y92*0.4,W92,"")) | AH90: =ادخال1!$F$9 -> التربية الإسلامية | AI90: =ادخال1!$F$7 -> 3 | AJ90: =40*AI90*0.3 -> 36 | AK90: =IFERROR(VLOOKUP(AO99,اسماء,5,0),"") | AL90: =40*AI90*0.3 -> 36 | AM90: =IFERROR(VLOOKUP(AO99,اسماء,15,0),"") | AO90: =IF(AK90=0,"",IF(AK90<AJ90*0.4,AH90,"")) | AP90: =IF(AK91=0,"",IF(AK91<AJ91*0.4,AH91,"")) | AQ90: =IF(AK92=0,"",IF(AK92<AJ92*0.4,AH92,""))
A91: =ادخال1!$G$9 -> اللغة العربية | B91: =ادخال1!$G$7 -> 6 | C91: =40*B91*0.3 -> 72 | D91: =IFERROR(VLOOKUP(H99,اسماء,6,0),"") -> 70 | E91: =40*B91*0.3 -> 72 | F91: =IFERROR(VLOOKUP(H99,اسماء,16,0),"") -> 0 | H91: =IF(D93=0,"",IF(D93<C93*0.4,A93,"")) | I91: =IF(D94=0,"",IF(D94<C94*0.4,A94,"")) | L91: =ادخال1!$G$9 -> اللغة العربية | M91: =ادخال1!$G$7 -> 6 | N91: =40*M91*0.3 -> 72 | O91: =IFERROR(VLOOKUP(S99,اسماء,6,0),"") | P91: =40*M91*0.3 -> 72 | Q91: =IFERROR(VLOOKUP(S99,اسماء,16,0),"") | S91: =IF(O93=0,"",IF(O93<N93*0.4,L93,"")) | T91: =IF(O94=0,"",IF(O94<N94*0.4,L94,"")) | W91: =ادخال1!$G$9 -> اللغة العربية | X91: =ادخال1!$G$7 -> 6 | Y91: =40*X91*0.3 -> 72 | Z91: =IFERROR(VLOOKUP(AD99,اسماء,6,0),"") | AA91: =40*X91*0.3 -> 72 | AB91: =IFERROR(VLOOKUP(AD99,اسماء,16,0),"") | AD91: =IF(Z93=0,"",IF(Z93<Y93*0.4,W93,"")) | AE91: =IF(Z94=0,"",IF(Z94<Y94*0.4,W94,"")) | AH91: =ادخال1!$G$9 -> اللغة العربية | AI91: =ادخال1!$G$7 -> 6 | AJ91: =40*AI91*0.3 -> 72 | AK91: =IFERROR(VLOOKUP(AO99,اسماء,6,0),"") | AL91: =40*AI91*0.3 -> 72 | AM91: =IFERROR(VLOOKUP(AO99,اسماء,16,0),"") | AO91: =IF(AK93=0,"",IF(AK93<AJ93*0.4,AH93,"")) | AP91: =IF(AK94=0,"",IF(AK94<AJ94*0.4,AH94,""))
A92: =ادخال1!$H$9 -> اللغة الإنجليزية | B92: =ادخال1!$H$7 -> 3 | C92: =40*B92*0.3 -> 36 | D92: =IFERROR(VLOOKUP(H99,اسماء,7,0),"") -> 36 | E92: =40*B92*0.3 -> 36 | F92: =IFERROR(VLOOKUP(H99,اسماء,17,0),"") -> 0 | H92: الثانية :- | I92: =IF(F95=0,"",IF(AND(F90>=E90*0.4,F91>=E91*0.4,F92>=E92*0.4,F93>=E93*0.4,F94>=E94*0.4),LOOKUP(F95,'النتيجة النهائية'!$AA$6:$AB$10),"ضعيف ويحتاج الى اهتمام في المواد")) | L92: =ادخال1!$H$9 -> اللغة الإنجليزية | M92: =ادخال1!$H$7 -> 3 | N92: =40*M92*0.3 -> 36 | O92: =IFERROR(VLOOKUP(S99,اسماء,7,0),"") | P92: =40*M92*0.3 -> 36 | Q92: =IFERROR(VLOOKUP(S99,اسماء,17,0),"") | S92: الثانية :- | T92: =IF(Q95=0,"",IF(AND(Q90>=P90*0.4,Q91>=P91*0.4,Q92>=P92*0.4,Q93>=P93*0.4,Q94>=P94*0.4),LOOKUP(Q95,'النتيجة النهائية'!$AA$6:$AB$10),"ضعيف ويحتاج الى اهتمام في المواد")) | W92: =ادخال1!$H$9 -> اللغة الإنجليزية | X92: =ادخال1!$H$7 -> 3 | Y92: =40*X92*0.3 -> 36 | Z92: =IFERROR(VLOOKUP(AD99,اسماء,7,0),"") | AA92: =40*X92*0.3 -> 36 | AB92: =IFERROR(VLOOKUP(AD99,اسماء,17,0),"") | AD92: الثانية :- | AE92: =IF(AB95=0,"",IF(AND(AB90>=AA90*0.4,AB91>=AA91*0.4,AB92>=AA92*0.4,AB93>=AA93*0.4,AB94>=AA94*0.4),LOOKUP(AB95,'النتيجة النهائية'!$AA$6:$AB$10),"ضعيف ويحتاج الى اهتمام في المواد")) | AH92: =ادخال1!$H$9 -> اللغة الإنجليزية | AI92: =ادخال1!$H$7 -> 3 | AJ92: =40*AI92*0.3 -> 36 | AK92: =IFERROR(VLOOKUP(AO99,اسماء,7,0),"") | AL92: =40*AI92*0.3 -> 36 | AM92: =IFERROR(VLOOKUP(AO99,اسماء,17,0),"") | AO92: الثانية :- | AP92: =IF(AM95=0,"",IF(AND(AM90>=AL90*0.4,AM91>=AL91*0.4,AM92>=AL92*0.4,AM93>=AL93*0.4,AM94>=AL94*0.4),LOOKUP(AM95,'النتيجة النهائية'!$AA$6:$AB$10),"ضعيف ويحتاج الى اهتمام في المواد"))
A93: =ادخال1!$I$9 -> الحاسوب | B93: =ادخال1!$I$7 -> 1 | C93: =40*B93*0.3 -> 12 | D93: =IFERROR(VLOOKUP(H99,اسماء,8,0),"") -> 12 | E93: =40*B93*0.3 -> 12 | F93: =IFERROR(VLOOKUP(H99,اسماء,18,0),"") -> 0 | H93: =IF(F90=0,"",IF(F90<E90*0.4,A90,"")) | I93: =IF(F91=0,"",IF(F91<E91*0.4,A91,"")) | J93: =IF(F92=0,"",IF(F92<E92*0.4,A92,"")) | L93: =ادخال1!$I$9 -> الحاسوب | M93: =ادخال1!$I$7 -> 1 | N93: =40*M93*0.3 -> 12 | O93: =IFERROR(VLOOKUP(S99,اسماء,8,0),"") | P93: =40*M93*0.3 -> 12 | Q93: =IFERROR(VLOOKUP(S99,اسماء,18,0),"") | S93: =IF(Q90=0,"",IF(Q90<P90*0.4,L90,"")) | T93: =IF(Q91=0,"",IF(Q91<P91*0.4,L91,"")) | U93: =IF(Q92=0,"",IF(Q92<P92*0.4,L92,"")) | W93: =ادخال1!$I$9 -> الحاسوب | X93: =ادخال1!$I$7 -> 1 | Y93: =40*X93*0.3 -> 12 | Z93: =IFERROR(VLOOKUP(AD99,اسماء,8,0),"") | AA93: =40*X93*0.3 -> 12 | AB93: =IFERROR(VLOOKUP(AD99,اسماء,18,0),"") | AD93: =IF(AB90=0,"",IF(AB90<AA90*0.4,W90,"")) | AE93: =IF(AB91=0,"",IF(AB91<AA91*0.4,W91,"")) | AF93: =IF(AB92=0,"",IF(AB92<AA92*0.4,W92,"")) | AH93: =ادخال1!$I$9 -> الحاسوب | AI93: =ادخال1!$I$7 -> 1 | AJ93: =40*AI93*0.3 -> 12 | AK93: =IFERROR(VLOOKUP(AO99,اسماء,8,0),"") | AL93: =40*AI93*0.3 -> 12 | AM93: =IFERROR(VLOOKUP(AO99,اسماء,18,0),"") | AO93: =IF(AM90=0,"",IF(AM90<AL90*0.4,AH90,"")) | AP93: =IF(AM91=0,"",IF(AM91<AL91*0.4,AH91,"")) | AQ93: =IF(AM92=0,"",IF(AM92<AL92*0.4,AH92,""))
A94: =ادخال1!$J$9 -> الرياضيات | B94: =ادخال1!$J$7 -> 5 | C94: =40*B94*0.3 -> 60 | D94: =IFERROR(VLOOKUP(H99,اسماء,9,0),"") -> 60 | E94: =40*B94*0.3 -> 60 | F94: =IFERROR(VLOOKUP(H99,اسماء,19,0),"") -> 0 | H94: =IF(F93=0,"",IF(F93<E93*0.4,A93,"")) | I94: =IF(F94=0,"",IF(F94<E94*0.4,A94,"")) | L94: =ادخال1!$J$9 -> الرياضيات | M94: =ادخال1!$J$7 -> 5 | N94: =40*M94*0.3 -> 60 | O94: =IFERROR(VLOOKUP(S99,اسماء,9,0),"") | P94: =40*M94*0.3 -> 60 | Q94: =IFERROR(VLOOKUP(S99,اسماء,19,0),"") | S94: =IF(Q93=0,"",IF(Q93<P93*0.4,L93,"")) | T94: =IF(Q94=0,"",IF(Q94<P94*0.4,L94,"")) | W94: =ادخال1!$J$9 -> الرياضيات | X94: =ادخال1!$J$7 -> 5 | Y94: =40*X94*0.3 -> 60 | Z94: =IFERROR(VLOOKUP(AD99,اسماء,9,0),"") | AA94: =40*X94*0.3 -> 60 | AB94: =IFERROR(VLOOKUP(AD99,اسماء,19,0),"") | AD94: =IF(AB93=0,"",IF(AB93<AA93*0.4,W93,"")) | AE94: =IF(AB94=0,"",IF(AB94<AA94*0.4,W94,"")) | AH94: =ادخال1!$J$9 -> الرياضيات | AI94: =ادخال1!$J$7 -> 5 | AJ94: =40*AI94*0.3 -> 60 | AK94: =IFERROR(VLOOKUP(AO99,اسماء,9,0),"") | AL94: =40*AI94*0.3 -> 60 | AM94: =IFERROR(VLOOKUP(AO99,اسماء,19,0),"") | AO94: =IF(AM93=0,"",IF(AM93<AL93*0.4,AH93,"")) | AP94: =IF(AM94=0,"",IF(AM94<AL94*0.4,AH94,""))
A95: المجموع العـام | C95: =SUM(C90:C94) -> 216 | D95: =SUM(D90:D94) -> 214 | E95: =SUM(E90:E94) -> 216 | F95: =SUM(F90:F94) -> 0 | H95: مدير المدرسة/ | I95: =ادخال1!$BG$5 -> د. عبدالرحمن خليفة العريبي | L95: المجموع العـام | N95: =SUM(N90:N94) -> 216 | O95: =SUM(O90:O94) -> 0 | P95: =SUM(P90:P94) -> 216 | Q95: =SUM(Q90:Q94) -> 0 | S95: مدير المدرسة/ | T95: =ادخال1!$BG$5 -> د. عبدالرحمن خليفة العريبي | W95: المجموع العـام | Y95: =SUM(Y90:Y94) -> 216 | Z95: =SUM(Z90:Z94) -> 0 | AA95: =SUM(AA90:AA94) -> 216 | AB95: =SUM(AB90:AB94) -> 0 | AD95: مدير المدرسة/ | AE95: =ادخال1!$BG$5 -> د. عبدالرحمن خليفة العريبي | AH95: المجموع العـام | AJ95: =SUM(AJ90:AJ94) -> 216 | AK95: =SUM(AK90:AK94) -> 0 | AL95: =SUM(AL90:AL94) -> 216 | AM95: =SUM(AM90:AM94) -> 0 | AO95: مدير المدرسة/ | AP95: =ادخال1!$BG$5 -> د. عبدالرحمن خليفة العريبي
A96: =ادخال1!$L$8 -> التربية الفنية | B96: =ادخال1!$L$7 -> 1 | C96: =IFERROR(VLOOKUP(H99,اسماء,11,0),"") -> جيد جداَ | E96: =IFERROR(VLOOKUP(H99,اسماء,21,0),"") -> 0 | H96: التاريخ | I96: =TODAY() -> 46008 | L96: =ادخال1!$L$8 -> التربية الفنية | M96: =ادخال1!$L$7 -> 1 | N96: =IFERROR(VLOOKUP(S99,اسماء,11,0),"") | P96: =IFERROR(VLOOKUP(S99,اسماء,21,0),"") | S96: التاريخ | T96: =TODAY() -> 46008 | W96: =ادخال1!$L$8 -> التربية الفنية | X96: =ادخال1!$L$7 -> 1 | Y96: =IFERROR(VLOOKUP(AD99,اسماء,11,0),"") | AA96: =IFERROR(VLOOKUP(AD99,اسماء,21,0),"") | AD96: التاريخ | AE96: =TODAY() -> 46008 | AH96: =ادخال1!$L$8 -> التربية الفنية | AI96: =ادخال1!$L$7 -> 1 | AJ96: =IFERROR(VLOOKUP(AO99,اسماء,11,0),"") | AL96: =IFERROR(VLOOKUP(AO99,اسماء,21,0),"") | AO96: التاريخ | AP96: =TODAY() -> 46008
A97: =ادخال1!$M$8 -> التربية البدنية | B97: =ادخال1!$M$7 -> 2 | C97: =IFERROR(VLOOKUP(H99,اسماء,12,0),"") -> جيد جداَ | E97: =IFERROR(VLOOKUP(H99,اسماء,22,0),"") -> 0 | L97: =ادخال1!$M$8 -> التربية البدنية | M97: =ادخال1!$M$7 -> 2 | N97: =IFERROR(VLOOKUP(S99,اسماء,12,0),"") | P97: =IFERROR(VLOOKUP(S99,اسماء,22,0),"") | W97: =ادخال1!$M$8 -> التربية البدنية | X97: =ادخال1!$M$7 -> 2 | Y97: =IFERROR(VLOOKUP(AD99,اسماء,12,0),"") | AA97: =IFERROR(VLOOKUP(AD99,اسماء,22,0),"") | AH97: =ادخال1!$M$8 -> التربية البدنية | AI97: =ادخال1!$M$7 -> 2 | AJ97: =IFERROR(VLOOKUP(AO99,اسماء,12,0),"") | AL97: =IFERROR(VLOOKUP(AO99,اسماء,22,0),"")
A98: =ادخال1!$N$8 -> مكتبة | B98: =ادخال1!$N$7 -> 1 | C98: =IFERROR(VLOOKUP(H99,اسماء,13,0),"") -> 0 | E98: =IFERROR(VLOOKUP(H99,اسماء,23,0),"") -> 0 | L98: =ادخال1!$N$8 -> مكتبة | M98: =ادخال1!$N$7 -> 1 | N98: =IFERROR(VLOOKUP(S99,اسماء,13,0),"") | P98: =IFERROR(VLOOKUP(S99,اسماء,23,0),"") | W98: =ادخال1!$N$8 -> مكتبة | X98: =ادخال1!$N$7 -> 1 | Y98: =IFERROR(VLOOKUP(AD99,اسماء,13,0),"") | AA98: =IFERROR(VLOOKUP(AD99,اسماء,23,0),"") | AH98: =ادخال1!$N$8 -> مكتبة | AI98: =ادخال1!$N$7 -> 1 | AJ98: =IFERROR(VLOOKUP(AO99,اسماء,13,0),"") | AL98: =IFERROR(VLOOKUP(AO99,اسماء,23,0),"")
A99: الرقم الوطني | B99: =IFERROR(VLOOKUP(H99,اسماء,62,0),"") -> 959552091021 | C99: =IFERROR(VLOOKUP(G104,اسماء,8,0),"") | D99: =IFERROR(VLOOKUP(H104,اسماء,8,0),"") | E99: =IFERROR(VLOOKUP(I104,اسماء,8,0),"") | H99: =INDEX(عمود2,MATCH(J86,عمود1)) -> مروان سامي حمد النفاتي | L99: الرقم الوطني | M99: =IFERROR(VLOOKUP(S99,اسماء,62,0),"") | N99: =IFERROR(VLOOKUP(R104,اسماء,8,0),"") | O99: =IFERROR(VLOOKUP(S104,اسماء,8,0),"") | P99: =IFERROR(VLOOKUP(T104,اسماء,8,0),"") | S99: =INDEX(عمود2,MATCH(U86,عمود1)) -> 0 | W99: الرقم الوطني | X99: =IFERROR(VLOOKUP(AD99,اسماء,62,0),"") | Y99: =IFERROR(VLOOKUP(AC104,اسماء,8,0),"") | Z99: =IFERROR(VLOOKUP(AD104,اسماء,8,0),"") | AA99: =IFERROR(VLOOKUP(AE104,اسماء,8,0),"") | AD99: =INDEX(عمود2,MATCH(AF86,عمود1)) -> 0 | AH99: الرقم الوطني | AI99: =IFERROR(VLOOKUP(AO99,اسماء,62,0),"") | AJ99: =IFERROR(VLOOKUP(AN104,اسماء,8,0),"") | AK99: =IFERROR(VLOOKUP(AO104,اسماء,8,0),"") | AL99: =IFERROR(VLOOKUP(AP104,اسماء,8,0),"") | AO99: =INDEX(عمود2,MATCH(AQ86,عمود1)) -> 0
A100: الســــــلوك | C100: =IFERROR(VLOOKUP(H99,اسماء,34,0),"") -> 0 | E100: =IFERROR(VLOOKUP(H99,اسماء,35,0),"") -> 0 | H100: كل كشط أو تغيير في هذه البطاقة يلغيها. | L100: الســــــلوك | N100: =IFERROR(VLOOKUP(S99,اسماء,34,0),"") | P100: =IFERROR(VLOOKUP(S99,اسماء,35,0),"") | S100: كل كشط أو تغيير في هذه البطاقة يلغيها. | W100: الســــــلوك | Y100: =IFERROR(VLOOKUP(AD99,اسماء,34,0),"") | AA100: =IFERROR(VLOOKUP(AD99,اسماء,35,0),"") | AD100: كل كشط أو تغيير في هذه البطاقة يلغيها. | AH100: الســــــلوك | AJ100: =IFERROR(VLOOKUP(AO99,اسماء,34,0),"") | AL100: =IFERROR(VLOOKUP(AO99,اسماء,35,0),"") | AO100: كل كشط أو تغيير في هذه البطاقة يلغيها.
A101: غياب مشروع | C101: =IFERROR(VLOOKUP(H99,اسماء,37,0),"") -> 0 | E101: =IFERROR(VLOOKUP(H99,اسماء,39,0),"") -> 0 | L101: غياب مشروع | N101: =IFERROR(VLOOKUP(S99,اسماء,37,0),"") | P101: =IFERROR(VLOOKUP(S99,اسماء,39,0),"") | W101: غياب مشروع | Y101: =IFERROR(VLOOKUP(AD99,اسماء,37,0),"") | AA101: =IFERROR(VLOOKUP(AD99,اسماء,39,0),"") | AH101: غياب مشروع | AJ101: =IFERROR(VLOOKUP(AO99,اسماء,37,0),"") | AL101: =IFERROR(VLOOKUP(AO99,اسماء,39,0),"")
A102: غياب غير مشروع | C102: =IFERROR(VLOOKUP(H99,اسماء,38,0),"") -> 0 | E102: =IFERROR(VLOOKUP(H99,اسماء,40,0),"") -> 0 | L102: غياب غير مشروع | N102: =IFERROR(VLOOKUP(S99,اسماء,38,0),"") | P102: =IFERROR(VLOOKUP(S99,اسماء,40,0),"") | W102: غياب غير مشروع | Y102: =IFERROR(VLOOKUP(AD99,اسماء,38,0),"") | AA102: =IFERROR(VLOOKUP(AD99,اسماء,40,0),"") | AH102: غياب غير مشروع | AJ102: =IFERROR(VLOOKUP(AO99,اسماء,38,0),"") | AL102: =IFERROR(VLOOKUP(AO99,اسماء,40,0),"")
A103: التوقيعــــات | B103: رائــد الصف | D103: مديـر المدرسة | H103: ولي الامر | L103: التوقيعــــات | M103: رائــد الصف | O103: مديـر المدرسة | S103: ولي الامر | W103: التوقيعــــات | X103: رائــد الصف | Z103: مديـر المدرسة | AD103: ولي الامر | AH103: التوقيعــــات | AI103: رائــد الصف | AK103: مديـر المدرسة | AO103: ولي الامر
A104: الفترة الاولى | L104: الفترة الاولى | W104: الفترة الاولى | AH104: الفترة الاولى
A105: الفترة الثانية | L105: الفترة الثانية | W105: الفترة الثانية | AH105: الفترة الثانية

Sheet الصحيفة النهائية
A1: بطاقة تقدير الدرجات للصــــف | D1: =ادخال1!$K$4 -> الأول | F1: من التعليم الأساسي | O1: 1 | Q1: بطاقة تقدير الدرجات للصــــف | T1: =ادخال1!$K$4 -> الأول | V1: من التعليم الأساسي | AE1: =O1+5 -> 6 | AG1: بطاقة تقدير الدرجات للصــــف | AJ1: =ادخال1!$K$4 -> الأول | AL1: من التعليم الأساسي | AU1: =AE1+5 -> 11 | AW1: بطاقة تقدير الدرجات للصــــف | AZ1: =ادخال1!$K$4 -> الأول | BB1: من التعليم الأساسي | BK1: =AU1+5 -> 16 | BN1: =SUM(I5:I9) -> 720
A2: المدرسة/ | B2: =ادخال1!$B$5 -> سهول العلم للتعليم الخاص | H2: الاسم | J2: =M16 -> إبراهيم حمدي عبدالهادي ديهوم | Q2: المدرسة/ | R2: =ادخال1!$B$5 -> سهول العلم للتعليم الخاص | X2: الاسم | Z2: =AC16 -> صباح النور أحمد صباح النور محمدين أحمد | AG2: المدرسة/ | AH2: =ادخال1!$B$5 -> سهول العلم للتعليم الخاص | AN2: الاسم | AP2: =AS16 -> محمود محمد محمود ابوبكر | AW2: المدرسة/ | AX2: =ادخال1!$B$5 -> سهول العلم للتعليم الخاص | BD2: الاسم | BF2: =BI16 -> 0 | BN2: =BN1*0.3 -> 216 | BO2: 0 | BP2: ضعيف
A3: الفترات | B3: عدد الحصص | C3: الفترة الأولي 30 % | E3: الفترة الثانية 30 % | G3: الفترة الثالثة 40% | I3: النتيجة النهائيــة 100% | M3: ملاحظــات عن نتيجة التلميذ خلال كل فترة : | Q3: الفترات | R3: عدد الحصص | S3: الفترة الأولي 30 % | U3: الفترة الثانية 30 % | W3: الفترة الثالثة 40% | Y3: النتيجة النهائيــة 100% | AC3: ملاحظــات عن نتيجة التلميذ خلال كل فترة : | AG3: الفترات | AH3: عدد الحصص | AI3: الفترة الأولي 30 % | AK3: الفترة الثانية 30 % | AM3: الفترة الثالثة 40% | AO3: النتيجة النهائيــة 100% | AS3: ملاحظــات عن نتيجة التلميذ خلال كل فترة : | AW3: الفترات | AX3: عدد الحصص | AY3: الفترة الأولي 30 % | BA3: الفترة الثانية 30 % | BC3: الفترة الثالثة 40% | BE3: النتيجة النهائيــة 100% | BI3: ملاحظــات عن نتيجة التلميذ خلال كل فترة : | BN3: =BN1*0.4 -> 288 | BO3: =BN3*0.5 -> 144 | BP3: مقبول
A4: المواد الدراسية | C4: الدرجة الكبرى | D4: درجة التلميذ | E4: الدرجة الكبرى | F4: درجة التلميذ | G4: الدرجة الكبرى | H4: درجة التلميذ | I4: النهاية الكبرى | J4: النهاية الصغري | K4: درجة التلميذ | M4: الأولي : | N4: =IF(D10=0,"",IF(AND(D5>=C5*0.4,D6>=C6*0.4,D7>=C7*0.4,D8>=C8*0.4,D9>=C9*0.4),LOOKUP(D10,$BO$15:$BP$19),"ضعيف ويحتاج الى اهتمام في المواد")) -> ممتاز | Q4: المواد الدراسية | S4: الدرجة الكبرى | T4: درجة التلميذ | U4: الدرجة الكبرى | V4: درجة التلميذ | W4: الدرجة الكبرى | X4: درجة التلميذ | Y4: النهاية الكبرى | Z4: النهاية الصغري | AA4: درجة التلميذ | AC4: الأولي : | AD4: =IF(T10=0,"",IF(AND(T5>=S5*0.4,T6>=S6*0.4,T7>=S7*0.4,T8>=S8*0.4,T9>=S9*0.4),LOOKUP(T10,$BO$15:$BP$19),"ضعيف ويحتاج الى اهتمام في المواد")) -> ممتاز | AG4: المواد الدراسية | AI4: الدرجة الكبرى | AJ4: درجة التلميذ | AK4: الدرجة الكبرى | AL4: درجة التلميذ | AM4: الدرجة الكبرى | AN4: درجة التلميذ | AO4: النهاية الكبرى | AP4: النهاية الصغري | AQ4: درجة التلميذ | AS4: الأولي : | AT4: =IF(AJ10=0,"",IF(AND(AJ5>=AI5*0.4,AJ6>=AI6*0.4,AJ7>=AI7*0.4,AJ8>=AI8*0.4,AJ9>=AI9*0.4),LOOKUP(AJ10,$BO$15:$BP$19),"ضعيف ويحتاج الى اهتمام في المواد")) -> ممتاز | AW4: المواد الدراسية | AY4: الدرجة الكبرى | AZ4: درجة التلميذ | BA4: الدرجة الكبرى | BB4: درجة التلميذ | BC4: الدرجة الكبرى | BD4: درجة التلميذ | BE4: النهاية الكبرى | BF4: النهاية الصغري | BG4: درجة التلميذ | BI4: الأولي : | BJ4: =IF(AZ10=0,"",IF(AND(AZ5>=AY5*0.4,AZ6>=AY6*0.4,AZ7>=AY7*0.4,AZ8>=AY8*0.4,AZ9>=AY9*0.4),LOOKUP(AZ10,$BO$15:$BP$19),"ضعيف ويحتاج الى اهتمام في المواد")) | BO4: =$BN$1*0.65 -> 468 | BP4: جيد
A5: =ادخال1!$F$9 -> التربية الإسلامية | B5: =ادخال1!$F$7 -> 3 | C5: =40*B5*0.3 -> 36 | D5: =IFERROR(VLOOKUP(M16,اسماء,5,0),"") -> 36 | E5: =40*B5*0.3 -> 36 | F5: =IFERROR(VLOOKUP(M16,اسماء,15,0),"") -> 0 | G5: =40*B5*0.4 -> 48 | H5: =IFERROR(VLOOKUP(M16,اسماء,28,0),"") -> 0 | I5: =SUM(C5,E5,G5) -> 120 | J5: =0.4*I5 -> 48 | K5: =SUM(D5,F5,H5) -> 36 | M5: =IF(D5=0,"",IF(D5<C5*0.4,A5,"")) | N5: =IF(D6=0,"",IF(D6<C6*0.4,A6,"")) | O5: =IF(D7=0,"",IF(D7<C7*0.4,A7,"")) | Q5: =ادخال1!$F$9 -> التربية الإسلامية | R5: =ادخال1!$F$7 -> 3 | S5: =40*R5*0.3 -> 36 | T5: =IFERROR(VLOOKUP(AC16,اسماء,5,0),"") -> 34 | U5: =40*R5*0.3 -> 36 | V5: =IFERROR(VLOOKUP(AC16,اسماء,15,0),"") -> 0 | W5: =40*R5*0.4 -> 48 | X5: =IFERROR(VLOOKUP(AC16,اسماء,28,0),"") -> 0 | Y5: =SUM(S5,U5,W5) -> 120 | Z5: =0.4*Y5 -> 48 | AA5: =SUM(T5,V5,X5) -> 34 | AC5: =IF(T5=0,"",IF(T5<S5*0.4,Q5,"")) | AD5: =IF(T6=0,"",IF(T6<S6*0.4,Q6,"")) | AE5: =IF(T7=0,"",IF(T7<S7*0.4,Q7,"")) | AG5: =ادخال1!$F$9 -> التربية الإسلامية | AH5: =ادخال1!$F$7 -> 3 | AI5: =40*AH5*0.3 -> 36 | AJ5: =IFERROR(VLOOKUP(AS16,اسماء,5,0),"") -> 34 | AK5: =40*AH5*0.3 -> 36 | AL5: =IFERROR(VLOOKUP(AS16,اسماء,15,0),"") -> 0 | AM5: =40*AH5*0.4 -> 48 | AN5: =IFERROR(VLOOKUP(AS16,اسماء,28,0),"") -> 0 | AO5: =SUM(AI5,AK5,AM5) -> 120 | AP5: =0.4*AO5 -> 48 | AQ5: =SUM(AJ5,AL5,AN5) -> 34 | AS5: =IF(AJ5=0,"",IF(AJ5<AI5*0.4,AG5,"")) | AT5: =IF(AJ6=0,"",IF(AJ6<AI6*0.4,AG6,"")) | AU5: =IF(AJ7=0,"",IF(AJ7<AI7*0.4,AG7,"")) | AW5: =ادخال1!$F$9 -> التربية الإسلامية | AX5: =ادخال1!$F$7 -> 3 | AY5: =40*AX5*0.3 -> 36 | AZ5: =IFERROR(VLOOKUP(BI16,اسماء,5,0),"") | BA5: =40*AX5*0.3 -> 36 | BB5: =IFERROR(VLOOKUP(BI16,اسماء,15,0),"") | BC5: =40*AX5*0.4 -> 48 | BD5: =IFERROR(VLOOKUP(BI16,اسماء,28,0),"") | BE5: =SUM(AY5,BA5,BC5) -> 120 | BF5: =0.4*BE5 -> 48 | BG5: =SUM(AZ5,BB5,BD5) -> 0 | BI5: =IF(AZ5=0,"",IF(AZ5<AY5*0.4,AW5,"")) | BJ5: =IF(AZ6=0,"",IF(AZ6<AY6*0.4,AW6,"")) | BK5: =IF(AZ7=0,"",IF(AZ7<AY7*0.4,AW7,"")) | BO5: =$BN$1*0.75 -> 540 | BP5: جيدجداً
A6: =ادخال1!$G$9 -> اللغة العربية | B6: =ادخال1!$G$7 -> 6 | C6: =40*B6*0.3 -> 72 | D6: =IFERROR(VLOOKUP(M16,اسماء,6,0),"") -> 66 | E6: =40*B6*0.3 -> 72 | F6: =IFERROR(VLOOKUP(M16,اسماء,16,0),"") -> 0 | G6: =40*B6*0.4 -> 96 | H6: =IFERROR(VLOOKUP(M16,اسماء,26,0),"") -> 0 | I6: =SUM(C6,E6,G6) -> 240 | J6: =0.4*I6 -> 96 | K6: =SUM(D6,F6,H6) -> 66 | M6: =IF(D8=0,"",IF(D8<C8*0.4,A8,"")) | N6: =IF(D9=0,"",IF(D9<C9*0.4,A9,"")) | Q6: =ادخال1!$G$9 -> اللغة العربية | R6: =ادخال1!$G$7 -> 6 | S6: =40*R6*0.3 -> 72 | T6: =IFERROR(VLOOKUP(AC16,اسماء,6,0),"") -> 66 | U6: =40*R6*0.3 -> 72 | V6: =IFERROR(VLOOKUP(AC16,اسماء,16,0),"") -> 0 | W6: =40*R6*0.4 -> 96 | X6: =IFERROR(VLOOKUP(AC16,اسماء,26,0),"") -> 0 | Y6: =SUM(S6,U6,W6) -> 240 | Z6: =0.4*Y6 -> 96 | AA6: =SUM(T6,V6,X6) -> 66 | AC6: =IF(T8=0,"",IF(T8<S8*0.4,Q8,"")) | AD6: =IF(T9=0,"",IF(T9<S9*0.4,Q9,"")) | AG6: =ادخال1!$G$9 -> اللغة العربية | AH6: =ادخال1!$G$7 -> 6 | AI6: =40*AH6*0.3 -> 72 | AJ6: =IFERROR(VLOOKUP(AS16,اسماء,6,0),"") -> 63 | AK6: =40*AH6*0.3 -> 72 | AL6: =IFERROR(VLOOKUP(AS16,اسماء,16,0),"") -> 0 | AM6: =40*AH6*0.4 -> 96 | AN6: =IFERROR(VLOOKUP(AS16,اسماء,26,0),"") -> 0 | AO6: =SUM(AI6,AK6,AM6) -> 240 | AP6: =0.4*AO6 -> 96 | AQ6: =SUM(AJ6,AL6,AN6) -> 63 | AS6: =IF(AJ8=0,"",IF(AJ8<AI8*0.4,AG8,"")) | AT6: =IF(AJ9=0,"",IF(AJ9<AI9*0.4,AG9,"")) | AW6: =ادخال1!$G$9 -> اللغة العربية | AX6: =ادخال1!$G$7 -> 6 | AY6: =40*AX6*0.3 -> 72 | AZ6: =IFERROR(VLOOKUP(BI16,اسماء,6,0),"") | BA6: =40*AX6*0.3 -> 72 | BB6: =IFERROR(VLOOKUP(BI16,اسماء,16,0),"") | BC6: =40*AX6*0.4 -> 96 | BD6: =IFERROR(VLOOKUP(BI16,اسماء,26,0),"") | BE6: =SUM(AY6,BA6,BC6) -> 240 | BF6: =0.4*BE6 -> 96 | BG6: =SUM(AZ6,BB6,BD6) -> 0 | BI6: =IF(AZ8=0,"",IF(AZ8<AY8*0.4,AW8,"")) | BJ6: =IF(AZ9=0,"",IF(AZ9<AY9*0.4,AW9,"")) | BO6: =$BN$1*0.85 -> 612 | BP6: ممتاز
A7: =ادخال1!$H$9 -> اللغة الإنجليزية | B7: =ادخال1!$H$7 -> 3 | C7: =40*B7*0.3 -> 36 | D7: =IFERROR(VLOOKUP(M16,اسماء,7,0),"") -> 36 | E7: =40*B7*0.3 -> 36 | F7: =IFERROR(VLOOKUP(M16,اسماء,16,0),"") -> 0 | G7: =40*B7*0.4 -> 48 | H7: =IFERROR(VLOOKUP(M16,اسماء,27,0),"") -> 0 | I7: =SUM(C7,E7,G7) -> 120 | J7: =0.4*I7 -> 48 | K7: =SUM(D7,F7,H7) -> 36 | M7: الثانية : | N7: =IF(F10=0,"",IF(AND(F5>=E5*0.4,F6>=E6*0.4,F7>=E7*0.4,F8>=E8*0.4,F9>=E9*0.4),LOOKUP(F10,'الصحيفة النهائية'!$BO$15:$BP$19),"ضعيف ويحتاج الى اهتمام في المواد")) | Q7: =ادخال1!$H$9 -> اللغة الإنجليزية | R7: =ادخال1!$H$7 -> 3 | S7: =40*R7*0.3 -> 36 | T7: =IFERROR(VLOOKUP(AC16,اسماء,7,0),"") -> 36 | U7: =40*R7*0.3 -> 36 | V7: =IFERROR(VLOOKUP(AC16,اسماء,16,0),"") -> 0 | W7: =40*R7*0.4 -> 48 | X7: =IFERROR(VLOOKUP(AC16,اسماء,27,0),"") -> 0 | Y7: =SUM(S7,U7,W7) -> 120 | Z7: =0.4*Y7 -> 48 | AA7: =SUM(T7,V7,X7) -> 36 | AC7: الثانية : | AD7: =IF(V10=0,"",IF(AND(V5>=U5*0.4,V6>=U6*0.4,V7>=U7*0.4,V8>=U8*0.4,V9>=U9*0.4),LOOKUP(V10,'الصحيفة النهائية'!$BO$15:$BP$19),"ضعيف ويحتاج الى اهتمام في المواد")) | AG7: =ادخال1!$H$9 -> اللغة الإنجليزية | AH7: =ادخال1!$H$7 -> 3 | AI7: =40*AH7*0.3 -> 36 | AJ7: =IFERROR(VLOOKUP(AS16,اسماء,7,0),"") -> 34 | AK7: =40*AH7*0.3 -> 36 | AL7: =IFERROR(VLOOKUP(AS16,اسماء,16,0),"") -> 0 | AM7: =40*AH7*0.4 -> 48 | AN7: =IFERROR(VLOOKUP(AS16,اسماء,27,0),"") -> 0 | AO7: =SUM(AI7,AK7,AM7) -> 120 | AP7: =0.4*AO7 -> 48 | AQ7: =SUM(AJ7,AL7,AN7) -> 34 | AS7: الثانية : | AT7: =IF(AL10=0,"",IF(AND(AL5>=AK5*0.4,AL6>=AK6*0.4,AL7>=AK7*0.4,AL8>=AK8*0.4,AL9>=AK9*0.4),LOOKUP(AL10,'الصحيفة النهائية'!$BO$15:$BP$19),"ضعيف ويحتاج الى اهتمام في المواد")) | AW7: =ادخال1!$H$9 -> اللغة الإنجليزية | AX7: =ادخال1!$H$7 -> 3 | AY7: =40*AX7*0.3 -> 36 | AZ7: =IFERROR(VLOOKUP(BI16,اسماء,7,0),"") | BA7: =40*AX7*0.3 -> 36 | BB7: =IFERROR(VLOOKUP(BI16,اسماء,16,0),"") | BC7: =40*AX7*0.4 -> 48 | BD7: =IFERROR(VLOOKUP(BI16,اسماء,27,0),"") | BE7: =SUM(AY7,BA7,BC7) -> 120 | BF7: =0.4*BE7 -> 48 | BG7: =SUM(AZ7,BB7,BD7) -> 0 | BI7: الثانية : | BJ7: =IF(BB10=0,"",IF(AND(BB5>=BA5*0.4,BB6>=BA6*0.4,BB7>=BA7*0.4,BB8>=BA8*0.4,BB9>=BA9*0.4),LOOKUP(BB10,'الصحيفة النهائية'!$BO$15:$BP$19),"ضعيف ويحتاج الى اهتمام في المواد"))
A8: =ادخال1!$I$9 -> الحاسوب | B8: =ادخال1!$I$7 -> 1 | C8: =40*B8*0.3 -> 12 | D8: =IFERROR(VLOOKUP(M16,اسماء,8,0),"") -> 12 | E8: =40*B8*0.3 -> 12 | F8: =IFERROR(VLOOKUP(M16,اسماء,18,0),"") -> 0 | G8: =40*B8*0.4 -> 16 | H8: =IFERROR(VLOOKUP(M16,اسماء,28,0),"") -> 0 | I8: =SUM(C8,E8,G8) -> 40 | J8: =0.4*I8 -> 16 | K8: =SUM(D8,F8,H8) -> 12 | M8: =IF(F5=0,"",IF(F5<E5*0.4,A5,"")) | N8: =IF(F6=0,"",IF(F6<E6*0.4,A6,"")) | O8: =IF(F7=0,"",IF(F7<E7*0.4,A7,"")) | Q8: =ادخال1!$I$9 -> الحاسوب | R8: =ادخال1!$I$7 -> 1 | S8: =40*R8*0.3 -> 12 | T8: =IFERROR(VLOOKUP(AC16,اسماء,8,0),"") -> 12 | U8: =40*R8*0.3 -> 12 | V8: =IFERROR(VLOOKUP(AC16,اسماء,18,0),"") -> 0 | W8: =40*R8*0.4 -> 16 | X8: =IFERROR(VLOOKUP(AC16,اسماء,28,0),"") -> 0 | Y8: =SUM(S8,U8,W8) -> 40 | Z8: =0.4*Y8 -> 16 | AA8: =SUM(T8,V8,X8) -> 12 | AC8: =IF(V5=0,"",IF(V5<U5*0.4,Q5,"")) | AD8: =IF(V6=0,"",IF(V6<U6*0.4,Q6,"")) | AE8: =IF(V7=0,"",IF(V7<U7*0.4,Q7,"")) | AG8: =ادخال1!$I$9 -> الحاسوب | AH8: =ادخال1!$I$7 -> 1 | AI8: =40*AH8*0.3 -> 12 | AJ8: =IFERROR(VLOOKUP(AS16,اسماء,8,0),"") -> 12 | AK8: =40*AH8*0.3 -> 12 | AL8: =IFERROR(VLOOKUP(AS16,اسماء,18,0),"") -> 0 | AM8: =40*AH8*0.4 -> 16 | AN8: =IFERROR(VLOOKUP(AS16,اسماء,28,0),"") -> 0 | AO8: =SUM(AI8,AK8,AM8) -> 40 | AP8: =0.4*AO8 -> 16 | AQ8: =SUM(AJ8,AL8,AN8) -> 12 | AS8: =IF(AL5=0,"",IF(AL5<AK5*0.4,AG5,"")) | AT8: =IF(AL6=0,"",IF(AL6<AK6*0.4,AG6,"")) | AU8: =IF(AL7=0,"",IF(AL7<AK7*0.4,AG7,"")) | AW8: =ادخال1!$I$9 -> الحاسوب | AX8: =ادخال1!$I$7 -> 1 | AY8: =40*AX8*0.3 -> 12 | AZ8: =IFERROR(VLOOKUP(BI16,اسماء,8,0),"") | BA8: =40*AX8*0.3 -> 12 | BB8: =IFERROR(VLOOKUP(BI16,اسماء,18,0),"") | BC8: =40*AX8*0.4 -> 16 | BD8: =IFERROR(VLOOKUP(BI16,اسماء,28,0),"") | BE8: =SUM(AY8,BA8,BC8) -> 40 | BF8: =0.4*BE8 -> 16 | BG8: =SUM(AZ8,BB8,BD8) -> 0 | BI8: =IF(BB5=0,"",IF(BB5<BA5*0.4,AW5,"")) | BJ8: =IF(BB6=0,"",IF(BB6<BA6*0.4,AW6,"")) | BK8: =IF(BB7=0,"",IF(BB7<BA7*0.4,AW7,"")) | BO8: 0 | BP8: ضعيف
A9: =ادخال1!$J$9 -> الرياضيات | B9: =ادخال1!$J$7 -> 5 | C9: =40*B9*0.3 -> 60 | D9: =IFERROR(VLOOKUP(M16,اسماء,9,0),"") -> 60 | E9: =40*B9*0.3 -> 60 | F9: =IFERROR(VLOOKUP(M16,اسماء,19,0),"") -> 0 | G9: =40*B9*0.4 -> 80 | H9: =IFERROR(VLOOKUP(M16,اسماء,29,0),"") -> 0 | I9: =SUM(C9,E9,G9) -> 200 | J9: =0.4*I9 -> 80 | K9: =SUM(D9,F9,H9) -> 60 | M9: =IF(F8=0,"",IF(F8<E8*0.4,A8,"")) | N9: =IF(F9=0,"",IF(F9<E9*0.4,A9,"")) | Q9: =ادخال1!$J$9 -> الرياضيات | R9: =ادخال1!$J$7 -> 5 | S9: =40*R9*0.3 -> 60 | T9: =IFERROR(VLOOKUP(AC16,اسماء,9,0),"") -> 59 | U9: =40*R9*0.3 -> 60 | V9: =IFERROR(VLOOKUP(AC16,اسماء,19,0),"") -> 0 | W9: =40*R9*0.4 -> 80 | X9: =IFERROR(VLOOKUP(AC16,اسماء,29,0),"") -> 0 | Y9: =SUM(S9,U9,W9) -> 200 | Z9: =0.4*Y9 -> 80 | AA9: =SUM(T9,V9,X9) -> 59 | AC9: =IF(V8=0,"",IF(V8<U8*0.4,Q8,"")) | AD9: =IF(V9=0,"",IF(V9<U9*0.4,Q9,"")) | AG9: =ادخال1!$J$9 -> الرياضيات | AH9: =ادخال1!$J$7 -> 5 | AI9: =40*AH9*0.3 -> 60 | AJ9: =IFERROR(VLOOKUP(AS16,اسماء,9,0),"") -> 49 | AK9: =40*AH9*0.3 -> 60 | AL9: =IFERROR(VLOOKUP(AS16,اسماء,19,0),"") -> 0 | AM9: =40*AH9*0.4 -> 80 | AN9: =IFERROR(VLOOKUP(AS16,اسماء,29,0),"") -> 0 | AO9: =SUM(AI9,AK9,AM9) -> 200 | AP9: =0.4*AO9 -> 80 | AQ9: =SUM(AJ9,AL9,AN9) -> 49 | AS9: =IF(AL8=0,"",IF(AL8<AK8*0.4,AG8,"")) | AT9: =IF(AL9=0,"",IF(AL9<AK9*0.4,AG9,"")) | AW9: =ادخال1!$J$9 -> الرياضيات | AX9: =ادخال1!$J$7 -> 5 | AY9: =40*AX9*0.3 -> 60 | AZ9: =IFERROR(VLOOKUP(BI16,اسماء,9,0),"") | BA9: =40*AX9*0.3 -> 60 | BB9: =IFERROR(VLOOKUP(BI16,اسماء,19,0),"") | BC9: =40*AX9*0.4 -> 80 | BD9: =IFERROR(VLOOKUP(BI16,اسماء,29,0),"") | BE9: =SUM(AY9,BA9,BC9) -> 200 | BF9: =0.4*BE9 -> 80 | BG9: =SUM(AZ9,BB9,BD9) -> 0 | BI9: =IF(BB8=0,"",IF(BB8<BA8*0.4,AW8,"")) | BJ9: =IF(BB9=0,"",IF(BB9<BA9*0.4,AW9,"")) | BO9: =BN3*0.5 -> 144 | BP9: مقبول
A10: المجموع العـام | C10: =SUM(C5:C9) -> 216 | D10: =SUM(D5:D9) -> 210 | E10: =SUM(E5:E9) -> 216 | F10: =SUM(F5:F9) -> 0 | G10: =SUM(G5:G9) -> 288 | H10: =SUM(H5:H9) -> 0 | I10: =SUM(I5:I9) -> 720 | K10: =IF(AND(K5>=J5,K6>=J6,K7>=J7,K8>=J8,K9>=J9),SUM(K5:K9),0) -> 0 | M10: الثالثة: | N10: =IF(H10=0,"",IF(AND(H5>=G5*0.4,H6>=G6*0.4,H7>=G7*0.4,H8>=G8*0.4,H9>=G9*0.4),LOOKUP(H10,'الصحيفة النهائية'!$BO$8:$BP$12),"ضعيف ويحتاج الى اهتمام في المواد")) | Q10: المجموع العـام | S10: =SUM(S5:S9) -> 216 | T10: =SUM(T5:T9) -> 207 | U10: =SUM(U5:U9) -> 216 | V10: =SUM(V5:V9) -> 0 | W10: =SUM(W5:W9) -> 288 | X10: =SUM(X5:X9) -> 0 | Y10: =SUM(Y5:Y9) -> 720 | AA10: =IF(AND(AA5>=Z5,AA6>=Z6,AA7>=Z7,AA8>=Z8,AA9>=Z9),SUM(AA5:AA9),0) -> 0 | AC10: الثالثة: | AD10: =IF(X10=0,"",IF(AND(X5>=W5*0.4,X6>=W6*0.4,X7>=W7*0.4,X8>=W8*0.4,X9>=W9*0.4),LOOKUP(X10,'الصحيفة النهائية'!$BO$8:$BP$12),"ضعيف ويحتاج الى اهتمام في المواد")) | AG10: المجموع العـام | AI10: =SUM(AI5:AI9) -> 216 | AJ10: =SUM(AJ5:AJ9) -> 192 | AK10: =SUM(AK5:AK9) -> 216 | AL10: =SUM(AL5:AL9) -> 0 | AM10: =SUM(AM5:AM9) -> 288 | AN10: =SUM(AN5:AN9) -> 0 | AO10: =SUM(AO5:AO9) -> 720 | AQ10: =IF(AND(AQ5>=AP5,AQ6>=AP6,AQ7>=AP7,AQ8>=AP8,AQ9>=AP9),SUM(AQ5:AQ9),0) -> 0 | AS10: الثالثة: | AT10: =IF(AN10=0,"",IF(AND(AN5>=AM5*0.4,AN6>=AM6*0.4,AN7>=AM7*0.4,AN8>=AM8*0.4,AN9>=AM9*0.4),LOOKUP(AN10,'الصحيفة النهائية'!$BO$8:$BP$12),"ضعيف ويحتاج الى اهتمام في المواد")) | AW10: المجموع العـام | AY10: =SUM(AY5:AY9) -> 216 | AZ10: =SUM(AZ5:AZ9) -> 0 | BA10: =SUM(BA5:BA9) -> 216 | BB10: =SUM(BB5:BB9) -> 0 | BC10: =SUM(BC5:BC9) -> 288 | BD10: =SUM(BD5:BD9) -> 0 | BE10: =SUM(BE5:BE9) -> 720 | BG10: =IF(AND(BG5>=BF5,BG6>=BF6,BG7>=BF7,BG8>=BF8,BG9>=BF9),SUM(BG5:BG9),0) -> 0 | BI10: الثالثة: | BJ10: =IF(BD10=0,"",IF(AND(BD5>=BC5*0.4,BD6>=BC6*0.4,BD7>=BC7*0.4,BD8>=BC8*0.4,BD9>=BC9*0.4),LOOKUP(BD10,'الصحيفة النهائية'!$BO$8:$BP$12),"ضعيف ويحتاج الى اهتمام في المواد")) | BO10: =BN3*0.65 -> 187.2 | BP10: جيد
A11: الرقم الوطني | C11: =IFERROR(VLOOKUP(M16,اسماء,59,0),"") -> 0 | D11: =IFERROR(VLOOKUP(H19,اسماء,8,0),"") | E11: =IFERROR(VLOOKUP(I19,اسماء,8,0),"") | F11: =IFERROR(VLOOKUP(J19,اسماء,8,0),"") | G11: =IFERROR(VLOOKUP(K19,اسماء,8,0),"") | H11: تقدير النتيجة النهائية | J11: =IF(K10=0,"",IF(AND(K5>=J5*0.4,K6>=J6*0.4,K7>=J7*0.4,K8>=J8*0.4,K9>=J9*0.4),LOOKUP(K10,'الصحيفة النهائية'!$BO$2:$BP$6),"ضعيف ويحتاج الى اهتمام في المواد")) | M11: =IF(H5=0,"",IF(H5<G5*0.4,A5,"")) | N11: =IF(H6=0,"",IF(H6<G6*0.4,A6,"")) | O11: =IF(H7=0,"",IF(H7<G7*0.4,A7,"")) | Q11: الرقم الوطني | S11: =IFERROR(VLOOKUP(AC16,اسماء,59,0),"") -> 0 | T11: =IFERROR(VLOOKUP(X19,اسماء,8,0),"") | U11: =IFERROR(VLOOKUP(Y19,اسماء,8,0),"") | V11: =IFERROR(VLOOKUP(Z19,اسماء,8,0),"") | W11: =IFERROR(VLOOKUP(AA19,اسماء,8,0),"") | X11: تقدير النتيجة النهائية | Z11: =IF(AA10=0,"",IF(AND(AA5>=Z5*0.4,AA6>=Z6*0.4,AA7>=Z7*0.4,AA8>=Z8*0.4,AA9>=Z9*0.4),LOOKUP(AA10,'الصحيفة النهائية'!$BO$2:$BP$6),"ضعيف ويحتاج الى اهتمام في المواد")) | AC11: =IF(X5=0,"",IF(X5<W5*0.4,Q5,"")) | AD11: =IF(X6=0,"",IF(X6<W6*0.4,Q6,"")) | AE11: =IF(X7=0,"",IF(X7<W7*0.4,Q7,"")) | AG11: الرقم الوطني | AI11: =IFERROR(VLOOKUP(AS16,اسماء,59,0),"") -> 0 | AJ11: =IFERROR(VLOOKUP(AN19,اسماء,8,0),"") | AK11: =IFERROR(VLOOKUP(AO19,اسماء,8,0),"") | AL11: =IFERROR(VLOOKUP(AP19,اسماء,8,0),"") | AM11: =IFERROR(VLOOKUP(AQ19,اسماء,8,0),"") | AN11: تقدير النتيجة النهائية | AP11: =IF(AQ10=0,"",IF(AND(AQ5>=AP5*0.4,AQ6>=AP6*0.4,AQ7>=AP7*0.4,AQ8>=AP8*0.4,AQ9>=AP9*0.4),LOOKUP(AQ10,'الصحيفة النهائية'!$BO$2:$BP$6),"ضعيف ويحتاج الى اهتمام في المواد")) | AS11: =IF(AN5=0,"",IF(AN5<AM5*0.4,AG5,"")) | AT11: =IF(AN6=0,"",IF(AN6<AM6*0.4,AG6,"")) | AU11: =IF(AN7=0,"",IF(AN7<AM7*0.4,AG7,"")) | AW11: الرقم الوطني | AY11: =IFERROR(VLOOKUP(BI16,اسماء,59,0),"") | AZ11: =IFERROR(VLOOKUP(BD19,اسماء,8,0),"") | BA11: =IFERROR(VLOOKUP(BE19,اسماء,8,0),"") | BB11: =IFERROR(VLOOKUP(BF19,اسماء,8,0),"") | BC11: =IFERROR(VLOOKUP(BG19,اسماء,8,0),"") | BD11: تقدير النتيجة النهائية | BF11: =IF(BG10=0,"",IF(AND(BG5>=BF5*0.4,BG6>=BF6*0.4,BG7>=BF7*0.4,BG8>=BF8*0.4,BG9>=BF9*0.4),LOOKUP(BG10,'الصحيفة النهائية'!$BO$2:$BP$6),"ضعيف ويحتاج الى اهتمام في المواد")) | BI11: =IF(BD5=0,"",IF(BD5<BC5*0.4,AW5,"")) | BJ11: =IF(BD6=0,"",IF(BD6<BC6*0.4,AW6,"")) | BK11: =IF(BD7=0,"",IF(BD7<BC7*0.4,AW7,"")) | BO11: =BN3*0.75 -> 216 | BP11: جيدجداً
A12: =ادخال1!$L$8 -> التربية الفنية | B12: =ادخال1!$L$7 -> 1 | C12: =IFERROR(VLOOKUP(M16,اسماء,11,0),"") -> جيد جداَ | E12: =IFERROR(VLOOKUP(M16,اسماء,21,0),"") -> 0 | G12: =IFERROR(VLOOKUP(M16,اسماء,31,0),"") -> 0 | M12: =IF(H8=0,"",IF(H8<G8*0.4,A8,"")) | N12: =IF(H9=0,"",IF(H9<G9*0.4,A9,"")) | Q12: =ادخال1!$L$8 -> التربية الفنية | R12: =ادخال1!$L$7 -> 1 | S12: =IFERROR(VLOOKUP(AC16,اسماء,11,0),"") -> جيد جداَ | U12: =IFERROR(VLOOKUP(AC16,اسماء,21,0),"") -> 0 | W12: =IFERROR(VLOOKUP(AC16,اسماء,31,0),"") -> 0 | AC12: =IF(X8=0,"",IF(X8<W8*0.4,Q8,"")) | AD12: =IF(X9=0,"",IF(X9<W9*0.4,Q9,"")) | AG12: =ادخال1!$L$8 -> التربية الفنية | AH12: =ادخال1!$L$7 -> 1 | AI12: =IFERROR(VLOOKUP(AS16,اسماء,11,0),"") -> جيد جداَ | AK12: =IFERROR(VLOOKUP(AS16,اسماء,21,0),"") -> 0 | AM12: =IFERROR(VLOOKUP(AS16,اسماء,31,0),"") -> 0 | AS12: =IF(AN8=0,"",IF(AN8<AM8*0.4,AG8,"")) | AT12: =IF(AN9=0,"",IF(AN9<AM9*0.4,AG9,"")) | AW12: =ادخال1!$L$8 -> التربية الفنية | AX12: =ادخال1!$L$7 -> 1 | AY12: =IFERROR(VLOOKUP(BI16,اسماء,11,0),"") | BA12: =IFERROR(VLOOKUP(BI16,اسماء,21,0),"") | BC12: =IFERROR(VLOOKUP(BI16,اسماء,31,0),"") | BI12: =IF(BD8=0,"",IF(BD8<BC8*0.4,AW8,"")) | BJ12: =IF(BD9=0,"",IF(BD9<BC9*0.4,AW9,"")) | BO12: =BN3*0.85 -> 244.8 | BP12: ممتاز
A13: =ادخال1!$M$8 -> التربية البدنية | B13: =ادخال1!$M$7 -> 2 | C13: =IFERROR(VLOOKUP(M16,اسماء,12,0),"") -> جيد جداَ | E13: =IFERROR(VLOOKUP(M16,اسماء,22,0),"") -> 0 | G13: =IFERROR(VLOOKUP($M16,اسماء,32,0),"") -> 0 | Q13: =ادخال1!$M$8 -> التربية البدنية | R13: =ادخال1!$M$7 -> 2 | S13: =IFERROR(VLOOKUP(AC16,اسماء,12,0),"") -> جيد جداَ | U13: =IFERROR(VLOOKUP(AC16,اسماء,22,0),"") -> 0 | W13: =IFERROR(VLOOKUP($M16,اسماء,32,0),"") -> 0 | AG13: =ادخال1!$M$8 -> التربية البدنية | AH13: =ادخال1!$M$7 -> 2 | AI13: =IFERROR(VLOOKUP(AS16,اسماء,12,0),"") -> جيد جداَ | AK13: =IFERROR(VLOOKUP(AS16,اسماء,22,0),"") -> 0 | AM13: =IFERROR(VLOOKUP($M16,اسماء,32,0),"") -> 0 | AW13: =ادخال1!$M$8 -> التربية البدنية | AX13: =ادخال1!$M$7 -> 2 | AY13: =IFERROR(VLOOKUP(BI16,اسماء,12,0),"") | BA13: =IFERROR(VLOOKUP(BI16,اسماء,22,0),"") | BC13: =IFERROR(VLOOKUP($M16,اسماء,32,0),"") -> 0
A14: =ادخال1!$N$8 -> مكتبة | B14: =ادخال1!$N$7 -> 1 | C14: =IFERROR(VLOOKUP(M16,اسماء,13,0),"") -> 0 | E14: =IFERROR(VLOOKUP(M16,اسماء,23,0),"") -> 0 | G14: =IFERROR(VLOOKUP($M16,اسماء,33,0),"") -> 0 | Q14: =ادخال1!$N$8 -> مكتبة | R14: =ادخال1!$N$7 -> 1 | S14: =IFERROR(VLOOKUP(AC16,اسماء,13,0),"") -> 0 | U14: =IFERROR(VLOOKUP(AC16,اسماء,23,0),"") -> 0 | W14: =IFERROR(VLOOKUP($M16,اسماء,33,0),"") -> 0 | AG14: =ادخال1!$N$8 -> مكتبة | AH14: =ادخال1!$N$7 -> 1 | AI14: =IFERROR(VLOOKUP(AS16,اسماء,13,0),"") -> 0 | AK14: =IFERROR(VLOOKUP(AS16,اسماء,23,0),"") -> 0 | AM14: =IFERROR(VLOOKUP($M16,اسماء,33,0),"") -> 0 | AW14: =ادخال1!$N$8 -> مكتبة | AX14: =ادخال1!$N$7 -> 1 | AY14: =IFERROR(VLOOKUP(BI16,اسماء,13,0),"") | BA14: =IFERROR(VLOOKUP(BI16,اسماء,23,0),"") | BC14: =IFERROR(VLOOKUP($M16,اسماء,33,0),"") -> 0
I15: النتيجة النهائية | M15: بناء على الدرجات المبينة فى هذه البطاقة يعد التلميذ : | Y15: النتيجة النهائية | AC15: بناء على الدرجات المبينة فى هذه البطاقة يعد التلميذ : | AO15: النتيجة النهائية | AS15: بناء على الدرجات المبينة فى هذه البطاقة يعد التلميذ : | BE15: النتيجة النهائية | BI15: بناء على الدرجات المبينة فى هذه البطاقة يعد التلميذ : | BO15: 0 | BP15: ضعيف
A16: الســــــلوك | C16: =IFERROR(VLOOKUP(M16,اسماء,34,0),"") -> 0 | E16: =IFERROR(VLOOKUP(M16,اسماء,35,0),"") -> 0 | G16: =IFERROR(VLOOKUP(M16,اسماء,36,0),"") -> 0 | I16: =IFERROR(VLOOKUP(M16,اسماء,42,0),"") -> 0 | M16: =INDEX(عمود2,MATCH(O1,عمود1)) -> إبراهيم حمدي عبدالهادي ديهوم | Q16: الســــــلوك | S16: =IFERROR(VLOOKUP(AC16,اسماء,34,0),"") -> 0 | U16: =IFERROR(VLOOKUP(AC16,اسماء,35,0),"") -> 0 | W16: =IFERROR(VLOOKUP(AC16,اسماء,36,0),"") -> 0 | Y16: =IFERROR(VLOOKUP(AC16,اسماء,42,0),"") -> 0 | AC16: =INDEX(عمود2,MATCH(AE1,عمود1)) -> صباح النور أحمد صباح النور محمدين أحمد | AG16: الســــــلوك | AI16: =IFERROR(VLOOKUP(AS16,اسماء,34,0),"") -> 0 | AK16: =IFERROR(VLOOKUP(AS16,اسماء,35,0),"") -> 0 | AM16: =IFERROR(VLOOKUP(AS16,اسماء,36,0),"") -> 0 | AO16: =IFERROR(VLOOKUP(AS16,اسماء,42,0),"") -> 0 | AS16: =INDEX(عمود2,MATCH(AU1,عمود1)) -> محمود محمد محمود ابوبكر | AW16: الســــــلوك | AY16: =IFERROR(VLOOKUP(BI16,اسماء,34,0),"") | BA16: =IFERROR(VLOOKUP(BI16,اسماء,35,0),"") | BC16: =IFERROR(VLOOKUP(BI16,اسماء,36,0),"") | BE16: =IFERROR(VLOOKUP(BI16,اسماء,42,0),"") | BI16: =INDEX(عمود2,MATCH(BK1,عمود1)) -> 0 | BO16: =BN2*0.5 -> 108 | BP16: مقبول
A17: غياب مشروع | C17: =IFERROR(VLOOKUP(M16,اسماء,37,0),"") -> 0 | E17: =IFERROR(VLOOKUP(M16,اسماء,39,0),"") -> 0 | G17: =IFERROR(VLOOKUP(M16,اسماء,41,0),"") -> 0 | Q17: غياب مشروع | S17: =IFERROR(VLOOKUP(AC16,اسماء,37,0),"") -> 0 | U17: =IFERROR(VLOOKUP(AC16,اسماء,39,0),"") -> 0 | W17: =IFERROR(VLOOKUP(AC16,اسماء,41,0),"") -> 0 | AG17: غياب مشروع | AI17: =IFERROR(VLOOKUP(AS16,اسماء,37,0),"") -> 0 | AK17: =IFERROR(VLOOKUP(AS16,اسماء,39,0),"") -> 0 | AM17: =IFERROR(VLOOKUP(AS16,اسماء,41,0),"") -> 0 | AW17: غياب مشروع | AY17: =IFERROR(VLOOKUP(BI16,اسماء,37,0),"") | BA17: =IFERROR(VLOOKUP(BI16,اسماء,39,0),"") | BC17: =IFERROR(VLOOKUP(BI16,اسماء,41,0),"") | BO17: =BN2*0.65 -> 140.4 | BP17: جيد
A18: غياب غير مشروع | C18: =IFERROR(VLOOKUP(M16,اسماء,38,0),"") -> 0 | E18: =IFERROR(VLOOKUP(M16,اسماء,40,0),"") -> 0 | G18: =IFERROR(VLOOKUP(M16,اسماء,42,0),"") -> 0 | Q18: غياب غير مشروع | S18: =IFERROR(VLOOKUP(AC16,اسماء,38,0),"") -> 0 | U18: =IFERROR(VLOOKUP(AC16,اسماء,40,0),"") -> 0 | W18: =IFERROR(VLOOKUP(AC16,اسماء,42,0),"") -> 0 | AG18: غياب غير مشروع | AI18: =IFERROR(VLOOKUP(AS16,اسماء,38,0),"") -> 0 | AK18: =IFERROR(VLOOKUP(AS16,اسماء,40,0),"") -> 0 | AM18: =IFERROR(VLOOKUP(AS16,اسماء,42,0),"") -> 0 | AW18: غياب غير مشروع | AY18: =IFERROR(VLOOKUP(BI16,اسماء,38,0),"") | BA18: =IFERROR(VLOOKUP(BI16,اسماء,40,0),"") | BC18: =IFERROR(VLOOKUP(BI16,اسماء,42,0),"") | BO18: =BN2*0.75 -> 162 | BP18: جيدجداً
BO19: =BN2*0.85 -> 183.6 | BP19: ممتاز
A20: التوقيعــــات | B20: الفترة الاولى | D20: الفترة الثانية | G20: الفترة الثالثة | I20: اعتماد النتيجة النهائيـــة للتلميــذ | Q20: التوقيعــــات | R20: الفترة الاولى | T20: الفترة الثانية | W20: الفترة الثالثة | Y20: اعتماد النتيجة النهائيـــة للتلميــذ | AG20: التوقيعــــات | AH20: الفترة الاولى | AJ20: الفترة الثانية | AM20: الفترة الثالثة | AO20: اعتماد النتيجة النهائيـــة للتلميــذ | AW20: التوقيعــــات | AX20: الفترة الاولى | AZ20: الفترة الثانية | BC20: الفترة الثالثة | BE20: اعتماد النتيجة النهائيـــة للتلميــذ
A21: رائد الفصل | I21: مدير المدرسة/ | K21: =ادخال1!$BG$5 -> د. عبدالرحمن خليفة العريبي | Q21: رائد الفصل | Y21: مدير المدرسة/ | AA21: =ادخال1!$BG$5 -> د. عبدالرحمن خليفة العريبي | AG21: رائد الفصل | AO21: مدير المدرسة/ | AQ21: =ادخال1!$BG$5 -> د. عبدالرحمن خليفة العريبي | AW21: رائد الفصل | BE21: مدير المدرسة/ | BG21: =ادخال1!$BG$5 -> د. عبدالرحمن خليفة العريبي
A22: مدير المدرسة | I22: التاريخ | Q22: مدير المدرسة | Y22: التاريخ | AC22: =TODAY() -> 46008 | AG22: مدير المدرسة | AO22: التاريخ | AS22: =TODAY() -> 46008 | AW22: مدير المدرسة | BE22: التاريخ | BI22: =TODAY() -> 46008
A23: ولى الامر | I23: الختـــم | Q23: ولى الامر | Y23: الختـــم | AG23: ولى الامر | AO23: الختـــم | AW23: ولى الامر | BE23: الختـــم
A25: ملاحظات هامــة : | I25: توجيهات الى أولياء الآمــــور : | Q25: ملاحظات هامــة : | Y25: توجيهات الى أولياء الآمــــور : | AG25: ملاحظات هامــة : | AO25: توجيهات الى أولياء الآمــــور : | AW25: ملاحظات هامــة : | BE25: توجيهات الى أولياء الآمــــور :
A26: 1- تحسب درجـــــات كل فترة عن طريق الاختبارات التحريرية والشفهية والمتابعة اليومية ويخصص للفترة الاولى 30 % وللفترة الثانيــة 30 % وللفترة الثالثــة 40 % من درجة النهائية الكبرى للمادة . | I26: لما كان توثيق الصلة بين المدرسة والمنزل أمراً ضرورياً لتؤدي المدرسة رسالتها على الوجه الأكمل فـــــى تنميــة قدرات أبنائنا وترشيد سلوكهم واستثمار طاقاتهم لـــــذا يطلب من الأخوة أولياء الأمور الاستجابة للتوجيهات التالية : | Q26: 1- تحسب درجـــــات كل فترة عن طريق الاختبارات التحريرية والشفهية والمتابعة اليومية ويخصص للفترة الاولى 30 % وللفترة الثانيــة 30 % وللفترة الثالثــة 40 % من درجة النهائية الكبرى للمادة . | Y26: لما كان توثيق الصلة بين المدرسة والمنزل أمراً ضرورياً لتؤدي المدرسة رسالتها على الوجه الأكمل فـــــى تنميــة قدرات أبنائنا وترشيد سلوكهم واستثمار طاقاتهم لـــــذا يطلب من الأخوة أولياء الأمور الاستجابة للتوجيهات التالية : | AG26: 1- تحسب درجـــــات كل فترة عن طريق الاختبارات التحريرية والشفهية والمتابعة اليومية ويخصص للفترة الاولى 30 % وللفترة الثانيــة 30 % وللفترة الثالثــة 40 % من درجة النهائية الكبرى للمادة . | AO26: لما كان توثيق الصلة بين المدرسة والمنزل أمراً ضرورياً لتؤدي المدرسة رسالتها على الوجه الأكمل فـــــى تنميــة قدرات أبنائنا وترشيد سلوكهم واستثمار طاقاتهم لـــــذا يطلب من الأخوة أولياء الأمور الاستجابة للتوجيهات التالية : | AW26: 1- تحسب درجـــــات كل فترة عن طريق الاختبارات التحريرية والشفهية والمتابعة اليومية ويخصص للفترة الاولى 30 % وللفترة الثانيــة 30 % وللفترة الثالثــة 40 % من درجة النهائية الكبرى للمادة . | BE26: لما كان توثيق الصلة بين المدرسة والمنزل أمراً ضرورياً لتؤدي المدرسة رسالتها على الوجه الأكمل فـــــى تنميــة قدرات أبنائنا وترشيد سلوكهم واستثمار طاقاتهم لـــــذا يطلب من الأخوة أولياء الأمور الاستجابة للتوجيهات التالية :
A30: 2- يشتراط لنجاح التلميذ الحصول على النهاية الصغري المقررة لكل مادة على الاقل. | Q30: 2- يشتراط لنجاح التلميذ الحصول على النهاية الصغري المقررة لكل مادة على الاقل. | AG30: 2- يشتراط لنجاح التلميذ الحصول على النهاية الصغري المقررة لكل مادة على الاقل. | AW30: 2- يشتراط لنجاح التلميذ الحصول على النهاية الصغري المقررة لكل مادة على الاقل.
I31: 1- تنظيم أوقات ابنائهم خارج المدرسة ومتابعة واجباتهم اليومية . | Y31: 1- تنظيم أوقات ابنائهم خارج المدرسة ومتابعة واجباتهم اليومية . | AO31: 1- تنظيم أوقات ابنائهم خارج المدرسة ومتابعة واجباتهم اليومية . | BE31: 1- تنظيم أوقات ابنائهم خارج المدرسة ومتابعة واجباتهم اليومية .
I32: 2- الحضور للمدرسة من وقت لآخر والاستفسار عن سلوك أبنائهم ومستواهم التحصيلي ،ودراسة ما قد يعترضهم من مشكلات. | Y32: 2- الحضور للمدرسة من وقت لآخر والاستفسار عن سلوك أبنائهم ومستواهم التحصيلي ،ودراسة ما قد يعترضهم من مشكلات. | AO32: 2- الحضور للمدرسة من وقت لآخر والاستفسار عن سلوك أبنائهم ومستواهم التحصيلي ،ودراسة ما قد يعترضهم من مشكلات. | BE32: 2- الحضور للمدرسة من وقت لآخر والاستفسار عن سلوك أبنائهم ومستواهم التحصيلي ،ودراسة ما قد يعترضهم من مشكلات.
B34: تنبيه:- | I34: 3- إفادة المدرسة بأسباب الغياب أولاً بأول. | R34: تنبيه:- | Y34: 3- إفادة المدرسة بأسباب الغياب أولاً بأول. | AH34: تنبيه:- | AO34: 3- إفادة المدرسة بأسباب الغياب أولاً بأول. | AX34: تنبيه:- | BE34: 3- إفادة المدرسة بأسباب الغياب أولاً بأول.
B35: يجب إعطاء هذه البطاقة للتلميذ فى نهاية كل فترة | I35: 4- الإسراع عند مرض التلميذ لعرضه على الطبيب المختص والالتزام بتعليمات. | R35: يجب إعطاء هذه البطاقة للتلميذ فى نهاية كل فترة | Y35: 4- الإسراع عند مرض التلميذ لعرضه على الطبيب المختص والالتزام بتعليمات. | AH35: يجب إعطاء هذه البطاقة للتلميذ فى نهاية كل فترة | AO35: 4- الإسراع عند مرض التلميذ لعرضه على الطبيب المختص والالتزام بتعليمات. | AX35: يجب إعطاء هذه البطاقة للتلميذ فى نهاية كل فترة | BE35: 4- الإسراع عند مرض التلميذ لعرضه على الطبيب المختص والالتزام بتعليمات.
B36: كل كشط أو تغيير في هذه البطاقة يلغيها. | R36: كل كشط أو تغيير في هذه البطاقة يلغيها. | AH36: كل كشط أو تغيير في هذه البطاقة يلغيها. | AX36: كل كشط أو تغيير في هذه البطاقة يلغيها.
I37: 5- تشجيع الابناء على المشاركة فى النشاط المدرسي لانه متمم للعملية التعليمية. | Y37: 5- تشجيع الابناء على المشاركة فى النشاط المدرسي لانه متمم للعملية التعليمية. | AO37: 5- تشجيع الابناء على المشاركة فى النشاط المدرسي لانه متمم للعملية التعليمية. | BE37: 5- تشجيع الابناء على المشاركة فى النشاط المدرسي لانه متمم للعملية التعليمية.
A41: بطاقة تقدير الدرجات للصــــف | D41: =ادخال1!$K$4 -> الأول | F41: من التعليم الأساسي | O41: =O1+1 -> 2 | Q41: بطاقة تقدير الدرجات للصــــف | T41: =ادخال1!$K$4 -> الأول | V41: من التعليم الأساسي | AE41: =AE1+1 -> 7 | AG41: بطاقة تقدير الدرجات للصــــف | AJ41: =ادخال1!$K$4 -> الأول | AL41: من التعليم الأساسي | AU41: =AU1+1 -> 12 | AW41: بطاقة تقدير الدرجات للصــــف | AZ41: =ادخال1!$K$4 -> الأول | BB41: من التعليم الأساسي | BK41: =BK1+1 -> 17
A42: المدرسة/ | B42: =ادخال1!$B$5 -> سهول العلم للتعليم الخاص | H42: الاسم | J42: =M55 -> بناء على الدرجات المبينة فى هذه البطاقة يعد التلميذ : | Q42: المدرسة/ | R42: =ادخال1!$B$5 -> سهول العلم للتعليم الخاص | X42: الاسم | Z42: =AC55 -> بناء على الدرجات المبينة فى هذه البطاقة يعد التلميذ : | AG42: المدرسة/ | AH42: =ادخال1!$B$5 -> سهول العلم للتعليم الخاص | AN42: الاسم | AP42: =AS55 -> بناء على الدرجات المبينة فى هذه البطاقة يعد التلميذ : | AW42: المدرسة/ | AX42: =ادخال1!$B$5 -> سهول العلم للتعليم الخاص | BD42: الاسم | BF42: =BI55 -> بناء على الدرجات المبينة فى هذه البطاقة يعد التلميذ :
A43: الفترات | B43: عدد الحصص | C43: الفترة الأولي 30 % | E43: الفترة الثانية 30 % | G43: الفترة الثالثة 40% | I43: النتيجة النهائيــة 100% | M43: ملاحظــات عن نتيجة التلميذ خلال كل فترة : | Q43: الفترات | R43: عدد الحصص | S43: الفترة الأولي 30 % | U43: الفترة الثانية 30 % | W43: الفترة الثالثة 40% | Y43: النتيجة النهائيــة 100% | AC43: ملاحظــات عن نتيجة التلميذ خلال كل فترة : | AG43: الفترات | AH43: عدد الحصص | AI43: الفترة الأولي 30 % | AK43: الفترة الثانية 30 % | AM43: الفترة الثالثة 40% | AO43: النتيجة النهائيــة 100% | AS43: ملاحظــات عن نتيجة التلميذ خلال كل فترة : | AW43: الفترات | AX43: عدد الحصص | AY43: الفترة الأولي 30 % | BA43: الفترة الثانية 30 % | BC43: الفترة الثالثة 40% | BE43: النتيجة النهائيــة 100% | BI43: ملاحظــات عن نتيجة التلميذ خلال كل فترة :
A44: المواد الدراسية | C44: الدرجة الكبرى | D44: درجة التلميذ | E44: الدرجة الكبرى | F44: درجة التلميذ | G44: الدرجة الكبرى | H44: درجة التلميذ | I44: النهاية الكبرى | J44: النهاية الصغري | K44: درجة التلميذ | M44: الأولي : | N44: =IF(D50=0,"",IF(AND(D45>=C45*0.4,D46>=C46*0.4,D47>=C47*0.4,D48>=C48*0.4,D49>=C49*0.4),LOOKUP(D50,$BO$15:$BP$19),"ضعيف ويحتاج الى اهتمام في المواد")) -> جيدجداً | Q44: المواد الدراسية | S44: الدرجة الكبرى | T44: درجة التلميذ | U44: الدرجة الكبرى | V44: درجة التلميذ | W44: الدرجة الكبرى | X44: درجة التلميذ | Y44: النهاية الكبرى | Z44: النهاية الصغري | AA44: درجة التلميذ | AC44: الأولي : | AD44: =IF(T50=0,"",IF(AND(T45>=S45*0.4,T46>=S46*0.4,T47>=S47*0.4,T48>=S48*0.4,T49>=S49*0.4),LOOKUP(T50,$BO$15:$BP$19),"ضعيف ويحتاج الى اهتمام في المواد")) -> ممتاز | AG44: المواد الدراسية | AI44: الدرجة الكبرى | AJ44: درجة التلميذ | AK44: الدرجة الكبرى | AL44: درجة التلميذ | AM44: الدرجة الكبرى | AN44: درجة التلميذ | AO44: النهاية الكبرى | AP44: النهاية الصغري | AQ44: درجة التلميذ | AS44: الأولي : | AT44: =IF(AJ50=0,"",IF(AND(AJ45>=AI45*0.4,AJ46>=AI46*0.4,AJ47>=AI47*0.4,AJ48>=AI48*0.4,AJ49>=AI49*0.4),LOOKUP(AJ50,$BO$15:$BP$19),"ضعيف ويحتاج الى اهتمام في المواد")) -> ممتاز | AW44: المواد الدراسية | AY44: الدرجة الكبرى | AZ44: درجة التلميذ | BA44: الدرجة الكبرى | BB44: درجة التلميذ | BC44: الدرجة الكبرى | BD44: درجة التلميذ | BE44: النهاية الكبرى | BF44: النهاية الصغري | BG44: درجة التلميذ | BI44: الأولي : | BJ44: =IF(AZ50=0,"",IF(AND(AZ45>=AY45*0.4,AZ46>=AY46*0.4,AZ47>=AY47*0.4,AZ48>=AY48*0.4,AZ49>=AY49*0.4),LOOKUP(AZ50,$BO$15:$BP$19),"ضعيف ويحتاج الى اهتمام في المواد"))
A45: =ادخال1!$F$9 -> التربية الإسلامية | B45: =ادخال1!$F$7 -> 3 | C45: =40*B45*0.3 -> 36 | D45: =IFERROR(VLOOKUP(M56,اسماء,5,0),"") -> 29 | E45: =40*B45*0.3 -> 36 | F45: =IFERROR(VLOOKUP(M56,اسماء,15,0),"") -> 0 | G45: =40*B45*0.4 -> 48 | H45: =IFERROR(VLOOKUP(M56,اسماء,28,0),"") -> 0 | I45: =SUM(C45,E45,G45) -> 120 | J45: =0.4*I45 -> 48 | K45: =SUM(D45,F45,H45) -> 29 | M45: =IF(D45=0,"",IF(D45<C45*0.4,A45,"")) | N45: =IF(D46=0,"",IF(D46<C46*0.4,A46,"")) | O45: =IF(D47=0,"",IF(D47<C47*0.4,A47,"")) | Q45: =ادخال1!$F$9 -> التربية الإسلامية | R45: =ادخال1!$F$7 -> 3 | S45: =40*R45*0.3 -> 36 | T45: =IFERROR(VLOOKUP(AC56,اسماء,5,0),"") -> 36 | U45: =40*R45*0.3 -> 36 | V45: =IFERROR(VLOOKUP(AC56,اسماء,15,0),"") -> 0 | W45: =40*R45*0.4 -> 48 | X45: =IFERROR(VLOOKUP(AC56,اسماء,28,0),"") -> 0 | Y45: =SUM(S45,U45,W45) -> 120 | Z45: =0.4*Y45 -> 48 | AA45: =SUM(T45,V45,X45) -> 36 | AC45: =IF(T45=0,"",IF(T45<S45*0.4,Q45,"")) | AD45: =IF(T46=0,"",IF(T46<S46*0.4,Q46,"")) | AE45: =IF(T47=0,"",IF(T47<S47*0.4,Q47,"")) | AG45: =ادخال1!$F$9 -> التربية الإسلامية | AH45: =ادخال1!$F$7 -> 3 | AI45: =40*AH45*0.3 -> 36 | AJ45: =IFERROR(VLOOKUP(AS56,اسماء,5,0),"") -> 36 | AK45: =40*AH45*0.3 -> 36 | AL45: =IFERROR(VLOOKUP(AS56,اسماء,15,0),"") -> 0 | AM45: =40*AH45*0.4 -> 48 | AN45: =IFERROR(VLOOKUP(AS56,اسماء,28,0),"") -> 0 | AO45: =SUM(AI45,AK45,AM45) -> 120 | AP45: =0.4*AO45 -> 48 | AQ45: =SUM(AJ45,AL45,AN45) -> 36 | AS45: =IF(AJ45=0,"",IF(AJ45<AI45*0.4,AG45,"")) | AT45: =IF(AJ46=0,"",IF(AJ46<AI46*0.4,AG46,"")) | AU45: =IF(AJ47=0,"",IF(AJ47<AI47*0.4,AG47,"")) | AW45: =ادخال1!$F$9 -> التربية الإسلامية | AX45: =ادخال1!$F$7 -> 3 | AY45: =40*AX45*0.3 -> 36 | AZ45: =IFERROR(VLOOKUP(BI56,اسماء,5,0),"") | BA45: =40*AX45*0.3 -> 36 | BB45: =IFERROR(VLOOKUP(BI56,اسماء,15,0),"") | BC45: =40*AX45*0.4 -> 48 | BD45: =IFERROR(VLOOKUP(BI56,اسماء,28,0),"") | BE45: =SUM(AY45,BA45,BC45) -> 120 | BF45: =0.4*BE45 -> 48 | BG45: =SUM(AZ45,BB45,BD45) -> 0 | BI45: =IF(AZ45=0,"",IF(AZ45<AY45*0.4,AW45,"")) | BJ45: =IF(AZ46=0,"",IF(AZ46<AY46*0.4,AW46,"")) | BK45: =IF(AZ47=0,"",IF(AZ47<AY47*0.4,AW47,""))
A46: =ادخال1!$G$9 -> اللغة العربية | B46: =ادخال1!$G$7 -> 6 | C46: =40*B46*0.3 -> 72 | D46: =IFERROR(VLOOKUP(M56,اسماء,6,0),"") -> 56 | E46: =40*B46*0.3 -> 72 | F46: =IFERROR(VLOOKUP(M56,اسماء,16,0),"") -> 0 | G46: =40*B46*0.4 -> 96 | H46: =IFERROR(VLOOKUP(M56,اسماء,26,0),"") -> 0 | I46: =SUM(C46,E46,G46) -> 240 | J46: =0.4*I46 -> 96 | K46: =SUM(D46,F46,H46) -> 56 | M46: =IF(D48=0,"",IF(D48<C48*0.4,A48,"")) | N46: =IF(D49=0,"",IF(D49<C49*0.4,A49,"")) | Q46: =ادخال1!$G$9 -> اللغة العربية | R46: =ادخال1!$G$7 -> 6 | S46: =40*R46*0.3 -> 72 | T46: =IFERROR(VLOOKUP(AC56,اسماء,6,0),"") -> 70 | U46: =40*R46*0.3 -> 72 | V46: =IFERROR(VLOOKUP(AC56,اسماء,16,0),"") -> 0 | W46: =40*R46*0.4 -> 96 | X46: =IFERROR(VLOOKUP(AC56,اسماء,26,0),"") -> 0 | Y46: =SUM(S46,U46,W46) -> 240 | Z46: =0.4*Y46 -> 96 | AA46: =SUM(T46,V46,X46) -> 70 | AC46: =IF(T48=0,"",IF(T48<S48*0.4,Q48,"")) | AD46: =IF(T49=0,"",IF(T49<S49*0.4,Q49,"")) | AG46: =ادخال1!$G$9 -> اللغة العربية | AH46: =ادخال1!$G$7 -> 6 | AI46: =40*AH46*0.3 -> 72 | AJ46: =IFERROR(VLOOKUP(AS56,اسماء,6,0),"") -> 70 | AK46: =40*AH46*0.3 -> 72 | AL46: =IFERROR(VLOOKUP(AS56,اسماء,16,0),"") -> 0 | AM46: =40*AH46*0.4 -> 96 | AN46: =IFERROR(VLOOKUP(AS56,اسماء,26,0),"") -> 0 | AO46: =SUM(AI46,AK46,AM46) -> 240 | AP46: =0.4*AO46 -> 96 | AQ46: =SUM(AJ46,AL46,AN46) -> 70 | AS46: =IF(AJ48=0,"",IF(AJ48<AI48*0.4,AG48,"")) | AT46: =IF(AJ49=0,"",IF(AJ49<AI49*0.4,AG49,"")) | AW46: =ادخال1!$G$9 -> اللغة العربية | AX46: =ادخال1!$G$7 -> 6 | AY46: =40*AX46*0.3 -> 72 | AZ46: =IFERROR(VLOOKUP(BI56,اسماء,6,0),"") | BA46: =40*AX46*0.3 -> 72 | BB46: =IFERROR(VLOOKUP(BI56,اسماء,16,0),"") | BC46: =40*AX46*0.4 -> 96 | BD46: =IFERROR(VLOOKUP(BI56,اسماء,26,0),"") | BE46: =SUM(AY46,BA46,BC46) -> 240 | BF46: =0.4*BE46 -> 96 | BG46: =SUM(AZ46,BB46,BD46) -> 0 | BI46: =IF(AZ48=0,"",IF(AZ48<AY48*0.4,AW48,"")) | BJ46: =IF(AZ49=0,"",IF(AZ49<AY49*0.4,AW49,""))
A47: =ادخال1!$H$9 -> اللغة الإنجليزية | B47: =ادخال1!$H$7 -> 3 | C47: =40*B47*0.3 -> 36 | D47: =IFERROR(VLOOKUP(M56,اسماء,7,0),"") -> 28 | E47: =40*B47*0.3 -> 36 | F47: =IFERROR(VLOOKUP(M56,اسماء,16,0),"") -> 0 | G47: =40*B47*0.4 -> 48 | H47: =IFERROR(VLOOKUP(M56,اسماء,27,0),"") -> 0 | I47: =SUM(C47,E47,G47) -> 120 | J47: =0.4*I47 -> 48 | K47: =SUM(D47,F47,H47) -> 28 | M47: الثانية : | N47: =IF(F50=0,"",IF(AND(F45>=E45*0.4,F46>=E46*0.4,F47>=E47*0.4,F48>=E48*0.4,F49>=E49*0.4),LOOKUP(F50,'الصحيفة النهائية'!$BO$15:$BP$19),"ضعيف ويحتاج الى اهتمام في المواد")) | Q47: =ادخال1!$H$9 -> اللغة الإنجليزية | R47: =ادخال1!$H$7 -> 3 | S47: =40*R47*0.3 -> 36 | T47: =IFERROR(VLOOKUP(AC56,اسماء,7,0),"") -> 35 | U47: =40*R47*0.3 -> 36 | V47: =IFERROR(VLOOKUP(AC56,اسماء,16,0),"") -> 0 | W47: =40*R47*0.4 -> 48 | X47: =IFERROR(VLOOKUP(AC56,اسماء,27,0),"") -> 0 | Y47: =SUM(S47,U47,W47) -> 120 | Z47: =0.4*Y47 -> 48 | AA47: =SUM(T47,V47,X47) -> 35 | AC47: الثانية : | AD47: =IF(V50=0,"",IF(AND(V45>=U45*0.4,V46>=U46*0.4,V47>=U47*0.4,V48>=U48*0.4,V49>=U49*0.4),LOOKUP(V50,'الصحيفة النهائية'!$BO$15:$BP$19),"ضعيف ويحتاج الى اهتمام في المواد")) | AG47: =ادخال1!$H$9 -> اللغة الإنجليزية | AH47: =ادخال1!$H$7 -> 3 | AI47: =40*AH47*0.3 -> 36 | AJ47: =IFERROR(VLOOKUP(AS56,اسماء,7,0),"") -> 36 | AK47: =40*AH47*0.3 -> 36 | AL47: =IFERROR(VLOOKUP(AS56,اسماء,16,0),"") -> 0 | AM47: =40*AH47*0.4 -> 48 | AN47: =IFERROR(VLOOKUP(AS56,اسماء,27,0),"") -> 0 | AO47: =SUM(AI47,AK47,AM47) -> 120 | AP47: =0.4*AO47 -> 48 | AQ47: =SUM(AJ47,AL47,AN47) -> 36 | AS47: الثانية : | AT47: =IF(AL50=0,"",IF(AND(AL45>=AK45*0.4,AL46>=AK46*0.4,AL47>=AK47*0.4,AL48>=AK48*0.4,AL49>=AK49*0.4),LOOKUP(AL50,'الصحيفة النهائية'!$BO$15:$BP$19),"ضعيف ويحتاج الى اهتمام في المواد")) | AW47: =ادخال1!$H$9 -> اللغة الإنجليزية | AX47: =ادخال1!$H$7 -> 3 | AY47: =40*AX47*0.3 -> 36 | AZ47: =IFERROR(VLOOKUP(BI56,اسماء,7,0),"") | BA47: =40*AX47*0.3 -> 36 | BB47: =IFERROR(VLOOKUP(BI56,اسماء,16,0),"") | BC47: =40*AX47*0.4 -> 48 | BD47: =IFERROR(VLOOKUP(BI56,اسماء,27,0),"") | BE47: =SUM(AY47,BA47,BC47) -> 120 | BF47: =0.4*BE47 -> 48 | BG47: =SUM(AZ47,BB47,BD47) -> 0 | BI47: الثانية : | BJ47: =IF(BB50=0,"",IF(AND(BB45>=BA45*0.4,BB46>=BA46*0.4,BB47>=BA47*0.4,BB48>=BA48*0.4,BB49>=BA49*0.4),LOOKUP(BB50,'الصحيفة النهائية'!$BO$15:$BP$19),"ضعيف ويحتاج الى اهتمام في المواد"))
A48: =ادخال1!$I$9 -> الحاسوب | B48: =ادخال1!$I$7 -> 1 | C48: =40*B48*0.3 -> 12 | D48: =IFERROR(VLOOKUP(M56,اسماء,8,0),"") -> 12 | E48: =40*B48*0.3 -> 12 | F48: =IFERROR(VLOOKUP(M56,اسماء,18,0),"") -> 0 | G48: =40*B48*0.4 -> 16 | H48: =IFERROR(VLOOKUP(M56,اسماء,28,0),"") -> 0 | I48: =SUM(C48,E48,G48) -> 40 | J48: =0.4*I48 -> 16 | K48: =SUM(D48,F48,H48) -> 12 | M48: =IF(F45=0,"",IF(F45<E45*0.4,A45,"")) | N48: =IF(F46=0,"",IF(F46<E46*0.4,A46,"")) | O48: =IF(F47=0,"",IF(F47<E47*0.4,A47,"")) | Q48: =ادخال1!$I$9 -> الحاسوب | R48: =ادخال1!$I$7 -> 1 | S48: =40*R48*0.3 -> 12 | T48: =IFERROR(VLOOKUP(AC56,اسماء,8,0),"") -> 12 | U48: =40*R48*0.3 -> 12 | V48: =IFERROR(VLOOKUP(AC56,اسماء,18,0),"") -> 0 | W48: =40*R48*0.4 -> 16 | X48: =IFERROR(VLOOKUP(AC56,اسماء,28,0),"") -> 0 | Y48: =SUM(S48,U48,W48) -> 40 | Z48: =0.4*Y48 -> 16 | AA48: =SUM(T48,V48,X48) -> 12 | AC48: =IF(V45=0,"",IF(V45<U45*0.4,Q45,"")) | AD48: =IF(V46=0,"",IF(V46<U46*0.4,Q46,"")) | AE48: =IF(V47=0,"",IF(V47<U47*0.4,Q47,"")) | AG48: =ادخال1!$I$9 -> الحاسوب | AH48: =ادخال1!$I$7 -> 1 | AI48: =40*AH48*0.3 -> 12 | AJ48: =IFERROR(VLOOKUP(AS56,اسماء,8,0),"") -> 12 | AK48: =40*AH48*0.3 -> 12 | AL48: =IFERROR(VLOOKUP(AS56,اسماء,18,0),"") -> 0 | AM48: =40*AH48*0.4 -> 16 | AN48: =IFERROR(VLOOKUP(AS56,اسماء,28,0),"") -> 0 | AO48: =SUM(AI48,AK48,AM48) -> 40 | AP48: =0.4*AO48 -> 16 | AQ48: =SUM(AJ48,AL48,AN48) -> 12 | AS48: =IF(AL45=0,"",IF(AL45<AK45*0.4,AG45,"")) | AT48: =IF(AL46=0,"",IF(AL46<AK46*0.4,AG46,"")) | AU48: =IF(AL47=0,"",IF(AL47<AK47*0.4,AG47,"")) | AW48: =ادخال1!$I$9 -> الحاسوب | AX48: =ادخال1!$I$7 -> 1 | AY48: =40*AX48*0.3 -> 12 | AZ48: =IFERROR(VLOOKUP(BI56,اسماء,8,0),"") | BA48: =40*AX48*0.3 -> 12 | BB48: =IFERROR(VLOOKUP(BI56,اسماء,18,0),"") | BC48: =40*AX48*0.4 -> 16 | BD48: =IFERROR(VLOOKUP(BI56,اسماء,28,0),"") | BE48: =SUM(AY48,BA48,BC48) -> 40 | BF48: =0.4*BE48 -> 16 | BG48: =SUM(AZ48,BB48,BD48) -> 0 | BI48: =IF(BB45=0,"",IF(BB45<BA45*0.4,AW45,"")) | BJ48: =IF(BB46=0,"",IF(BB46<BA46*0.4,AW46,"")) | BK48: =IF(BB47=0,"",IF(BB47<BA47*0.4,AW47,""))
A49: =ادخال1!$J$9 -> الرياضيات | B49: =ادخال1!$J$7 -> 5 | C49: =40*B49*0.3 -> 60 | D49: =IFERROR(VLOOKUP(M56,اسماء,9,0),"") -> 48 | E49: =40*B49*0.3 -> 60 | F49: =IFERROR(VLOOKUP(M56,اسماء,19,0),"") -> 0 | G49: =40*B49*0.4 -> 80 | H49: =IFERROR(VLOOKUP(M56,اسماء,29,0),"") -> 0 | I49: =SUM(C49,E49,G49) -> 200 | J49: =0.4*I49 -> 80 | K49: =SUM(D49,F49,H49) -> 48 | M49: =IF(F48=0,"",IF(F48<E48*0.4,A48,"")) | N49: =IF(F49=0,"",IF(F49<E49*0.4,A49,"")) | Q49: =ادخال1!$J$9 -> الرياضيات | R49: =ادخال1!$J$7 -> 5 | S49: =40*R49*0.3 -> 60 | T49: =IFERROR(VLOOKUP(AC56,اسماء,9,0),"") -> 60 | U49: =40*R49*0.3 -> 60 | V49: =IFERROR(VLOOKUP(AC56,اسماء,19,0),"") -> 0 | W49: =40*R49*0.4 -> 80 | X49: =IFERROR(VLOOKUP(AC56,اسماء,29,0),"") -> 0 | Y49: =SUM(S49,U49,W49) -> 200 | Z49: =0.4*Y49 -> 80 | AA49: =SUM(T49,V49,X49) -> 60 | AC49: =IF(V48=0,"",IF(V48<U48*0.4,Q48,"")) | AD49: =IF(V49=0,"",IF(V49<U49*0.4,Q49,"")) | AG49: =ادخال1!$J$9 -> الرياضيات | AH49: =ادخال1!$J$7 -> 5 | AI49: =40*AH49*0.3 -> 60 | AJ49: =IFERROR(VLOOKUP(AS56,اسماء,9,0),"") -> 60 | AK49: =40*AH49*0.3 -> 60 | AL49: =IFERROR(VLOOKUP(AS56,اسماء,19,0),"") -> 0 | AM49: =40*AH49*0.4 -> 80 | AN49: =IFERROR(VLOOKUP(AS56,اسماء,29,0),"") -> 0 | AO49: =SUM(AI49,AK49,AM49) -> 200 | AP49: =0.4*AO49 -> 80 | AQ49: =SUM(AJ49,AL49,AN49) -> 60 | AS49: =IF(AL48=0,"",IF(AL48<AK48*0.4,AG48,"")) | AT49: =IF(AL49=0,"",IF(AL49<AK49*0.4,AG49,"")) | AW49: =ادخال1!$J$9 -> الرياضيات | AX49: =ادخال1!$J$7 -> 5 | AY49: =40*AX49*0.3 -> 60 | AZ49: =IFERROR(VLOOKUP(BI56,اسماء,9,0),"") | BA49: =40*AX49*0.3 -> 60 | BB49: =IFERROR(VLOOKUP(BI56,اسماء,19,0),"") | BC49: =40*AX49*0.4 -> 80 | BD49: =IFERROR(VLOOKUP(BI56,اسماء,29,0),"") | BE49: =SUM(AY49,BA49,BC49) -> 200 | BF49: =0.4*BE49 -> 80 | BG49: =SUM(AZ49,BB49,BD49) -> 0 | BI49: =IF(BB48=0,"",IF(BB48<BA48*0.4,AW48,"")) | BJ49: =IF(BB49=0,"",IF(BB49<BA49*0.4,AW49,""))
A50: المجموع العـام | C50: =SUM(C45:C49) -> 216 | D50: =SUM(D45:D49) -> 173 | E50: =SUM(E45:E49) -> 216 | F50: =SUM(F45:F49) -> 0 | G50: =SUM(G45:G49) -> 288 | H50: =SUM(H45:H49) -> 0 | I50: =SUM(I45:I49) -> 720 | K50: =IF(AND(K45>=J45,K46>=J46,K47>=J47,K48>=J48,K49>=J49),SUM(K45:K49),0) -> 0 | M50: الثالثة: | N50: =IF(H50=0,"",IF(AND(H45>=G45*0.4,H46>=G46*0.4,H47>=G47*0.4,H48>=G48*0.4,H49>=G49*0.4),LOOKUP(H50,'الصحيفة النهائية'!$BO$8:$BP$12),"ضعيف ويحتاج الى اهتمام في المواد")) | Q50: المجموع العـام | S50: =SUM(S45:S49) -> 216 | T50: =SUM(T45:T49) -> 213 | U50: =SUM(U45:U49) -> 216 | V50: =SUM(V45:V49) -> 0 | W50: =SUM(W45:W49) -> 288 | X50: =SUM(X45:X49) -> 0 | Y50: =SUM(Y45:Y49) -> 720 | AA50: =IF(AND(AA45>=Z45,AA46>=Z46,AA47>=Z47,AA48>=Z48,AA49>=Z49),SUM(AA45:AA49),0) -> 0 | AC50: الثالثة: | AD50: =IF(X50=0,"",IF(AND(X45>=W45*0.4,X46>=W46*0.4,X47>=W47*0.4,X48>=W48*0.4,X49>=W49*0.4),LOOKUP(X50,'الصحيفة النهائية'!$BO$8:$BP$12),"ضعيف ويحتاج الى اهتمام في المواد")) | AG50: المجموع العـام | AI50: =SUM(AI45:AI49) -> 216 | AJ50: =SUM(AJ45:AJ49) -> 214 | AK50: =SUM(AK45:AK49) -> 216 | AL50: =SUM(AL45:AL49) -> 0 | AM50: =SUM(AM45:AM49) -> 288 | AN50: =SUM(AN45:AN49) -> 0 | AO50: =SUM(AO45:AO49) -> 720 | AQ50: =IF(AND(AQ45>=AP45,AQ46>=AP46,AQ47>=AP47,AQ48>=AP48,AQ49>=AP49),SUM(AQ45:AQ49),0) -> 0 | AS50: الثالثة: | AT50: =IF(AN50=0,"",IF(AND(AN45>=AM45*0.4,AN46>=AM46*0.4,AN47>=AM47*0.4,AN48>=AM48*0.4,AN49>=AM49*0.4),LOOKUP(AN50,'الصحيفة النهائية'!$BO$8:$BP$12),"ضعيف ويحتاج الى اهتمام في المواد")) | AW50: المجموع العـام | AY50: =SUM(AY45:AY49) -> 216 | AZ50: =SUM(AZ45:AZ49) -> 0 | BA50: =SUM(BA45:BA49) -> 216 | BB50: =SUM(BB45:BB49) -> 0 | BC50: =SUM(BC45:BC49) -> 288 | BD50: =SUM(BD45:BD49) -> 0 | BE50: =SUM(BE45:BE49) -> 720 | BG50: =IF(AND(BG45>=BF45,BG46>=BF46,BG47>=BF47,BG48>=BF48,BG49>=BF49),SUM(BG45:BG49),0) -> 0 | BI50: الثالثة: | BJ50: =IF(BD50=0,"",IF(AND(BD45>=BC45*0.4,BD46>=BC46*0.4,BD47>=BC47*0.4,BD48>=BC48*0.4,BD49>=BC49*0.4),LOOKUP(BD50,'الصحيفة النهائية'!$BO$8:$BP$12),"ضعيف ويحتاج الى اهتمام في المواد"))
A51: الرقم الوطني | C51: =IFERROR(VLOOKUP(M56,اسماء,59,0),"") -> 0 | D51: =IFERROR(VLOOKUP(H59,اسماء,8,0),"") | E51: =IFERROR(VLOOKUP(I59,اسماء,8,0),"") | F51: =IFERROR(VLOOKUP(J59,اسماء,8,0),"") | G51: =IFERROR(VLOOKUP(K59,اسماء,8,0),"") | H51: تقدير النتيجة النهائية | J51: =IF(K50=0,"",IF(AND(K45>=J45*0.4,K46>=J46*0.4,K47>=J47*0.4,K48>=J48*0.4,K49>=J49*0.4),LOOKUP(K50,'الصحيفة النهائية'!$BO$2:$BP$6),"ضعيف ويحتاج الى اهتمام في المواد")) | M51: =IF(H45=0,"",IF(H45<G45*0.4,A45,"")) | N51: =IF(H46=0,"",IF(H46<G46*0.4,A46,"")) | O51: =IF(H47=0,"",IF(H47<G47*0.4,A47,"")) | Q51: الرقم الوطني | S51: =IFERROR(VLOOKUP(AC56,اسماء,59,0),"") -> 0 | T51: =IFERROR(VLOOKUP(X59,اسماء,8,0),"") | U51: =IFERROR(VLOOKUP(Y59,اسماء,8,0),"") | V51: =IFERROR(VLOOKUP(Z59,اسماء,8,0),"") | W51: =IFERROR(VLOOKUP(AA59,اسماء,8,0),"") | X51: تقدير النتيجة النهائية | Z51: =IF(AA50=0,"",IF(AND(AA45>=Z45*0.4,AA46>=Z46*0.4,AA47>=Z47*0.4,AA48>=Z48*0.4,AA49>=Z49*0.4),LOOKUP(AA50,'الصحيفة النهائية'!$BO$2:$BP$6),"ضعيف ويحتاج الى اهتمام في المواد")) | AC51: =IF(X45=0,"",IF(X45<W45*0.4,Q45,"")) | AD51: =IF(X46=0,"",IF(X46<W46*0.4,Q46,"")) | AE51: =IF(X47=0,"",IF(X47<W47*0.4,Q47,"")) | AG51: الرقم الوطني | AI51: =IFERROR(VLOOKUP(AS56,اسماء,59,0),"") -> 0 | AJ51: =IFERROR(VLOOKUP(AN59,اسماء,8,0),"") | AK51: =IFERROR(VLOOKUP(AO59,اسماء,8,0),"") | AL51: =IFERROR(VLOOKUP(AP59,اسماء,8,0),"") | AM51: =IFERROR(VLOOKUP(AQ59,اسماء,8,0),"") | AN51: تقدير النتيجة النهائية | AP51: =IF(AQ50=0,"",IF(AND(AQ45>=AP45*0.4,AQ46>=AP46*0.4,AQ47>=AP47*0.4,AQ48>=AP48*0.4,AQ49>=AP49*0.4),LOOKUP(AQ50,'الصحيفة النهائية'!$BO$2:$BP$6),"ضعيف ويحتاج الى اهتمام في المواد")) | AS51: =IF(AN45=0,"",IF(AN45<AM45*0.4,AG45,"")) | AT51: =IF(AN46=0,"",IF(AN46<AM46*0.4,AG46,"")) | AU51: =IF(AN47=0,"",IF(AN47<AM47*0.4,AG47,"")) | AW51: الرقم الوطني | AY51: =IFERROR(VLOOKUP(BI56,اسماء,59,0),"") | AZ51: =IFERROR(VLOOKUP(BD59,اسماء,8,0),"") | BA51: =IFERROR(VLOOKUP(BE59,اسماء,8,0),"") | BB51: =IFERROR(VLOOKUP(BF59,اسماء,8,0),"") | BC51: =IFERROR(VLOOKUP(BG59,اسماء,8,0),"") | BD51: تقدير النتيجة النهائية | BF51: =IF(BG50=0,"",IF(AND(BG45>=BF45*0.4,BG46>=BF46*0.4,BG47>=BF47*0.4,BG48>=BF48*0.4,BG49>=BF49*0.4),LOOKUP(BG50,'الصحيفة النهائية'!$BO$2:$BP$6),"ضعيف ويحتاج الى اهتمام في المواد")) | BI51: =IF(BD45=0,"",IF(BD45<BC45*0.4,AW45,"")) | BJ51: =IF(BD46=0,"",IF(BD46<BC46*0.4,AW46,"")) | BK51: =IF(BD47=0,"",IF(BD47<BC47*0.4,AW47,""))
A52: =ادخال1!$L$8 -> التربية الفنية | B52: =ادخال1!$L$7 -> 1 | C52: =IFERROR(VLOOKUP(M56,اسماء,11,0),"") -> جيد جداَ | E52: =IFERROR(VLOOKUP(M56,اسماء,21,0),"") -> 0 | G52: =IFERROR(VLOOKUP(M56,اسماء,31,0),"") -> 0 | M52: =IF(H48=0,"",IF(H48<G48*0.4,A48,"")) | N52: =IF(H49=0,"",IF(H49<G49*0.4,A49,"")) | Q52: =ادخال1!$L$8 -> التربية الفنية | R52: =ادخال1!$L$7 -> 1 | S52: =IFERROR(VLOOKUP(AC56,اسماء,11,0),"") -> جيد جداَ | U52: =IFERROR(VLOOKUP(AC56,اسماء,21,0),"") -> 0 | W52: =IFERROR(VLOOKUP(AC56,اسماء,31,0),"") -> 0 | AC52: =IF(X48=0,"",IF(X48<W48*0.4,Q48,"")) | AD52: =IF(X49=0,"",IF(X49<W49*0.4,Q49,"")) | AG52: =ادخال1!$L$8 -> التربية الفنية | AH52: =ادخال1!$L$7 -> 1 | AI52: =IFERROR(VLOOKUP(AS56,اسماء,11,0),"") -> جيد جداَ | AK52: =IFERROR(VLOOKUP(AS56,اسماء,21,0),"") -> 0 | AM52: =IFERROR(VLOOKUP(AS56,اسماء,31,0),"") -> 0 | AS52: =IF(AN48=0,"",IF(AN48<AM48*0.4,AG48,"")) | AT52: =IF(AN49=0,"",IF(AN49<AM49*0.4,AG49,"")) | AW52: =ادخال1!$L$8 -> التربية الفنية | AX52: =ادخال1!$L$7 -> 1 | AY52: =IFERROR(VLOOKUP(BI56,اسماء,11,0),"") | BA52: =IFERROR(VLOOKUP(BI56,اسماء,21,0),"") | BC52: =IFERROR(VLOOKUP(BI56,اسماء,31,0),"") | BI52: =IF(BD48=0,"",IF(BD48<BC48*0.4,AW48,"")) | BJ52: =IF(BD49=0,"",IF(BD49<BC49*0.4,AW49,""))
A53: =ادخال1!$M$8 -> التربية البدنية | B53: =ادخال1!$M$7 -> 2 | C53: =IFERROR(VLOOKUP(M56,اسماء,12,0),"") -> جيد جداَ | E53: =IFERROR(VLOOKUP(M56,اسماء,22,0),"") -> 0 | G53: =IFERROR(VLOOKUP($M56,اسماء,32,0),"") -> 0 | Q53: =ادخال1!$M$8 -> التربية البدنية | R53: =ادخال1!$M$7 -> 2 | S53: =IFERROR(VLOOKUP(AC56,اسماء,12,0),"") -> جيد جداَ | U53: =IFERROR(VLOOKUP(AC56,اسماء,22,0),"") -> 0 | W53: =IFERROR(VLOOKUP($M56,اسماء,32,0),"") -> 0 | AG53: =ادخال1!$M$8 -> التربية البدنية | AH53: =ادخال1!$M$7 -> 2 | AI53: =IFERROR(VLOOKUP(AS56,اسماء,12,0),"") -> جيد جداَ | AK53: =IFERROR(VLOOKUP(AS56,اسماء,22,0),"") -> 0 | AM53: =IFERROR(VLOOKUP($M56,اسماء,32,0),"") -> 0 | AW53: =ادخال1!$M$8 -> التربية البدنية | AX53: =ادخال1!$M$7 -> 2 | AY53: =IFERROR(VLOOKUP(BI56,اسماء,12,0),"") | BA53: =IFERROR(VLOOKUP(BI56,اسماء,22,0),"") | BC53: =IFERROR(VLOOKUP($M56,اسماء,32,0),"") -> 0
A54: =ادخال1!$N$8 -> مكتبة | B54: =ادخال1!$N$7 -> 1 | C54: =IFERROR(VLOOKUP(M56,اسماء,13,0),"") -> 0 | E54: =IFERROR(VLOOKUP(M56,اسماء,23,0),"") -> 0 | G54: =IFERROR(VLOOKUP($M56,اسماء,33,0),"") -> 0 | Q54: =ادخال1!$N$8 -> مكتبة | R54: =ادخال1!$N$7 -> 1 | S54: =IFERROR(VLOOKUP(AC56,اسماء,13,0),"") -> 0 | U54: =IFERROR(VLOOKUP(AC56,اسماء,23,0),"") -> 0 | W54: =IFERROR(VLOOKUP($M56,اسماء,33,0),"") -> 0 | AG54: =ادخال1!$N$8 -> مكتبة | AH54: =ادخال1!$N$7 -> 1 | AI54: =IFERROR(VLOOKUP(AS56,اسماء,13,0),"") -> 0 | AK54: =IFERROR(VLOOKUP(AS56,اسماء,23,0),"") -> 0 | AM54: =IFERROR(VLOOKUP($M56,اسماء,33,0),"") -> 0 | AW54: =ادخال1!$N$8 -> مكتبة | AX54: =ادخال1!$N$7 -> 1 | AY54: =IFERROR(VLOOKUP(BI56,اسماء,13,0),"") | BA54: =IFERROR(VLOOKUP(BI56,اسماء,23,0),"") | BC54: =IFERROR(VLOOKUP($M56,اسماء,33,0),"") -> 0
I55: النتيجة النهائية | M55: بناء على الدرجات المبينة فى هذه البطاقة يعد التلميذ : | Y55: النتيجة النهائية | AC55: بناء على الدرجات المبينة فى هذه البطاقة يعد التلميذ : | AO55: النتيجة النهائية | AS55: بناء على الدرجات المبينة فى هذه البطاقة يعد التلميذ : | BE55: النتيجة النهائية | BI55: بناء على الدرجات المبينة فى هذه البطاقة يعد التلميذ :
A56: الســــــلوك | C56: =IFERROR(VLOOKUP(M56,اسماء,34,0),"") -> 0 | E56: =IFERROR(VLOOKUP(M56,اسماء,35,0),"") -> 0 | G56: =IFERROR(VLOOKUP(M56,اسماء,36,0),"") -> 0 | I56: =IFERROR(VLOOKUP(M56,اسماء,42,0),"") -> 0 | M56: =INDEX(عمود2,MATCH(O41,عمود1)) -> إلين خالد محمد احمودة | Q56: الســــــلوك | S56: =IFERROR(VLOOKUP(AC56,اسماء,34,0),"") -> 0 | U56: =IFERROR(VLOOKUP(AC56,اسماء,35,0),"") -> 0 | W56: =IFERROR(VLOOKUP(AC56,اسماء,36,0),"") -> 0 | Y56: =IFERROR(VLOOKUP(AC56,اسماء,42,0),"") -> 0 | AC56: =INDEX(عمود2,MATCH(AE41,عمود1)) -> عبدالسلام محمد سالم المحمودي | AG56: الســــــلوك | AI56: =IFERROR(VLOOKUP(AS56,اسماء,34,0),"") -> 0 | AK56: =IFERROR(VLOOKUP(AS56,اسماء,35,0),"") -> 0 | AM56: =IFERROR(VLOOKUP(AS56,اسماء,36,0),"") -> 0 | AO56: =IFERROR(VLOOKUP(AS56,اسماء,42,0),"") -> 0 | AS56: =INDEX(عمود2,MATCH(AU41,عمود1)) -> مروان سامي حمد النفاتي | AW56: الســــــلوك | AY56: =IFERROR(VLOOKUP(BI56,اسماء,34,0),"") | BA56: =IFERROR(VLOOKUP(BI56,اسماء,35,0),"") | BC56: =IFERROR(VLOOKUP(BI56,اسماء,36,0),"") | BE56: =IFERROR(VLOOKUP(BI56,اسماء,42,0),"") | BI56: =INDEX(عمود2,MATCH(BK41,عمود1)) -> 0
A57: غياب مشروع | C57: =IFERROR(VLOOKUP(M56,اسماء,37,0),"") -> 0 | E57: =IFERROR(VLOOKUP(M56,اسماء,39,0),"") -> 0 | G57: =IFERROR(VLOOKUP(M56,اسماء,41,0),"") -> 0 | Q57: غياب مشروع | S57: =IFERROR(VLOOKUP(AC56,اسماء,37,0),"") -> 0 | U57: =IFERROR(VLOOKUP(AC56,اسماء,39,0),"") -> 0 | W57: =IFERROR(VLOOKUP(AC56,اسماء,41,0),"") -> 0 | AG57: غياب مشروع | AI57: =IFERROR(VLOOKUP(AS56,اسماء,37,0),"") -> 0 | AK57: =IFERROR(VLOOKUP(AS56,اسماء,39,0),"") -> 0 | AM57: =IFERROR(VLOOKUP(AS56,اسماء,41,0),"") -> 0 | AW57: غياب مشروع | AY57: =IFERROR(VLOOKUP(BI56,اسماء,37,0),"") | BA57: =IFERROR(VLOOKUP(BI56,اسماء,39,0),"") | BC57: =IFERROR(VLOOKUP(BI56,اسماء,41,0),"")
A58: غياب غير مشروع | C58: =IFERROR(VLOOKUP(M56,اسماء,38,0),"") -> 0 | E58: =IFERROR(VLOOKUP(M56,اسماء,40,0),"") -> 0 | G58: =IFERROR(VLOOKUP(M56,اسماء,42,0),"") -> 0 | Q58: غياب غير مشروع | S58: =IFERROR(VLOOKUP(AC56,اسماء,38,0),"") -> 0 | U58: =IFERROR(VLOOKUP(AC56,اسماء,40,0),"") -> 0 | W58: =IFERROR(VLOOKUP(AC56,اسماء,42,0),"") -> 0 | AG58: غياب غير مشروع | AI58: =IFERROR(VLOOKUP(AS56,اسماء,38,0),"") -> 0 | AK58: =IFERROR(VLOOKUP(AS56,اسماء,40,0),"") -> 0 | AM58: =IFERROR(VLOOKUP(AS56,اسماء,42,0),"") -> 0 | AW58: غياب غير مشروع | AY58: =IFERROR(VLOOKUP(BI56,اسماء,38,0),"") | BA58: =IFERROR(VLOOKUP(BI56,اسماء,40,0),"") | BC58: =IFERROR(VLOOKUP(BI56,اسماء,42,0),"")
A59: التوقيعــــات | B59: الفترة الاولى | D59: الفترة الثانية | G59: الفترة الثالثة | I59: اعتماد النتيجة النهائيـــة للتلميــذ | Q59: التوقيعــــات | R59: الفترة الاولى | T59: الفترة الثانية | W59: الفترة الثالثة | Y59: اعتماد النتيجة النهائيـــة للتلميــذ | AG59: التوقيعــــات | AH59: الفترة الاولى | AJ59: الفترة الثانية | AM59: الفترة الثالثة | AO59: اعتماد النتيجة النهائيـــة للتلميــذ | AW59: التوقيعــــات | AX59: الفترة الاولى | AZ59: الفترة الثانية | BC59: الفترة الثالثة | BE59: اعتماد النتيجة النهائيـــة للتلميــذ
A60: رائد الفصل | I60: مدير المدرسة/ | K60: =ادخال1!$BG$5 -> د. عبدالرحمن خليفة العريبي | Q60: رائد الفصل | Y60: مدير المدرسة/ | AA60: =ادخال1!$BG$5 -> د. عبدالرحمن خليفة العريبي | AG60: رائد الفصل | AO60: مدير المدرسة/ | AQ60: =ادخال1!$BG$5 -> د. عبدالرحمن خليفة العريبي | AW60: رائد الفصل | BE60: مدير المدرسة/ | BG60: =ادخال1!$BG$5 -> د. عبدالرحمن خليفة العريبي
A61: مدير المدرسة | I61: التاريخ | M61: =TODAY() -> 46008 | Q61: مدير المدرسة | Y61: التاريخ | AC61: =TODAY() -> 46008 | AG61: مدير المدرسة | AO61: التاريخ | AS61: =TODAY() -> 46008 | AW61: مدير المدرسة | BE61: التاريخ | BI61: =TODAY() -> 46008
A62: ولى الامر | I62: الختـــم | Q62: ولى الامر | Y62: الختـــم | AG62: ولى الامر | AO62: الختـــم | AW62: ولى الامر | BE62: الختـــم
A63: ملاحظات هامــة : | I63: توجيهات الى أولياء الآمــــور : | Q63: ملاحظات هامــة : | Y63: توجيهات الى أولياء الآمــــور : | AG63: ملاحظات هامــة : | AO63: توجيهات الى أولياء الآمــــور : | AW63: ملاحظات هامــة : | BE63: توجيهات الى أولياء الآمــــور :
A64: 1- تحسب درجـــــات كل فترة عن طريق الاختبارات التحريرية والشفهية والمتابعة اليومية ويخصص للفترة الاولى 30 % وللفترة الثانيــة 30 % وللفترة الثالثــة 40 % من درجة النهائية الكبرى للمادة . | I64: لما كان توثيق الصلة بين المدرسة والمنزل أمراً ضرورياً لتؤدي المدرسة رسالتها على الوجه الأكمل فـــــى تنميــة قدرات أبنائنا وترشيد سلوكهم واستثمار طاقاتهم لـــــذا يطلب من الأخوة أولياء الأمور الاستجابة للتوجيهات التالية : | Q64: 1- تحسب درجـــــات كل فترة عن طريق الاختبارات التحريرية والشفهية والمتابعة اليومية ويخصص للفترة الاولى 30 % وللفترة الثانيــة 30 % وللفترة الثالثــة 40 % من درجة النهائية الكبرى للمادة . | Y64: لما كان توثيق الصلة بين المدرسة والمنزل أمراً ضرورياً لتؤدي المدرسة رسالتها على الوجه الأكمل فـــــى تنميــة قدرات أبنائنا وترشيد سلوكهم واستثمار طاقاتهم لـــــذا يطلب من الأخوة أولياء الأمور الاستجابة للتوجيهات التالية : | AG64: 1- تحسب درجـــــات كل فترة عن طريق الاختبارات التحريرية والشفهية والمتابعة اليومية ويخصص للفترة الاولى 30 % وللفترة الثانيــة 30 % وللفترة الثالثــة 40 % من درجة النهائية الكبرى للمادة . | AO64: لما كان توثيق الصلة بين المدرسة والمنزل أمراً ضرورياً لتؤدي المدرسة رسالتها على الوجه الأكمل فـــــى تنميــة قدرات أبنائنا وترشيد سلوكهم واستثمار طاقاتهم لـــــذا يطلب من الأخوة أولياء الأمور الاستجابة للتوجيهات التالية : | AW64: 1- تحسب درجـــــات كل فترة عن طريق الاختبارات التحريرية والشفهية والمتابعة اليومية ويخصص للفترة الاولى 30 % وللفترة الثانيــة 30 % وللفترة الثالثــة 40 % من درجة النهائية الكبرى للمادة . | BE64: لما كان توثيق الصلة بين المدرسة والمنزل أمراً ضرورياً لتؤدي المدرسة رسالتها على الوجه الأكمل فـــــى تنميــة قدرات أبنائنا وترشيد سلوكهم واستثمار طاقاتهم لـــــذا يطلب من الأخوة أولياء الأمور الاستجابة للتوجيهات التالية :
A68: 2- يشتراط لنجاح التلميذ الحصول على النهاية الصغري المقررة لكل مادة على الاقل. | Q68: 2- يشتراط لنجاح التلميذ الحصول على النهاية الصغري المقررة لكل مادة على الاقل. | AG68: 2- يشتراط لنجاح التلميذ الحصول على النهاية الصغري المقررة لكل مادة على الاقل. | AW68: 2- يشتراط لنجاح التلميذ الحصول على النهاية الصغري المقررة لكل مادة على الاقل.
I69: 1- تنظيم أوقات ابنائهم خارج المدرسة ومتابعة واجباتهم اليومية . | Y69: 1- تنظيم أوقات ابنائهم خارج المدرسة ومتابعة واجباتهم اليومية . | AO69: 1- تنظيم أوقات ابنائهم خارج المدرسة ومتابعة واجباتهم اليومية . | BE69: 1- تنظيم أوقات ابنائهم خارج المدرسة ومتابعة واجباتهم اليومية .
I70: 2- الحضور للمدرسة من وقت لآخر والاستفسار عن سلوك أبنائهم ومستواهم التحصيلي ،ودراسة ما قد يعترضهم من مشكلات. | Y70: 2- الحضور للمدرسة من وقت لآخر والاستفسار عن سلوك أبنائهم ومستواهم التحصيلي ،ودراسة ما قد يعترضهم من مشكلات. | AO70: 2- الحضور للمدرسة من وقت لآخر والاستفسار عن سلوك أبنائهم ومستواهم التحصيلي ،ودراسة ما قد يعترضهم من مشكلات. | BE70: 2- الحضور للمدرسة من وقت لآخر والاستفسار عن سلوك أبنائهم ومستواهم التحصيلي ،ودراسة ما قد يعترضهم من مشكلات.
B72: تنبيه:- | I72: 3- إفادة المدرسة بأسباب الغياب أولاً بأول. | R72: تنبيه:- | Y72: 3- إفادة المدرسة بأسباب الغياب أولاً بأول. | AH72: تنبيه:- | AO72: 3- إفادة المدرسة بأسباب الغياب أولاً بأول. | AX72: تنبيه:- | BE72: 3- إفادة المدرسة بأسباب الغياب أولاً بأول.
B73: يجب إعطاء هذه البطاقة للتلميذ فى نهاية كل فترة | I73: 4- الإسراع عند مرض التلميذ لعرضه على الطبيب المختص والالتزام بتعليمات. | R73: يجب إعطاء هذه البطاقة للتلميذ فى نهاية كل فترة | Y73: 4- الإسراع عند مرض التلميذ لعرضه على الطبيب المختص والالتزام بتعليمات. | AH73: يجب إعطاء هذه البطاقة للتلميذ فى نهاية كل فترة | AO73: 4- الإسراع عند مرض التلميذ لعرضه على الطبيب المختص والالتزام بتعليمات. | AX73: يجب إعطاء هذه البطاقة للتلميذ فى نهاية كل فترة | BE73: 4- الإسراع عند مرض التلميذ لعرضه على الطبيب المختص والالتزام بتعليمات.
B74: كل كشط أو تغيير في هذه البطاقة يلغيها. | R74: كل كشط أو تغيير في هذه البطاقة يلغيها. | AH74: كل كشط أو تغيير في هذه البطاقة يلغيها. | AX74: كل كشط أو تغيير في هذه البطاقة يلغيها.
I75: 5- تشجيع الابناء على المشاركة فى النشاط المدرسي لانه متمم للعملية التعليمية. | Y75: 5- تشجيع الابناء على المشاركة فى النشاط المدرسي لانه متمم للعملية التعليمية. | AO75: 5- تشجيع الابناء على المشاركة فى النشاط المدرسي لانه متمم للعملية التعليمية. | BE75: 5- تشجيع الابناء على المشاركة فى النشاط المدرسي لانه متمم للعملية التعليمية.
A79: بطاقة تقدير الدرجات للصــــف | D79: =ادخال1!$K$4 -> الأول | F79: من التعليم الأساسي | O79: =O41+1 -> 3 | Q79: بطاقة تقدير الدرجات للصــــف | T79: =ادخال1!$K$4 -> الأول | V79: من التعليم الأساسي | AE79: =AE41+1 -> 8 | AG79: بطاقة تقدير الدرجات للصــــف | AJ79: =ادخال1!$K$4 -> الأول | AL79: من التعليم الأساسي | AU79: =AU41+1 -> 13 | AW79: بطاقة تقدير الدرجات للصــــف | AZ79: =ادخال1!$K$4 -> الأول | BB79: من التعليم الأساسي | BK79: =BK41+1 -> 18
A80: المدرسة/ | B80: =ادخال1!$B$5 -> سهول العلم للتعليم الخاص | H80: الاسم | J80: =M93 -> بناء على الدرجات المبينة فى هذه البطاقة يعد التلميذ : | Q80: المدرسة/ | R80: =ادخال1!$B$5 -> سهول العلم للتعليم الخاص | X80: الاسم | Z80: =AC93 -> بناء على الدرجات المبينة فى هذه البطاقة يعد التلميذ : | AG80: المدرسة/ | AH80: =ادخال1!$B$5 -> سهول العلم للتعليم الخاص | AN80: الاسم | AP80: =AS93 -> بناء على الدرجات المبينة فى هذه البطاقة يعد التلميذ : | AW80: المدرسة/ | AX80: =ادخال1!$B$5 -> سهول العلم للتعليم الخاص | BD80: الاسم | BF80: =BI93 -> بناء على الدرجات المبينة فى هذه البطاقة يعد التلميذ :
A81: الفترات | B81: عدد الحصص | C81: الفترة الأولي 30 % | E81: الفترة الثانية 30 % | G81: الفترة الثالثة 40% | I81: النتيجة النهائيــة 100% | M81: ملاحظــات عن نتيجة التلميذ خلال كل فترة : | Q81: الفترات | R81: عدد الحصص | S81: الفترة الأولي 30 % | U81: الفترة الثانية 30 % | W81: الفترة الثالثة 40% | Y81: النتيجة النهائيــة 100% | AC81: ملاحظــات عن نتيجة التلميذ خلال كل فترة : | AG81: الفترات | AH81: عدد الحصص | AI81: الفترة الأولي 30 % | AK81: الفترة الثانية 30 % | AM81: الفترة الثالثة 40% | AO81: النتيجة النهائيــة 100% | AS81: ملاحظــات عن نتيجة التلميذ خلال كل فترة : | AW81: الفترات | AX81: عدد الحصص | AY81: الفترة الأولي 30 % | BA81: الفترة الثانية 30 % | BC81: الفترة الثالثة 40% | BE81: النتيجة النهائيــة 100% | BI81: ملاحظــات عن نتيجة التلميذ خلال كل فترة :
A82: المواد الدراسية | C82: الدرجة الكبرى | D82: درجة التلميذ | E82: الدرجة الكبرى | F82: درجة التلميذ | G82: الدرجة الكبرى | H82: درجة التلميذ | I82: النهاية الكبرى | J82: النهاية الصغري | K82: درجة التلميذ | M82: الأولي : | N82: =IF(D88=0,"",IF(AND(D83>=C83*0.4,D84>=C84*0.4,D85>=C85*0.4,D86>=C86*0.4,D87>=C87*0.4),LOOKUP(D88,$BO$15:$BP$19),"ضعيف ويحتاج الى اهتمام في المواد")) -> ممتاز | Q82: المواد الدراسية | S82: الدرجة الكبرى | T82: درجة التلميذ | U82: الدرجة الكبرى | V82: درجة التلميذ | W82: الدرجة الكبرى | X82: درجة التلميذ | Y82: النهاية الكبرى | Z82: النهاية الصغري | AA82: درجة التلميذ | AC82: الأولي : | AD82: =IF(T88=0,"",IF(AND(T83>=S83*0.4,T84>=S84*0.4,T85>=S85*0.4,T86>=S86*0.4,T87>=S87*0.4),LOOKUP(T88,$BO$15:$BP$19),"ضعيف ويحتاج الى اهتمام في المواد")) -> ممتاز | AG82: المواد الدراسية | AI82: الدرجة الكبرى | AJ82: درجة التلميذ | AK82: الدرجة الكبرى | AL82: درجة التلميذ | AM82: الدرجة الكبرى | AN82: درجة التلميذ | AO82: النهاية الكبرى | AP82: النهاية الصغري | AQ82: درجة التلميذ | AS82: الأولي : | AT82: =IF(AJ88=0,"",IF(AND(AJ83>=AI83*0.4,AJ84>=AI84*0.4,AJ85>=AI85*0.4,AJ86>=AI86*0.4,AJ87>=AI87*0.4),LOOKUP(AJ88,$BO$15:$BP$19),"ضعيف ويحتاج الى اهتمام في المواد")) -> ممتاز | AW82: المواد الدراسية | AY82: الدرجة الكبرى | AZ82: درجة التلميذ | BA82: الدرجة الكبرى | BB82: درجة التلميذ | BC82: الدرجة الكبرى | BD82: درجة التلميذ | BE82: النهاية الكبرى | BF82: النهاية الصغري | BG82: درجة التلميذ | BI82: الأولي : | BJ82: =IF(AZ88=0,"",IF(AND(AZ83>=AY83*0.4,AZ84>=AY84*0.4,AZ85>=AY85*0.4,AZ86>=AY86*0.4,AZ87>=AY87*0.4),LOOKUP(AZ88,$BO$15:$BP$19),"ضعيف ويحتاج الى اهتمام في المواد"))
A83: =ادخال1!$F$9 -> التربية الإسلامية | B83: =ادخال1!$F$7 -> 3 | C83: =40*B83*0.3 -> 36 | D83: =IFERROR(VLOOKUP(M94,اسماء,5,0),"") -> 36 | E83: =40*B83*0.3 -> 36 | F83: =IFERROR(VLOOKUP(M94,اسماء,15,0),"") -> 0 | G83: =40*B83*0.4 -> 48 | H83: =IFERROR(VLOOKUP(M94,اسماء,28,0),"") -> 0 | I83: =SUM(C83,E83,G83) -> 120 | J83: =0.4*I83 -> 48 | K83: =SUM(D83,F83,H83) -> 36 | M83: =IF(D83=0,"",IF(D83<C83*0.4,A83,"")) | N83: =IF(D84=0,"",IF(D84<C84*0.4,A84,"")) | O83: =IF(D85=0,"",IF(D85<C85*0.4,A85,"")) | Q83: =ادخال1!$F$9 -> التربية الإسلامية | R83: =ادخال1!$F$7 -> 3 | S83: =40*R83*0.3 -> 36 | T83: =IFERROR(VLOOKUP(AC94,اسماء,5,0),"") -> 34 | U83: =40*R83*0.3 -> 36 | V83: =IFERROR(VLOOKUP(AC94,اسماء,15,0),"") -> 0 | W83: =40*R83*0.4 -> 48 | X83: =IFERROR(VLOOKUP(AC94,اسماء,28,0),"") -> 0 | Y83: =SUM(S83,U83,W83) -> 120 | Z83: =0.4*Y83 -> 48 | AA83: =SUM(T83,V83,X83) -> 34 | AC83: =IF(T83=0,"",IF(T83<S83*0.4,Q83,"")) | AD83: =IF(T84=0,"",IF(T84<S84*0.4,Q84,"")) | AE83: =IF(T85=0,"",IF(T85<S85*0.4,Q85,"")) | AG83: =ادخال1!$F$9 -> التربية الإسلامية | AH83: =ادخال1!$F$7 -> 3 | AI83: =40*AH83*0.3 -> 36 | AJ83: =IFERROR(VLOOKUP(AS94,اسماء,5,0),"") -> 35 | AK83: =40*AH83*0.3 -> 36 | AL83: =IFERROR(VLOOKUP(AS94,اسماء,15,0),"") -> 0 | AM83: =40*AH83*0.4 -> 48 | AN83: =IFERROR(VLOOKUP(AS94,اسماء,28,0),"") -> 0 | AO83: =SUM(AI83,AK83,AM83) -> 120 | AP83: =0.4*AO83 -> 48 | AQ83: =SUM(AJ83,AL83,AN83) -> 35 | AS83: =IF(AJ83=0,"",IF(AJ83<AI83*0.4,AG83,"")) | AT83: =IF(AJ84=0,"",IF(AJ84<AI84*0.4,AG84,"")) | AU83: =IF(AJ85=0,"",IF(AJ85<AI85*0.4,AG85,"")) | AW83: =ادخال1!$F$9 -> التربية الإسلامية | AX83: =ادخال1!$F$7 -> 3 | AY83: =40*AX83*0.3 -> 36 | AZ83: =IFERROR(VLOOKUP(BI94,اسماء,5,0),"") | BA83: =40*AX83*0.3 -> 36 | BB83: =IFERROR(VLOOKUP(BI94,اسماء,15,0),"") | BC83: =40*AX83*0.4 -> 48 | BD83: =IFERROR(VLOOKUP(BI94,اسماء,28,0),"") | BE83: =SUM(AY83,BA83,BC83) -> 120 | BF83: =0.4*BE83 -> 48 | BG83: =SUM(AZ83,BB83,BD83) -> 0 | BI83: =IF(AZ83=0,"",IF(AZ83<AY83*0.4,AW83,"")) | BJ83: =IF(AZ84=0,"",IF(AZ84<AY84*0.4,AW84,"")) | BK83: =IF(AZ85=0,"",IF(AZ85<AY85*0.4,AW85,""))
A84: =ادخال1!$G$9 -> اللغة العربية | B84: =ادخال1!$G$7 -> 6 | C84: =40*B84*0.3 -> 72 | D84: =IFERROR(VLOOKUP(M94,اسماء,6,0),"") -> 70 | E84: =40*B84*0.3 -> 72 | F84: =IFERROR(VLOOKUP(M94,اسماء,16,0),"") -> 0 | G84: =40*B84*0.4 -> 96 | H84: =IFERROR(VLOOKUP(M94,اسماء,26,0),"") -> 0 | I84: =SUM(C84,E84,G84) -> 240 | J84: =0.4*I84 -> 96 | K84: =SUM(D84,F84,H84) -> 70 | M84: =IF(D86=0,"",IF(D86<C86*0.4,A86,"")) | N84: =IF(D87=0,"",IF(D87<C87*0.4,A87,"")) | Q84: =ادخال1!$G$9 -> اللغة العربية | R84: =ادخال1!$G$7 -> 6 | S84: =40*R84*0.3 -> 72 | T84: =IFERROR(VLOOKUP(AC94,اسماء,6,0),"") -> 64 | U84: =40*R84*0.3 -> 72 | V84: =IFERROR(VLOOKUP(AC94,اسماء,16,0),"") -> 0 | W84: =40*R84*0.4 -> 96 | X84: =IFERROR(VLOOKUP(AC94,اسماء,26,0),"") -> 0 | Y84: =SUM(S84,U84,W84) -> 240 | Z84: =0.4*Y84 -> 96 | AA84: =SUM(T84,V84,X84) -> 64 | AC84: =IF(T86=0,"",IF(T86<S86*0.4,Q86,"")) | AD84: =IF(T87=0,"",IF(T87<S87*0.4,Q87,"")) | AG84: =ادخال1!$G$9 -> اللغة العربية | AH84: =ادخال1!$G$7 -> 6 | AI84: =40*AH84*0.3 -> 72 | AJ84: =IFERROR(VLOOKUP(AS94,اسماء,6,0),"") -> 66 | AK84: =40*AH84*0.3 -> 72 | AL84: =IFERROR(VLOOKUP(AS94,اسماء,16,0),"") -> 0 | AM84: =40*AH84*0.4 -> 96 | AN84: =IFERROR(VLOOKUP(AS94,اسماء,26,0),"") -> 0 | AO84: =SUM(AI84,AK84,AM84) -> 240 | AP84: =0.4*AO84 -> 96 | AQ84: =SUM(AJ84,AL84,AN84) -> 66 | AS84: =IF(AJ86=0,"",IF(AJ86<AI86*0.4,AG86,"")) | AT84: =IF(AJ87=0,"",IF(AJ87<AI87*0.4,AG87,"")) | AW84: =ادخال1!$G$9 -> اللغة العربية | AX84: =ادخال1!$G$7 -> 6 | AY84: =40*AX84*0.3 -> 72 | AZ84: =IFERROR(VLOOKUP(BI94,اسماء,6,0),"") | BA84: =40*AX84*0.3 -> 72 | BB84: =IFERROR(VLOOKUP(BI94,اسماء,16,0),"") | BC84: =40*AX84*0.4 -> 96 | BD84: =IFERROR(VLOOKUP(BI94,اسماء,26,0),"") | BE84: =SUM(AY84,BA84,BC84) -> 240 | BF84: =0.4*BE84 -> 96 | BG84: =SUM(AZ84,BB84,BD84) -> 0 | BI84: =IF(AZ86=0,"",IF(AZ86<AY86*0.4,AW86,"")) | BJ84: =IF(AZ87=0,"",IF(AZ87<AY87*0.4,AW87,""))
A85: =ادخال1!$H$9 -> اللغة الإنجليزية | B85: =ادخال1!$H$7 -> 3 | C85: =40*B85*0.3 -> 36 | D85: =IFERROR(VLOOKUP(M94,اسماء,7,0),"") -> 36 | E85: =40*B85*0.3 -> 36 | F85: =IFERROR(VLOOKUP(M94,اسماء,16,0),"") -> 0 | G85: =40*B85*0.4 -> 48 | H85: =IFERROR(VLOOKUP(M94,اسماء,27,0),"") -> 0 | I85: =SUM(C85,E85,G85) -> 120 | J85: =0.4*I85 -> 48 | K85: =SUM(D85,F85,H85) -> 36 | M85: الثانية : | N85: =IF(F88=0,"",IF(AND(F83>=E83*0.4,F84>=E84*0.4,F85>=E85*0.4,F86>=E86*0.4,F87>=E87*0.4),LOOKUP(F88,'الصحيفة النهائية'!$BO$15:$BP$19),"ضعيف ويحتاج الى اهتمام في المواد")) | Q85: =ادخال1!$H$9 -> اللغة الإنجليزية | R85: =ادخال1!$H$7 -> 3 | S85: =40*R85*0.3 -> 36 | T85: =IFERROR(VLOOKUP(AC94,اسماء,7,0),"") -> 36 | U85: =40*R85*0.3 -> 36 | V85: =IFERROR(VLOOKUP(AC94,اسماء,16,0),"") -> 0 | W85: =40*R85*0.4 -> 48 | X85: =IFERROR(VLOOKUP(AC94,اسماء,27,0),"") -> 0 | Y85: =SUM(S85,U85,W85) -> 120 | Z85: =0.4*Y85 -> 48 | AA85: =SUM(T85,V85,X85) -> 36 | AC85: الثانية : | AD85: =IF(V88=0,"",IF(AND(V83>=U83*0.4,V84>=U84*0.4,V85>=U85*0.4,V86>=U86*0.4,V87>=U87*0.4),LOOKUP(V88,'الصحيفة النهائية'!$BO$15:$BP$19),"ضعيف ويحتاج الى اهتمام في المواد")) | AG85: =ادخال1!$H$9 -> اللغة الإنجليزية | AH85: =ادخال1!$H$7 -> 3 | AI85: =40*AH85*0.3 -> 36 | AJ85: =IFERROR(VLOOKUP(AS94,اسماء,7,0),"") -> 29 | AK85: =40*AH85*0.3 -> 36 | AL85: =IFERROR(VLOOKUP(AS94,اسماء,16,0),"") -> 0 | AM85: =40*AH85*0.4 -> 48 | AN85: =IFERROR(VLOOKUP(AS94,اسماء,27,0),"") -> 0 | AO85: =SUM(AI85,AK85,AM85) -> 120 | AP85: =0.4*AO85 -> 48 | AQ85: =SUM(AJ85,AL85,AN85) -> 29 | AS85: الثانية : | AT85: =IF(AL88=0,"",IF(AND(AL83>=AK83*0.4,AL84>=AK84*0.4,AL85>=AK85*0.4,AL86>=AK86*0.4,AL87>=AK87*0.4),LOOKUP(AL88,'الصحيفة النهائية'!$BO$15:$BP$19),"ضعيف ويحتاج الى اهتمام في المواد")) | AW85: =ادخال1!$H$9 -> اللغة الإنجليزية | AX85: =ادخال1!$H$7 -> 3 | AY85: =40*AX85*0.3 -> 36 | AZ85: =IFERROR(VLOOKUP(BI94,اسماء,7,0),"") | BA85: =40*AX85*0.3 -> 36 | BB85: =IFERROR(VLOOKUP(BI94,اسماء,16,0),"") | BC85: =40*AX85*0.4 -> 48 | BD85: =IFERROR(VLOOKUP(BI94,اسماء,27,0),"") | BE85: =SUM(AY85,BA85,BC85) -> 120 | BF85: =0.4*BE85 -> 48 | BG85: =SUM(AZ85,BB85,BD85) -> 0 | BI85: الثانية : | BJ85: =IF(BB88=0,"",IF(AND(BB83>=BA83*0.4,BB84>=BA84*0.4,BB85>=BA85*0.4,BB86>=BA86*0.4,BB87>=BA87*0.4),LOOKUP(BB88,'الصحيفة النهائية'!$BO$15:$BP$19),"ضعيف ويحتاج الى اهتمام في المواد"))
A86: =ادخال1!$I$9 -> الحاسوب | B86: =ادخال1!$I$7 -> 1 | C86: =40*B86*0.3 -> 12 | D86: =IFERROR(VLOOKUP(M94,اسماء,8,0),"") -> 12 | E86: =40*B86*0.3 -> 12 | F86: =IFERROR(VLOOKUP(M94,اسماء,18,0),"") -> 0 | G86: =40*B86*0.4 -> 16 | H86: =IFERROR(VLOOKUP(M94,اسماء,28,0),"") -> 0 | I86: =SUM(C86,E86,G86) -> 40 | J86: =0.4*I86 -> 16 | K86: =SUM(D86,F86,H86) -> 12 | M86: =IF(F83=0,"",IF(F83<E83*0.4,A83,"")) | N86: =IF(F84=0,"",IF(F84<E84*0.4,A84,"")) | O86: =IF(F85=0,"",IF(F85<E85*0.4,A85,"")) | Q86: =ادخال1!$I$9 -> الحاسوب | R86: =ادخال1!$I$7 -> 1 | S86: =40*R86*0.3 -> 12 | T86: =IFERROR(VLOOKUP(AC94,اسماء,8,0),"") -> 12 | U86: =40*R86*0.3 -> 12 | V86: =IFERROR(VLOOKUP(AC94,اسماء,18,0),"") -> 0 | W86: =40*R86*0.4 -> 16 | X86: =IFERROR(VLOOKUP(AC94,اسماء,28,0),"") -> 0 | Y86: =SUM(S86,U86,W86) -> 40 | Z86: =0.4*Y86 -> 16 | AA86: =SUM(T86,V86,X86) -> 12 | AC86: =IF(V83=0,"",IF(V83<U83*0.4,Q83,"")) | AD86: =IF(V84=0,"",IF(V84<U84*0.4,Q84,"")) | AE86: =IF(V85=0,"",IF(V85<U85*0.4,Q85,"")) | AG86: =ادخال1!$I$9 -> الحاسوب | AH86: =ادخال1!$I$7 -> 1 | AI86: =40*AH86*0.3 -> 12 | AJ86: =IFERROR(VLOOKUP(AS94,اسماء,8,0),"") -> 12 | AK86: =40*AH86*0.3 -> 12 | AL86: =IFERROR(VLOOKUP(AS94,اسماء,18,0),"") -> 0 | AM86: =40*AH86*0.4 -> 16 | AN86: =IFERROR(VLOOKUP(AS94,اسماء,28,0),"") -> 0 | AO86: =SUM(AI86,AK86,AM86) -> 40 | AP86: =0.4*AO86 -> 16 | AQ86: =SUM(AJ86,AL86,AN86) -> 12 | AS86: =IF(AL83=0,"",IF(AL83<AK83*0.4,AG83,"")) | AT86: =IF(AL84=0,"",IF(AL84<AK84*0.4,AG84,"")) | AU86: =IF(AL85=0,"",IF(AL85<AK85*0.4,AG85,"")) | AW86: =ادخال1!$I$9 -> الحاسوب | AX86: =ادخال1!$I$7 -> 1 | AY86: =40*AX86*0.3 -> 12 | AZ86: =IFERROR(VLOOKUP(BI94,اسماء,8,0),"") | BA86: =40*AX86*0.3 -> 12 | BB86: =IFERROR(VLOOKUP(BI94,اسماء,18,0),"") | BC86: =40*AX86*0.4 -> 16 | BD86: =IFERROR(VLOOKUP(BI94,اسماء,28,0),"") | BE86: =SUM(AY86,BA86,BC86) -> 40 | BF86: =0.4*BE86 -> 16 | BG86: =SUM(AZ86,BB86,BD86) -> 0 | BI86: =IF(BB83=0,"",IF(BB83<BA83*0.4,AW83,"")) | BJ86: =IF(BB84=0,"",IF(BB84<BA84*0.4,AW84,"")) | BK86: =IF(BB85=0,"",IF(BB85<BA85*0.4,AW85,""))
A87: =ادخال1!$J$9 -> الرياضيات | B87: =ادخال1!$J$7 -> 5 | C87: =40*B87*0.3 -> 60 | D87: =IFERROR(VLOOKUP(M94,اسماء,9,0),"") -> 59 | E87: =40*B87*0.3 -> 60 | F87: =IFERROR(VLOOKUP(M94,اسماء,19,0),"") -> 0 | G87: =40*B87*0.4 -> 80 | H87: =IFERROR(VLOOKUP(M94,اسماء,29,0),"") -> 0 | I87: =SUM(C87,E87,G87) -> 200 | J87: =0.4*I87 -> 80 | K87: =SUM(D87,F87,H87) -> 59 | M87: =IF(F86=0,"",IF(F86<E86*0.4,A86,"")) | N87: =IF(F87=0,"",IF(F87<E87*0.4,A87,"")) | Q87: =ادخال1!$J$9 -> الرياضيات | R87: =ادخال1!$J$7 -> 5 | S87: =40*R87*0.3 -> 60 | T87: =IFERROR(VLOOKUP(AC94,اسماء,9,0),"") -> 59 | U87: =40*R87*0.3 -> 60 | V87: =IFERROR(VLOOKUP(AC94,اسماء,19,0),"") -> 0 | W87: =40*R87*0.4 -> 80 | X87: =IFERROR(VLOOKUP(AC94,اسماء,29,0),"") -> 0 | Y87: =SUM(S87,U87,W87) -> 200 | Z87: =0.4*Y87 -> 80 | AA87: =SUM(T87,V87,X87) -> 59 | AC87: =IF(V86=0,"",IF(V86<U86*0.4,Q86,"")) | AD87: =IF(V87=0,"",IF(V87<U87*0.4,Q87,"")) | AG87: =ادخال1!$J$9 -> الرياضيات | AH87: =ادخال1!$J$7 -> 5 | AI87: =40*AH87*0.3 -> 60 | AJ87: =IFERROR(VLOOKUP(AS94,اسماء,9,0),"") -> 57 | AK87: =40*AH87*0.3 -> 60 | AL87: =IFERROR(VLOOKUP(AS94,اسماء,19,0),"") -> 0 | AM87: =40*AH87*0.4 -> 80 | AN87: =IFERROR(VLOOKUP(AS94,اسماء,29,0),"") -> 0 | AO87: =SUM(AI87,AK87,AM87) -> 200 | AP87: =0.4*AO87 -> 80 | AQ87: =SUM(AJ87,AL87,AN87) -> 57 | AS87: =IF(AL86=0,"",IF(AL86<AK86*0.4,AG86,"")) | AT87: =IF(AL87=0,"",IF(AL87<AK87*0.4,AG87,"")) | AW87: =ادخال1!$J$9 -> الرياضيات | AX87: =ادخال1!$J$7 -> 5 | AY87: =40*AX87*0.3 -> 60 | AZ87: =IFERROR(VLOOKUP(BI94,اسماء,9,0),"") | BA87: =40*AX87*0.3 -> 60 | BB87: =IFERROR(VLOOKUP(BI94,اسماء,19,0),"") | BC87: =40*AX87*0.4 -> 80 | BD87: =IFERROR(VLOOKUP(BI94,اسماء,29,0),"") | BE87: =SUM(AY87,BA87,BC87) -> 200 | BF87: =0.4*BE87 -> 80 | BG87: =SUM(AZ87,BB87,BD87) -> 0 | BI87: =IF(BB86=0,"",IF(BB86<BA86*0.4,AW86,"")) | BJ87: =IF(BB87=0,"",IF(BB87<BA87*0.4,AW87,""))
A88: المجموع العـام | C88: =SUM(C83:C87) -> 216 | D88: =SUM(D83:D87) -> 213 | E88: =SUM(E83:E87) -> 216 | F88: =SUM(F83:F87) -> 0 | G88: =SUM(G83:G87) -> 288 | H88: =SUM(H83:H87) -> 0 | I88: =SUM(I83:I87) -> 720 | K88: =IF(AND(K83>=J83,K84>=J84,K85>=J85,K86>=J86,K87>=J87),SUM(K83:K87),0) -> 0 | M88: الثالثة: | N88: =IF(H88=0,"",IF(AND(H83>=G83*0.4,H84>=G84*0.4,H85>=G85*0.4,H86>=G86*0.4,H87>=G87*0.4),LOOKUP(H88,'الصحيفة النهائية'!$BO$8:$BP$12),"ضعيف ويحتاج الى اهتمام في المواد")) | Q88: المجموع العـام | S88: =SUM(S83:S87) -> 216 | T88: =SUM(T83:T87) -> 205 | U88: =SUM(U83:U87) -> 216 | V88: =SUM(V83:V87) -> 0 | W88: =SUM(W83:W87) -> 288 | X88: =SUM(X83:X87) -> 0 | Y88: =SUM(Y83:Y87) -> 720 | AA88: =IF(AND(AA83>=Z83,AA84>=Z84,AA85>=Z85,AA86>=Z86,AA87>=Z87),SUM(AA83:AA87),0) -> 0 | AC88: الثالثة: | AD88: =IF(X88=0,"",IF(AND(X83>=W83*0.4,X84>=W84*0.4,X85>=W85*0.4,X86>=W86*0.4,X87>=W87*0.4),LOOKUP(X88,'الصحيفة النهائية'!$BO$8:$BP$12),"ضعيف ويحتاج الى اهتمام في المواد")) | AG88: المجموع العـام | AI88: =SUM(AI83:AI87) -> 216 | AJ88: =SUM(AJ83:AJ87) -> 199 | AK88: =SUM(AK83:AK87) -> 216 | AL88: =SUM(AL83:AL87) -> 0 | AM88: =SUM(AM83:AM87) -> 288 | AN88: =SUM(AN83:AN87) -> 0 | AO88: =SUM(AO83:AO87) -> 720 | AQ88: =IF(AND(AQ83>=AP83,AQ84>=AP84,AQ85>=AP85,AQ86>=AP86,AQ87>=AP87),SUM(AQ83:AQ87),0) -> 0 | AS88: الثالثة: | AT88: =IF(AN88=0,"",IF(AND(AN83>=AM83*0.4,AN84>=AM84*0.4,AN85>=AM85*0.4,AN86>=AM86*0.4,AN87>=AM87*0.4),LOOKUP(AN88,'الصحيفة النهائية'!$BO$8:$BP$12),"ضعيف ويحتاج الى اهتمام في المواد")) | AW88: المجموع العـام | AY88: =SUM(AY83:AY87) -> 216 | AZ88: =SUM(AZ83:AZ87) -> 0 | BA88: =SUM(BA83:BA87) -> 216 | BB88: =SUM(BB83:BB87) -> 0 | BC88: =SUM(BC83:BC87) -> 288 | BD88: =SUM(BD83:BD87) -> 0 | BE88: =SUM(BE83:BE87) -> 720 | BG88: =IF(AND(BG83>=BF83,BG84>=BF84,BG85>=BF85,BG86>=BF86,BG87>=BF87),SUM(BG83:BG87),0) -> 0 | BI88: الثالثة: | BJ88: =IF(BD88=0,"",IF(AND(BD83>=BC83*0.4,BD84>=BC84*0.4,BD85>=BC85*0.4,BD86>=BC86*0.4,BD87>=BC87*0.4),LOOKUP(BD88,'الصحيفة النهائية'!$BO$8:$BP$12),"ضعيف ويحتاج الى اهتمام في المواد"))
